model,noise_fraction,epoch,after_block,loss,seconds,images,updates,lr,world
whitening_jit_clean,0.25,1,1,6.668008804321289,1496.4361231517978,1281167,313,0.01,1
whitening_jit_clean,0.25,1,2,6.291415691375732,1496.4361231517978,1281167,313,0.01,1
whitening_jit_clean,0.25,1,3,6.106436252593994,1496.4361231517978,1281167,313,0.01,1
whitening_jit_clean,0.25,1,4,6.016077995300293,1496.4361231517978,1281167,313,0.01,1
whitening_jit_clean,0.25,1,5,5.984055519104004,1496.4361231517978,1281167,313,0.01,1
whitening_jit_clean,0.25,1,6,6.021260738372803,1496.4361231517978,1281167,313,0.01,1
whitening_jit_clean,0.25,1,7,5.991562843322754,1496.4361231517978,1281167,313,0.01,1
whitening_jit_clean,0.25,1,8,5.986213207244873,1496.4361231517978,1281167,313,0.01,1
whitening_jit_clean,0.25,1,9,5.991016864776611,1496.4361231517978,1281167,313,0.01,1
whitening_jit_clean,0.25,1,10,6.019381046295166,1496.4361231517978,1281167,313,0.01,1
whitening_jit_clean,0.25,1,11,6.425488471984863,1496.4361231517978,1281167,313,0.01,1
whitening_jit_clean,0.25,2,1,6.461085796356201,1495.8023146898486,1281167,313,0.00998394867526434,1
whitening_jit_clean,0.25,2,2,6.003725528717041,1495.8023146898486,1281167,313,0.00998394867526434,1
whitening_jit_clean,0.25,2,3,5.8012213706970215,1495.8023146898486,1281167,313,0.00998394867526434,1
whitening_jit_clean,0.25,2,4,5.710424423217773,1495.8023146898486,1281167,313,0.00998394867526434,1
whitening_jit_clean,0.25,2,5,5.652693271636963,1495.8023146898486,1281167,313,0.00998394867526434,1
whitening_jit_clean,0.25,2,6,5.715303421020508,1495.8023146898486,1281167,313,0.00998394867526434,1
whitening_jit_clean,0.25,2,7,5.6988606452941895,1495.8023146898486,1281167,313,0.00998394867526434,1
whitening_jit_clean,0.25,2,8,5.690896511077881,1495.8023146898486,1281167,313,0.00998394867526434,1
whitening_jit_clean,0.25,2,9,5.683810234069824,1495.8023146898486,1281167,313,0.00998394867526434,1
whitening_jit_clean,0.25,2,10,5.702757835388184,1495.8023146898486,1281167,313,0.00998394867526434,1
whitening_jit_clean,0.25,2,11,6.186375141143799,1495.8023146898486,1281167,313,0.00998394867526434,1
whitening_jit_clean,0.25,3,1,6.377685070037842,1495.866219253745,1281167,313,0.009935898800057668,1
whitening_jit_clean,0.25,3,2,5.929290771484375,1495.866219253745,1281167,313,0.009935898800057668,1
whitening_jit_clean,0.25,3,3,5.715404510498047,1495.866219253745,1281167,313,0.009935898800057668,1
whitening_jit_clean,0.25,3,4,5.628787517547607,1495.866219253745,1281167,313,0.009935898800057668,1
whitening_jit_clean,0.25,3,5,5.562236785888672,1495.866219253745,1281167,313,0.009935898800057668,1
whitening_jit_clean,0.25,3,6,5.624691486358643,1495.866219253745,1281167,313,0.009935898800057668,1
whitening_jit_clean,0.25,3,7,5.608354091644287,1495.866219253745,1281167,313,0.009935898800057668,1
whitening_jit_clean,0.25,3,8,5.602120876312256,1495.866219253745,1281167,313,0.009935898800057668,1
whitening_jit_clean,0.25,3,9,5.596851348876953,1495.866219253745,1281167,313,0.009935898800057668,1
whitening_jit_clean,0.25,3,10,5.612825393676758,1495.866219253745,1281167,313,0.009935898800057668,1
whitening_jit_clean,0.25,3,11,6.071146488189697,1495.866219253745,1281167,313,0.009935898800057668,1
whitening_jit_clean,0.25,4,1,6.325915813446045,1496.1275592260063,1281167,313,0.009856161996258958,1
whitening_jit_clean,0.25,4,2,5.884512901306152,1496.1275592260063,1281167,313,0.009856161996258958,1
whitening_jit_clean,0.25,4,3,5.66294527053833,1496.1275592260063,1281167,313,0.009856161996258958,1
whitening_jit_clean,0.25,4,4,5.5793256759643555,1496.1275592260063,1281167,313,0.009856161996258958,1
whitening_jit_clean,0.25,4,5,5.507570266723633,1496.1275592260063,1281167,313,0.009856161996258958,1
whitening_jit_clean,0.25,4,6,5.569126129150391,1496.1275592260063,1281167,313,0.009856161996258958,1
whitening_jit_clean,0.25,4,7,5.552138805389404,1496.1275592260063,1281167,313,0.009856161996258958,1
whitening_jit_clean,0.25,4,8,5.547074794769287,1496.1275592260063,1281167,313,0.009856161996258958,1
whitening_jit_clean,0.25,4,9,5.5416436195373535,1496.1275592260063,1281167,313,0.009856161996258958,1
whitening_jit_clean,0.25,4,10,5.555701732635498,1496.1275592260063,1281167,313,0.009856161996258958,1
whitening_jit_clean,0.25,4,11,5.98929500579834,1496.1275592260063,1281167,313,0.009856161996258958,1
whitening_jit_clean,0.25,5,1,6.280247211456299,135.78310847235844,1281167,313,0.00974525538763837,4
whitening_jit_clean,0.25,5,2,5.844514846801758,135.78310847235844,1281167,313,0.00974525538763837,4
whitening_jit_clean,0.25,5,3,5.617993354797363,135.78310847235844,1281167,313,0.00974525538763837,4
whitening_jit_clean,0.25,5,4,5.536745548248291,135.78310847235844,1281167,313,0.00974525538763837,4
whitening_jit_clean,0.25,5,5,5.462296485900879,135.78310847235844,1281167,313,0.00974525538763837,4
whitening_jit_clean,0.25,5,6,5.522211074829102,135.78310847235844,1281167,313,0.00974525538763837,4
whitening_jit_clean,0.25,5,7,5.505223751068115,135.78310847235844,1281167,313,0.00974525538763837,4
whitening_jit_clean,0.25,5,8,5.499759197235107,135.78310847235844,1281167,313,0.00974525538763837,4
whitening_jit_clean,0.25,5,9,5.494930744171143,135.78310847235844,1281167,313,0.00974525538763837,4
whitening_jit_clean,0.25,5,10,5.5092997550964355,135.78310847235844,1281167,313,0.00974525538763837,4
whitening_jit_clean,0.25,5,11,5.927368640899658,135.78310847235844,1281167,313,0.00974525538763837,4
whitening_jit_clean,0.25,6,1,6.249273300170898,122.88745873887092,1281167,313,0.00960389824611118,4
whitening_jit_clean,0.25,6,2,5.817192554473877,122.88745873887092,1281167,313,0.00960389824611118,4
whitening_jit_clean,0.25,6,3,5.5876288414001465,122.88745873887092,1281167,313,0.00960389824611118,4
whitening_jit_clean,0.25,6,4,5.507380962371826,122.88745873887092,1281167,313,0.00960389824611118,4
whitening_jit_clean,0.25,6,5,5.4319305419921875,122.88745873887092,1281167,313,0.00960389824611118,4
whitening_jit_clean,0.25,6,6,5.489598751068115,122.88745873887092,1281167,313,0.00960389824611118,4
whitening_jit_clean,0.25,6,7,5.470865249633789,122.88745873887092,1281167,313,0.00960389824611118,4
whitening_jit_clean,0.25,6,8,5.466535568237305,122.88745873887092,1281167,313,0.00960389824611118,4
whitening_jit_clean,0.25,6,9,5.461948394775391,122.88745873887092,1281167,313,0.00960389824611118,4
whitening_jit_clean,0.25,6,10,5.475456714630127,122.88745873887092,1281167,313,0.00960389824611118,4
whitening_jit_clean,0.25,6,11,5.878529071807861,122.88745873887092,1281167,313,0.00960389824611118,4
whitening_jit_clean,0.25,7,1,6.222339153289795,121.93334008892998,1281167,313,0.009433007326983388,4
whitening_jit_clean,0.25,7,2,5.794101238250732,121.93334008892998,1281167,313,0.009433007326983388,4
whitening_jit_clean,0.25,7,3,5.560747146606445,121.93334008892998,1281167,313,0.009433007326983388,4
whitening_jit_clean,0.25,7,4,5.4814300537109375,121.93334008892998,1281167,313,0.009433007326983388,4
whitening_jit_clean,0.25,7,5,5.4070234298706055,121.93334008892998,1281167,313,0.009433007326983388,4
whitening_jit_clean,0.25,7,6,5.461910724639893,121.93334008892998,1281167,313,0.009433007326983388,4
whitening_jit_clean,0.25,7,7,5.442811965942383,121.93334008892998,1281167,313,0.009433007326983388,4
whitening_jit_clean,0.25,7,8,5.438632965087891,121.93334008892998,1281167,313,0.009433007326983388,4
whitening_jit_clean,0.25,7,9,5.434069633483887,121.93334008892998,1281167,313,0.009433007326983388,4
whitening_jit_clean,0.25,7,10,5.446554660797119,121.93334008892998,1281167,313,0.009433007326983388,4
whitening_jit_clean,0.25,7,11,5.837375640869141,121.93334008892998,1281167,313,0.009433007326983388,4
whitening_jit_clean,0.25,8,1,6.200088024139404,121.82240005815402,1281167,313,0.009233690923441784,4
whitening_jit_clean,0.25,8,2,5.774297714233398,121.82240005815402,1281167,313,0.009233690923441784,4
whitening_jit_clean,0.25,8,3,5.538443565368652,121.82240005815402,1281167,313,0.009233690923441784,4
whitening_jit_clean,0.25,8,4,5.460075378417969,121.82240005815402,1281167,313,0.009233690923441784,4
whitening_jit_clean,0.25,8,5,5.384659290313721,121.82240005815402,1281167,313,0.009233690923441784,4
whitening_jit_clean,0.25,8,6,5.43801212310791,121.82240005815402,1281167,313,0.009233690923441784,4
whitening_jit_clean,0.25,8,7,5.417735576629639,121.82240005815402,1281167,313,0.009233690923441784,4
whitening_jit_clean,0.25,8,8,5.413886070251465,121.82240005815402,1281167,313,0.009233690923441784,4
whitening_jit_clean,0.25,8,9,5.409395694732666,121.82240005815402,1281167,313,0.009233690923441784,4
whitening_jit_clean,0.25,8,10,5.421604156494141,121.82240005815402,1281167,313,0.009233690923441784,4
whitening_jit_clean,0.25,8,11,5.803090572357178,121.82240005815402,1281167,313,0.009233690923441784,4
whitening_jit_clean,0.25,9,1,6.178036689758301,121.50943708512932,1281167,313,0.009007241678847332,4
whitening_jit_clean,0.25,9,2,5.754695892333984,121.50943708512932,1281167,313,0.009007241678847332,4
whitening_jit_clean,0.25,9,3,5.516600608825684,121.50943708512932,1281167,313,0.009007241678847332,4
whitening_jit_clean,0.25,9,4,5.438902854919434,121.50943708512932,1281167,313,0.009007241678847332,4
whitening_jit_clean,0.25,9,5,5.361725807189941,121.50943708512932,1281167,313,0.009007241678847332,4
whitening_jit_clean,0.25,9,6,5.414975643157959,121.50943708512932,1281167,313,0.009007241678847332,4
whitening_jit_clean,0.25,9,7,5.394525527954102,121.50943708512932,1281167,313,0.009007241678847332,4
whitening_jit_clean,0.25,9,8,5.389869689941406,121.50943708512932,1281167,313,0.009007241678847332,4
whitening_jit_clean,0.25,9,9,5.3845319747924805,121.50943708512932,1281167,313,0.009007241678847332,4
whitening_jit_clean,0.25,9,10,5.396504878997803,121.50943708512932,1281167,313,0.009007241678847332,4
whitening_jit_clean,0.25,9,11,5.771507740020752,121.50943708512932,1281167,313,0.009007241678847332,4
whitening_jit_clean,0.25,10,1,6.161468505859375,121.42181200627238,1281167,313,0.008755128203446951,4
whitening_jit_clean,0.25,10,2,5.740448474884033,121.42181200627238,1281167,313,0.008755128203446951,4
whitening_jit_clean,0.25,10,3,5.499699592590332,121.42181200627238,1281167,313,0.008755128203446951,4
whitening_jit_clean,0.25,10,4,5.422140598297119,121.42181200627238,1281167,313,0.008755128203446951,4
whitening_jit_clean,0.25,10,5,5.3460469245910645,121.42181200627238,1281167,313,0.008755128203446951,4
whitening_jit_clean,0.25,10,6,5.397466659545898,121.42181200627238,1281167,313,0.008755128203446951,4
whitening_jit_clean,0.25,10,7,5.375826358795166,121.42181200627238,1281167,313,0.008755128203446951,4
whitening_jit_clean,0.25,10,8,5.37144660949707,121.42181200627238,1281167,313,0.008755128203446951,4
whitening_jit_clean,0.25,10,9,5.366874694824219,121.42181200627238,1281167,313,0.008755128203446951,4
whitening_jit_clean,0.25,10,10,5.378365516662598,121.42181200627238,1281167,313,0.008755128203446951,4
whitening_jit_clean,0.25,10,11,5.747023582458496,121.42181200627238,1281167,313,0.008755128203446951,4
whitening_jit_clean,0.25,11,1,6.142338275909424,121.45271701412275,1281167,313,0.008478985549872517,4
whitening_jit_clean,0.25,11,2,5.72255802154541,121.45271701412275,1281167,313,0.008478985549872517,4
whitening_jit_clean,0.25,11,3,5.480318546295166,121.45271701412275,1281167,313,0.008478985549872517,4
whitening_jit_clean,0.25,11,4,5.4039387702941895,121.45271701412275,1281167,313,0.008478985549872517,4
whitening_jit_clean,0.25,11,5,5.328123092651367,121.45271701412275,1281167,313,0.008478985549872517,4
whitening_jit_clean,0.25,11,6,5.377983570098877,121.45271701412275,1281167,313,0.008478985549872517,4
whitening_jit_clean,0.25,11,7,5.355591773986816,121.45271701412275,1281167,313,0.008478985549872517,4
whitening_jit_clean,0.25,11,8,5.3508620262146,121.45271701412275,1281167,313,0.008478985549872517,4
whitening_jit_clean,0.25,11,9,5.346761703491211,121.45271701412275,1281167,313,0.008478985549872517,4
whitening_jit_clean,0.25,11,10,5.3582682609558105,121.45271701412275,1281167,313,0.008478985549872517,4
whitening_jit_clean,0.25,11,11,5.72263240814209,121.45271701412275,1281167,313,0.008478985549872517,4
whitening_jit_clean,0.25,12,1,6.124294281005859,121.90106298029423,1281167,313,0.008180604609197117,4
whitening_jit_clean,0.25,12,2,5.705783843994141,121.90106298029423,1281167,313,0.008180604609197117,4
whitening_jit_clean,0.25,12,3,5.462144374847412,121.90106298029423,1281167,313,0.008180604609197117,4
whitening_jit_clean,0.25,12,4,5.386107444763184,121.90106298029423,1281167,313,0.008180604609197117,4
whitening_jit_clean,0.25,12,5,5.311516284942627,121.90106298029423,1281167,313,0.008180604609197117,4
whitening_jit_clean,0.25,12,6,5.359123706817627,121.90106298029423,1281167,313,0.008180604609197117,4
whitening_jit_clean,0.25,12,7,5.336392402648926,121.90106298029423,1281167,313,0.008180604609197117,4
whitening_jit_clean,0.25,12,8,5.331596851348877,121.90106298029423,1281167,313,0.008180604609197117,4
whitening_jit_clean,0.25,12,9,5.3281755447387695,121.90106298029423,1281167,313,0.008180604609197117,4
whitening_jit_clean,0.25,12,10,5.339593887329102,121.90106298029423,1281167,313,0.008180604609197117,4
whitening_jit_clean,0.25,12,11,5.700451374053955,121.90106298029423,1281167,313,0.008180604609197117,4
whitening_jit_clean,0.25,13,1,6.1088762283325195,122.18006291007623,1281167,313,0.007861920496319222,4
whitening_jit_clean,0.25,13,2,5.690216541290283,122.18006291007623,1281167,313,0.007861920496319222,4
whitening_jit_clean,0.25,13,3,5.446847438812256,122.18006291007623,1281167,313,0.007861920496319222,4
whitening_jit_clean,0.25,13,4,5.371428966522217,122.18006291007623,1281167,313,0.007861920496319222,4
whitening_jit_clean,0.25,13,5,5.297983169555664,122.18006291007623,1281167,313,0.007861920496319222,4
whitening_jit_clean,0.25,13,6,5.343964576721191,122.18006291007623,1281167,313,0.007861920496319222,4
whitening_jit_clean,0.25,13,7,5.321348667144775,122.18006291007623,1281167,313,0.007861920496319222,4
whitening_jit_clean,0.25,13,8,5.317440032958984,122.18006291007623,1281167,313,0.007861920496319222,4
whitening_jit_clean,0.25,13,9,5.313887596130371,122.18006291007623,1281167,313,0.007861920496319222,4
whitening_jit_clean,0.25,13,10,5.324912071228027,122.18006291007623,1281167,313,0.007861920496319222,4
whitening_jit_clean,0.25,13,11,5.680721759796143,122.18006291007623,1281167,313,0.007861920496319222,4
whitening_jit_clean,0.25,14,1,6.091940879821777,122.59480709815398,1281167,313,0.007525000000000001,4
whitening_jit_clean,0.25,14,2,5.673745155334473,122.59480709815398,1281167,313,0.007525000000000001,4
whitening_jit_clean,0.25,14,3,5.4289751052856445,122.59480709815398,1281167,313,0.007525000000000001,4
whitening_jit_clean,0.25,14,4,5.353479385375977,122.59480709815398,1281167,313,0.007525000000000001,4
whitening_jit_clean,0.25,14,5,5.281567573547363,122.59480709815398,1281167,313,0.007525000000000001,4
whitening_jit_clean,0.25,14,6,5.325363636016846,122.59480709815398,1281167,313,0.007525000000000001,4
whitening_jit_clean,0.25,14,7,5.301466941833496,122.59480709815398,1281167,313,0.007525000000000001,4
whitening_jit_clean,0.25,14,8,5.298211574554443,122.59480709815398,1281167,313,0.007525000000000001,4
whitening_jit_clean,0.25,14,9,5.295871257781982,122.59480709815398,1281167,313,0.007525000000000001,4
whitening_jit_clean,0.25,14,10,5.307778835296631,122.59480709815398,1281167,313,0.007525000000000001,4
whitening_jit_clean,0.25,14,11,5.6630120277404785,122.59480709815398,1281167,313,0.007525000000000001,4
whitening_jit_clean,0.25,15,1,6.074036121368408,122.51879758387804,1281167,313,0.007172028178945119,4
whitening_jit_clean,0.25,15,2,5.656706809997559,122.51879758387804,1281167,313,0.007172028178945119,4
whitening_jit_clean,0.25,15,3,5.411457538604736,122.51879758387804,1281167,313,0.007172028178945119,4
whitening_jit_clean,0.25,15,4,5.3369646072387695,122.51879758387804,1281167,313,0.007172028178945119,4
whitening_jit_clean,0.25,15,5,5.2669219970703125,122.51879758387804,1281167,313,0.007172028178945119,4
whitening_jit_clean,0.25,15,6,5.3084235191345215,122.51879758387804,1281167,313,0.007172028178945119,4
whitening_jit_clean,0.25,15,7,5.284393787384033,122.51879758387804,1281167,313,0.007172028178945119,4
whitening_jit_clean,0.25,15,8,5.28160285949707,122.51879758387804,1281167,313,0.007172028178945119,4
whitening_jit_clean,0.25,15,9,5.280492782592773,122.51879758387804,1281167,313,0.007172028178945119,4
whitening_jit_clean,0.25,15,10,5.292064666748047,122.51879758387804,1281167,313,0.007172028178945119,4
whitening_jit_clean,0.25,15,11,5.64577054977417,122.51879758387804,1281167,313,0.007172028178945119,4
whitening_jit_clean,0.25,16,1,6.0615553855896,122.46975639462471,1281167,313,0.006805294190860553,4
whitening_jit_clean,0.25,16,2,5.645198345184326,122.46975639462471,1281167,313,0.006805294190860553,4
whitening_jit_clean,0.25,16,3,5.398768424987793,122.46975639462471,1281167,313,0.006805294190860553,4
whitening_jit_clean,0.25,16,4,5.323936462402344,122.46975639462471,1281167,313,0.006805294190860553,4
whitening_jit_clean,0.25,16,5,5.253580093383789,122.46975639462471,1281167,313,0.006805294190860553,4
whitening_jit_clean,0.25,16,6,5.29444694519043,122.46975639462471,1281167,313,0.006805294190860553,4
whitening_jit_clean,0.25,16,7,5.269568920135498,122.46975639462471,1281167,313,0.006805294190860553,4
whitening_jit_clean,0.25,16,8,5.266613960266113,122.46975639462471,1281167,313,0.006805294190860553,4
whitening_jit_clean,0.25,16,9,5.265714645385742,122.46975639462471,1281167,313,0.006805294190860553,4
whitening_jit_clean,0.25,16,10,5.277709007263184,122.46975639462471,1281167,313,0.006805294190860553,4
whitening_jit_clean,0.25,16,11,5.630766868591309,122.46975639462471,1281167,313,0.006805294190860553,4
whitening_jit_clean,0.25,17,1,6.045058727264404,121.52625495800748,1281167,313,0.006427176446386442,4
whitening_jit_clean,0.25,17,2,5.628140449523926,121.52625495800748,1281167,313,0.006427176446386442,4
whitening_jit_clean,0.25,17,3,5.3821821212768555,121.52625495800748,1281167,313,0.006427176446386442,4
whitening_jit_clean,0.25,17,4,5.308075428009033,121.52625495800748,1281167,313,0.006427176446386442,4
whitening_jit_clean,0.25,17,5,5.24000358581543,121.52625495800748,1281167,313,0.006427176446386442,4
whitening_jit_clean,0.25,17,6,5.278364658355713,121.52625495800748,1281167,313,0.006427176446386442,4
whitening_jit_clean,0.25,17,7,5.253203868865967,121.52625495800748,1281167,313,0.006427176446386442,4
whitening_jit_clean,0.25,17,8,5.251527786254883,121.52625495800748,1281167,313,0.006427176446386442,4
whitening_jit_clean,0.25,17,9,5.2514824867248535,121.52625495800748,1281167,313,0.006427176446386442,4
whitening_jit_clean,0.25,17,10,5.263915061950684,121.52625495800748,1281167,313,0.006427176446386442,4
whitening_jit_clean,0.25,17,11,5.616616725921631,121.52625495800748,1281167,313,0.006427176446386442,4
whitening_jit_clean,0.25,18,1,6.03143835067749,121.28639527410269,1281167,313,0.006040127184191421,4
whitening_jit_clean,0.25,18,2,5.6145734786987305,121.28639527410269,1281167,313,0.006040127184191421,4
whitening_jit_clean,0.25,18,3,5.36814546585083,121.28639527410269,1281167,313,0.006040127184191421,4
whitening_jit_clean,0.25,18,4,5.294537544250488,121.28639527410269,1281167,313,0.006040127184191421,4
whitening_jit_clean,0.25,18,5,5.227787017822266,121.28639527410269,1281167,313,0.006040127184191421,4
whitening_jit_clean,0.25,18,6,5.264558792114258,121.28639527410269,1281167,313,0.006040127184191421,4
whitening_jit_clean,0.25,18,7,5.239084243774414,121.28639527410269,1281167,313,0.006040127184191421,4
whitening_jit_clean,0.25,18,8,5.237496376037598,121.28639527410269,1281167,313,0.006040127184191421,4
whitening_jit_clean,0.25,18,9,5.238098621368408,121.28639527410269,1281167,313,0.006040127184191421,4
whitening_jit_clean,0.25,18,10,5.250854969024658,121.28639527410269,1281167,313,0.006040127184191421,4
whitening_jit_clean,0.25,18,11,5.602644443511963,121.28639527410269,1281167,313,0.006040127184191421,4
whitening_jit_clean,0.25,19,1,6.019822120666504,121.14542739326134,1281167,313,0.0056466565672638495,4
whitening_jit_clean,0.25,19,2,5.602571964263916,121.14542739326134,1281167,313,0.0056466565672638495,4
whitening_jit_clean,0.25,19,3,5.356274604797363,121.14542739326134,1281167,313,0.0056466565672638495,4
whitening_jit_clean,0.25,19,4,5.283053398132324,121.14542739326134,1281167,313,0.0056466565672638495,4
whitening_jit_clean,0.25,19,5,5.2165327072143555,121.14542739326134,1281167,313,0.0056466565672638495,4
whitening_jit_clean,0.25,19,6,5.2523980140686035,121.14542739326134,1281167,313,0.0056466565672638495,4
whitening_jit_clean,0.25,19,7,5.225985527038574,121.14542739326134,1281167,313,0.0056466565672638495,4
whitening_jit_clean,0.25,19,8,5.224884033203125,121.14542739326134,1281167,313,0.0056466565672638495,4
whitening_jit_clean,0.25,19,9,5.226262092590332,121.14542739326134,1281167,313,0.0056466565672638495,4
whitening_jit_clean,0.25,19,10,5.238969326019287,121.14542739326134,1281167,313,0.0056466565672638495,4
whitening_jit_clean,0.25,19,11,5.590212821960449,121.14542739326134,1281167,313,0.0056466565672638495,4
whitening_jit_clean,0.25,20,1,6.003962516784668,121.88480839133263,1281167,313,0.005249316403541606,4
whitening_jit_clean,0.25,20,2,5.586715221405029,121.88480839133263,1281167,313,0.005249316403541606,4
whitening_jit_clean,0.25,20,3,5.3404130935668945,121.88480839133263,1281167,313,0.005249316403541606,4
whitening_jit_clean,0.25,20,4,5.267514705657959,121.88480839133263,1281167,313,0.005249316403541606,4
whitening_jit_clean,0.25,20,5,5.203884601593018,121.88480839133263,1281167,313,0.005249316403541606,4
whitening_jit_clean,0.25,20,6,5.237194061279297,121.88480839133263,1281167,313,0.005249316403541606,4
whitening_jit_clean,0.25,20,7,5.210887432098389,121.88480839133263,1281167,313,0.005249316403541606,4
whitening_jit_clean,0.25,20,8,5.210619926452637,121.88480839133263,1281167,313,0.005249316403541606,4
whitening_jit_clean,0.25,20,9,5.213200092315674,121.88480839133263,1281167,313,0.005249316403541606,4
whitening_jit_clean,0.25,20,10,5.2266035079956055,121.88480839133263,1281167,313,0.005249316403541606,4
whitening_jit_clean,0.25,20,11,5.577439308166504,121.88480839133263,1281167,313,0.005249316403541606,4
whitening_jit_clean,0.25,21,1,5.990626811981201,122.31470364332199,1281167,313,0.004850683596458396,4
whitening_jit_clean,0.25,21,2,5.572873592376709,122.31470364332199,1281167,313,0.004850683596458396,4
whitening_jit_clean,0.25,21,3,5.327208995819092,122.31470364332199,1281167,313,0.004850683596458396,4
whitening_jit_clean,0.25,21,4,5.254178047180176,122.31470364332199,1281167,313,0.004850683596458396,4
whitening_jit_clean,0.25,21,5,5.192315101623535,122.31470364332199,1281167,313,0.004850683596458396,4
whitening_jit_clean,0.25,21,6,5.223835468292236,122.31470364332199,1281167,313,0.004850683596458396,4
whitening_jit_clean,0.25,21,7,5.197035789489746,122.31470364332199,1281167,313,0.004850683596458396,4
whitening_jit_clean,0.25,21,8,5.197319030761719,122.31470364332199,1281167,313,0.004850683596458396,4
whitening_jit_clean,0.25,21,9,5.200870513916016,122.31470364332199,1281167,313,0.004850683596458396,4
whitening_jit_clean,0.25,21,10,5.21462869644165,122.31470364332199,1281167,313,0.004850683596458396,4
whitening_jit_clean,0.25,21,11,5.567040920257568,122.31470364332199,1281167,313,0.004850683596458396,4
whitening_jit_clean,0.25,22,1,5.979284286499023,122.77232014527544,1281167,313,0.004453343432736151,4
whitening_jit_clean,0.25,22,2,5.561401844024658,122.77232014527544,1281167,313,0.004453343432736151,4
whitening_jit_clean,0.25,22,3,5.3144378662109375,122.77232014527544,1281167,313,0.004453343432736151,4
whitening_jit_clean,0.25,22,4,5.241595268249512,122.77232014527544,1281167,313,0.004453343432736151,4
whitening_jit_clean,0.25,22,5,5.181175231933594,122.77232014527544,1281167,313,0.004453343432736151,4
whitening_jit_clean,0.25,22,6,5.211151599884033,122.77232014527544,1281167,313,0.004453343432736151,4
whitening_jit_clean,0.25,22,7,5.183512210845947,122.77232014527544,1281167,313,0.004453343432736151,4
whitening_jit_clean,0.25,22,8,5.1843767166137695,122.77232014527544,1281167,313,0.004453343432736151,4
whitening_jit_clean,0.25,22,9,5.188933372497559,122.77232014527544,1281167,313,0.004453343432736151,4
whitening_jit_clean,0.25,22,10,5.203433990478516,122.77232014527544,1281167,313,0.004453343432736151,4
whitening_jit_clean,0.25,22,11,5.5557379722595215,122.77232014527544,1281167,313,0.004453343432736151,4
whitening_jit_clean,0.25,23,1,5.966344833374023,121.95681041618809,1281167,313,0.004059872815808582,4
whitening_jit_clean,0.25,23,2,5.548075199127197,121.95681041618809,1281167,313,0.004059872815808582,4
whitening_jit_clean,0.25,23,3,5.301512718200684,121.95681041618809,1281167,313,0.004059872815808582,4
whitening_jit_clean,0.25,23,4,5.2289509773254395,121.95681041618809,1281167,313,0.004059872815808582,4
whitening_jit_clean,0.25,23,5,5.169949531555176,121.95681041618809,1281167,313,0.004059872815808582,4
whitening_jit_clean,0.25,23,6,5.197854518890381,121.95681041618809,1281167,313,0.004059872815808582,4
whitening_jit_clean,0.25,23,7,5.170142650604248,121.95681041618809,1281167,313,0.004059872815808582,4
whitening_jit_clean,0.25,23,8,5.171707630157471,121.95681041618809,1281167,313,0.004059872815808582,4
whitening_jit_clean,0.25,23,9,5.177364826202393,121.95681041618809,1281167,313,0.004059872815808582,4
whitening_jit_clean,0.25,23,10,5.192137241363525,121.95681041618809,1281167,313,0.004059872815808582,4
whitening_jit_clean,0.25,23,11,5.545294284820557,121.95681041618809,1281167,313,0.004059872815808582,4
whitening_jit_clean,0.25,24,1,5.952820301055908,121.64042910700664,1281167,313,0.003672823553613561,4
whitening_jit_clean,0.25,24,2,5.533638000488281,121.64042910700664,1281167,313,0.003672823553613561,4
whitening_jit_clean,0.25,24,3,5.287586212158203,121.64042910700664,1281167,313,0.003672823553613561,4
whitening_jit_clean,0.25,24,4,5.215603828430176,121.64042910700664,1281167,313,0.003672823553613561,4
whitening_jit_clean,0.25,24,5,5.158320903778076,121.64042910700664,1281167,313,0.003672823553613561,4
whitening_jit_clean,0.25,24,6,5.184205532073975,121.64042910700664,1281167,313,0.003672823553613561,4
whitening_jit_clean,0.25,24,7,5.15609884262085,121.64042910700664,1281167,313,0.003672823553613561,4
whitening_jit_clean,0.25,24,8,5.158638954162598,121.64042910700664,1281167,313,0.003672823553613561,4
whitening_jit_clean,0.25,24,9,5.165302276611328,121.64042910700664,1281167,313,0.003672823553613561,4
whitening_jit_clean,0.25,24,10,5.181008338928223,121.64042910700664,1281167,313,0.003672823553613561,4
whitening_jit_clean,0.25,24,11,5.535773754119873,121.64042910700664,1281167,313,0.003672823553613561,4
whitening_jit_clean,0.25,25,1,5.941883563995361,121.26936990628019,1281167,313,0.0032947058091394497,4
whitening_jit_clean,0.25,25,2,5.522254943847656,121.26936990628019,1281167,313,0.0032947058091394497,4
whitening_jit_clean,0.25,25,3,5.276529312133789,121.26936990628019,1281167,313,0.0032947058091394497,4
whitening_jit_clean,0.25,25,4,5.2047929763793945,121.26936990628019,1281167,313,0.0032947058091394497,4
whitening_jit_clean,0.25,25,5,5.149392604827881,121.26936990628019,1281167,313,0.0032947058091394497,4
whitening_jit_clean,0.25,25,6,5.173485279083252,121.26936990628019,1281167,313,0.0032947058091394497,4
whitening_jit_clean,0.25,25,7,5.144887924194336,121.26936990628019,1281167,313,0.0032947058091394497,4
whitening_jit_clean,0.25,25,8,5.148569107055664,121.26936990628019,1281167,313,0.0032947058091394497,4
whitening_jit_clean,0.25,25,9,5.156158447265625,121.26936990628019,1281167,313,0.0032947058091394497,4
whitening_jit_clean,0.25,25,10,5.171990871429443,121.26936990628019,1281167,313,0.0032947058091394497,4
whitening_jit_clean,0.25,25,11,5.526928901672363,121.26936990628019,1281167,313,0.0032947058091394497,4
whitening_jit_clean,0.25,26,1,5.931230545043945,121.35988087719306,1281167,313,0.002927971821054881,4
whitening_jit_clean,0.25,26,2,5.510683536529541,121.35988087719306,1281167,313,0.002927971821054881,4
whitening_jit_clean,0.25,26,3,5.264955043792725,121.35988087719306,1281167,313,0.002927971821054881,4
whitening_jit_clean,0.25,26,4,5.193683624267578,121.35988087719306,1281167,313,0.002927971821054881,4
whitening_jit_clean,0.25,26,5,5.1397175788879395,121.35988087719306,1281167,313,0.002927971821054881,4
whitening_jit_clean,0.25,26,6,5.1618428230285645,121.35988087719306,1281167,313,0.002927971821054881,4
whitening_jit_clean,0.25,26,7,5.132847785949707,121.35988087719306,1281167,313,0.002927971821054881,4
whitening_jit_clean,0.25,26,8,5.137487888336182,121.35988087719306,1281167,313,0.002927971821054881,4
whitening_jit_clean,0.25,26,9,5.14640998840332,121.35988087719306,1281167,313,0.002927971821054881,4
whitening_jit_clean,0.25,26,10,5.162757396697998,121.35988087719306,1281167,313,0.002927971821054881,4
whitening_jit_clean,0.25,26,11,5.51938009262085,121.35988087719306,1281167,313,0.002927971821054881,4
whitening_jit_clean,0.25,27,1,5.920673370361328,120.31508863996714,1281167,313,0.0025749999999999987,4
whitening_jit_clean,0.25,27,2,5.499785900115967,120.31508863996714,1281167,313,0.0025749999999999987,4
whitening_jit_clean,0.25,27,3,5.253778457641602,120.31508863996714,1281167,313,0.0025749999999999987,4
whitening_jit_clean,0.25,27,4,5.182326793670654,120.31508863996714,1281167,313,0.0025749999999999987,4
whitening_jit_clean,0.25,27,5,5.129939079284668,120.31508863996714,1281167,313,0.0025749999999999987,4
whitening_jit_clean,0.25,27,6,5.150844097137451,120.31508863996714,1281167,313,0.0025749999999999987,4
whitening_jit_clean,0.25,27,7,5.121726989746094,120.31508863996714,1281167,313,0.0025749999999999987,4
whitening_jit_clean,0.25,27,8,5.12664270401001,120.31508863996714,1281167,313,0.0025749999999999987,4
whitening_jit_clean,0.25,27,9,5.1365885734558105,120.31508863996714,1281167,313,0.0025749999999999987,4
whitening_jit_clean,0.25,27,10,5.153641700744629,120.31508863996714,1281167,313,0.0025749999999999987,4
whitening_jit_clean,0.25,27,11,5.511330604553223,120.31508863996714,1281167,313,0.0025749999999999987,4
whitening_jit_clean,0.25,28,1,5.909235954284668,120.3353743199259,1281167,313,0.0022380795036807794,4
whitening_jit_clean,0.25,28,2,5.487544536590576,120.3353743199259,1281167,313,0.0022380795036807794,4
whitening_jit_clean,0.25,28,3,5.2419209480285645,120.3353743199259,1281167,313,0.0022380795036807794,4
whitening_jit_clean,0.25,28,4,5.170572280883789,120.3353743199259,1281167,313,0.0022380795036807794,4
whitening_jit_clean,0.25,28,5,5.1199774742126465,120.3353743199259,1281167,313,0.0022380795036807794,4
whitening_jit_clean,0.25,28,6,5.139046669006348,120.3353743199259,1281167,313,0.0022380795036807794,4
whitening_jit_clean,0.25,28,7,5.109257221221924,120.3353743199259,1281167,313,0.0022380795036807794,4
whitening_jit_clean,0.25,28,8,5.115246772766113,120.3353743199259,1281167,313,0.0022380795036807794,4
whitening_jit_clean,0.25,28,9,5.1264142990112305,120.3353743199259,1281167,313,0.0022380795036807794,4
whitening_jit_clean,0.25,28,10,5.144111156463623,120.3353743199259,1281167,313,0.0022380795036807794,4
whitening_jit_clean,0.25,28,11,5.503589153289795,120.3353743199259,1281167,313,0.0022380795036807794,4
whitening_jit_clean,0.25,29,1,5.900044918060303,120.28350418899208,1281167,313,0.0019193953908028833,4
whitening_jit_clean,0.25,29,2,5.478140354156494,120.28350418899208,1281167,313,0.0019193953908028833,4
whitening_jit_clean,0.25,29,3,5.23295259475708,120.28350418899208,1281167,313,0.0019193953908028833,4
whitening_jit_clean,0.25,29,4,5.161586284637451,120.28350418899208,1281167,313,0.0019193953908028833,4
whitening_jit_clean,0.25,29,5,5.11196756362915,120.28350418899208,1281167,313,0.0019193953908028833,4
whitening_jit_clean,0.25,29,6,5.129902362823486,120.28350418899208,1281167,313,0.0019193953908028833,4
whitening_jit_clean,0.25,29,7,5.10004186630249,120.28350418899208,1281167,313,0.0019193953908028833,4
whitening_jit_clean,0.25,29,8,5.106374740600586,120.28350418899208,1281167,313,0.0019193953908028833,4
whitening_jit_clean,0.25,29,9,5.118303298950195,120.28350418899208,1281167,313,0.0019193953908028833,4
whitening_jit_clean,0.25,29,10,5.136439800262451,120.28350418899208,1281167,313,0.0019193953908028833,4
whitening_jit_clean,0.25,29,11,5.4971394538879395,120.28350418899208,1281167,313,0.0019193953908028833,4
whitening_jit_clean,0.25,30,1,5.889780521392822,120.01035646302626,1281167,313,0.0016210144501274833,4
whitening_jit_clean,0.25,30,2,5.466909408569336,120.01035646302626,1281167,313,0.0016210144501274833,4
whitening_jit_clean,0.25,30,3,5.222026348114014,120.01035646302626,1281167,313,0.0016210144501274833,4
whitening_jit_clean,0.25,30,4,5.1511549949646,120.01035646302626,1281167,313,0.0016210144501274833,4
whitening_jit_clean,0.25,30,5,5.103718280792236,120.01035646302626,1281167,313,0.0016210144501274833,4
whitening_jit_clean,0.25,30,6,5.119600772857666,120.01035646302626,1281167,313,0.0016210144501274833,4
whitening_jit_clean,0.25,30,7,5.0897674560546875,120.01035646302626,1281167,313,0.0016210144501274833,4
whitening_jit_clean,0.25,30,8,5.096984386444092,120.01035646302626,1281167,313,0.0016210144501274833,4
whitening_jit_clean,0.25,30,9,5.109992027282715,120.01035646302626,1281167,313,0.0016210144501274833,4
whitening_jit_clean,0.25,30,10,5.128520488739014,120.01035646302626,1281167,313,0.0016210144501274833,4
whitening_jit_clean,0.25,30,11,5.490451335906982,120.01035646302626,1281167,313,0.0016210144501274833,4
whitening_jit_clean,0.25,31,1,5.881922721862793,119.68305765790865,1281167,313,0.0013448717965530508,4
whitening_jit_clean,0.25,31,2,5.457973957061768,119.68305765790865,1281167,313,0.0013448717965530508,4
whitening_jit_clean,0.25,31,3,5.213644027709961,119.68305765790865,1281167,313,0.0013448717965530508,4
whitening_jit_clean,0.25,31,4,5.142955303192139,119.68305765790865,1281167,313,0.0013448717965530508,4
whitening_jit_clean,0.25,31,5,5.0969367027282715,119.68305765790865,1281167,313,0.0013448717965530508,4
whitening_jit_clean,0.25,31,6,5.1114115715026855,119.68305765790865,1281167,313,0.0013448717965530508,4
whitening_jit_clean,0.25,31,7,5.080947399139404,119.68305765790865,1281167,313,0.0013448717965530508,4
whitening_jit_clean,0.25,31,8,5.088801383972168,119.68305765790865,1281167,313,0.0013448717965530508,4
whitening_jit_clean,0.25,31,9,5.102697849273682,119.68305765790865,1281167,313,0.0013448717965530508,4
whitening_jit_clean,0.25,31,10,5.122037410736084,119.68305765790865,1281167,313,0.0013448717965530508,4
whitening_jit_clean,0.25,31,11,5.4854254722595215,119.68305765790865,1281167,313,0.0013448717965530508,4
whitening_jit_clean,0.25,32,1,5.874488353729248,119.64905365929008,1281167,313,0.0010927583211526703,4
whitening_jit_clean,0.25,32,2,5.450157642364502,119.64905365929008,1281167,313,0.0010927583211526703,4
whitening_jit_clean,0.25,32,3,5.206024646759033,119.64905365929008,1281167,313,0.0010927583211526703,4
whitening_jit_clean,0.25,32,4,5.135179042816162,119.64905365929008,1281167,313,0.0010927583211526703,4
whitening_jit_clean,0.25,32,5,5.0901641845703125,119.64905365929008,1281167,313,0.0010927583211526703,4
whitening_jit_clean,0.25,32,6,5.103548049926758,119.64905365929008,1281167,313,0.0010927583211526703,4
whitening_jit_clean,0.25,32,7,5.072755336761475,119.64905365929008,1281167,313,0.0010927583211526703,4
whitening_jit_clean,0.25,32,8,5.081384181976318,119.64905365929008,1281167,313,0.0010927583211526703,4
whitening_jit_clean,0.25,32,9,5.096053123474121,119.64905365929008,1281167,313,0.0010927583211526703,4
whitening_jit_clean,0.25,32,10,5.115837574005127,119.64905365929008,1281167,313,0.0010927583211526703,4
whitening_jit_clean,0.25,32,11,5.480461120605469,119.64905365929008,1281167,313,0.0010927583211526703,4
whitening_jit_clean,0.25,33,1,5.866692543029785,119.86899811401963,1281167,313,0.0008663090765582168,4
whitening_jit_clean,0.25,33,2,5.441680908203125,119.86899811401963,1281167,313,0.0008663090765582168,4
whitening_jit_clean,0.25,33,3,5.19769811630249,119.86899811401963,1281167,313,0.0008663090765582168,4
whitening_jit_clean,0.25,33,4,5.126970291137695,119.86899811401963,1281167,313,0.0008663090765582168,4
whitening_jit_clean,0.25,33,5,5.083516597747803,119.86899811401963,1281167,313,0.0008663090765582168,4
whitening_jit_clean,0.25,33,6,5.095329284667969,119.86899811401963,1281167,313,0.0008663090765582168,4
whitening_jit_clean,0.25,33,7,5.064477920532227,119.86899811401963,1281167,313,0.0008663090765582168,4
whitening_jit_clean,0.25,33,8,5.0737528800964355,119.86899811401963,1281167,313,0.0008663090765582168,4
whitening_jit_clean,0.25,33,9,5.089244365692139,119.86899811401963,1281167,313,0.0008663090765582168,4
whitening_jit_clean,0.25,33,10,5.1094489097595215,119.86899811401963,1281167,313,0.0008663090765582168,4
whitening_jit_clean,0.25,33,11,5.475379467010498,119.86899811401963,1281167,313,0.0008663090765582168,4
whitening_jit_clean,0.25,34,1,5.860989093780518,119.6236846446991,1281167,313,0.0006669926730166116,4
whitening_jit_clean,0.25,34,2,5.435546398162842,119.6236846446991,1281167,313,0.0006669926730166116,4
whitening_jit_clean,0.25,34,3,5.191533088684082,119.6236846446991,1281167,313,0.0006669926730166116,4
whitening_jit_clean,0.25,34,4,5.121068954467773,119.6236846446991,1281167,313,0.0006669926730166116,4
whitening_jit_clean,0.25,34,5,5.078683376312256,119.6236846446991,1281167,313,0.0006669926730166116,4
whitening_jit_clean,0.25,34,6,5.089715003967285,119.6236846446991,1281167,313,0.0006669926730166116,4
whitening_jit_clean,0.25,34,7,5.058713912963867,119.6236846446991,1281167,313,0.0006669926730166116,4
whitening_jit_clean,0.25,34,8,5.068442344665527,119.6236846446991,1281167,313,0.0006669926730166116,4
whitening_jit_clean,0.25,34,9,5.084604740142822,119.6236846446991,1281167,313,0.0006669926730166116,4
whitening_jit_clean,0.25,34,10,5.105264186859131,119.6236846446991,1281167,313,0.0006669926730166116,4
whitening_jit_clean,0.25,34,11,5.472202777862549,119.6236846446991,1281167,313,0.0006669926730166116,4
whitening_jit_clean,0.25,35,1,5.854306697845459,119.78883065422997,1281167,313,0.0004961017538888202,4
whitening_jit_clean,0.25,35,2,5.428055286407471,119.78883065422997,1281167,313,0.0004961017538888202,4
whitening_jit_clean,0.25,35,3,5.184464454650879,119.78883065422997,1281167,313,0.0004961017538888202,4
whitening_jit_clean,0.25,35,4,5.11398983001709,119.78883065422997,1281167,313,0.0004961017538888202,4
whitening_jit_clean,0.25,35,5,5.0728583335876465,119.78883065422997,1281167,313,0.0004961017538888202,4
whitening_jit_clean,0.25,35,6,5.082880973815918,119.78883065422997,1281167,313,0.0004961017538888202,4
whitening_jit_clean,0.25,35,7,5.051638603210449,119.78883065422997,1281167,313,0.0004961017538888202,4
whitening_jit_clean,0.25,35,8,5.061946392059326,119.78883065422997,1281167,313,0.0004961017538888202,4
whitening_jit_clean,0.25,35,9,5.078965187072754,119.78883065422997,1281167,313,0.0004961017538888202,4
whitening_jit_clean,0.25,35,10,5.100146770477295,119.78883065422997,1281167,313,0.0004961017538888202,4
whitening_jit_clean,0.25,35,11,5.468649864196777,119.78883065422997,1281167,313,0.0004961017538888202,4
whitening_jit_clean,0.25,36,1,5.850349426269531,119.65642737085,1281167,313,0.00035474461236162987,4
whitening_jit_clean,0.25,36,2,5.423778533935547,119.65642737085,1281167,313,0.00035474461236162987,4
whitening_jit_clean,0.25,36,3,5.18032169342041,119.65642737085,1281167,313,0.00035474461236162987,4
whitening_jit_clean,0.25,36,4,5.110068321228027,119.65642737085,1281167,313,0.00035474461236162987,4
whitening_jit_clean,0.25,36,5,5.069446563720703,119.65642737085,1281167,313,0.00035474461236162987,4
whitening_jit_clean,0.25,36,6,5.078671932220459,119.65642737085,1281167,313,0.00035474461236162987,4
whitening_jit_clean,0.25,36,7,5.047196388244629,119.65642737085,1281167,313,0.00035474461236162987,4
whitening_jit_clean,0.25,36,8,5.058111667633057,119.65642737085,1281167,313,0.00035474461236162987,4
whitening_jit_clean,0.25,36,9,5.075451374053955,119.65642737085,1281167,313,0.00035474461236162987,4
whitening_jit_clean,0.25,36,10,5.096707344055176,119.65642737085,1281167,313,0.00035474461236162987,4
whitening_jit_clean,0.25,36,11,5.465945720672607,119.65642737085,1281167,313,0.00035474461236162987,4
whitening_jit_clean,0.25,37,1,5.846843242645264,120.27693138411269,1281167,313,0.00024383800374104254,4
whitening_jit_clean,0.25,37,2,5.4196600914001465,120.27693138411269,1281167,313,0.00024383800374104254,4
whitening_jit_clean,0.25,37,3,5.176469326019287,120.27693138411269,1281167,313,0.00024383800374104254,4
whitening_jit_clean,0.25,37,4,5.106365203857422,120.27693138411269,1281167,313,0.00024383800374104254,4
whitening_jit_clean,0.25,37,5,5.06662654876709,120.27693138411269,1281167,313,0.00024383800374104254,4
whitening_jit_clean,0.25,37,6,5.0752105712890625,120.27693138411269,1281167,313,0.00024383800374104254,4
whitening_jit_clean,0.25,37,7,5.043574333190918,120.27693138411269,1281167,313,0.00024383800374104254,4
whitening_jit_clean,0.25,37,8,5.054755687713623,120.27693138411269,1281167,313,0.00024383800374104254,4
whitening_jit_clean,0.25,37,9,5.072560787200928,120.27693138411269,1281167,313,0.00024383800374104254,4
whitening_jit_clean,0.25,37,10,5.094038963317871,120.27693138411269,1281167,313,0.00024383800374104254,4
whitening_jit_clean,0.25,37,11,5.463991641998291,120.27693138411269,1281167,313,0.00024383800374104254,4
whitening_jit_clean,0.25,38,1,5.844146728515625,120.31580518279225,1281167,313,0.00016410119994233143,4
whitening_jit_clean,0.25,38,2,5.416666030883789,120.31580518279225,1281167,313,0.00016410119994233143,4
whitening_jit_clean,0.25,38,3,5.173464775085449,120.31580518279225,1281167,313,0.00016410119994233143,4
whitening_jit_clean,0.25,38,4,5.103515148162842,120.31580518279225,1281167,313,0.00016410119994233143,4
whitening_jit_clean,0.25,38,5,5.064286231994629,120.31580518279225,1281167,313,0.00016410119994233143,4
whitening_jit_clean,0.25,38,6,5.072221279144287,120.31580518279225,1281167,313,0.00016410119994233143,4
whitening_jit_clean,0.25,38,7,5.040515899658203,120.31580518279225,1281167,313,0.00016410119994233143,4
whitening_jit_clean,0.25,38,8,5.051975250244141,120.31580518279225,1281167,313,0.00016410119994233143,4
whitening_jit_clean,0.25,38,9,5.070106506347656,120.31580518279225,1281167,313,0.00016410119994233143,4
whitening_jit_clean,0.25,38,10,5.091722011566162,120.31580518279225,1281167,313,0.00016410119994233143,4
whitening_jit_clean,0.25,38,11,5.462140083312988,120.31580518279225,1281167,313,0.00016410119994233143,4
whitening_jit_clean,0.25,39,1,5.84248161315918,119.85153180081397,1281167,313,0.00011605132473566085,4
whitening_jit_clean,0.25,39,2,5.414851188659668,119.85153180081397,1281167,313,0.00011605132473566085,4
whitening_jit_clean,0.25,39,3,5.171746730804443,119.85153180081397,1281167,313,0.00011605132473566085,4
whitening_jit_clean,0.25,39,4,5.101629734039307,119.85153180081397,1281167,313,0.00011605132473566085,4
whitening_jit_clean,0.25,39,5,5.062780380249023,119.85153180081397,1281167,313,0.00011605132473566085,4
whitening_jit_clean,0.25,39,6,5.070409774780273,119.85153180081397,1281167,313,0.00011605132473566085,4
whitening_jit_clean,0.25,39,7,5.038613796234131,119.85153180081397,1281167,313,0.00011605132473566085,4
whitening_jit_clean,0.25,39,8,5.050241470336914,119.85153180081397,1281167,313,0.00011605132473566085,4
whitening_jit_clean,0.25,39,9,5.0686211585998535,119.85153180081397,1281167,313,0.00011605132473566085,4
whitening_jit_clean,0.25,39,10,5.090449333190918,119.85153180081397,1281167,313,0.00011605132473566085,4
whitening_jit_clean,0.25,39,11,5.461329936981201,119.85153180081397,1281167,313,0.00011605132473566085,4
whitening_jit_clean,0.25,40,1,5.841551780700684,120.09568264568225,1281167,313,0.0001,4
whitening_jit_clean,0.25,40,2,5.413821220397949,120.09568264568225,1281167,313,0.0001,4
whitening_jit_clean,0.25,40,3,5.170735836029053,120.09568264568225,1281167,313,0.0001,4
whitening_jit_clean,0.25,40,4,5.100543022155762,120.09568264568225,1281167,313,0.0001,4
whitening_jit_clean,0.25,40,5,5.061976432800293,120.09568264568225,1281167,313,0.0001,4
whitening_jit_clean,0.25,40,6,5.069255828857422,120.09568264568225,1281167,313,0.0001,4
whitening_jit_clean,0.25,40,7,5.0373148918151855,120.09568264568225,1281167,313,0.0001,4
whitening_jit_clean,0.25,40,8,5.0490288734436035,120.09568264568225,1281167,313,0.0001,4
whitening_jit_clean,0.25,40,9,5.067501068115234,120.09568264568225,1281167,313,0.0001,4
whitening_jit_clean,0.25,40,10,5.089575290679932,120.09568264568225,1281167,313,0.0001,4
whitening_jit_clean,0.25,40,11,5.460848331451416,120.09568264568225,1281167,313,0.0001,4
whitening_jit_clean,0.5,1,1,6.6523237228393555,459.14193458575755,1281167,313,0.01,1
whitening_jit_clean,0.5,1,2,6.281710624694824,459.14193458575755,1281167,313,0.01,1
whitening_jit_clean,0.5,1,3,5.9751482009887695,459.14193458575755,1281167,313,0.01,1
whitening_jit_clean,0.5,1,4,5.857273101806641,459.14193458575755,1281167,313,0.01,1
whitening_jit_clean,0.5,1,5,5.809934616088867,459.14193458575755,1281167,313,0.01,1
whitening_jit_clean,0.5,1,6,5.829920768737793,459.14193458575755,1281167,313,0.01,1
whitening_jit_clean,0.5,1,7,5.738246917724609,459.14193458575755,1281167,313,0.01,1
whitening_jit_clean,0.5,1,8,5.740619659423828,459.14193458575755,1281167,313,0.01,1
whitening_jit_clean,0.5,1,9,5.774750232696533,459.14193458575755,1281167,313,0.01,1
whitening_jit_clean,0.5,1,10,5.837561130523682,459.14193458575755,1281167,313,0.01,1
whitening_jit_clean,0.5,1,11,6.372629165649414,459.14193458575755,1281167,313,0.01,1
whitening_jit_clean,0.5,2,1,6.446713924407959,445.3741315579973,1281167,313,0.00998394867526434,1
whitening_jit_clean,0.5,2,2,6.0052714347839355,445.3741315579973,1281167,313,0.00998394867526434,1
whitening_jit_clean,0.5,2,3,5.675137519836426,445.3741315579973,1281167,313,0.00998394867526434,1
whitening_jit_clean,0.5,2,4,5.577365398406982,445.3741315579973,1281167,313,0.00998394867526434,1
whitening_jit_clean,0.5,2,5,5.4963507652282715,445.3741315579973,1281167,313,0.00998394867526434,1
whitening_jit_clean,0.5,2,6,5.521076202392578,445.3741315579973,1281167,313,0.00998394867526434,1
whitening_jit_clean,0.5,2,7,5.423123359680176,445.3741315579973,1281167,313,0.00998394867526434,1
whitening_jit_clean,0.5,2,8,5.430316925048828,445.3741315579973,1281167,313,0.00998394867526434,1
whitening_jit_clean,0.5,2,9,5.462679862976074,445.3741315579973,1281167,313,0.00998394867526434,1
whitening_jit_clean,0.5,2,10,5.53090238571167,445.3741315579973,1281167,313,0.00998394867526434,1
whitening_jit_clean,0.5,2,11,6.12766695022583,445.3741315579973,1281167,313,0.00998394867526434,1
whitening_jit_clean,0.5,3,1,6.380405426025391,445.0899983448908,1281167,313,0.009935898800057668,1
whitening_jit_clean,0.5,3,2,5.9414873123168945,445.0899983448908,1281167,313,0.009935898800057668,1
whitening_jit_clean,0.5,3,3,5.594046115875244,445.0899983448908,1281167,313,0.009935898800057668,1
whitening_jit_clean,0.5,3,4,5.501465320587158,445.0899983448908,1281167,313,0.009935898800057668,1
whitening_jit_clean,0.5,3,5,5.409811973571777,445.0899983448908,1281167,313,0.009935898800057668,1
whitening_jit_clean,0.5,3,6,5.435964107513428,445.0899983448908,1281167,313,0.009935898800057668,1
whitening_jit_clean,0.5,3,7,5.335561752319336,445.0899983448908,1281167,313,0.009935898800057668,1
whitening_jit_clean,0.5,3,8,5.344200611114502,445.0899983448908,1281167,313,0.009935898800057668,1
whitening_jit_clean,0.5,3,9,5.378796577453613,445.0899983448908,1281167,313,0.009935898800057668,1
whitening_jit_clean,0.5,3,10,5.44749641418457,445.0899983448908,1281167,313,0.009935898800057668,1
whitening_jit_clean,0.5,3,11,6.016232967376709,445.0899983448908,1281167,313,0.009935898800057668,1
whitening_jit_clean,0.5,4,1,6.340777397155762,445.11830618511885,1281167,313,0.009856161996258958,1
whitening_jit_clean,0.5,4,2,5.904189109802246,445.11830618511885,1281167,313,0.009856161996258958,1
whitening_jit_clean,0.5,4,3,5.546024799346924,445.11830618511885,1281167,313,0.009856161996258958,1
whitening_jit_clean,0.5,4,4,5.454534530639648,445.11830618511885,1281167,313,0.009856161996258958,1
whitening_jit_clean,0.5,4,5,5.358026027679443,445.11830618511885,1281167,313,0.009856161996258958,1
whitening_jit_clean,0.5,4,6,5.384316921234131,445.11830618511885,1281167,313,0.009856161996258958,1
whitening_jit_clean,0.5,4,7,5.283122539520264,445.11830618511885,1281167,313,0.009856161996258958,1
whitening_jit_clean,0.5,4,8,5.290227890014648,445.11830618511885,1281167,313,0.009856161996258958,1
whitening_jit_clean,0.5,4,9,5.325570106506348,445.11830618511885,1281167,313,0.009856161996258958,1
whitening_jit_clean,0.5,4,10,5.392580986022949,445.11830618511885,1281167,313,0.009856161996258958,1
whitening_jit_clean,0.5,4,11,5.938429355621338,445.11830618511885,1281167,313,0.009856161996258958,1
whitening_jit_clean,0.5,5,1,6.304283618927002,445.369506877847,1281167,313,0.00974525538763837,1
whitening_jit_clean,0.5,5,2,5.8695549964904785,445.369506877847,1281167,313,0.00974525538763837,1
whitening_jit_clean,0.5,5,3,5.505251884460449,445.369506877847,1281167,313,0.00974525538763837,1
whitening_jit_clean,0.5,5,4,5.414443492889404,445.369506877847,1281167,313,0.00974525538763837,1
whitening_jit_clean,0.5,5,5,5.3146514892578125,445.369506877847,1281167,313,0.00974525538763837,1
whitening_jit_clean,0.5,5,6,5.340610027313232,445.369506877847,1281167,313,0.00974525538763837,1
whitening_jit_clean,0.5,5,7,5.238687515258789,445.369506877847,1281167,313,0.00974525538763837,1
whitening_jit_clean,0.5,5,8,5.243477821350098,445.369506877847,1281167,313,0.00974525538763837,1
whitening_jit_clean,0.5,5,9,5.28101110458374,445.369506877847,1281167,313,0.00974525538763837,1
whitening_jit_clean,0.5,5,10,5.348213195800781,445.369506877847,1281167,313,0.00974525538763837,1
whitening_jit_clean,0.5,5,11,5.879006862640381,445.369506877847,1281167,313,0.00974525538763837,1
whitening_jit_clean,0.5,6,1,6.279708385467529,445.0271155750379,1281167,313,0.00960389824611118,1
whitening_jit_clean,0.5,6,2,5.846921920776367,445.0271155750379,1281167,313,0.00960389824611118,1
whitening_jit_clean,0.5,6,3,5.477697372436523,445.0271155750379,1281167,313,0.00960389824611118,1
whitening_jit_clean,0.5,6,4,5.387425422668457,445.0271155750379,1281167,313,0.00960389824611118,1
whitening_jit_clean,0.5,6,5,5.286492824554443,445.0271155750379,1281167,313,0.00960389824611118,1
whitening_jit_clean,0.5,6,6,5.3106369972229,445.0271155750379,1281167,313,0.00960389824611118,1
whitening_jit_clean,0.5,6,7,5.207533359527588,445.0271155750379,1281167,313,0.00960389824611118,1
whitening_jit_clean,0.5,6,8,5.211434364318848,445.0271155750379,1281167,313,0.00960389824611118,1
whitening_jit_clean,0.5,6,9,5.24885368347168,445.0271155750379,1281167,313,0.00960389824611118,1
whitening_jit_clean,0.5,6,10,5.314825534820557,445.0271155750379,1281167,313,0.00960389824611118,1
whitening_jit_clean,0.5,6,11,5.8326191902160645,445.0271155750379,1281167,313,0.00960389824611118,1
whitening_jit_clean,0.5,7,1,6.259913444519043,444.91417915094644,1281167,313,0.009433007326983388,1
whitening_jit_clean,0.5,7,2,5.828929901123047,444.91417915094644,1281167,313,0.009433007326983388,1
whitening_jit_clean,0.5,7,3,5.454809188842773,444.91417915094644,1281167,313,0.009433007326983388,1
whitening_jit_clean,0.5,7,4,5.363621711730957,444.91417915094644,1281167,313,0.009433007326983388,1
whitening_jit_clean,0.5,7,5,5.263472080230713,444.91417915094644,1281167,313,0.009433007326983388,1
whitening_jit_clean,0.5,7,6,5.285572052001953,444.91417915094644,1281167,313,0.009433007326983388,1
whitening_jit_clean,0.5,7,7,5.181156158447266,444.91417915094644,1281167,313,0.009433007326983388,1
whitening_jit_clean,0.5,7,8,5.183951377868652,444.91417915094644,1281167,313,0.009433007326983388,1
whitening_jit_clean,0.5,7,9,5.221945762634277,444.91417915094644,1281167,313,0.009433007326983388,1
whitening_jit_clean,0.5,7,10,5.286500453948975,444.91417915094644,1281167,313,0.009433007326983388,1
whitening_jit_clean,0.5,7,11,5.794163227081299,444.91417915094644,1281167,313,0.009433007326983388,1
whitening_jit_clean,0.5,8,1,6.241835117340088,445.1291030603461,1281167,313,0.009233690923441784,1
whitening_jit_clean,0.5,8,2,5.811920642852783,445.1291030603461,1281167,313,0.009233690923441784,1
whitening_jit_clean,0.5,8,3,5.43427848815918,445.1291030603461,1281167,313,0.009233690923441784,1
whitening_jit_clean,0.5,8,4,5.343262195587158,445.1291030603461,1281167,313,0.009233690923441784,1
whitening_jit_clean,0.5,8,5,5.241852283477783,445.1291030603461,1281167,313,0.009233690923441784,1
whitening_jit_clean,0.5,8,6,5.2628631591796875,445.1291030603461,1281167,313,0.009233690923441784,1
whitening_jit_clean,0.5,8,7,5.157334327697754,445.1291030603461,1281167,313,0.009233690923441784,1
whitening_jit_clean,0.5,8,8,5.1581950187683105,445.1291030603461,1281167,313,0.009233690923441784,1
whitening_jit_clean,0.5,8,9,5.19691276550293,445.1291030603461,1281167,313,0.009233690923441784,1
whitening_jit_clean,0.5,8,10,5.260582447052002,445.1291030603461,1281167,313,0.009233690923441784,1
whitening_jit_clean,0.5,8,11,5.760619163513184,445.1291030603461,1281167,313,0.009233690923441784,1
whitening_jit_clean,0.5,9,1,6.224591255187988,445.17924259090796,1281167,313,0.009007241678847332,1
whitening_jit_clean,0.5,9,2,5.795803070068359,445.17924259090796,1281167,313,0.009007241678847332,1
whitening_jit_clean,0.5,9,3,5.415712356567383,445.17924259090796,1281167,313,0.009007241678847332,1
whitening_jit_clean,0.5,9,4,5.324276447296143,445.17924259090796,1281167,313,0.009007241678847332,1
whitening_jit_clean,0.5,9,5,5.220394134521484,445.17924259090796,1281167,313,0.009007241678847332,1
whitening_jit_clean,0.5,9,6,5.242005825042725,445.17924259090796,1281167,313,0.009007241678847332,1
whitening_jit_clean,0.5,9,7,5.136231422424316,445.17924259090796,1281167,313,0.009007241678847332,1
whitening_jit_clean,0.5,9,8,5.134371757507324,445.17924259090796,1281167,313,0.009007241678847332,1
whitening_jit_clean,0.5,9,9,5.172647953033447,445.17924259090796,1281167,313,0.009007241678847332,1
whitening_jit_clean,0.5,9,10,5.235581398010254,445.17924259090796,1281167,313,0.009007241678847332,1
whitening_jit_clean,0.5,9,11,5.729925632476807,445.17924259090796,1281167,313,0.009007241678847332,1
whitening_jit_clean,0.5,10,1,6.211176872253418,445.3261440722272,1281167,313,0.008755128203446951,1
whitening_jit_clean,0.5,10,2,5.783829689025879,445.3261440722272,1281167,313,0.008755128203446951,1
whitening_jit_clean,0.5,10,3,5.4005913734436035,445.3261440722272,1281167,313,0.008755128203446951,1
whitening_jit_clean,0.5,10,4,5.308264255523682,445.3261440722272,1281167,313,0.008755128203446951,1
whitening_jit_clean,0.5,10,5,5.205307483673096,445.3261440722272,1281167,313,0.008755128203446951,1
whitening_jit_clean,0.5,10,6,5.224893093109131,445.3261440722272,1281167,313,0.008755128203446951,1
whitening_jit_clean,0.5,10,7,5.118269920349121,445.3261440722272,1281167,313,0.008755128203446951,1
whitening_jit_clean,0.5,10,8,5.1159186363220215,445.3261440722272,1281167,313,0.008755128203446951,1
whitening_jit_clean,0.5,10,9,5.155048847198486,445.3261440722272,1281167,313,0.008755128203446951,1
whitening_jit_clean,0.5,10,10,5.216934680938721,445.3261440722272,1281167,313,0.008755128203446951,1
whitening_jit_clean,0.5,10,11,5.706470012664795,445.3261440722272,1281167,313,0.008755128203446951,1
whitening_jit_clean,0.5,11,1,6.195944309234619,445.1543737077154,1281167,313,0.008478985549872517,1
whitening_jit_clean,0.5,11,2,5.768543243408203,445.1543737077154,1281167,313,0.008478985549872517,1
whitening_jit_clean,0.5,11,3,5.382396221160889,445.1543737077154,1281167,313,0.008478985549872517,1
whitening_jit_clean,0.5,11,4,5.2902984619140625,445.1543737077154,1281167,313,0.008478985549872517,1
whitening_jit_clean,0.5,11,5,5.187918663024902,445.1543737077154,1281167,313,0.008478985549872517,1
whitening_jit_clean,0.5,11,6,5.205618858337402,445.1543737077154,1281167,313,0.008478985549872517,1
whitening_jit_clean,0.5,11,7,5.0981245040893555,445.1543737077154,1281167,313,0.008478985549872517,1
whitening_jit_clean,0.5,11,8,5.095276355743408,445.1543737077154,1281167,313,0.008478985549872517,1
whitening_jit_clean,0.5,11,9,5.1350579261779785,445.1543737077154,1281167,313,0.008478985549872517,1
whitening_jit_clean,0.5,11,10,5.196895122528076,445.1543737077154,1281167,313,0.008478985549872517,1
whitening_jit_clean,0.5,11,11,5.682784557342529,445.1543737077154,1281167,313,0.008478985549872517,1
whitening_jit_clean,0.5,12,1,6.180120468139648,445.184115385171,1281167,313,0.008180604609197117,1
whitening_jit_clean,0.5,12,2,5.753946304321289,445.184115385171,1281167,313,0.008180604609197117,1
whitening_jit_clean,0.5,12,3,5.366152286529541,445.184115385171,1281167,313,0.008180604609197117,1
whitening_jit_clean,0.5,12,4,5.274188041687012,445.184115385171,1281167,313,0.008180604609197117,1
whitening_jit_clean,0.5,12,5,5.171807289123535,445.184115385171,1281167,313,0.008180604609197117,1
whitening_jit_clean,0.5,12,6,5.188228130340576,445.184115385171,1281167,313,0.008180604609197117,1
whitening_jit_clean,0.5,12,7,5.079767227172852,445.184115385171,1281167,313,0.008180604609197117,1
whitening_jit_clean,0.5,12,8,5.075986385345459,445.184115385171,1281167,313,0.008180604609197117,1
whitening_jit_clean,0.5,12,9,5.116276264190674,445.184115385171,1281167,313,0.008180604609197117,1
whitening_jit_clean,0.5,12,10,5.177636623382568,445.184115385171,1281167,313,0.008180604609197117,1
whitening_jit_clean,0.5,12,11,5.660719394683838,445.184115385171,1281167,313,0.008180604609197117,1
whitening_jit_clean,0.5,13,1,6.165993690490723,445.34266082476825,1281167,313,0.007861920496319222,1
whitening_jit_clean,0.5,13,2,5.739924907684326,445.34266082476825,1281167,313,0.007861920496319222,1
whitening_jit_clean,0.5,13,3,5.352067947387695,445.34266082476825,1281167,313,0.007861920496319222,1
whitening_jit_clean,0.5,13,4,5.259565353393555,445.34266082476825,1281167,313,0.007861920496319222,1
whitening_jit_clean,0.5,13,5,5.1590166091918945,445.34266082476825,1281167,313,0.007861920496319222,1
whitening_jit_clean,0.5,13,6,5.173133373260498,445.34266082476825,1281167,313,0.007861920496319222,1
whitening_jit_clean,0.5,13,7,5.064604759216309,445.34266082476825,1281167,313,0.007861920496319222,1
whitening_jit_clean,0.5,13,8,5.061471462249756,445.34266082476825,1281167,313,0.007861920496319222,1
whitening_jit_clean,0.5,13,9,5.102029323577881,445.34266082476825,1281167,313,0.007861920496319222,1
whitening_jit_clean,0.5,13,10,5.1627326011657715,445.34266082476825,1281167,313,0.007861920496319222,1
whitening_jit_clean,0.5,13,11,5.641570568084717,445.34266082476825,1281167,313,0.007861920496319222,1
whitening_jit_clean,0.5,14,1,6.151621341705322,445.27943161083385,1281167,313,0.007525000000000001,1
whitening_jit_clean,0.5,14,2,5.726227283477783,445.27943161083385,1281167,313,0.007525000000000001,1
whitening_jit_clean,0.5,14,3,5.335475921630859,445.27943161083385,1281167,313,0.007525000000000001,1
whitening_jit_clean,0.5,14,4,5.242527484893799,445.27943161083385,1281167,313,0.007525000000000001,1
whitening_jit_clean,0.5,14,5,5.142678260803223,445.27943161083385,1281167,313,0.007525000000000001,1
whitening_jit_clean,0.5,14,6,5.155292987823486,445.27943161083385,1281167,313,0.007525000000000001,1
whitening_jit_clean,0.5,14,7,5.044987678527832,445.27943161083385,1281167,313,0.007525000000000001,1
whitening_jit_clean,0.5,14,8,5.042511940002441,445.27943161083385,1281167,313,0.007525000000000001,1
whitening_jit_clean,0.5,14,9,5.084242820739746,445.27943161083385,1281167,313,0.007525000000000001,1
whitening_jit_clean,0.5,14,10,5.145203113555908,445.27943161083385,1281167,313,0.007525000000000001,1
whitening_jit_clean,0.5,14,11,5.624070167541504,445.27943161083385,1281167,313,0.007525000000000001,1
whitening_jit_clean,0.5,15,1,6.135173320770264,240.13383063301444,1281167,313,0.007172028178945119,2
whitening_jit_clean,0.5,15,2,5.710457801818848,240.13383063301444,1281167,313,0.007172028178945119,2
whitening_jit_clean,0.5,15,3,5.318475246429443,240.13383063301444,1281167,313,0.007172028178945119,2
whitening_jit_clean,0.5,15,4,5.226015090942383,240.13383063301444,1281167,313,0.007172028178945119,2
whitening_jit_clean,0.5,15,5,5.128318786621094,240.13383063301444,1281167,313,0.007172028178945119,2
whitening_jit_clean,0.5,15,6,5.1382670402526855,240.13383063301444,1281167,313,0.007172028178945119,2
whitening_jit_clean,0.5,15,7,5.027082920074463,240.13383063301444,1281167,313,0.007172028178945119,2
whitening_jit_clean,0.5,15,8,5.02571964263916,240.13383063301444,1281167,313,0.007172028178945119,2
whitening_jit_clean,0.5,15,9,5.068683624267578,240.13383063301444,1281167,313,0.007172028178945119,2
whitening_jit_clean,0.5,15,10,5.129584312438965,240.13383063301444,1281167,313,0.007172028178945119,2
whitening_jit_clean,0.5,15,11,5.606625080108643,240.13383063301444,1281167,313,0.007172028178945119,2
whitening_jit_clean,0.5,16,1,6.125136852264404,226.63291317876428,1281167,313,0.006805294190860553,2
whitening_jit_clean,0.5,16,2,5.700865745544434,226.63291317876428,1281167,313,0.006805294190860553,2
whitening_jit_clean,0.5,16,3,5.307114601135254,226.63291317876428,1281167,313,0.006805294190860553,2
whitening_jit_clean,0.5,16,4,5.213576316833496,226.63291317876428,1281167,313,0.006805294190860553,2
whitening_jit_clean,0.5,16,5,5.1148576736450195,226.63291317876428,1281167,313,0.006805294190860553,2
whitening_jit_clean,0.5,16,6,5.125218391418457,226.63291317876428,1281167,313,0.006805294190860553,2
whitening_jit_clean,0.5,16,7,5.013094902038574,226.63291317876428,1281167,313,0.006805294190860553,2
whitening_jit_clean,0.5,16,8,5.0100603103637695,226.63291317876428,1281167,313,0.006805294190860553,2
whitening_jit_clean,0.5,16,9,5.053356170654297,226.63291317876428,1281167,313,0.006805294190860553,2
whitening_jit_clean,0.5,16,10,5.114624500274658,226.63291317876428,1281167,313,0.006805294190860553,2
whitening_jit_clean,0.5,16,11,5.591411113739014,226.63291317876428,1281167,313,0.006805294190860553,2
whitening_jit_clean,0.5,17,1,6.109238147735596,226.80935555323958,1281167,313,0.006427176446386442,2
whitening_jit_clean,0.5,17,2,5.685009956359863,226.80935555323958,1281167,313,0.006427176446386442,2
whitening_jit_clean,0.5,17,3,5.2912774085998535,226.80935555323958,1281167,313,0.006427176446386442,2
whitening_jit_clean,0.5,17,4,5.1975908279418945,226.80935555323958,1281167,313,0.006427176446386442,2
whitening_jit_clean,0.5,17,5,5.101029396057129,226.80935555323958,1281167,313,0.006427176446386442,2
whitening_jit_clean,0.5,17,6,5.108486175537109,226.80935555323958,1281167,313,0.006427176446386442,2
whitening_jit_clean,0.5,17,7,4.996419429779053,226.80935555323958,1281167,313,0.006427176446386442,2
whitening_jit_clean,0.5,17,8,4.99542760848999,226.80935555323958,1281167,313,0.006427176446386442,2
whitening_jit_clean,0.5,17,9,5.039725303649902,226.80935555323958,1281167,313,0.006427176446386442,2
whitening_jit_clean,0.5,17,10,5.100955486297607,226.80935555323958,1281167,313,0.006427176446386442,2
whitening_jit_clean,0.5,17,11,5.577232837677002,226.80935555323958,1281167,313,0.006427176446386442,2
whitening_jit_clean,0.5,18,1,6.096343040466309,226.66316608106717,1281167,313,0.006040127184191421,2
whitening_jit_clean,0.5,18,2,5.672635555267334,226.66316608106717,1281167,313,0.006040127184191421,2
whitening_jit_clean,0.5,18,3,5.277795791625977,226.66316608106717,1281167,313,0.006040127184191421,2
whitening_jit_clean,0.5,18,4,5.18400764465332,226.66316608106717,1281167,313,0.006040127184191421,2
whitening_jit_clean,0.5,18,5,5.088936805725098,226.66316608106717,1281167,313,0.006040127184191421,2
whitening_jit_clean,0.5,18,6,5.094583034515381,226.66316608106717,1281167,313,0.006040127184191421,2
whitening_jit_clean,0.5,18,7,4.981251239776611,226.66316608106717,1281167,313,0.006040127184191421,2
whitening_jit_clean,0.5,18,8,4.980780124664307,226.66316608106717,1281167,313,0.006040127184191421,2
whitening_jit_clean,0.5,18,9,5.0256123542785645,226.66316608106717,1281167,313,0.006040127184191421,2
whitening_jit_clean,0.5,18,10,5.087430477142334,226.66316608106717,1281167,313,0.006040127184191421,2
whitening_jit_clean,0.5,18,11,5.563486099243164,226.66316608106717,1281167,313,0.006040127184191421,2
whitening_jit_clean,0.5,19,1,6.0854811668396,227.17634649015963,1281167,313,0.0056466565672638495,2
whitening_jit_clean,0.5,19,2,5.661925792694092,227.17634649015963,1281167,313,0.0056466565672638495,2
whitening_jit_clean,0.5,19,3,5.266608238220215,227.17634649015963,1281167,313,0.0056466565672638495,2
whitening_jit_clean,0.5,19,4,5.172688961029053,227.17634649015963,1281167,313,0.0056466565672638495,2
whitening_jit_clean,0.5,19,5,5.077632904052734,227.17634649015963,1281167,313,0.0056466565672638495,2
whitening_jit_clean,0.5,19,6,5.082184314727783,227.17634649015963,1281167,313,0.0056466565672638495,2
whitening_jit_clean,0.5,19,7,4.968433380126953,227.17634649015963,1281167,313,0.0056466565672638495,2
whitening_jit_clean,0.5,19,8,4.968116283416748,227.17634649015963,1281167,313,0.0056466565672638495,2
whitening_jit_clean,0.5,19,9,5.013906002044678,227.17634649015963,1281167,313,0.0056466565672638495,2
whitening_jit_clean,0.5,19,10,5.075414180755615,227.17634649015963,1281167,313,0.0056466565672638495,2
whitening_jit_clean,0.5,19,11,5.550952911376953,227.17634649015963,1281167,313,0.0056466565672638495,2
whitening_jit_clean,0.5,20,1,6.070407390594482,226.82390470197424,1281167,313,0.005249316403541606,2
whitening_jit_clean,0.5,20,2,5.646883010864258,226.82390470197424,1281167,313,0.005249316403541606,2
whitening_jit_clean,0.5,20,3,5.25035285949707,226.82390470197424,1281167,313,0.005249316403541606,2
whitening_jit_clean,0.5,20,4,5.156099796295166,226.82390470197424,1281167,313,0.005249316403541606,2
whitening_jit_clean,0.5,20,5,5.064489364624023,226.82390470197424,1281167,313,0.005249316403541606,2
whitening_jit_clean,0.5,20,6,5.066298484802246,226.82390470197424,1281167,313,0.005249316403541606,2
whitening_jit_clean,0.5,20,7,4.952041149139404,226.82390470197424,1281167,313,0.005249316403541606,2
whitening_jit_clean,0.5,20,8,4.953351020812988,226.82390470197424,1281167,313,0.005249316403541606,2
whitening_jit_clean,0.5,20,9,5.000141620635986,226.82390470197424,1281167,313,0.005249316403541606,2
whitening_jit_clean,0.5,20,10,5.062262058258057,226.82390470197424,1281167,313,0.005249316403541606,2
whitening_jit_clean,0.5,20,11,5.53787899017334,226.82390470197424,1281167,313,0.005249316403541606,2
whitening_jit_clean,0.5,21,1,6.057826995849609,226.92856622999534,1281167,313,0.004850683596458396,2
whitening_jit_clean,0.5,21,2,5.6343841552734375,226.92856622999534,1281167,313,0.004850683596458396,2
whitening_jit_clean,0.5,21,3,5.238070964813232,226.92856622999534,1281167,313,0.004850683596458396,2
whitening_jit_clean,0.5,21,4,5.143563747406006,226.92856622999534,1281167,313,0.004850683596458396,2
whitening_jit_clean,0.5,21,5,5.052611827850342,226.92856622999534,1281167,313,0.004850683596458396,2
whitening_jit_clean,0.5,21,6,5.053134918212891,226.92856622999534,1281167,313,0.004850683596458396,2
whitening_jit_clean,0.5,21,7,4.937641143798828,226.92856622999534,1281167,313,0.004850683596458396,2
whitening_jit_clean,0.5,21,8,4.940202713012695,226.92856622999534,1281167,313,0.004850683596458396,2
whitening_jit_clean,0.5,21,9,4.98845100402832,226.92856622999534,1281167,313,0.004850683596458396,2
whitening_jit_clean,0.5,21,10,5.050717830657959,226.92856622999534,1281167,313,0.004850683596458396,2
whitening_jit_clean,0.5,21,11,5.527585506439209,226.92856622999534,1281167,313,0.004850683596458396,2
whitening_jit_clean,0.5,22,1,6.047297954559326,227.27764190221205,1281167,313,0.004453343432736151,2
whitening_jit_clean,0.5,22,2,5.623958587646484,227.27764190221205,1281167,313,0.004453343432736151,2
whitening_jit_clean,0.5,22,3,5.225310802459717,227.27764190221205,1281167,313,0.004453343432736151,2
whitening_jit_clean,0.5,22,4,5.131143569946289,227.27764190221205,1281167,313,0.004453343432736151,2
whitening_jit_clean,0.5,22,5,5.0417351722717285,227.27764190221205,1281167,313,0.004453343432736151,2
whitening_jit_clean,0.5,22,6,5.04039192199707,227.27764190221205,1281167,313,0.004453343432736151,2
whitening_jit_clean,0.5,22,7,4.924239158630371,227.27764190221205,1281167,313,0.004453343432736151,2
whitening_jit_clean,0.5,22,8,4.927070140838623,227.27764190221205,1281167,313,0.004453343432736151,2
whitening_jit_clean,0.5,22,9,4.976254940032959,227.27764190221205,1281167,313,0.004453343432736151,2
whitening_jit_clean,0.5,22,10,5.0394697189331055,227.27764190221205,1281167,313,0.004453343432736151,2
whitening_jit_clean,0.5,22,11,5.516101360321045,227.27764190221205,1281167,313,0.004453343432736151,2
whitening_jit_clean,0.5,23,1,6.034736633300781,226.914983315859,1281167,313,0.004059872815808582,2
whitening_jit_clean,0.5,23,2,5.611303806304932,226.914983315859,1281167,313,0.004059872815808582,2
whitening_jit_clean,0.5,23,3,5.213090896606445,226.914983315859,1281167,313,0.004059872815808582,2
whitening_jit_clean,0.5,23,4,5.118072986602783,226.914983315859,1281167,313,0.004059872815808582,2
whitening_jit_clean,0.5,23,5,5.0302863121032715,226.914983315859,1281167,313,0.004059872815808582,2
whitening_jit_clean,0.5,23,6,5.027212142944336,226.914983315859,1281167,313,0.004059872815808582,2
whitening_jit_clean,0.5,23,7,4.910633563995361,226.914983315859,1281167,313,0.004059872815808582,2
whitening_jit_clean,0.5,23,8,4.914691925048828,226.914983315859,1281167,313,0.004059872815808582,2
whitening_jit_clean,0.5,23,9,4.964740753173828,226.914983315859,1281167,313,0.004059872815808582,2
whitening_jit_clean,0.5,23,10,5.028171062469482,226.914983315859,1281167,313,0.004059872815808582,2
whitening_jit_clean,0.5,23,11,5.505449295043945,226.914983315859,1281167,313,0.004059872815808582,2
whitening_jit_clean,0.5,24,1,6.0215349197387695,226.73037418723106,1281167,313,0.003672823553613561,2
whitening_jit_clean,0.5,24,2,5.597792625427246,226.73037418723106,1281167,313,0.003672823553613561,2
whitening_jit_clean,0.5,24,3,5.199258327484131,226.73037418723106,1281167,313,0.003672823553613561,2
whitening_jit_clean,0.5,24,4,5.104638576507568,226.73037418723106,1281167,313,0.003672823553613561,2
whitening_jit_clean,0.5,24,5,5.018534183502197,226.73037418723106,1281167,313,0.003672823553613561,2
whitening_jit_clean,0.5,24,6,5.013208389282227,226.73037418723106,1281167,313,0.003672823553613561,2
whitening_jit_clean,0.5,24,7,4.895638942718506,226.73037418723106,1281167,313,0.003672823553613561,2
whitening_jit_clean,0.5,24,8,4.901118755340576,226.73037418723106,1281167,313,0.003672823553613561,2
whitening_jit_clean,0.5,24,9,4.952315330505371,226.73037418723106,1281167,313,0.003672823553613561,2
whitening_jit_clean,0.5,24,10,5.016556739807129,226.73037418723106,1281167,313,0.003672823553613561,2
whitening_jit_clean,0.5,24,11,5.4957075119018555,226.73037418723106,1281167,313,0.003672823553613561,2
whitening_jit_clean,0.5,25,1,6.010323524475098,227.07212446909398,1281167,313,0.0032947058091394497,2
whitening_jit_clean,0.5,25,2,5.58681058883667,227.07212446909398,1281167,313,0.0032947058091394497,2
whitening_jit_clean,0.5,25,3,5.187804222106934,227.07212446909398,1281167,313,0.0032947058091394497,2
whitening_jit_clean,0.5,25,4,5.093308448791504,227.07212446909398,1281167,313,0.0032947058091394497,2
whitening_jit_clean,0.5,25,5,5.008524417877197,227.07212446909398,1281167,313,0.0032947058091394497,2
whitening_jit_clean,0.5,25,6,5.0017499923706055,227.07212446909398,1281167,313,0.0032947058091394497,2
whitening_jit_clean,0.5,25,7,4.883716106414795,227.07212446909398,1281167,313,0.0032947058091394497,2
whitening_jit_clean,0.5,25,8,4.890916347503662,227.07212446909398,1281167,313,0.0032947058091394497,2
whitening_jit_clean,0.5,25,9,4.943404674530029,227.07212446909398,1281167,313,0.0032947058091394497,2
whitening_jit_clean,0.5,25,10,5.007376194000244,227.07212446909398,1281167,313,0.0032947058091394497,2
whitening_jit_clean,0.5,25,11,5.48675012588501,227.07212446909398,1281167,313,0.0032947058091394497,2
whitening_jit_clean,0.5,26,1,6.000288486480713,226.94533486897126,1281167,313,0.002927971821054881,2
whitening_jit_clean,0.5,26,2,5.576105117797852,226.94533486897126,1281167,313,0.002927971821054881,2
whitening_jit_clean,0.5,26,3,5.176538944244385,226.94533486897126,1281167,313,0.002927971821054881,2
whitening_jit_clean,0.5,26,4,5.0819549560546875,226.94533486897126,1281167,313,0.002927971821054881,2
whitening_jit_clean,0.5,26,5,4.998778343200684,226.94533486897126,1281167,313,0.002927971821054881,2
whitening_jit_clean,0.5,26,6,4.989821910858154,226.94533486897126,1281167,313,0.002927971821054881,2
whitening_jit_clean,0.5,26,7,4.870816230773926,226.94533486897126,1281167,313,0.002927971821054881,2
whitening_jit_clean,0.5,26,8,4.879572868347168,226.94533486897126,1281167,313,0.002927971821054881,2
whitening_jit_clean,0.5,26,9,4.933189868927002,226.94533486897126,1281167,313,0.002927971821054881,2
whitening_jit_clean,0.5,26,10,4.998188495635986,226.94533486897126,1281167,313,0.002927971821054881,2
whitening_jit_clean,0.5,26,11,5.478757858276367,226.94533486897126,1281167,313,0.002927971821054881,2
whitening_jit_clean,0.5,27,1,5.989964485168457,226.70654367096722,1281167,313,0.0025749999999999987,2
whitening_jit_clean,0.5,27,2,5.565359115600586,226.70654367096722,1281167,313,0.0025749999999999987,2
whitening_jit_clean,0.5,27,3,5.165230751037598,226.70654367096722,1281167,313,0.0025749999999999987,2
whitening_jit_clean,0.5,27,4,5.069809913635254,226.70654367096722,1281167,313,0.0025749999999999987,2
whitening_jit_clean,0.5,27,5,4.988650321960449,226.70654367096722,1281167,313,0.0025749999999999987,2
whitening_jit_clean,0.5,27,6,4.97849702835083,226.70654367096722,1281167,313,0.0025749999999999987,2
whitening_jit_clean,0.5,27,7,4.858950614929199,226.70654367096722,1281167,313,0.0025749999999999987,2
whitening_jit_clean,0.5,27,8,4.86818265914917,226.70654367096722,1281167,313,0.0025749999999999987,2
whitening_jit_clean,0.5,27,9,4.922854423522949,226.70654367096722,1281167,313,0.0025749999999999987,2
whitening_jit_clean,0.5,27,10,4.988680362701416,226.70654367096722,1281167,313,0.0025749999999999987,2
whitening_jit_clean,0.5,27,11,5.470862865447998,226.70654367096722,1281167,313,0.0025749999999999987,2
whitening_jit_clean,0.5,28,1,5.978570461273193,226.65687322989106,1281167,313,0.0022380795036807794,2
whitening_jit_clean,0.5,28,2,5.554032325744629,226.65687322989106,1281167,313,0.0022380795036807794,2
whitening_jit_clean,0.5,28,3,5.153408527374268,226.65687322989106,1281167,313,0.0022380795036807794,2
whitening_jit_clean,0.5,28,4,5.058319091796875,226.65687322989106,1281167,313,0.0022380795036807794,2
whitening_jit_clean,0.5,28,5,4.978227615356445,226.65687322989106,1281167,313,0.0022380795036807794,2
whitening_jit_clean,0.5,28,6,4.966353893280029,226.65687322989106,1281167,313,0.0022380795036807794,2
whitening_jit_clean,0.5,28,7,4.845613956451416,226.65687322989106,1281167,313,0.0022380795036807794,2
whitening_jit_clean,0.5,28,8,4.856558799743652,226.65687322989106,1281167,313,0.0022380795036807794,2
whitening_jit_clean,0.5,28,9,4.912717342376709,226.65687322989106,1281167,313,0.0022380795036807794,2
whitening_jit_clean,0.5,28,10,4.979249477386475,226.65687322989106,1281167,313,0.0022380795036807794,2
whitening_jit_clean,0.5,28,11,5.462952613830566,226.65687322989106,1281167,313,0.0022380795036807794,2
whitening_jit_clean,0.5,29,1,5.969049453735352,226.90685241203755,1281167,313,0.0019193953908028833,2
whitening_jit_clean,0.5,29,2,5.544627666473389,226.90685241203755,1281167,313,0.0019193953908028833,2
whitening_jit_clean,0.5,29,3,5.143789291381836,226.90685241203755,1281167,313,0.0019193953908028833,2
whitening_jit_clean,0.5,29,4,5.048042297363281,226.90685241203755,1281167,313,0.0019193953908028833,2
whitening_jit_clean,0.5,29,5,4.96966028213501,226.90685241203755,1281167,313,0.0019193953908028833,2
whitening_jit_clean,0.5,29,6,4.956075191497803,226.90685241203755,1281167,313,0.0019193953908028833,2
whitening_jit_clean,0.5,29,7,4.834986686706543,226.90685241203755,1281167,313,0.0019193953908028833,2
whitening_jit_clean,0.5,29,8,4.847199440002441,226.90685241203755,1281167,313,0.0019193953908028833,2
whitening_jit_clean,0.5,29,9,4.904215335845947,226.90685241203755,1281167,313,0.0019193953908028833,2
whitening_jit_clean,0.5,29,10,4.970785140991211,226.90685241203755,1281167,313,0.0019193953908028833,2
whitening_jit_clean,0.5,29,11,5.455865859985352,226.90685241203755,1281167,313,0.0019193953908028833,2
whitening_jit_clean,0.5,30,1,5.958908557891846,226.63464317191392,1281167,313,0.0016210144501274833,2
whitening_jit_clean,0.5,30,2,5.534023761749268,226.63464317191392,1281167,313,0.0016210144501274833,2
whitening_jit_clean,0.5,30,3,5.13287878036499,226.63464317191392,1281167,313,0.0016210144501274833,2
whitening_jit_clean,0.5,30,4,5.037327289581299,226.63464317191392,1281167,313,0.0016210144501274833,2
whitening_jit_clean,0.5,30,5,4.960585117340088,226.63464317191392,1281167,313,0.0016210144501274833,2
whitening_jit_clean,0.5,30,6,4.945567607879639,226.63464317191392,1281167,313,0.0016210144501274833,2
whitening_jit_clean,0.5,30,7,4.824536323547363,226.63464317191392,1281167,313,0.0016210144501274833,2
whitening_jit_clean,0.5,30,8,4.837915897369385,226.63464317191392,1281167,313,0.0016210144501274833,2
whitening_jit_clean,0.5,30,9,4.895742416381836,226.63464317191392,1281167,313,0.0016210144501274833,2
whitening_jit_clean,0.5,30,10,4.9629693031311035,226.63464317191392,1281167,313,0.0016210144501274833,2
whitening_jit_clean,0.5,30,11,5.449095249176025,226.63464317191392,1281167,313,0.0016210144501274833,2
whitening_jit_clean,0.5,31,1,5.951114654541016,227.0867078830488,1281167,313,0.0013448717965530508,2
whitening_jit_clean,0.5,31,2,5.525592803955078,227.0867078830488,1281167,313,0.0013448717965530508,2
whitening_jit_clean,0.5,31,3,5.12487268447876,227.0867078830488,1281167,313,0.0013448717965530508,2
whitening_jit_clean,0.5,31,4,5.02947473526001,227.0867078830488,1281167,313,0.0013448717965530508,2
whitening_jit_clean,0.5,31,5,4.954068660736084,227.0867078830488,1281167,313,0.0013448717965530508,2
whitening_jit_clean,0.5,31,6,4.937384605407715,227.0867078830488,1281167,313,0.0013448717965530508,2
whitening_jit_clean,0.5,31,7,4.815586090087891,227.0867078830488,1281167,313,0.0013448717965530508,2
whitening_jit_clean,0.5,31,8,4.830462455749512,227.0867078830488,1281167,313,0.0013448717965530508,2
whitening_jit_clean,0.5,31,9,4.888734817504883,227.0867078830488,1281167,313,0.0013448717965530508,2
whitening_jit_clean,0.5,31,10,4.956592082977295,227.0867078830488,1281167,313,0.0013448717965530508,2
whitening_jit_clean,0.5,31,11,5.444001197814941,227.0867078830488,1281167,313,0.0013448717965530508,2
whitening_jit_clean,0.5,32,1,5.943393230438232,227.1230460461229,1281167,313,0.0010927583211526703,2
whitening_jit_clean,0.5,32,2,5.518017292022705,227.1230460461229,1281167,313,0.0010927583211526703,2
whitening_jit_clean,0.5,32,3,5.11676549911499,227.1230460461229,1281167,313,0.0010927583211526703,2
whitening_jit_clean,0.5,32,4,5.020936965942383,227.1230460461229,1281167,313,0.0010927583211526703,2
whitening_jit_clean,0.5,32,5,4.946707248687744,227.1230460461229,1281167,313,0.0010927583211526703,2
whitening_jit_clean,0.5,32,6,4.92856502532959,227.1230460461229,1281167,313,0.0010927583211526703,2
whitening_jit_clean,0.5,32,7,4.8060503005981445,227.1230460461229,1281167,313,0.0010927583211526703,2
whitening_jit_clean,0.5,32,8,4.821525573730469,227.1230460461229,1281167,313,0.0010927583211526703,2
whitening_jit_clean,0.5,32,9,4.881223201751709,227.1230460461229,1281167,313,0.0010927583211526703,2
whitening_jit_clean,0.5,32,10,4.949916839599609,227.1230460461229,1281167,313,0.0010927583211526703,2
whitening_jit_clean,0.5,32,11,5.439026832580566,227.1230460461229,1281167,313,0.0010927583211526703,2
whitening_jit_clean,0.5,33,1,5.93544864654541,227.1319185961038,1281167,313,0.0008663090765582168,2
whitening_jit_clean,0.5,33,2,5.50972318649292,227.1319185961038,1281167,313,0.0008663090765582168,2
whitening_jit_clean,0.5,33,3,5.108120441436768,227.1319185961038,1281167,313,0.0008663090765582168,2
whitening_jit_clean,0.5,33,4,5.011817932128906,227.1319185961038,1281167,313,0.0008663090765582168,2
whitening_jit_clean,0.5,33,5,4.939052581787109,227.1319185961038,1281167,313,0.0008663090765582168,2
whitening_jit_clean,0.5,33,6,4.919897079467773,227.1319185961038,1281167,313,0.0008663090765582168,2
whitening_jit_clean,0.5,33,7,4.796987533569336,227.1319185961038,1281167,313,0.0008663090765582168,2
whitening_jit_clean,0.5,33,8,4.814154624938965,227.1319185961038,1281167,313,0.0008663090765582168,2
whitening_jit_clean,0.5,33,9,4.87463903427124,227.1319185961038,1281167,313,0.0008663090765582168,2
whitening_jit_clean,0.5,33,10,4.943599224090576,227.1319185961038,1281167,313,0.0008663090765582168,2
whitening_jit_clean,0.5,33,11,5.433692932128906,227.1319185961038,1281167,313,0.0008663090765582168,2
whitening_jit_clean,0.5,34,1,5.929295063018799,226.65380302304402,1281167,313,0.0006669926730166116,2
whitening_jit_clean,0.5,34,2,5.5038743019104,226.65380302304402,1281167,313,0.0006669926730166116,2
whitening_jit_clean,0.5,34,3,5.1018147468566895,226.65380302304402,1281167,313,0.0006669926730166116,2
whitening_jit_clean,0.5,34,4,5.005942344665527,226.65380302304402,1281167,313,0.0006669926730166116,2
whitening_jit_clean,0.5,34,5,4.934569835662842,226.65380302304402,1281167,313,0.0006669926730166116,2
whitening_jit_clean,0.5,34,6,4.9142560958862305,226.65380302304402,1281167,313,0.0006669926730166116,2
whitening_jit_clean,0.5,34,7,4.791309833526611,226.65380302304402,1281167,313,0.0006669926730166116,2
whitening_jit_clean,0.5,34,8,4.809319019317627,226.65380302304402,1281167,313,0.0006669926730166116,2
whitening_jit_clean,0.5,34,9,4.87039852142334,226.65380302304402,1281167,313,0.0006669926730166116,2
whitening_jit_clean,0.5,34,10,4.939611434936523,226.65380302304402,1281167,313,0.0006669926730166116,2
whitening_jit_clean,0.5,34,11,5.430502891540527,226.65380302304402,1281167,313,0.0006669926730166116,2
whitening_jit_clean,0.5,35,1,5.922969341278076,226.73427015310153,1281167,313,0.0004961017538888202,2
whitening_jit_clean,0.5,35,2,5.496638298034668,226.73427015310153,1281167,313,0.0004961017538888202,2
whitening_jit_clean,0.5,35,3,5.094483375549316,226.73427015310153,1281167,313,0.0004961017538888202,2
whitening_jit_clean,0.5,35,4,4.9983601570129395,226.73427015310153,1281167,313,0.0004961017538888202,2
whitening_jit_clean,0.5,35,5,4.9280686378479,226.73427015310153,1281167,313,0.0004961017538888202,2
whitening_jit_clean,0.5,35,6,4.9068074226379395,226.73427015310153,1281167,313,0.0004961017538888202,2
whitening_jit_clean,0.5,35,7,4.783326148986816,226.73427015310153,1281167,313,0.0004961017538888202,2
whitening_jit_clean,0.5,35,8,4.8023176193237305,226.73427015310153,1281167,313,0.0004961017538888202,2
whitening_jit_clean,0.5,35,9,4.864523410797119,226.73427015310153,1281167,313,0.0004961017538888202,2
whitening_jit_clean,0.5,35,10,4.93436336517334,226.73427015310153,1281167,313,0.0004961017538888202,2
whitening_jit_clean,0.5,35,11,5.426688194274902,226.73427015310153,1281167,313,0.0004961017538888202,2
whitening_jit_clean,0.5,36,1,5.918488502502441,226.6769681959413,1281167,313,0.00035474461236162987,2
whitening_jit_clean,0.5,36,2,5.492194652557373,226.6769681959413,1281167,313,0.00035474461236162987,2
whitening_jit_clean,0.5,36,3,5.090054512023926,226.6769681959413,1281167,313,0.00035474461236162987,2
whitening_jit_clean,0.5,36,4,4.994376182556152,226.6769681959413,1281167,313,0.00035474461236162987,2
whitening_jit_clean,0.5,36,5,4.924742698669434,226.6769681959413,1281167,313,0.00035474461236162987,2
whitening_jit_clean,0.5,36,6,4.902072429656982,226.6769681959413,1281167,313,0.00035474461236162987,2
whitening_jit_clean,0.5,36,7,4.778097629547119,226.6769681959413,1281167,313,0.00035474461236162987,2
whitening_jit_clean,0.5,36,8,4.797857761383057,226.6769681959413,1281167,313,0.00035474461236162987,2
whitening_jit_clean,0.5,36,9,4.860581874847412,226.6769681959413,1281167,313,0.00035474461236162987,2
whitening_jit_clean,0.5,36,10,4.930821895599365,226.6769681959413,1281167,313,0.00035474461236162987,2
whitening_jit_clean,0.5,36,11,5.423924922943115,226.6769681959413,1281167,313,0.00035474461236162987,2
whitening_jit_clean,0.5,37,1,5.915457248687744,226.55281156115234,1281167,313,0.00024383800374104254,2
whitening_jit_clean,0.5,37,2,5.488587856292725,226.55281156115234,1281167,313,0.00024383800374104254,2
whitening_jit_clean,0.5,37,3,5.086601257324219,226.55281156115234,1281167,313,0.00024383800374104254,2
whitening_jit_clean,0.5,37,4,4.99078893661499,226.55281156115234,1281167,313,0.00024383800374104254,2
whitening_jit_clean,0.5,37,5,4.921647071838379,226.55281156115234,1281167,313,0.00024383800374104254,2
whitening_jit_clean,0.5,37,6,4.898679256439209,226.55281156115234,1281167,313,0.00024383800374104254,2
whitening_jit_clean,0.5,37,7,4.774202823638916,226.55281156115234,1281167,313,0.00024383800374104254,2
whitening_jit_clean,0.5,37,8,4.794562816619873,226.55281156115234,1281167,313,0.00024383800374104254,2
whitening_jit_clean,0.5,37,9,4.857431411743164,226.55281156115234,1281167,313,0.00024383800374104254,2
whitening_jit_clean,0.5,37,10,4.927855491638184,226.55281156115234,1281167,313,0.00024383800374104254,2
whitening_jit_clean,0.5,37,11,5.421787261962891,226.55281156115234,1281167,313,0.00024383800374104254,2
whitening_jit_clean,0.5,38,1,5.912660121917725,226.35449029598385,1281167,313,0.00016410119994233143,2
whitening_jit_clean,0.5,38,2,5.486013412475586,226.35449029598385,1281167,313,0.00016410119994233143,2
whitening_jit_clean,0.5,38,3,5.0839762687683105,226.35449029598385,1281167,313,0.00016410119994233143,2
whitening_jit_clean,0.5,38,4,4.988109588623047,226.35449029598385,1281167,313,0.00016410119994233143,2
whitening_jit_clean,0.5,38,5,4.919487476348877,226.35449029598385,1281167,313,0.00016410119994233143,2
whitening_jit_clean,0.5,38,6,4.895795822143555,226.35449029598385,1281167,313,0.00016410119994233143,2
whitening_jit_clean,0.5,38,7,4.7715067863464355,226.35449029598385,1281167,313,0.00016410119994233143,2
whitening_jit_clean,0.5,38,8,4.79232120513916,226.35449029598385,1281167,313,0.00016410119994233143,2
whitening_jit_clean,0.5,38,9,4.855747699737549,226.35449029598385,1281167,313,0.00016410119994233143,2
whitening_jit_clean,0.5,38,10,4.926087856292725,226.35449029598385,1281167,313,0.00016410119994233143,2
whitening_jit_clean,0.5,38,11,5.4205002784729,226.35449029598385,1281167,313,0.00016410119994233143,2
whitening_jit_clean,0.5,39,1,5.911018371582031,226.70583023969084,1281167,313,0.00011605132473566085,2
whitening_jit_clean,0.5,39,2,5.483824253082275,226.70583023969084,1281167,313,0.00011605132473566085,2
whitening_jit_clean,0.5,39,3,5.081241130828857,226.70583023969084,1281167,313,0.00011605132473566085,2
whitening_jit_clean,0.5,39,4,4.985105514526367,226.70583023969084,1281167,313,0.00011605132473566085,2
whitening_jit_clean,0.5,39,5,4.917254447937012,226.70583023969084,1281167,313,0.00011605132473566085,2
whitening_jit_clean,0.5,39,6,4.8938069343566895,226.70583023969084,1281167,313,0.00011605132473566085,2
whitening_jit_clean,0.5,39,7,4.7689666748046875,226.70583023969084,1281167,313,0.00011605132473566085,2
whitening_jit_clean,0.5,39,8,4.789830684661865,226.70583023969084,1281167,313,0.00011605132473566085,2
whitening_jit_clean,0.5,39,9,4.8537445068359375,226.70583023969084,1281167,313,0.00011605132473566085,2
whitening_jit_clean,0.5,39,10,4.9247822761535645,226.70583023969084,1281167,313,0.00011605132473566085,2
whitening_jit_clean,0.5,39,11,5.419132709503174,226.70583023969084,1281167,313,0.00011605132473566085,2
whitening_jit_clean,0.5,40,1,5.9096245765686035,226.5021919910796,1281167,313,0.0001,2
whitening_jit_clean,0.5,40,2,5.48254919052124,226.5021919910796,1281167,313,0.0001,2
whitening_jit_clean,0.5,40,3,5.080171585083008,226.5021919910796,1281167,313,0.0001,2
whitening_jit_clean,0.5,40,4,4.984139919281006,226.5021919910796,1281167,313,0.0001,2
whitening_jit_clean,0.5,40,5,4.916454315185547,226.5021919910796,1281167,313,0.0001,2
whitening_jit_clean,0.5,40,6,4.892397880554199,226.5021919910796,1281167,313,0.0001,2
whitening_jit_clean,0.5,40,7,4.767498970031738,226.5021919910796,1281167,313,0.0001,2
whitening_jit_clean,0.5,40,8,4.7888264656066895,226.5021919910796,1281167,313,0.0001,2
whitening_jit_clean,0.5,40,9,4.852542877197266,226.5021919910796,1281167,313,0.0001,2
whitening_jit_clean,0.5,40,10,4.92369270324707,226.5021919910796,1281167,313,0.0001,2
whitening_jit_clean,0.5,40,11,5.4191765785217285,226.5021919910796,1281167,313,0.0001,2
whitening_jit_clean,0.75,1,1,6.75244665145874,462.87158651836216,1281167,313,0.01,1
whitening_jit_clean,0.75,1,2,6.501829624176025,462.87158651836216,1281167,313,0.01,1
whitening_jit_clean,0.75,1,3,6.106740951538086,462.87158651836216,1281167,313,0.01,1
whitening_jit_clean,0.75,1,4,5.990943908691406,462.87158651836216,1281167,313,0.01,1
whitening_jit_clean,0.75,1,5,5.935913562774658,462.87158651836216,1281167,313,0.01,1
whitening_jit_clean,0.75,1,6,5.927640914916992,462.87158651836216,1281167,313,0.01,1
whitening_jit_clean,0.75,1,7,5.810153961181641,462.87158651836216,1281167,313,0.01,1
whitening_jit_clean,0.75,1,8,5.800961494445801,462.87158651836216,1281167,313,0.01,1
whitening_jit_clean,0.75,1,9,5.831881999969482,462.87158651836216,1281167,313,0.01,1
whitening_jit_clean,0.75,1,10,5.888768672943115,462.87158651836216,1281167,313,0.01,1
whitening_jit_clean,0.75,1,11,6.389465808868408,462.87158651836216,1281167,313,0.01,1
whitening_jit_clean,0.75,2,1,6.60427713394165,449.02610304998234,1281167,313,0.00998394867526434,1
whitening_jit_clean,0.75,2,2,6.248754978179932,449.02610304998234,1281167,313,0.00998394867526434,1
whitening_jit_clean,0.75,2,3,5.881577968597412,449.02610304998234,1281167,313,0.00998394867526434,1
whitening_jit_clean,0.75,2,4,5.774968147277832,449.02610304998234,1281167,313,0.00998394867526434,1
whitening_jit_clean,0.75,2,5,5.679168224334717,449.02610304998234,1281167,313,0.00998394867526434,1
whitening_jit_clean,0.75,2,6,5.6537275314331055,449.02610304998234,1281167,313,0.00998394867526434,1
whitening_jit_clean,0.75,2,7,5.534790515899658,449.02610304998234,1281167,313,0.00998394867526434,1
whitening_jit_clean,0.75,2,8,5.5237226486206055,449.02610304998234,1281167,313,0.00998394867526434,1
whitening_jit_clean,0.75,2,9,5.551853656768799,449.02610304998234,1281167,313,0.00998394867526434,1
whitening_jit_clean,0.75,2,10,5.618155479431152,449.02610304998234,1281167,313,0.00998394867526434,1
whitening_jit_clean,0.75,2,11,6.1722612380981445,449.02610304998234,1281167,313,0.00998394867526434,1
whitening_jit_clean,0.75,3,1,6.569064617156982,448.8228632300161,1281167,313,0.009935898800057668,1
whitening_jit_clean,0.75,3,2,6.188765525817871,448.8228632300161,1281167,313,0.009935898800057668,1
whitening_jit_clean,0.75,3,3,5.827824115753174,448.8228632300161,1281167,313,0.009935898800057668,1
whitening_jit_clean,0.75,3,4,5.718112945556641,448.8228632300161,1281167,313,0.009935898800057668,1
whitening_jit_clean,0.75,3,5,5.609838962554932,448.8228632300161,1281167,313,0.009935898800057668,1
whitening_jit_clean,0.75,3,6,5.581110954284668,448.8228632300161,1281167,313,0.009935898800057668,1
whitening_jit_clean,0.75,3,7,5.466681957244873,448.8228632300161,1281167,313,0.009935898800057668,1
whitening_jit_clean,0.75,3,8,5.448868751525879,448.8228632300161,1281167,313,0.009935898800057668,1
whitening_jit_clean,0.75,3,9,5.479312419891357,448.8228632300161,1281167,313,0.009935898800057668,1
whitening_jit_clean,0.75,3,10,5.548678398132324,448.8228632300161,1281167,313,0.009935898800057668,1
whitening_jit_clean,0.75,3,11,6.078402042388916,448.8228632300161,1281167,313,0.009935898800057668,1
whitening_jit_clean,0.75,4,1,6.550216197967529,448.87879329780117,1281167,313,0.009856161996258958,1
whitening_jit_clean,0.75,4,2,6.157571315765381,448.87879329780117,1281167,313,0.009856161996258958,1
whitening_jit_clean,0.75,4,3,5.79744291305542,448.87879329780117,1281167,313,0.009856161996258958,1
whitening_jit_clean,0.75,4,4,5.6830620765686035,448.87879329780117,1281167,313,0.009856161996258958,1
whitening_jit_clean,0.75,4,5,5.569373607635498,448.87879329780117,1281167,313,0.009856161996258958,1
whitening_jit_clean,0.75,4,6,5.537081241607666,448.87879329780117,1281167,313,0.009856161996258958,1
whitening_jit_clean,0.75,4,7,5.424661636352539,448.87879329780117,1281167,313,0.009856161996258958,1
whitening_jit_clean,0.75,4,8,5.401566028594971,448.87879329780117,1281167,313,0.009856161996258958,1
whitening_jit_clean,0.75,4,9,5.433314800262451,448.87879329780117,1281167,313,0.009856161996258958,1
whitening_jit_clean,0.75,4,10,5.502679824829102,448.87879329780117,1281167,313,0.009856161996258958,1
whitening_jit_clean,0.75,4,11,6.011536121368408,448.87879329780117,1281167,313,0.009856161996258958,1
whitening_jit_clean,0.75,5,1,6.527974605560303,449.02399822184816,1281167,313,0.00974525538763837,1
whitening_jit_clean,0.75,5,2,6.1275200843811035,449.02399822184816,1281167,313,0.00974525538763837,1
whitening_jit_clean,0.75,5,3,5.767390727996826,449.02399822184816,1281167,313,0.00974525538763837,1
whitening_jit_clean,0.75,5,4,5.649442672729492,449.02399822184816,1281167,313,0.00974525538763837,1
whitening_jit_clean,0.75,5,5,5.533240795135498,449.02399822184816,1281167,313,0.00974525538763837,1
whitening_jit_clean,0.75,5,6,5.497915267944336,449.02399822184816,1281167,313,0.00974525538763837,1
whitening_jit_clean,0.75,5,7,5.3867106437683105,449.02399822184816,1281167,313,0.00974525538763837,1
whitening_jit_clean,0.75,5,8,5.360345363616943,449.02399822184816,1281167,313,0.00974525538763837,1
whitening_jit_clean,0.75,5,9,5.394765853881836,449.02399822184816,1281167,313,0.00974525538763837,1
whitening_jit_clean,0.75,5,10,5.465537071228027,449.02399822184816,1281167,313,0.00974525538763837,1
whitening_jit_clean,0.75,5,11,5.959378242492676,449.02399822184816,1281167,313,0.00974525538763837,1
whitening_jit_clean,0.75,6,1,6.51547908782959,448.8760399031453,1281167,313,0.00960389824611118,1
whitening_jit_clean,0.75,6,2,6.1096906661987305,448.8760399031453,1281167,313,0.00960389824611118,1
whitening_jit_clean,0.75,6,3,5.749423027038574,448.8760399031453,1281167,313,0.00960389824611118,1
whitening_jit_clean,0.75,6,4,5.628885746002197,448.8760399031453,1281167,313,0.00960389824611118,1
whitening_jit_clean,0.75,6,5,5.511558532714844,448.8760399031453,1281167,313,0.00960389824611118,1
whitening_jit_clean,0.75,6,6,5.472679138183594,448.8760399031453,1281167,313,0.00960389824611118,1
whitening_jit_clean,0.75,6,7,5.361540794372559,448.8760399031453,1281167,313,0.00960389824611118,1
whitening_jit_clean,0.75,6,8,5.332798004150391,448.8760399031453,1281167,313,0.00960389824611118,1
whitening_jit_clean,0.75,6,9,5.366946220397949,448.8760399031453,1281167,313,0.00960389824611118,1
whitening_jit_clean,0.75,6,10,5.437547206878662,448.8760399031453,1281167,313,0.00960389824611118,1
whitening_jit_clean,0.75,6,11,5.918543338775635,448.8760399031453,1281167,313,0.00960389824611118,1
whitening_jit_clean,0.75,7,1,6.505075931549072,448.56011066399515,1281167,313,0.009433007326983388,1
whitening_jit_clean,0.75,7,2,6.0959954261779785,448.56011066399515,1281167,313,0.009433007326983388,1
whitening_jit_clean,0.75,7,3,5.733869552612305,448.56011066399515,1281167,313,0.009433007326983388,1
whitening_jit_clean,0.75,7,4,5.610117435455322,448.56011066399515,1281167,313,0.009433007326983388,1
whitening_jit_clean,0.75,7,5,5.492117881774902,448.56011066399515,1281167,313,0.009433007326983388,1
whitening_jit_clean,0.75,7,6,5.451643466949463,448.56011066399515,1281167,313,0.009433007326983388,1
whitening_jit_clean,0.75,7,7,5.34030294418335,448.56011066399515,1281167,313,0.009433007326983388,1
whitening_jit_clean,0.75,7,8,5.309085845947266,448.56011066399515,1281167,313,0.009433007326983388,1
whitening_jit_clean,0.75,7,9,5.344131946563721,448.56011066399515,1281167,313,0.009433007326983388,1
whitening_jit_clean,0.75,7,10,5.41455078125,448.56011066399515,1281167,313,0.009433007326983388,1
whitening_jit_clean,0.75,7,11,5.884737014770508,448.56011066399515,1281167,313,0.009433007326983388,1
whitening_jit_clean,0.75,8,1,6.494013786315918,448.8813727623783,1281167,313,0.009233690923441784,1
whitening_jit_clean,0.75,8,2,6.0814032554626465,448.8813727623783,1281167,313,0.009233690923441784,1
whitening_jit_clean,0.75,8,3,5.719398021697998,448.8813727623783,1281167,313,0.009233690923441784,1
whitening_jit_clean,0.75,8,4,5.594045639038086,448.8813727623783,1281167,313,0.009233690923441784,1
whitening_jit_clean,0.75,8,5,5.474969387054443,448.8813727623783,1281167,313,0.009233690923441784,1
whitening_jit_clean,0.75,8,6,5.431710720062256,448.8813727623783,1281167,313,0.009233690923441784,1
whitening_jit_clean,0.75,8,7,5.318948745727539,448.8813727623783,1281167,313,0.009233690923441784,1
whitening_jit_clean,0.75,8,8,5.286945819854736,448.8813727623783,1281167,313,0.009233690923441784,1
whitening_jit_clean,0.75,8,9,5.322671413421631,448.8813727623783,1281167,313,0.009233690923441784,1
whitening_jit_clean,0.75,8,10,5.393122673034668,448.8813727623783,1281167,313,0.009233690923441784,1
whitening_jit_clean,0.75,8,11,5.854836463928223,448.8813727623783,1281167,313,0.009233690923441784,1
whitening_jit_clean,0.75,9,1,6.48414945602417,448.7728816950694,1281167,313,0.009007241678847332,1
whitening_jit_clean,0.75,9,2,6.068546295166016,448.7728816950694,1281167,313,0.009007241678847332,1
whitening_jit_clean,0.75,9,3,5.705455780029297,448.7728816950694,1281167,313,0.009007241678847332,1
whitening_jit_clean,0.75,9,4,5.577670097351074,448.7728816950694,1281167,313,0.009007241678847332,1
whitening_jit_clean,0.75,9,5,5.457636833190918,448.7728816950694,1281167,313,0.009007241678847332,1
whitening_jit_clean,0.75,9,6,5.413769721984863,448.7728816950694,1281167,313,0.009007241678847332,1
whitening_jit_clean,0.75,9,7,5.300928115844727,448.7728816950694,1281167,313,0.009007241678847332,1
whitening_jit_clean,0.75,9,8,5.265353202819824,448.7728816950694,1281167,313,0.009007241678847332,1
whitening_jit_clean,0.75,9,9,5.300926685333252,448.7728816950694,1281167,313,0.009007241678847332,1
whitening_jit_clean,0.75,9,10,5.370585918426514,448.7728816950694,1281167,313,0.009007241678847332,1
whitening_jit_clean,0.75,9,11,5.8261027336120605,448.7728816950694,1281167,313,0.009007241678847332,1
whitening_jit_clean,0.75,10,1,6.475374698638916,448.86320760380477,1281167,313,0.008755128203446951,1
whitening_jit_clean,0.75,10,2,6.058149814605713,448.86320760380477,1281167,313,0.008755128203446951,1
whitening_jit_clean,0.75,10,3,5.694399833679199,448.86320760380477,1281167,313,0.008755128203446951,1
whitening_jit_clean,0.75,10,4,5.564480781555176,448.86320760380477,1281167,313,0.008755128203446951,1
whitening_jit_clean,0.75,10,5,5.4443254470825195,448.86320760380477,1281167,313,0.008755128203446951,1
whitening_jit_clean,0.75,10,6,5.3974928855896,448.86320760380477,1281167,313,0.008755128203446951,1
whitening_jit_clean,0.75,10,7,5.284679412841797,448.86320760380477,1281167,313,0.008755128203446951,1
whitening_jit_clean,0.75,10,8,5.249537467956543,448.86320760380477,1281167,313,0.008755128203446951,1
whitening_jit_clean,0.75,10,9,5.285552024841309,448.86320760380477,1281167,313,0.008755128203446951,1
whitening_jit_clean,0.75,10,10,5.355017185211182,448.86320760380477,1281167,313,0.008755128203446951,1
whitening_jit_clean,0.75,10,11,5.805384159088135,448.86320760380477,1281167,313,0.008755128203446951,1
whitening_jit_clean,0.75,11,1,6.465493202209473,448.84579271590337,1281167,313,0.008478985549872517,1
whitening_jit_clean,0.75,11,2,6.045881748199463,448.84579271590337,1281167,313,0.008478985549872517,1
whitening_jit_clean,0.75,11,3,5.680584907531738,448.84579271590337,1281167,313,0.008478985549872517,1
whitening_jit_clean,0.75,11,4,5.549718856811523,448.84579271590337,1281167,313,0.008478985549872517,1
whitening_jit_clean,0.75,11,5,5.429792404174805,448.84579271590337,1281167,313,0.008478985549872517,1
whitening_jit_clean,0.75,11,6,5.381610870361328,448.84579271590337,1281167,313,0.008478985549872517,1
whitening_jit_clean,0.75,11,7,5.268593788146973,448.84579271590337,1281167,313,0.008478985549872517,1
whitening_jit_clean,0.75,11,8,5.231346607208252,448.84579271590337,1281167,313,0.008478985549872517,1
whitening_jit_clean,0.75,11,9,5.268036365509033,448.84579271590337,1281167,313,0.008478985549872517,1
whitening_jit_clean,0.75,11,10,5.337901592254639,448.84579271590337,1281167,313,0.008478985549872517,1
whitening_jit_clean,0.75,11,11,5.783587455749512,448.84579271590337,1281167,313,0.008478985549872517,1
whitening_jit_clean,0.75,12,1,6.454034805297852,448.78352811699733,1281167,313,0.008180604609197117,1
whitening_jit_clean,0.75,12,2,6.033194065093994,448.78352811699733,1281167,313,0.008180604609197117,1
whitening_jit_clean,0.75,12,3,5.666586875915527,448.78352811699733,1281167,313,0.008180604609197117,1
whitening_jit_clean,0.75,12,4,5.535545349121094,448.78352811699733,1281167,313,0.008180604609197117,1
whitening_jit_clean,0.75,12,5,5.4147820472717285,448.78352811699733,1281167,313,0.008180604609197117,1
whitening_jit_clean,0.75,12,6,5.3658576011657715,448.78352811699733,1281167,313,0.008180604609197117,1
whitening_jit_clean,0.75,12,7,5.251852989196777,448.78352811699733,1281167,313,0.008180604609197117,1
whitening_jit_clean,0.75,12,8,5.21396017074585,448.78352811699733,1281167,313,0.008180604609197117,1
whitening_jit_clean,0.75,12,9,5.250982284545898,448.78352811699733,1281167,313,0.008180604609197117,1
whitening_jit_clean,0.75,12,10,5.320799350738525,448.78352811699733,1281167,313,0.008180604609197117,1
whitening_jit_clean,0.75,12,11,5.762634754180908,448.78352811699733,1281167,313,0.008180604609197117,1
whitening_jit_clean,0.75,13,1,6.4443511962890625,448.9608792918734,1281167,313,0.007861920496319222,1
whitening_jit_clean,0.75,13,2,6.0216546058654785,448.9608792918734,1281167,313,0.007861920496319222,1
whitening_jit_clean,0.75,13,3,5.656031608581543,448.9608792918734,1281167,313,0.007861920496319222,1
whitening_jit_clean,0.75,13,4,5.522358417510986,448.9608792918734,1281167,313,0.007861920496319222,1
whitening_jit_clean,0.75,13,5,5.403959274291992,448.9608792918734,1281167,313,0.007861920496319222,1
whitening_jit_clean,0.75,13,6,5.351035118103027,448.9608792918734,1281167,313,0.007861920496319222,1
whitening_jit_clean,0.75,13,7,5.2358222007751465,448.9608792918734,1281167,313,0.007861920496319222,1
whitening_jit_clean,0.75,13,8,5.19925594329834,448.9608792918734,1281167,313,0.007861920496319222,1
whitening_jit_clean,0.75,13,9,5.237604141235352,448.9608792918734,1281167,313,0.007861920496319222,1
whitening_jit_clean,0.75,13,10,5.30718994140625,448.9608792918734,1281167,313,0.007861920496319222,1
whitening_jit_clean,0.75,13,11,5.74483585357666,448.9608792918734,1281167,313,0.007861920496319222,1
whitening_jit_clean,0.75,14,1,6.4336371421813965,448.8362119900994,1281167,313,0.007525000000000001,1
whitening_jit_clean,0.75,14,2,6.009853363037109,448.8362119900994,1281167,313,0.007525000000000001,1
whitening_jit_clean,0.75,14,3,5.642710208892822,448.8362119900994,1281167,313,0.007525000000000001,1
whitening_jit_clean,0.75,14,4,5.50794792175293,448.8362119900994,1281167,313,0.007525000000000001,1
whitening_jit_clean,0.75,14,5,5.38918924331665,448.8362119900994,1281167,313,0.007525000000000001,1
whitening_jit_clean,0.75,14,6,5.335511684417725,448.8362119900994,1281167,313,0.007525000000000001,1
whitening_jit_clean,0.75,14,7,5.218417644500732,448.8362119900994,1281167,313,0.007525000000000001,1
whitening_jit_clean,0.75,14,8,5.181777000427246,448.8362119900994,1281167,313,0.007525000000000001,1
whitening_jit_clean,0.75,14,9,5.220550060272217,448.8362119900994,1281167,313,0.007525000000000001,1
whitening_jit_clean,0.75,14,10,5.2905449867248535,448.8362119900994,1281167,313,0.007525000000000001,1
whitening_jit_clean,0.75,14,11,5.72827672958374,448.8362119900994,1281167,313,0.007525000000000001,1
whitening_jit_clean,0.75,15,1,6.420228481292725,240.83271296089515,1281167,313,0.007172028178945119,2
whitening_jit_clean,0.75,15,2,5.9955925941467285,240.83271296089515,1281167,313,0.007172028178945119,2
whitening_jit_clean,0.75,15,3,5.627671241760254,240.83271296089515,1281167,313,0.007172028178945119,2
whitening_jit_clean,0.75,15,4,5.492461204528809,240.83271296089515,1281167,313,0.007172028178945119,2
whitening_jit_clean,0.75,15,5,5.375477313995361,240.83271296089515,1281167,313,0.007172028178945119,2
whitening_jit_clean,0.75,15,6,5.319138526916504,240.83271296089515,1281167,313,0.007172028178945119,2
whitening_jit_clean,0.75,15,7,5.200534820556641,240.83271296089515,1281167,313,0.007172028178945119,2
whitening_jit_clean,0.75,15,8,5.165719509124756,240.83271296089515,1281167,313,0.007172028178945119,2
whitening_jit_clean,0.75,15,9,5.2060651779174805,240.83271296089515,1281167,313,0.007172028178945119,2
whitening_jit_clean,0.75,15,10,5.277001857757568,240.83271296089515,1281167,313,0.007172028178945119,2
whitening_jit_clean,0.75,15,11,5.711316108703613,240.83271296089515,1281167,313,0.007172028178945119,2
whitening_jit_clean,0.75,16,1,6.412718296051025,226.98469419777393,1281167,313,0.006805294190860553,2
whitening_jit_clean,0.75,16,2,5.987018585205078,226.98469419777393,1281167,313,0.006805294190860553,2
whitening_jit_clean,0.75,16,3,5.618006229400635,226.98469419777393,1281167,313,0.006805294190860553,2
whitening_jit_clean,0.75,16,4,5.481768608093262,226.98469419777393,1281167,313,0.006805294190860553,2
whitening_jit_clean,0.75,16,5,5.363823890686035,226.98469419777393,1281167,313,0.006805294190860553,2
whitening_jit_clean,0.75,16,6,5.307583332061768,226.98469419777393,1281167,313,0.006805294190860553,2
whitening_jit_clean,0.75,16,7,5.189352512359619,226.98469419777393,1281167,313,0.006805294190860553,2
whitening_jit_clean,0.75,16,8,5.152009010314941,226.98469419777393,1281167,313,0.006805294190860553,2
whitening_jit_clean,0.75,16,9,5.192675590515137,226.98469419777393,1281167,313,0.006805294190860553,2
whitening_jit_clean,0.75,16,10,5.263402938842773,226.98469419777393,1281167,313,0.006805294190860553,2
whitening_jit_clean,0.75,16,11,5.6963653564453125,226.98469419777393,1281167,313,0.006805294190860553,2
whitening_jit_clean,0.75,17,1,6.399445056915283,227.2038928330876,1281167,313,0.006427176446386442,2
whitening_jit_clean,0.75,17,2,5.97296142578125,227.2038928330876,1281167,313,0.006427176446386442,2
whitening_jit_clean,0.75,17,3,5.603503704071045,227.2038928330876,1281167,313,0.006427176446386442,2
whitening_jit_clean,0.75,17,4,5.467114448547363,227.2038928330876,1281167,313,0.006427176446386442,2
whitening_jit_clean,0.75,17,5,5.350447177886963,227.2038928330876,1281167,313,0.006427176446386442,2
whitening_jit_clean,0.75,17,6,5.291035175323486,227.2038928330876,1281167,313,0.006427176446386442,2
whitening_jit_clean,0.75,17,7,5.17101526260376,227.2038928330876,1281167,313,0.006427176446386442,2
whitening_jit_clean,0.75,17,8,5.13629150390625,227.2038928330876,1281167,313,0.006427176446386442,2
whitening_jit_clean,0.75,17,9,5.178397178649902,227.2038928330876,1281167,313,0.006427176446386442,2
whitening_jit_clean,0.75,17,10,5.2499823570251465,227.2038928330876,1281167,313,0.006427176446386442,2
whitening_jit_clean,0.75,17,11,5.682129383087158,227.2038928330876,1281167,313,0.006427176446386442,2
whitening_jit_clean,0.75,18,1,6.3905415534973145,227.03419758705422,1281167,313,0.006040127184191421,2
whitening_jit_clean,0.75,18,2,5.96332311630249,227.03419758705422,1281167,313,0.006040127184191421,2
whitening_jit_clean,0.75,18,3,5.593338489532471,227.03419758705422,1281167,313,0.006040127184191421,2
whitening_jit_clean,0.75,18,4,5.455324172973633,227.03419758705422,1281167,313,0.006040127184191421,2
whitening_jit_clean,0.75,18,5,5.339447498321533,227.03419758705422,1281167,313,0.006040127184191421,2
whitening_jit_clean,0.75,18,6,5.2778639793396,227.03419758705422,1281167,313,0.006040127184191421,2
whitening_jit_clean,0.75,18,7,5.157271385192871,227.03419758705422,1281167,313,0.006040127184191421,2
whitening_jit_clean,0.75,18,8,5.12405252456665,227.03419758705422,1281167,313,0.006040127184191421,2
whitening_jit_clean,0.75,18,9,5.166687965393066,227.03419758705422,1281167,313,0.006040127184191421,2
whitening_jit_clean,0.75,18,10,5.238436222076416,227.03419758705422,1281167,313,0.006040127184191421,2
whitening_jit_clean,0.75,18,11,5.669349193572998,227.03419758705422,1281167,313,0.006040127184191421,2
whitening_jit_clean,0.75,19,1,6.381464004516602,227.40329722873867,1281167,313,0.0056466565672638495,2
whitening_jit_clean,0.75,19,2,5.953421592712402,227.40329722873867,1281167,313,0.0056466565672638495,2
whitening_jit_clean,0.75,19,3,5.583095550537109,227.40329722873867,1281167,313,0.0056466565672638495,2
whitening_jit_clean,0.75,19,4,5.444398880004883,227.40329722873867,1281167,313,0.0056466565672638495,2
whitening_jit_clean,0.75,19,5,5.329544544219971,227.40329722873867,1281167,313,0.0056466565672638495,2
whitening_jit_clean,0.75,19,6,5.266119003295898,227.40329722873867,1281167,313,0.0056466565672638495,2
whitening_jit_clean,0.75,19,7,5.144485950469971,227.40329722873867,1281167,313,0.0056466565672638495,2
whitening_jit_clean,0.75,19,8,5.111205101013184,227.40329722873867,1281167,313,0.0056466565672638495,2
whitening_jit_clean,0.75,19,9,5.154630184173584,227.40329722873867,1281167,313,0.0056466565672638495,2
whitening_jit_clean,0.75,19,10,5.2262701988220215,227.40329722873867,1281167,313,0.0056466565672638495,2
whitening_jit_clean,0.75,19,11,5.656910419464111,227.40329722873867,1281167,313,0.0056466565672638495,2
whitening_jit_clean,0.75,20,1,6.369061470031738,227.07876629335806,1281167,313,0.005249316403541606,2
whitening_jit_clean,0.75,20,2,5.940112113952637,227.07876629335806,1281167,313,0.005249316403541606,2
whitening_jit_clean,0.75,20,3,5.568496227264404,227.07876629335806,1281167,313,0.005249316403541606,2
whitening_jit_clean,0.75,20,4,5.4288201332092285,227.07876629335806,1281167,313,0.005249316403541606,2
whitening_jit_clean,0.75,20,5,5.31666898727417,227.07876629335806,1281167,313,0.005249316403541606,2
whitening_jit_clean,0.75,20,6,5.251202583312988,227.07876629335806,1281167,313,0.005249316403541606,2
whitening_jit_clean,0.75,20,7,5.128400802612305,227.07876629335806,1281167,313,0.005249316403541606,2
whitening_jit_clean,0.75,20,8,5.09746789932251,227.07876629335806,1281167,313,0.005249316403541606,2
whitening_jit_clean,0.75,20,9,5.142027854919434,227.07876629335806,1281167,313,0.005249316403541606,2
whitening_jit_clean,0.75,20,10,5.214778900146484,227.07876629335806,1281167,313,0.005249316403541606,2
whitening_jit_clean,0.75,20,11,5.644385814666748,227.07876629335806,1281167,313,0.005249316403541606,2
whitening_jit_clean,0.75,21,1,6.357542037963867,227.31351769715548,1281167,313,0.004850683596458396,2
whitening_jit_clean,0.75,21,2,5.928934097290039,227.31351769715548,1281167,313,0.004850683596458396,2
whitening_jit_clean,0.75,21,3,5.5572357177734375,227.31351769715548,1281167,313,0.004850683596458396,2
whitening_jit_clean,0.75,21,4,5.416999816894531,227.31351769715548,1281167,313,0.004850683596458396,2
whitening_jit_clean,0.75,21,5,5.304785251617432,227.31351769715548,1281167,313,0.004850683596458396,2
whitening_jit_clean,0.75,21,6,5.237170696258545,227.31351769715548,1281167,313,0.004850683596458396,2
whitening_jit_clean,0.75,21,7,5.112709045410156,227.31351769715548,1281167,313,0.004850683596458396,2
whitening_jit_clean,0.75,21,8,5.0838141441345215,227.31351769715548,1281167,313,0.004850683596458396,2
whitening_jit_clean,0.75,21,9,5.130251884460449,227.31351769715548,1281167,313,0.004850683596458396,2
whitening_jit_clean,0.75,21,10,5.203633785247803,227.31351769715548,1281167,313,0.004850683596458396,2
whitening_jit_clean,0.75,21,11,5.633395195007324,227.31351769715548,1281167,313,0.004850683596458396,2
whitening_jit_clean,0.75,22,1,6.349203109741211,227.44324676692486,1281167,313,0.004453343432736151,2
whitening_jit_clean,0.75,22,2,5.91951847076416,227.44324676692486,1281167,313,0.004453343432736151,2
whitening_jit_clean,0.75,22,3,5.546376705169678,227.44324676692486,1281167,313,0.004453343432736151,2
whitening_jit_clean,0.75,22,4,5.405995845794678,227.44324676692486,1281167,313,0.004453343432736151,2
whitening_jit_clean,0.75,22,5,5.294365882873535,227.44324676692486,1281167,313,0.004453343432736151,2
whitening_jit_clean,0.75,22,6,5.225619792938232,227.44324676692486,1281167,313,0.004453343432736151,2
whitening_jit_clean,0.75,22,7,5.100374221801758,227.44324676692486,1281167,313,0.004453343432736151,2
whitening_jit_clean,0.75,22,8,5.071669101715088,227.44324676692486,1281167,313,0.004453343432736151,2
whitening_jit_clean,0.75,22,9,5.119169235229492,227.44324676692486,1281167,313,0.004453343432736151,2
whitening_jit_clean,0.75,22,10,5.193012237548828,227.44324676692486,1281167,313,0.004453343432736151,2
whitening_jit_clean,0.75,22,11,5.622668743133545,227.44324676692486,1281167,313,0.004453343432736151,2
whitening_jit_clean,0.75,23,1,6.33790397644043,227.3832700238563,1281167,313,0.004059872815808582,2
whitening_jit_clean,0.75,23,2,5.908389568328857,227.3832700238563,1281167,313,0.004059872815808582,2
whitening_jit_clean,0.75,23,3,5.53489875793457,227.3832700238563,1281167,313,0.004059872815808582,2
whitening_jit_clean,0.75,23,4,5.393189907073975,227.3832700238563,1281167,313,0.004059872815808582,2
whitening_jit_clean,0.75,23,5,5.283012866973877,227.3832700238563,1281167,313,0.004059872815808582,2
whitening_jit_clean,0.75,23,6,5.212390422821045,227.3832700238563,1281167,313,0.004059872815808582,2
whitening_jit_clean,0.75,23,7,5.085919380187988,227.3832700238563,1281167,313,0.004059872815808582,2
whitening_jit_clean,0.75,23,8,5.058464527130127,227.3832700238563,1281167,313,0.004059872815808582,2
whitening_jit_clean,0.75,23,9,5.107971668243408,227.3832700238563,1281167,313,0.004059872815808582,2
whitening_jit_clean,0.75,23,10,5.182542324066162,227.3832700238563,1281167,313,0.004059872815808582,2
whitening_jit_clean,0.75,23,11,5.612034320831299,227.3832700238563,1281167,313,0.004059872815808582,2
whitening_jit_clean,0.75,24,1,6.327476501464844,227.05784610891715,1281167,313,0.003672823553613561,2
whitening_jit_clean,0.75,24,2,5.896563529968262,227.05784610891715,1281167,313,0.003672823553613561,2
whitening_jit_clean,0.75,24,3,5.522182464599609,227.05784610891715,1281167,313,0.003672823553613561,2
whitening_jit_clean,0.75,24,4,5.380414009094238,227.05784610891715,1281167,313,0.003672823553613561,2
whitening_jit_clean,0.75,24,5,5.27208948135376,227.05784610891715,1281167,313,0.003672823553613561,2
whitening_jit_clean,0.75,24,6,5.19973611831665,227.05784610891715,1281167,313,0.003672823553613561,2
whitening_jit_clean,0.75,24,7,5.072330951690674,227.05784610891715,1281167,313,0.003672823553613561,2
whitening_jit_clean,0.75,24,8,5.046245574951172,227.05784610891715,1281167,313,0.003672823553613561,2
whitening_jit_clean,0.75,24,9,5.096127986907959,227.05784610891715,1281167,313,0.003672823553613561,2
whitening_jit_clean,0.75,24,10,5.170841693878174,227.05784610891715,1281167,313,0.003672823553613561,2
whitening_jit_clean,0.75,24,11,5.601623058319092,227.05784610891715,1281167,313,0.003672823553613561,2
whitening_jit_clean,0.75,25,1,6.316971302032471,227.5319708767347,1281167,313,0.0032947058091394497,2
whitening_jit_clean,0.75,25,2,5.886549472808838,227.5319708767347,1281167,313,0.0032947058091394497,2
whitening_jit_clean,0.75,25,3,5.511258602142334,227.5319708767347,1281167,313,0.0032947058091394497,2
whitening_jit_clean,0.75,25,4,5.3686933517456055,227.5319708767347,1281167,313,0.0032947058091394497,2
whitening_jit_clean,0.75,25,5,5.261037826538086,227.5319708767347,1281167,313,0.0032947058091394497,2
whitening_jit_clean,0.75,25,6,5.187305927276611,227.5319708767347,1281167,313,0.0032947058091394497,2
whitening_jit_clean,0.75,25,7,5.059535503387451,227.5319708767347,1281167,313,0.0032947058091394497,2
whitening_jit_clean,0.75,25,8,5.0359930992126465,227.5319708767347,1281167,313,0.0032947058091394497,2
whitening_jit_clean,0.75,25,9,5.08740758895874,227.5319708767347,1281167,313,0.0032947058091394497,2
whitening_jit_clean,0.75,25,10,5.162323951721191,227.5319708767347,1281167,313,0.0032947058091394497,2
whitening_jit_clean,0.75,25,11,5.5933146476745605,227.5319708767347,1281167,313,0.0032947058091394497,2
whitening_jit_clean,0.75,26,1,6.308542251586914,227.49364064913243,1281167,313,0.002927971821054881,2
whitening_jit_clean,0.75,26,2,5.87739372253418,227.49364064913243,1281167,313,0.002927971821054881,2
whitening_jit_clean,0.75,26,3,5.501275062561035,227.49364064913243,1281167,313,0.002927971821054881,2
whitening_jit_clean,0.75,26,4,5.358486652374268,227.49364064913243,1281167,313,0.002927971821054881,2
whitening_jit_clean,0.75,26,5,5.252196311950684,227.49364064913243,1281167,313,0.002927971821054881,2
whitening_jit_clean,0.75,26,6,5.175852298736572,227.49364064913243,1281167,313,0.002927971821054881,2
whitening_jit_clean,0.75,26,7,5.046428203582764,227.49364064913243,1281167,313,0.002927971821054881,2
whitening_jit_clean,0.75,26,8,5.024641513824463,227.49364064913243,1281167,313,0.002927971821054881,2
whitening_jit_clean,0.75,26,9,5.077273368835449,227.49364064913243,1281167,313,0.002927971821054881,2
whitening_jit_clean,0.75,26,10,5.153463840484619,227.49364064913243,1281167,313,0.002927971821054881,2
whitening_jit_clean,0.75,26,11,5.585042476654053,227.49364064913243,1281167,313,0.002927971821054881,2
whitening_jit_clean,0.75,27,1,6.299284934997559,227.18364981096238,1281167,313,0.0025749999999999987,2
whitening_jit_clean,0.75,27,2,5.86710786819458,227.18364981096238,1281167,313,0.0025749999999999987,2
whitening_jit_clean,0.75,27,3,5.490647792816162,227.18364981096238,1281167,313,0.0025749999999999987,2
whitening_jit_clean,0.75,27,4,5.346558570861816,227.18364981096238,1281167,313,0.0025749999999999987,2
whitening_jit_clean,0.75,27,5,5.242059230804443,227.18364981096238,1281167,313,0.0025749999999999987,2
whitening_jit_clean,0.75,27,6,5.164766788482666,227.18364981096238,1281167,313,0.0025749999999999987,2
whitening_jit_clean,0.75,27,7,5.033909797668457,227.18364981096238,1281167,313,0.0025749999999999987,2
whitening_jit_clean,0.75,27,8,5.012780666351318,227.18364981096238,1281167,313,0.0025749999999999987,2
whitening_jit_clean,0.75,27,9,5.067442893981934,227.18364981096238,1281167,313,0.0025749999999999987,2
whitening_jit_clean,0.75,27,10,5.1447649002075195,227.18364981096238,1281167,313,0.0025749999999999987,2
whitening_jit_clean,0.75,27,11,5.576841354370117,227.18364981096238,1281167,313,0.0025749999999999987,2
whitening_jit_clean,0.75,28,1,6.28857421875,227.1350277918391,1281167,313,0.0022380795036807794,2
whitening_jit_clean,0.75,28,2,5.856905937194824,227.1350277918391,1281167,313,0.0022380795036807794,2
whitening_jit_clean,0.75,28,3,5.479262828826904,227.1350277918391,1281167,313,0.0022380795036807794,2
whitening_jit_clean,0.75,28,4,5.33482551574707,227.1350277918391,1281167,313,0.0022380795036807794,2
whitening_jit_clean,0.75,28,5,5.230978488922119,227.1350277918391,1281167,313,0.0022380795036807794,2
whitening_jit_clean,0.75,28,6,5.152371883392334,227.1350277918391,1281167,313,0.0022380795036807794,2
whitening_jit_clean,0.75,28,7,5.020748138427734,227.1350277918391,1281167,313,0.0022380795036807794,2
whitening_jit_clean,0.75,28,8,5.001594543457031,227.1350277918391,1281167,313,0.0022380795036807794,2
whitening_jit_clean,0.75,28,9,5.057331085205078,227.1350277918391,1281167,313,0.0022380795036807794,2
whitening_jit_clean,0.75,28,10,5.135190963745117,227.1350277918391,1281167,313,0.0022380795036807794,2
whitening_jit_clean,0.75,28,11,5.56912088394165,227.1350277918391,1281167,313,0.0022380795036807794,2
whitening_jit_clean,0.75,29,1,6.28073787689209,227.3540352107957,1281167,313,0.0019193953908028833,2
whitening_jit_clean,0.75,29,2,5.848481178283691,227.3540352107957,1281167,313,0.0019193953908028833,2
whitening_jit_clean,0.75,29,3,5.470623970031738,227.3540352107957,1281167,313,0.0019193953908028833,2
whitening_jit_clean,0.75,29,4,5.3256096839904785,227.3540352107957,1281167,313,0.0019193953908028833,2
whitening_jit_clean,0.75,29,5,5.223546504974365,227.3540352107957,1281167,313,0.0019193953908028833,2
whitening_jit_clean,0.75,29,6,5.142693519592285,227.3540352107957,1281167,313,0.0019193953908028833,2
whitening_jit_clean,0.75,29,7,5.01077127456665,227.3540352107957,1281167,313,0.0019193953908028833,2
whitening_jit_clean,0.75,29,8,4.993549346923828,227.3540352107957,1281167,313,0.0019193953908028833,2
whitening_jit_clean,0.75,29,9,5.049774646759033,227.3540352107957,1281167,313,0.0019193953908028833,2
whitening_jit_clean,0.75,29,10,5.1270222663879395,227.3540352107957,1281167,313,0.0019193953908028833,2
whitening_jit_clean,0.75,29,11,5.561734199523926,227.3540352107957,1281167,313,0.0019193953908028833,2
whitening_jit_clean,0.75,30,1,6.271749973297119,227.10435395967215,1281167,313,0.0016210144501274833,2
whitening_jit_clean,0.75,30,2,5.839385986328125,227.10435395967215,1281167,313,0.0016210144501274833,2
whitening_jit_clean,0.75,30,3,5.460500240325928,227.10435395967215,1281167,313,0.0016210144501274833,2
whitening_jit_clean,0.75,30,4,5.315274238586426,227.10435395967215,1281167,313,0.0016210144501274833,2
whitening_jit_clean,0.75,30,5,5.214475154876709,227.10435395967215,1281167,313,0.0016210144501274833,2
whitening_jit_clean,0.75,30,6,5.13242769241333,227.10435395967215,1281167,313,0.0016210144501274833,2
whitening_jit_clean,0.75,30,7,4.999448776245117,227.10435395967215,1281167,313,0.0016210144501274833,2
whitening_jit_clean,0.75,30,8,4.983903884887695,227.10435395967215,1281167,313,0.0016210144501274833,2
whitening_jit_clean,0.75,30,9,5.041917324066162,227.10435395967215,1281167,313,0.0016210144501274833,2
whitening_jit_clean,0.75,30,10,5.119884014129639,227.10435395967215,1281167,313,0.0016210144501274833,2
whitening_jit_clean,0.75,30,11,5.554655075073242,227.10435395967215,1281167,313,0.0016210144501274833,2
whitening_jit_clean,0.75,31,1,6.264190196990967,227.6564652910456,1281167,313,0.0013448717965530508,2
whitening_jit_clean,0.75,31,2,5.831310749053955,227.6564652910456,1281167,313,0.0013448717965530508,2
whitening_jit_clean,0.75,31,3,5.452185153961182,227.6564652910456,1281167,313,0.0013448717965530508,2
whitening_jit_clean,0.75,31,4,5.30685567855835,227.6564652910456,1281167,313,0.0013448717965530508,2
whitening_jit_clean,0.75,31,5,5.206342697143555,227.6564652910456,1281167,313,0.0013448717965530508,2
whitening_jit_clean,0.75,31,6,5.123073101043701,227.6564652910456,1281167,313,0.0013448717965530508,2
whitening_jit_clean,0.75,31,7,4.989269256591797,227.6564652910456,1281167,313,0.0013448717965530508,2
whitening_jit_clean,0.75,31,8,4.975143909454346,227.6564652910456,1281167,313,0.0013448717965530508,2
whitening_jit_clean,0.75,31,9,5.033730983734131,227.6564652910456,1281167,313,0.0013448717965530508,2
whitening_jit_clean,0.75,31,10,5.112946033477783,227.6564652910456,1281167,313,0.0013448717965530508,2
whitening_jit_clean,0.75,31,11,5.54955530166626,227.6564652910456,1281167,313,0.0013448717965530508,2
whitening_jit_clean,0.75,32,1,6.25750207901001,227.56778286211193,1281167,313,0.0010927583211526703,2
whitening_jit_clean,0.75,32,2,5.824900150299072,227.56778286211193,1281167,313,0.0010927583211526703,2
whitening_jit_clean,0.75,32,3,5.445084571838379,227.56778286211193,1281167,313,0.0010927583211526703,2
whitening_jit_clean,0.75,32,4,5.299014091491699,227.56778286211193,1281167,313,0.0010927583211526703,2
whitening_jit_clean,0.75,32,5,5.19980001449585,227.56778286211193,1281167,313,0.0010927583211526703,2
whitening_jit_clean,0.75,32,6,5.115124225616455,227.56778286211193,1281167,313,0.0010927583211526703,2
whitening_jit_clean,0.75,32,7,4.9803009033203125,227.56778286211193,1281167,313,0.0010927583211526703,2
whitening_jit_clean,0.75,32,8,4.968052387237549,227.56778286211193,1281167,313,0.0010927583211526703,2
whitening_jit_clean,0.75,32,9,5.027956008911133,227.56778286211193,1281167,313,0.0010927583211526703,2
whitening_jit_clean,0.75,32,10,5.107651233673096,227.56778286211193,1281167,313,0.0010927583211526703,2
whitening_jit_clean,0.75,32,11,5.54455041885376,227.56778286211193,1281167,313,0.0010927583211526703,2
whitening_jit_clean,0.75,33,1,6.24987268447876,227.51028872700408,1281167,313,0.0008663090765582168,2
whitening_jit_clean,0.75,33,2,5.816330432891846,227.51028872700408,1281167,313,0.0008663090765582168,2
whitening_jit_clean,0.75,33,3,5.436251640319824,227.51028872700408,1281167,313,0.0008663090765582168,2
whitening_jit_clean,0.75,33,4,5.289752006530762,227.51028872700408,1281167,313,0.0008663090765582168,2
whitening_jit_clean,0.75,33,5,5.191736221313477,227.51028872700408,1281167,313,0.0008663090765582168,2
whitening_jit_clean,0.75,33,6,5.106120586395264,227.51028872700408,1281167,313,0.0008663090765582168,2
whitening_jit_clean,0.75,33,7,4.970678806304932,227.51028872700408,1281167,313,0.0008663090765582168,2
whitening_jit_clean,0.75,33,8,4.959350109100342,227.51028872700408,1281167,313,0.0008663090765582168,2
whitening_jit_clean,0.75,33,9,5.020966053009033,227.51028872700408,1281167,313,0.0008663090765582168,2
whitening_jit_clean,0.75,33,10,5.101182460784912,227.51028872700408,1281167,313,0.0008663090765582168,2
whitening_jit_clean,0.75,33,11,5.5390825271606445,227.51028872700408,1281167,313,0.0008663090765582168,2
whitening_jit_clean,0.75,34,1,6.24498987197876,227.23750218376517,1281167,313,0.0006669926730166116,2
whitening_jit_clean,0.75,34,2,5.812232971191406,227.23750218376517,1281167,313,0.0006669926730166116,2
whitening_jit_clean,0.75,34,3,5.431407928466797,227.23750218376517,1281167,313,0.0006669926730166116,2
whitening_jit_clean,0.75,34,4,5.285202980041504,227.23750218376517,1281167,313,0.0006669926730166116,2
whitening_jit_clean,0.75,34,5,5.188382148742676,227.23750218376517,1281167,313,0.0006669926730166116,2
whitening_jit_clean,0.75,34,6,5.10122013092041,227.23750218376517,1281167,313,0.0006669926730166116,2
whitening_jit_clean,0.75,34,7,4.965236186981201,227.23750218376517,1281167,313,0.0006669926730166116,2
whitening_jit_clean,0.75,34,8,4.95463752746582,227.23750218376517,1281167,313,0.0006669926730166116,2
whitening_jit_clean,0.75,34,9,5.016757488250732,227.23750218376517,1281167,313,0.0006669926730166116,2
whitening_jit_clean,0.75,34,10,5.097138404846191,227.23750218376517,1281167,313,0.0006669926730166116,2
whitening_jit_clean,0.75,34,11,5.535719394683838,227.23750218376517,1281167,313,0.0006669926730166116,2
whitening_jit_clean,0.75,35,1,6.239602565765381,227.14732867199928,1281167,313,0.0004961017538888202,2
whitening_jit_clean,0.75,35,2,5.805452346801758,227.14732867199928,1281167,313,0.0004961017538888202,2
whitening_jit_clean,0.75,35,3,5.424429893493652,227.14732867199928,1281167,313,0.0004961017538888202,2
whitening_jit_clean,0.75,35,4,5.27692985534668,227.14732867199928,1281167,313,0.0004961017538888202,2
whitening_jit_clean,0.75,35,5,5.180492401123047,227.14732867199928,1281167,313,0.0004961017538888202,2
whitening_jit_clean,0.75,35,6,5.092831611633301,227.14732867199928,1281167,313,0.0004961017538888202,2
whitening_jit_clean,0.75,35,7,4.956123352050781,227.14732867199928,1281167,313,0.0004961017538888202,2
whitening_jit_clean,0.75,35,8,4.947417736053467,227.14732867199928,1281167,313,0.0004961017538888202,2
whitening_jit_clean,0.75,35,9,5.011005401611328,227.14732867199928,1281167,313,0.0004961017538888202,2
whitening_jit_clean,0.75,35,10,5.091699600219727,227.14732867199928,1281167,313,0.0004961017538888202,2
whitening_jit_clean,0.75,35,11,5.531737327575684,227.14732867199928,1281167,313,0.0004961017538888202,2
whitening_jit_clean,0.75,36,1,6.235320568084717,226.87195588601753,1281167,313,0.00035474461236162987,2
whitening_jit_clean,0.75,36,2,5.801533222198486,226.87195588601753,1281167,313,0.00035474461236162987,2
whitening_jit_clean,0.75,36,3,5.420023441314697,226.87195588601753,1281167,313,0.00035474461236162987,2
whitening_jit_clean,0.75,36,4,5.2724809646606445,226.87195588601753,1281167,313,0.00035474461236162987,2
whitening_jit_clean,0.75,36,5,5.177292346954346,226.87195588601753,1281167,313,0.00035474461236162987,2
whitening_jit_clean,0.75,36,6,5.08773946762085,226.87195588601753,1281167,313,0.00035474461236162987,2
whitening_jit_clean,0.75,36,7,4.950419902801514,226.87195588601753,1281167,313,0.00035474461236162987,2
whitening_jit_clean,0.75,36,8,4.9422688484191895,226.87195588601753,1281167,313,0.00035474461236162987,2
whitening_jit_clean,0.75,36,9,5.006419658660889,226.87195588601753,1281167,313,0.00035474461236162987,2
whitening_jit_clean,0.75,36,10,5.08809757232666,226.87195588601753,1281167,313,0.00035474461236162987,2
whitening_jit_clean,0.75,36,11,5.5291595458984375,226.87195588601753,1281167,313,0.00035474461236162987,2
whitening_jit_clean,0.75,37,1,6.2324700355529785,226.8924426920712,1281167,313,0.00024383800374104254,2
whitening_jit_clean,0.75,37,2,5.798257350921631,226.8924426920712,1281167,313,0.00024383800374104254,2
whitening_jit_clean,0.75,37,3,5.416484832763672,226.8924426920712,1281167,313,0.00024383800374104254,2
whitening_jit_clean,0.75,37,4,5.269259452819824,226.8924426920712,1281167,313,0.00024383800374104254,2
whitening_jit_clean,0.75,37,5,5.173768997192383,226.8924426920712,1281167,313,0.00024383800374104254,2
whitening_jit_clean,0.75,37,6,5.083956241607666,226.8924426920712,1281167,313,0.00024383800374104254,2
whitening_jit_clean,0.75,37,7,4.945339679718018,226.8924426920712,1281167,313,0.00024383800374104254,2
whitening_jit_clean,0.75,37,8,4.938393592834473,226.8924426920712,1281167,313,0.00024383800374104254,2
whitening_jit_clean,0.75,37,9,5.003042697906494,226.8924426920712,1281167,313,0.00024383800374104254,2
whitening_jit_clean,0.75,37,10,5.084713459014893,226.8924426920712,1281167,313,0.00024383800374104254,2
whitening_jit_clean,0.75,37,11,5.526453495025635,226.8924426920712,1281167,313,0.00024383800374104254,2
whitening_jit_clean,0.75,38,1,6.230149269104004,227.08511968608946,1281167,313,0.00016410119994233143,2
whitening_jit_clean,0.75,38,2,5.796236515045166,227.08511968608946,1281167,313,0.00016410119994233143,2
whitening_jit_clean,0.75,38,3,5.414499282836914,227.08511968608946,1281167,313,0.00016410119994233143,2
whitening_jit_clean,0.75,38,4,5.266739368438721,227.08511968608946,1281167,313,0.00016410119994233143,2
whitening_jit_clean,0.75,38,5,5.171302318572998,227.08511968608946,1281167,313,0.00016410119994233143,2
whitening_jit_clean,0.75,38,6,5.0810227394104,227.08511968608946,1281167,313,0.00016410119994233143,2
whitening_jit_clean,0.75,38,7,4.943366527557373,227.08511968608946,1281167,313,0.00016410119994233143,2
whitening_jit_clean,0.75,38,8,4.936453342437744,227.08511968608946,1281167,313,0.00016410119994233143,2
whitening_jit_clean,0.75,38,9,5.001578330993652,227.08511968608946,1281167,313,0.00016410119994233143,2
whitening_jit_clean,0.75,38,10,5.083468914031982,227.08511968608946,1281167,313,0.00016410119994233143,2
whitening_jit_clean,0.75,38,11,5.525447368621826,227.08511968608946,1281167,313,0.00016410119994233143,2
whitening_jit_clean,0.75,39,1,6.228318214416504,227.07030582800508,1281167,313,0.00011605132473566085,2
whitening_jit_clean,0.75,39,2,5.794050216674805,227.07030582800508,1281167,313,0.00011605132473566085,2
whitening_jit_clean,0.75,39,3,5.411898612976074,227.07030582800508,1281167,313,0.00011605132473566085,2
whitening_jit_clean,0.75,39,4,5.263687610626221,227.07030582800508,1281167,313,0.00011605132473566085,2
whitening_jit_clean,0.75,39,5,5.169732570648193,227.07030582800508,1281167,313,0.00011605132473566085,2
whitening_jit_clean,0.75,39,6,5.079061508178711,227.07030582800508,1281167,313,0.00011605132473566085,2
whitening_jit_clean,0.75,39,7,4.9408369064331055,227.07030582800508,1281167,313,0.00011605132473566085,2
whitening_jit_clean,0.75,39,8,4.93452262878418,227.07030582800508,1281167,313,0.00011605132473566085,2
whitening_jit_clean,0.75,39,9,4.999958038330078,227.07030582800508,1281167,313,0.00011605132473566085,2
whitening_jit_clean,0.75,39,10,5.08181619644165,227.07030582800508,1281167,313,0.00011605132473566085,2
whitening_jit_clean,0.75,39,11,5.523632526397705,227.07030582800508,1281167,313,0.00011605132473566085,2
whitening_jit_clean,0.75,40,1,6.227282524108887,226.90629208507016,1281167,313,0.0001,2
whitening_jit_clean,0.75,40,2,5.793418884277344,226.90629208507016,1281167,313,0.0001,2
whitening_jit_clean,0.75,40,3,5.411036968231201,226.90629208507016,1281167,313,0.0001,2
whitening_jit_clean,0.75,40,4,5.263016223907471,226.90629208507016,1281167,313,0.0001,2
whitening_jit_clean,0.75,40,5,5.16981315612793,226.90629208507016,1281167,313,0.0001,2
whitening_jit_clean,0.75,40,6,5.079107284545898,226.90629208507016,1281167,313,0.0001,2
whitening_jit_clean,0.75,40,7,4.940512657165527,226.90629208507016,1281167,313,0.0001,2
whitening_jit_clean,0.75,40,8,4.934112548828125,226.90629208507016,1281167,313,0.0001,2
whitening_jit_clean,0.75,40,9,4.9995222091674805,226.90629208507016,1281167,313,0.0001,2
whitening_jit_clean,0.75,40,10,5.081766605377197,226.90629208507016,1281167,313,0.0001,2
whitening_jit_clean,0.75,40,11,5.524334907531738,226.90629208507016,1281167,313,0.0001,2
whitening_jit_velocity,0.25,1,1,6.595378398895264,248.32684396812692,1281167,313,0.01,2
whitening_jit_velocity,0.25,1,2,6.434075832366943,248.32684396812692,1281167,313,0.01,2
whitening_jit_velocity,0.25,1,3,6.405019760131836,248.32684396812692,1281167,313,0.01,2
whitening_jit_velocity,0.25,1,4,6.245054721832275,248.32684396812692,1281167,313,0.01,2
whitening_jit_velocity,0.25,1,5,6.201459884643555,248.32684396812692,1281167,313,0.01,2
whitening_jit_velocity,0.25,1,6,6.160273551940918,248.32684396812692,1281167,313,0.01,2
whitening_jit_velocity,0.25,1,7,6.160935878753662,248.32684396812692,1281167,313,0.01,2
whitening_jit_velocity,0.25,1,8,6.002599239349365,248.32684396812692,1281167,313,0.01,2
whitening_jit_velocity,0.25,1,9,5.94866418838501,248.32684396812692,1281167,313,0.01,2
whitening_jit_velocity,0.25,1,10,5.973277568817139,248.32684396812692,1281167,313,0.01,2
whitening_jit_velocity,0.25,1,11,6.219482421875,248.32684396812692,1281167,313,0.01,2
whitening_jit_velocity,0.25,2,1,6.393506050109863,234.08275930490345,1281167,313,0.00998394867526434,2
whitening_jit_velocity,0.25,2,2,6.1975932121276855,234.08275930490345,1281167,313,0.00998394867526434,2
whitening_jit_velocity,0.25,2,3,6.140382766723633,234.08275930490345,1281167,313,0.00998394867526434,2
whitening_jit_velocity,0.25,2,4,5.966296195983887,234.08275930490345,1281167,313,0.00998394867526434,2
whitening_jit_velocity,0.25,2,5,5.9049201011657715,234.08275930490345,1281167,313,0.00998394867526434,2
whitening_jit_velocity,0.25,2,6,5.868250370025635,234.08275930490345,1281167,313,0.00998394867526434,2
whitening_jit_velocity,0.25,2,7,5.854787826538086,234.08275930490345,1281167,313,0.00998394867526434,2
whitening_jit_velocity,0.25,2,8,5.698913097381592,234.08275930490345,1281167,313,0.00998394867526434,2
whitening_jit_velocity,0.25,2,9,5.655956745147705,234.08275930490345,1281167,313,0.00998394867526434,2
whitening_jit_velocity,0.25,2,10,5.666040897369385,234.08275930490345,1281167,313,0.00998394867526434,2
whitening_jit_velocity,0.25,2,11,5.875714302062988,234.08275930490345,1281167,313,0.00998394867526434,2
whitening_jit_velocity,0.25,3,1,6.3300652503967285,232.9837526921183,1281167,313,0.009935898800057668,2
whitening_jit_velocity,0.25,3,2,6.124710559844971,232.9837526921183,1281167,313,0.009935898800057668,2
whitening_jit_velocity,0.25,3,3,6.061409950256348,232.9837526921183,1281167,313,0.009935898800057668,2
whitening_jit_velocity,0.25,3,4,5.893453121185303,232.9837526921183,1281167,313,0.009935898800057668,2
whitening_jit_velocity,0.25,3,5,5.818397521972656,232.9837526921183,1281167,313,0.009935898800057668,2
whitening_jit_velocity,0.25,3,6,5.7880635261535645,232.9837526921183,1281167,313,0.009935898800057668,2
whitening_jit_velocity,0.25,3,7,5.7686028480529785,232.9837526921183,1281167,313,0.009935898800057668,2
whitening_jit_velocity,0.25,3,8,5.6231842041015625,232.9837526921183,1281167,313,0.009935898800057668,2
whitening_jit_velocity,0.25,3,9,5.582261562347412,232.9837526921183,1281167,313,0.009935898800057668,2
whitening_jit_velocity,0.25,3,10,5.587928295135498,232.9837526921183,1281167,313,0.009935898800057668,2
whitening_jit_velocity,0.25,3,11,5.7712578773498535,232.9837526921183,1281167,313,0.009935898800057668,2
whitening_jit_velocity,0.25,4,1,6.2900824546813965,233.5325815458782,1281167,313,0.009856161996258958,2
whitening_jit_velocity,0.25,4,2,6.079485893249512,233.5325815458782,1281167,313,0.009856161996258958,2
whitening_jit_velocity,0.25,4,3,6.0120849609375,233.5325815458782,1281167,313,0.009856161996258958,2
whitening_jit_velocity,0.25,4,4,5.850380897521973,233.5325815458782,1281167,313,0.009856161996258958,2
whitening_jit_velocity,0.25,4,5,5.767335414886475,233.5325815458782,1281167,313,0.009856161996258958,2
whitening_jit_velocity,0.25,4,6,5.740693092346191,233.5325815458782,1281167,313,0.009856161996258958,2
whitening_jit_velocity,0.25,4,7,5.71624755859375,233.5325815458782,1281167,313,0.009856161996258958,2
whitening_jit_velocity,0.25,4,8,5.57890510559082,233.5325815458782,1281167,313,0.009856161996258958,2
whitening_jit_velocity,0.25,4,9,5.538690567016602,233.5325815458782,1281167,313,0.009856161996258958,2
whitening_jit_velocity,0.25,4,10,5.540347099304199,233.5325815458782,1281167,313,0.009856161996258958,2
whitening_jit_velocity,0.25,4,11,5.70872163772583,233.5325815458782,1281167,313,0.009856161996258958,2
whitening_jit_velocity,0.25,5,1,6.253727436065674,234.56084547843784,1281167,313,0.00974525538763837,2
whitening_jit_velocity,0.25,5,2,6.0380473136901855,234.56084547843784,1281167,313,0.00974525538763837,2
whitening_jit_velocity,0.25,5,3,5.967813491821289,234.56084547843784,1281167,313,0.00974525538763837,2
whitening_jit_velocity,0.25,5,4,5.811505317687988,234.56084547843784,1281167,313,0.00974525538763837,2
whitening_jit_velocity,0.25,5,5,5.723942279815674,234.56084547843784,1281167,313,0.00974525538763837,2
whitening_jit_velocity,0.25,5,6,5.699531078338623,234.56084547843784,1281167,313,0.00974525538763837,2
whitening_jit_velocity,0.25,5,7,5.676219940185547,234.56084547843784,1281167,313,0.00974525538763837,2
whitening_jit_velocity,0.25,5,8,5.542907238006592,234.56084547843784,1281167,313,0.00974525538763837,2
whitening_jit_velocity,0.25,5,9,5.50209379196167,234.56084547843784,1281167,313,0.00974525538763837,2
whitening_jit_velocity,0.25,5,10,5.506230354309082,234.56084547843784,1281167,313,0.00974525538763837,2
whitening_jit_velocity,0.25,5,11,5.665391445159912,234.56084547843784,1281167,313,0.00974525538763837,2
whitening_jit_velocity,0.25,6,1,6.228853702545166,235.0916171129793,1281167,313,0.00960389824611118,2
whitening_jit_velocity,0.25,6,2,6.010802745819092,235.0916171129793,1281167,313,0.00960389824611118,2
whitening_jit_velocity,0.25,6,3,5.938175201416016,235.0916171129793,1281167,313,0.00960389824611118,2
whitening_jit_velocity,0.25,6,4,5.785828590393066,235.0916171129793,1281167,313,0.00960389824611118,2
whitening_jit_velocity,0.25,6,5,5.695169448852539,235.0916171129793,1281167,313,0.00960389824611118,2
whitening_jit_velocity,0.25,6,6,5.671706199645996,235.0916171129793,1281167,313,0.00960389824611118,2
whitening_jit_velocity,0.25,6,7,5.646214485168457,235.0916171129793,1281167,313,0.00960389824611118,2
whitening_jit_velocity,0.25,6,8,5.517240047454834,235.0916171129793,1281167,313,0.00960389824611118,2
whitening_jit_velocity,0.25,6,9,5.4773688316345215,235.0916171129793,1281167,313,0.00960389824611118,2
whitening_jit_velocity,0.25,6,10,5.479965686798096,235.0916171129793,1281167,313,0.00960389824611118,2
whitening_jit_velocity,0.25,6,11,5.631237506866455,235.0916171129793,1281167,313,0.00960389824611118,2
whitening_jit_velocity,0.25,7,1,6.207127571105957,235.9062278890051,1281167,313,0.009433007326983388,2
whitening_jit_velocity,0.25,7,2,5.986072063446045,235.9062278890051,1281167,313,0.009433007326983388,2
whitening_jit_velocity,0.25,7,3,5.911301136016846,235.9062278890051,1281167,313,0.009433007326983388,2
whitening_jit_velocity,0.25,7,4,5.763088226318359,235.9062278890051,1281167,313,0.009433007326983388,2
whitening_jit_velocity,0.25,7,5,5.670996189117432,235.9062278890051,1281167,313,0.009433007326983388,2
whitening_jit_velocity,0.25,7,6,5.648548603057861,235.9062278890051,1281167,313,0.009433007326983388,2
whitening_jit_velocity,0.25,7,7,5.621387481689453,235.9062278890051,1281167,313,0.009433007326983388,2
whitening_jit_velocity,0.25,7,8,5.496399879455566,235.9062278890051,1281167,313,0.009433007326983388,2
whitening_jit_velocity,0.25,7,9,5.456237316131592,235.9062278890051,1281167,313,0.009433007326983388,2
whitening_jit_velocity,0.25,7,10,5.457605361938477,235.9062278890051,1281167,313,0.009433007326983388,2
whitening_jit_velocity,0.25,7,11,5.603551387786865,235.9062278890051,1281167,313,0.009433007326983388,2
whitening_jit_velocity,0.25,8,1,6.187538146972656,235.5863507911563,1281167,313,0.009233690923441784,2
whitening_jit_velocity,0.25,8,2,5.965686798095703,235.5863507911563,1281167,313,0.009233690923441784,2
whitening_jit_velocity,0.25,8,3,5.889249324798584,235.5863507911563,1281167,313,0.009233690923441784,2
whitening_jit_velocity,0.25,8,4,5.743067741394043,235.5863507911563,1281167,313,0.009233690923441784,2
whitening_jit_velocity,0.25,8,5,5.64995813369751,235.5863507911563,1281167,313,0.009233690923441784,2
whitening_jit_velocity,0.25,8,6,5.627583980560303,235.5863507911563,1281167,313,0.009233690923441784,2
whitening_jit_velocity,0.25,8,7,5.598947048187256,235.5863507911563,1281167,313,0.009233690923441784,2
whitening_jit_velocity,0.25,8,8,5.476813793182373,235.5863507911563,1281167,313,0.009233690923441784,2
whitening_jit_velocity,0.25,8,9,5.43671178817749,235.5863507911563,1281167,313,0.009233690923441784,2
whitening_jit_velocity,0.25,8,10,5.439170837402344,235.5863507911563,1281167,313,0.009233690923441784,2
whitening_jit_velocity,0.25,8,11,5.579997539520264,235.5863507911563,1281167,313,0.009233690923441784,2
whitening_jit_velocity,0.25,9,1,6.167006015777588,235.50161414733157,1281167,313,0.009007241678847332,2
whitening_jit_velocity,0.25,9,2,5.9452385902404785,235.50161414733157,1281167,313,0.009007241678847332,2
whitening_jit_velocity,0.25,9,3,5.867193222045898,235.50161414733157,1281167,313,0.009007241678847332,2
whitening_jit_velocity,0.25,9,4,5.722465515136719,235.50161414733157,1281167,313,0.009007241678847332,2
whitening_jit_velocity,0.25,9,5,5.627778053283691,235.50161414733157,1281167,313,0.009007241678847332,2
whitening_jit_velocity,0.25,9,6,5.605750560760498,235.50161414733157,1281167,313,0.009007241678847332,2
whitening_jit_velocity,0.25,9,7,5.57675838470459,235.50161414733157,1281167,313,0.009007241678847332,2
whitening_jit_velocity,0.25,9,8,5.456619739532471,235.50161414733157,1281167,313,0.009007241678847332,2
whitening_jit_velocity,0.25,9,9,5.416341304779053,235.50161414733157,1281167,313,0.009007241678847332,2
whitening_jit_velocity,0.25,9,10,5.420816421508789,235.50161414733157,1281167,313,0.009007241678847332,2
whitening_jit_velocity,0.25,9,11,5.557285308837891,235.50161414733157,1281167,313,0.009007241678847332,2
whitening_jit_velocity,0.25,10,1,6.152866840362549,234.33139819093049,1281167,313,0.008755128203446951,2
whitening_jit_velocity,0.25,10,2,5.930200099945068,234.33139819093049,1281167,313,0.008755128203446951,2
whitening_jit_velocity,0.25,10,3,5.850658416748047,234.33139819093049,1281167,313,0.008755128203446951,2
whitening_jit_velocity,0.25,10,4,5.707778453826904,234.33139819093049,1281167,313,0.008755128203446951,2
whitening_jit_velocity,0.25,10,5,5.612689971923828,234.33139819093049,1281167,313,0.008755128203446951,2
whitening_jit_velocity,0.25,10,6,5.590829849243164,234.33139819093049,1281167,313,0.008755128203446951,2
whitening_jit_velocity,0.25,10,7,5.561055660247803,234.33139819093049,1281167,313,0.008755128203446951,2
whitening_jit_velocity,0.25,10,8,5.442612648010254,234.33139819093049,1281167,313,0.008755128203446951,2
whitening_jit_velocity,0.25,10,9,5.402010917663574,234.33139819093049,1281167,313,0.008755128203446951,2
whitening_jit_velocity,0.25,10,10,5.40690803527832,234.33139819093049,1281167,313,0.008755128203446951,2
whitening_jit_velocity,0.25,10,11,5.538949012756348,234.33139819093049,1281167,313,0.008755128203446951,2
whitening_jit_velocity,0.25,11,1,6.1348490715026855,233.85105241509154,1281167,313,0.008478985549872517,2
whitening_jit_velocity,0.25,11,2,5.911983489990234,233.85105241509154,1281167,313,0.008478985549872517,2
whitening_jit_velocity,0.25,11,3,5.831333160400391,233.85105241509154,1281167,313,0.008478985549872517,2
whitening_jit_velocity,0.25,11,4,5.689785957336426,233.85105241509154,1281167,313,0.008478985549872517,2
whitening_jit_velocity,0.25,11,5,5.594425201416016,233.85105241509154,1281167,313,0.008478985549872517,2
whitening_jit_velocity,0.25,11,6,5.572445392608643,233.85105241509154,1281167,313,0.008478985549872517,2
whitening_jit_velocity,0.25,11,7,5.54329252243042,233.85105241509154,1281167,313,0.008478985549872517,2
whitening_jit_velocity,0.25,11,8,5.426337242126465,233.85105241509154,1281167,313,0.008478985549872517,2
whitening_jit_velocity,0.25,11,9,5.385227680206299,233.85105241509154,1281167,313,0.008478985549872517,2
whitening_jit_velocity,0.25,11,10,5.392032146453857,233.85105241509154,1281167,313,0.008478985549872517,2
whitening_jit_velocity,0.25,11,11,5.521566390991211,233.85105241509154,1281167,313,0.008478985549872517,2
whitening_jit_velocity,0.25,12,1,6.1185622215271,234.4222815320827,1281167,313,0.008180604609197117,2
whitening_jit_velocity,0.25,12,2,5.895505428314209,234.4222815320827,1281167,313,0.008180604609197117,2
whitening_jit_velocity,0.25,12,3,5.81342887878418,234.4222815320827,1281167,313,0.008180604609197117,2
whitening_jit_velocity,0.25,12,4,5.67329216003418,234.4222815320827,1281167,313,0.008180604609197117,2
whitening_jit_velocity,0.25,12,5,5.577398777008057,234.4222815320827,1281167,313,0.008180604609197117,2
whitening_jit_velocity,0.25,12,6,5.555412769317627,234.4222815320827,1281167,313,0.008180604609197117,2
whitening_jit_velocity,0.25,12,7,5.526526927947998,234.4222815320827,1281167,313,0.008180604609197117,2
whitening_jit_velocity,0.25,12,8,5.410877704620361,234.4222815320827,1281167,313,0.008180604609197117,2
whitening_jit_velocity,0.25,12,9,5.369281768798828,234.4222815320827,1281167,313,0.008180604609197117,2
whitening_jit_velocity,0.25,12,10,5.378901958465576,234.4222815320827,1281167,313,0.008180604609197117,2
whitening_jit_velocity,0.25,12,11,5.506719589233398,234.4222815320827,1281167,313,0.008180604609197117,2
whitening_jit_velocity,0.25,13,1,6.106334686279297,234.8218105630949,1281167,313,0.007861920496319222,2
whitening_jit_velocity,0.25,13,2,5.882431507110596,234.8218105630949,1281167,313,0.007861920496319222,2
whitening_jit_velocity,0.25,13,3,5.799017429351807,234.8218105630949,1281167,313,0.007861920496319222,2
whitening_jit_velocity,0.25,13,4,5.660366058349609,234.8218105630949,1281167,313,0.007861920496319222,2
whitening_jit_velocity,0.25,13,5,5.563918590545654,234.8218105630949,1281167,313,0.007861920496319222,2
whitening_jit_velocity,0.25,13,6,5.541844367980957,234.8218105630949,1281167,313,0.007861920496319222,2
whitening_jit_velocity,0.25,13,7,5.512929916381836,234.8218105630949,1281167,313,0.007861920496319222,2
whitening_jit_velocity,0.25,13,8,5.399078845977783,234.8218105630949,1281167,313,0.007861920496319222,2
whitening_jit_velocity,0.25,13,9,5.3573899269104,234.8218105630949,1281167,313,0.007861920496319222,2
whitening_jit_velocity,0.25,13,10,5.366695880889893,234.8218105630949,1281167,313,0.007861920496319222,2
whitening_jit_velocity,0.25,13,11,5.491701602935791,234.8218105630949,1281167,313,0.007861920496319222,2
whitening_jit_velocity,0.25,14,1,6.08990478515625,234.85208088811487,1281167,313,0.007525000000000001,2
whitening_jit_velocity,0.25,14,2,5.8663010597229,234.85208088811487,1281167,313,0.007525000000000001,2
whitening_jit_velocity,0.25,14,3,5.782021522521973,234.85208088811487,1281167,313,0.007525000000000001,2
whitening_jit_velocity,0.25,14,4,5.643752098083496,234.85208088811487,1281167,313,0.007525000000000001,2
whitening_jit_velocity,0.25,14,5,5.5469970703125,234.85208088811487,1281167,313,0.007525000000000001,2
whitening_jit_velocity,0.25,14,6,5.524642467498779,234.85208088811487,1281167,313,0.007525000000000001,2
whitening_jit_velocity,0.25,14,7,5.497840404510498,234.85208088811487,1281167,313,0.007525000000000001,2
whitening_jit_velocity,0.25,14,8,5.383975982666016,234.85208088811487,1281167,313,0.007525000000000001,2
whitening_jit_velocity,0.25,14,9,5.341647148132324,234.85208088811487,1281167,313,0.007525000000000001,2
whitening_jit_velocity,0.25,14,10,5.355377674102783,234.85208088811487,1281167,313,0.007525000000000001,2
whitening_jit_velocity,0.25,14,11,5.478417873382568,234.85208088811487,1281167,313,0.007525000000000001,2
whitening_jit_velocity,0.25,15,1,6.074639797210693,234.4401627248153,1281167,313,0.007172028178945119,2
whitening_jit_velocity,0.25,15,2,5.8501386642456055,234.4401627248153,1281167,313,0.007172028178945119,2
whitening_jit_velocity,0.25,15,3,5.764748573303223,234.4401627248153,1281167,313,0.007172028178945119,2
whitening_jit_velocity,0.25,15,4,5.628068923950195,234.4401627248153,1281167,313,0.007172028178945119,2
whitening_jit_velocity,0.25,15,5,5.531531810760498,234.4401627248153,1281167,313,0.007172028178945119,2
whitening_jit_velocity,0.25,15,6,5.509079456329346,234.4401627248153,1281167,313,0.007172028178945119,2
whitening_jit_velocity,0.25,15,7,5.483511447906494,234.4401627248153,1281167,313,0.007172028178945119,2
whitening_jit_velocity,0.25,15,8,5.370384693145752,234.4401627248153,1281167,313,0.007172028178945119,2
whitening_jit_velocity,0.25,15,9,5.327841758728027,234.4401627248153,1281167,313,0.007172028178945119,2
whitening_jit_velocity,0.25,15,10,5.343758583068848,234.4401627248153,1281167,313,0.007172028178945119,2
whitening_jit_velocity,0.25,15,11,5.466222286224365,234.4401627248153,1281167,313,0.007172028178945119,2
whitening_jit_velocity,0.25,16,1,6.061804294586182,234.25912347016856,1281167,313,0.006805294190860553,2
whitening_jit_velocity,0.25,16,2,5.837899208068848,234.25912347016856,1281167,313,0.006805294190860553,2
whitening_jit_velocity,0.25,16,3,5.752130508422852,234.25912347016856,1281167,313,0.006805294190860553,2
whitening_jit_velocity,0.25,16,4,5.615321636199951,234.25912347016856,1281167,313,0.006805294190860553,2
whitening_jit_velocity,0.25,16,5,5.517873287200928,234.25912347016856,1281167,313,0.006805294190860553,2
whitening_jit_velocity,0.25,16,6,5.495523929595947,234.25912347016856,1281167,313,0.006805294190860553,2
whitening_jit_velocity,0.25,16,7,5.470534801483154,234.25912347016856,1281167,313,0.006805294190860553,2
whitening_jit_velocity,0.25,16,8,5.357507705688477,234.25912347016856,1281167,313,0.006805294190860553,2
whitening_jit_velocity,0.25,16,9,5.314822196960449,234.25912347016856,1281167,313,0.006805294190860553,2
whitening_jit_velocity,0.25,16,10,5.33381462097168,234.25912347016856,1281167,313,0.006805294190860553,2
whitening_jit_velocity,0.25,16,11,5.454449653625488,234.25912347016856,1281167,313,0.006805294190860553,2
whitening_jit_velocity,0.25,17,1,6.047721862792969,233.72000051336363,1281167,313,0.006427176446386442,2
whitening_jit_velocity,0.25,17,2,5.823148727416992,233.72000051336363,1281167,313,0.006427176446386442,2
whitening_jit_velocity,0.25,17,3,5.736419200897217,233.72000051336363,1281167,313,0.006427176446386442,2
whitening_jit_velocity,0.25,17,4,5.600995063781738,233.72000051336363,1281167,313,0.006427176446386442,2
whitening_jit_velocity,0.25,17,5,5.50345516204834,233.72000051336363,1281167,313,0.006427176446386442,2
whitening_jit_velocity,0.25,17,6,5.48069429397583,233.72000051336363,1281167,313,0.006427176446386442,2
whitening_jit_velocity,0.25,17,7,5.458005905151367,233.72000051336363,1281167,313,0.006427176446386442,2
whitening_jit_velocity,0.25,17,8,5.345037460327148,233.72000051336363,1281167,313,0.006427176446386442,2
whitening_jit_velocity,0.25,17,9,5.301806926727295,233.72000051336363,1281167,313,0.006427176446386442,2
whitening_jit_velocity,0.25,17,10,5.3244805335998535,233.72000051336363,1281167,313,0.006427176446386442,2
whitening_jit_velocity,0.25,17,11,5.444640636444092,233.72000051336363,1281167,313,0.006427176446386442,2
whitening_jit_velocity,0.25,18,1,6.035487651824951,232.12230553897098,1281167,313,0.006040127184191421,2
whitening_jit_velocity,0.25,18,2,5.810650825500488,232.12230553897098,1281167,313,0.006040127184191421,2
whitening_jit_velocity,0.25,18,3,5.723310947418213,232.12230553897098,1281167,313,0.006040127184191421,2
whitening_jit_velocity,0.25,18,4,5.588282108306885,232.12230553897098,1281167,313,0.006040127184191421,2
whitening_jit_velocity,0.25,18,5,5.490350723266602,232.12230553897098,1281167,313,0.006040127184191421,2
whitening_jit_velocity,0.25,18,6,5.467204570770264,232.12230553897098,1281167,313,0.006040127184191421,2
whitening_jit_velocity,0.25,18,7,5.4457597732543945,232.12230553897098,1281167,313,0.006040127184191421,2
whitening_jit_velocity,0.25,18,8,5.3329362869262695,232.12230553897098,1281167,313,0.006040127184191421,2
whitening_jit_velocity,0.25,18,9,5.289068222045898,232.12230553897098,1281167,313,0.006040127184191421,2
whitening_jit_velocity,0.25,18,10,5.313612461090088,232.12230553897098,1281167,313,0.006040127184191421,2
whitening_jit_velocity,0.25,18,11,5.433293342590332,232.12230553897098,1281167,313,0.006040127184191421,2
whitening_jit_velocity,0.25,19,1,6.024237632751465,233.0899268919602,1281167,313,0.0056466565672638495,2
whitening_jit_velocity,0.25,19,2,5.7995171546936035,233.0899268919602,1281167,313,0.0056466565672638495,2
whitening_jit_velocity,0.25,19,3,5.7118048667907715,233.0899268919602,1281167,313,0.0056466565672638495,2
whitening_jit_velocity,0.25,19,4,5.577108860015869,233.0899268919602,1281167,313,0.0056466565672638495,2
whitening_jit_velocity,0.25,19,5,5.479106426239014,233.0899268919602,1281167,313,0.0056466565672638495,2
whitening_jit_velocity,0.25,19,6,5.455957889556885,233.0899268919602,1281167,313,0.0056466565672638495,2
whitening_jit_velocity,0.25,19,7,5.435474872589111,233.0899268919602,1281167,313,0.0056466565672638495,2
whitening_jit_velocity,0.25,19,8,5.323045253753662,233.0899268919602,1281167,313,0.0056466565672638495,2
whitening_jit_velocity,0.25,19,9,5.278698921203613,233.0899268919602,1281167,313,0.0056466565672638495,2
whitening_jit_velocity,0.25,19,10,5.305397033691406,233.0899268919602,1281167,313,0.0056466565672638495,2
whitening_jit_velocity,0.25,19,11,5.424228668212891,233.0899268919602,1281167,313,0.0056466565672638495,2
whitening_jit_velocity,0.25,20,1,6.011226654052734,233.53595759160817,1281167,313,0.005249316403541606,2
whitening_jit_velocity,0.25,20,2,5.785384654998779,233.53595759160817,1281167,313,0.005249316403541606,2
whitening_jit_velocity,0.25,20,3,5.6967949867248535,233.53595759160817,1281167,313,0.005249316403541606,2
whitening_jit_velocity,0.25,20,4,5.5634026527404785,233.53595759160817,1281167,313,0.005249316403541606,2
whitening_jit_velocity,0.25,20,5,5.465480804443359,233.53595759160817,1281167,313,0.005249316403541606,2
whitening_jit_velocity,0.25,20,6,5.44182014465332,233.53595759160817,1281167,313,0.005249316403541606,2
whitening_jit_velocity,0.25,20,7,5.423246383666992,233.53595759160817,1281167,313,0.005249316403541606,2
whitening_jit_velocity,0.25,20,8,5.311027526855469,233.53595759160817,1281167,313,0.005249316403541606,2
whitening_jit_velocity,0.25,20,9,5.26625394821167,233.53595759160817,1281167,313,0.005249316403541606,2
whitening_jit_velocity,0.25,20,10,5.2957444190979,233.53595759160817,1281167,313,0.005249316403541606,2
whitening_jit_velocity,0.25,20,11,5.414738655090332,233.53595759160817,1281167,313,0.005249316403541606,2
whitening_jit_velocity,0.25,21,1,5.998985767364502,233.0604545357637,1281167,313,0.004850683596458396,2
whitening_jit_velocity,0.25,21,2,5.773097991943359,233.0604545357637,1281167,313,0.004850683596458396,2
whitening_jit_velocity,0.25,21,3,5.684141635894775,233.0604545357637,1281167,313,0.004850683596458396,2
whitening_jit_velocity,0.25,21,4,5.550942420959473,233.0604545357637,1281167,313,0.004850683596458396,2
whitening_jit_velocity,0.25,21,5,5.452922821044922,233.0604545357637,1281167,313,0.004850683596458396,2
whitening_jit_velocity,0.25,21,6,5.429225921630859,233.0604545357637,1281167,313,0.004850683596458396,2
whitening_jit_velocity,0.25,21,7,5.412463188171387,233.0604545357637,1281167,313,0.004850683596458396,2
whitening_jit_velocity,0.25,21,8,5.299908638000488,233.0604545357637,1281167,313,0.004850683596458396,2
whitening_jit_velocity,0.25,21,9,5.254920959472656,233.0604545357637,1281167,313,0.004850683596458396,2
whitening_jit_velocity,0.25,21,10,5.288067817687988,233.0604545357637,1281167,313,0.004850683596458396,2
whitening_jit_velocity,0.25,21,11,5.407144546508789,233.0604545357637,1281167,313,0.004850683596458396,2
whitening_jit_velocity,0.25,22,1,5.988433837890625,233.20343602495268,1281167,313,0.004453343432736151,2
whitening_jit_velocity,0.25,22,2,5.761863708496094,233.20343602495268,1281167,313,0.004453343432736151,2
whitening_jit_velocity,0.25,22,3,5.672479152679443,233.20343602495268,1281167,313,0.004453343432736151,2
whitening_jit_velocity,0.25,22,4,5.539803981781006,233.20343602495268,1281167,313,0.004453343432736151,2
whitening_jit_velocity,0.25,22,5,5.441285133361816,233.20343602495268,1281167,313,0.004453343432736151,2
whitening_jit_velocity,0.25,22,6,5.417387962341309,233.20343602495268,1281167,313,0.004453343432736151,2
whitening_jit_velocity,0.25,22,7,5.40225887298584,233.20343602495268,1281167,313,0.004453343432736151,2
whitening_jit_velocity,0.25,22,8,5.289453029632568,233.20343602495268,1281167,313,0.004453343432736151,2
whitening_jit_velocity,0.25,22,9,5.243562698364258,233.20343602495268,1281167,313,0.004453343432736151,2
whitening_jit_velocity,0.25,22,10,5.279645919799805,233.20343602495268,1281167,313,0.004453343432736151,2
whitening_jit_velocity,0.25,22,11,5.398946762084961,233.20343602495268,1281167,313,0.004453343432736151,2
whitening_jit_velocity,0.25,23,1,5.977309703826904,232.80725629162043,1281167,313,0.004059872815808582,2
whitening_jit_velocity,0.25,23,2,5.750101089477539,232.80725629162043,1281167,313,0.004059872815808582,2
whitening_jit_velocity,0.25,23,3,5.659789562225342,232.80725629162043,1281167,313,0.004059872815808582,2
whitening_jit_velocity,0.25,23,4,5.5280327796936035,232.80725629162043,1281167,313,0.004059872815808582,2
whitening_jit_velocity,0.25,23,5,5.429765701293945,232.80725629162043,1281167,313,0.004059872815808582,2
whitening_jit_velocity,0.25,23,6,5.405407428741455,232.80725629162043,1281167,313,0.004059872815808582,2
whitening_jit_velocity,0.25,23,7,5.391958236694336,232.80725629162043,1281167,313,0.004059872815808582,2
whitening_jit_velocity,0.25,23,8,5.279090881347656,232.80725629162043,1281167,313,0.004059872815808582,2
whitening_jit_velocity,0.25,23,9,5.232771396636963,232.80725629162043,1281167,313,0.004059872815808582,2
whitening_jit_velocity,0.25,23,10,5.271371841430664,232.80725629162043,1281167,313,0.004059872815808582,2
whitening_jit_velocity,0.25,23,11,5.391172885894775,232.80725629162043,1281167,313,0.004059872815808582,2
whitening_jit_velocity,0.25,24,1,5.965510845184326,232.61062620999292,1281167,313,0.003672823553613561,2
whitening_jit_velocity,0.25,24,2,5.7377119064331055,232.61062620999292,1281167,313,0.003672823553613561,2
whitening_jit_velocity,0.25,24,3,5.6468658447265625,232.61062620999292,1281167,313,0.003672823553613561,2
whitening_jit_velocity,0.25,24,4,5.515562534332275,232.61062620999292,1281167,313,0.003672823553613561,2
whitening_jit_velocity,0.25,24,5,5.416893482208252,232.61062620999292,1281167,313,0.003672823553613561,2
whitening_jit_velocity,0.25,24,6,5.392484188079834,232.61062620999292,1281167,313,0.003672823553613561,2
whitening_jit_velocity,0.25,24,7,5.381657123565674,232.61062620999292,1281167,313,0.003672823553613561,2
whitening_jit_velocity,0.25,24,8,5.2681989669799805,232.61062620999292,1281167,313,0.003672823553613561,2
whitening_jit_velocity,0.25,24,9,5.221506118774414,232.61062620999292,1281167,313,0.003672823553613561,2
whitening_jit_velocity,0.25,24,10,5.26358699798584,232.61062620999292,1281167,313,0.003672823553613561,2
whitening_jit_velocity,0.25,24,11,5.3841328620910645,232.61062620999292,1281167,313,0.003672823553613561,2
whitening_jit_velocity,0.25,25,1,5.9563164710998535,233.4457221738994,1281167,313,0.0032947058091394497,2
whitening_jit_velocity,0.25,25,2,5.728006839752197,233.4457221738994,1281167,313,0.0032947058091394497,2
whitening_jit_velocity,0.25,25,3,5.636894226074219,233.4457221738994,1281167,313,0.0032947058091394497,2
whitening_jit_velocity,0.25,25,4,5.506041049957275,233.4457221738994,1281167,313,0.0032947058091394497,2
whitening_jit_velocity,0.25,25,5,5.407323837280273,233.4457221738994,1281167,313,0.0032947058091394497,2
whitening_jit_velocity,0.25,25,6,5.383001327514648,233.4457221738994,1281167,313,0.0032947058091394497,2
whitening_jit_velocity,0.25,25,7,5.373639106750488,233.4457221738994,1281167,313,0.0032947058091394497,2
whitening_jit_velocity,0.25,25,8,5.260001182556152,233.4457221738994,1281167,313,0.0032947058091394497,2
whitening_jit_velocity,0.25,25,9,5.212967395782471,233.4457221738994,1281167,313,0.0032947058091394497,2
whitening_jit_velocity,0.25,25,10,5.256831169128418,233.4457221738994,1281167,313,0.0032947058091394497,2
whitening_jit_velocity,0.25,25,11,5.377685070037842,233.4457221738994,1281167,313,0.0032947058091394497,2
whitening_jit_velocity,0.25,26,1,5.946117877960205,234.76380015071481,1281167,313,0.002927971821054881,2
whitening_jit_velocity,0.25,26,2,5.717319488525391,234.76380015071481,1281167,313,0.002927971821054881,2
whitening_jit_velocity,0.25,26,3,5.625616073608398,234.76380015071481,1281167,313,0.002927971821054881,2
whitening_jit_velocity,0.25,26,4,5.495352745056152,234.76380015071481,1281167,313,0.002927971821054881,2
whitening_jit_velocity,0.25,26,5,5.396868705749512,234.76380015071481,1281167,313,0.002927971821054881,2
whitening_jit_velocity,0.25,26,6,5.37187385559082,234.76380015071481,1281167,313,0.002927971821054881,2
whitening_jit_velocity,0.25,26,7,5.365005970001221,234.76380015071481,1281167,313,0.002927971821054881,2
whitening_jit_velocity,0.25,26,8,5.250837802886963,234.76380015071481,1281167,313,0.002927971821054881,2
whitening_jit_velocity,0.25,26,9,5.203199863433838,234.76380015071481,1281167,313,0.002927971821054881,2
whitening_jit_velocity,0.25,26,10,5.250674724578857,234.76380015071481,1281167,313,0.002927971821054881,2
whitening_jit_velocity,0.25,26,11,5.372097969055176,234.76380015071481,1281167,313,0.002927971821054881,2
whitening_jit_velocity,0.25,27,1,5.936761379241943,232.8109471979551,1281167,313,0.0025749999999999987,2
whitening_jit_velocity,0.25,27,2,5.707277774810791,232.8109471979551,1281167,313,0.0025749999999999987,2
whitening_jit_velocity,0.25,27,3,5.615398406982422,232.8109471979551,1281167,313,0.0025749999999999987,2
whitening_jit_velocity,0.25,27,4,5.485328197479248,232.8109471979551,1281167,313,0.0025749999999999987,2
whitening_jit_velocity,0.25,27,5,5.38654899597168,232.8109471979551,1281167,313,0.0025749999999999987,2
whitening_jit_velocity,0.25,27,6,5.361518859863281,232.8109471979551,1281167,313,0.0025749999999999987,2
whitening_jit_velocity,0.25,27,7,5.356569290161133,232.8109471979551,1281167,313,0.0025749999999999987,2
whitening_jit_velocity,0.25,27,8,5.241749286651611,232.8109471979551,1281167,313,0.0025749999999999987,2
whitening_jit_velocity,0.25,27,9,5.1938910484313965,232.8109471979551,1281167,313,0.0025749999999999987,2
whitening_jit_velocity,0.25,27,10,5.243936061859131,232.8109471979551,1281167,313,0.0025749999999999987,2
whitening_jit_velocity,0.25,27,11,5.366181373596191,232.8109471979551,1281167,313,0.0025749999999999987,2
whitening_jit_velocity,0.25,28,1,5.926873683929443,232.98189765121788,1281167,313,0.0022380795036807794,2
whitening_jit_velocity,0.25,28,2,5.696461200714111,232.98189765121788,1281167,313,0.0022380795036807794,2
whitening_jit_velocity,0.25,28,3,5.604424476623535,232.98189765121788,1281167,313,0.0022380795036807794,2
whitening_jit_velocity,0.25,28,4,5.474903583526611,232.98189765121788,1281167,313,0.0022380795036807794,2
whitening_jit_velocity,0.25,28,5,5.376173973083496,232.98189765121788,1281167,313,0.0022380795036807794,2
whitening_jit_velocity,0.25,28,6,5.350922107696533,232.98189765121788,1281167,313,0.0022380795036807794,2
whitening_jit_velocity,0.25,28,7,5.348016738891602,232.98189765121788,1281167,313,0.0022380795036807794,2
whitening_jit_velocity,0.25,28,8,5.232837677001953,232.98189765121788,1281167,313,0.0022380795036807794,2
whitening_jit_velocity,0.25,28,9,5.184065818786621,232.98189765121788,1281167,313,0.0022380795036807794,2
whitening_jit_velocity,0.25,28,10,5.237611770629883,232.98189765121788,1281167,313,0.0022380795036807794,2
whitening_jit_velocity,0.25,28,11,5.3608808517456055,232.98189765121788,1281167,313,0.0022380795036807794,2
whitening_jit_velocity,0.25,29,1,5.9187164306640625,233.12142012268305,1281167,313,0.0019193953908028833,2
whitening_jit_velocity,0.25,29,2,5.688266277313232,233.12142012268305,1281167,313,0.0019193953908028833,2
whitening_jit_velocity,0.25,29,3,5.595727920532227,233.12142012268305,1281167,313,0.0019193953908028833,2
whitening_jit_velocity,0.25,29,4,5.466611862182617,233.12142012268305,1281167,313,0.0019193953908028833,2
whitening_jit_velocity,0.25,29,5,5.367686748504639,233.12142012268305,1281167,313,0.0019193953908028833,2
whitening_jit_velocity,0.25,29,6,5.341854572296143,233.12142012268305,1281167,313,0.0019193953908028833,2
whitening_jit_velocity,0.25,29,7,5.34070348739624,233.12142012268305,1281167,313,0.0019193953908028833,2
whitening_jit_velocity,0.25,29,8,5.22507381439209,233.12142012268305,1281167,313,0.0019193953908028833,2
whitening_jit_velocity,0.25,29,9,5.176056385040283,233.12142012268305,1281167,313,0.0019193953908028833,2
whitening_jit_velocity,0.25,29,10,5.231727123260498,233.12142012268305,1281167,313,0.0019193953908028833,2
whitening_jit_velocity,0.25,29,11,5.355838298797607,233.12142012268305,1281167,313,0.0019193953908028833,2
whitening_jit_velocity,0.25,30,1,5.909988880157471,234.31505438126624,1281167,313,0.0016210144501274833,2
whitening_jit_velocity,0.25,30,2,5.6784844398498535,234.31505438126624,1281167,313,0.0016210144501274833,2
whitening_jit_velocity,0.25,30,3,5.586089611053467,234.31505438126624,1281167,313,0.0016210144501274833,2
whitening_jit_velocity,0.25,30,4,5.457441329956055,234.31505438126624,1281167,313,0.0016210144501274833,2
whitening_jit_velocity,0.25,30,5,5.358309745788574,234.31505438126624,1281167,313,0.0016210144501274833,2
whitening_jit_velocity,0.25,30,6,5.332530975341797,234.31505438126624,1281167,313,0.0016210144501274833,2
whitening_jit_velocity,0.25,30,7,5.33354377746582,234.31505438126624,1281167,313,0.0016210144501274833,2
whitening_jit_velocity,0.25,30,8,5.217165470123291,234.31505438126624,1281167,313,0.0016210144501274833,2
whitening_jit_velocity,0.25,30,9,5.1681084632873535,234.31505438126624,1281167,313,0.0016210144501274833,2
whitening_jit_velocity,0.25,30,10,5.226440906524658,234.31505438126624,1281167,313,0.0016210144501274833,2
whitening_jit_velocity,0.25,30,11,5.351491451263428,234.31505438126624,1281167,313,0.0016210144501274833,2
whitening_jit_velocity,0.25,31,1,5.903354167938232,234.95944174099714,1281167,313,0.0013448717965530508,2
whitening_jit_velocity,0.25,31,2,5.671172618865967,234.95944174099714,1281167,313,0.0013448717965530508,2
whitening_jit_velocity,0.25,31,3,5.578272819519043,234.95944174099714,1281167,313,0.0013448717965530508,2
whitening_jit_velocity,0.25,31,4,5.44999361038208,234.95944174099714,1281167,313,0.0013448717965530508,2
whitening_jit_velocity,0.25,31,5,5.350854873657227,234.95944174099714,1281167,313,0.0013448717965530508,2
whitening_jit_velocity,0.25,31,6,5.324794292449951,234.95944174099714,1281167,313,0.0013448717965530508,2
whitening_jit_velocity,0.25,31,7,5.327648162841797,234.95944174099714,1281167,313,0.0013448717965530508,2
whitening_jit_velocity,0.25,31,8,5.210880279541016,234.95944174099714,1281167,313,0.0013448717965530508,2
whitening_jit_velocity,0.25,31,9,5.16133975982666,234.95944174099714,1281167,313,0.0013448717965530508,2
whitening_jit_velocity,0.25,31,10,5.221909046173096,234.95944174099714,1281167,313,0.0013448717965530508,2
whitening_jit_velocity,0.25,31,11,5.347794532775879,234.95944174099714,1281167,313,0.0013448717965530508,2
whitening_jit_velocity,0.25,32,1,5.896632671356201,236.2772923829034,1281167,313,0.0010927583211526703,2
whitening_jit_velocity,0.25,32,2,5.664267063140869,236.2772923829034,1281167,313,0.0010927583211526703,2
whitening_jit_velocity,0.25,32,3,5.571098804473877,236.2772923829034,1281167,313,0.0010927583211526703,2
whitening_jit_velocity,0.25,32,4,5.44301700592041,236.2772923829034,1281167,313,0.0010927583211526703,2
whitening_jit_velocity,0.25,32,5,5.343942642211914,236.2772923829034,1281167,313,0.0010927583211526703,2
whitening_jit_velocity,0.25,32,6,5.317774295806885,236.2772923829034,1281167,313,0.0010927583211526703,2
whitening_jit_velocity,0.25,32,7,5.321868419647217,236.2772923829034,1281167,313,0.0010927583211526703,2
whitening_jit_velocity,0.25,32,8,5.204652309417725,236.2772923829034,1281167,313,0.0010927583211526703,2
whitening_jit_velocity,0.25,32,9,5.1547675132751465,236.2772923829034,1281167,313,0.0010927583211526703,2
whitening_jit_velocity,0.25,32,10,5.217601299285889,236.2772923829034,1281167,313,0.0010927583211526703,2
whitening_jit_velocity,0.25,32,11,5.344456195831299,236.2772923829034,1281167,313,0.0010927583211526703,2
whitening_jit_velocity,0.25,33,1,5.889851093292236,234.67422352125868,1281167,313,0.0008663090765582168,2
whitening_jit_velocity,0.25,33,2,5.656921863555908,234.67422352125868,1281167,313,0.0008663090765582168,2
whitening_jit_velocity,0.25,33,3,5.563636779785156,234.67422352125868,1281167,313,0.0008663090765582168,2
whitening_jit_velocity,0.25,33,4,5.435808181762695,234.67422352125868,1281167,313,0.0008663090765582168,2
whitening_jit_velocity,0.25,33,5,5.336835861206055,234.67422352125868,1281167,313,0.0008663090765582168,2
whitening_jit_velocity,0.25,33,6,5.310406684875488,234.67422352125868,1281167,313,0.0008663090765582168,2
whitening_jit_velocity,0.25,33,7,5.316585540771484,234.67422352125868,1281167,313,0.0008663090765582168,2
whitening_jit_velocity,0.25,33,8,5.198670864105225,234.67422352125868,1281167,313,0.0008663090765582168,2
whitening_jit_velocity,0.25,33,9,5.148540496826172,234.67422352125868,1281167,313,0.0008663090765582168,2
whitening_jit_velocity,0.25,33,10,5.213578701019287,234.67422352125868,1281167,313,0.0008663090765582168,2
whitening_jit_velocity,0.25,33,11,5.341140270233154,234.67422352125868,1281167,313,0.0008663090765582168,2
whitening_jit_velocity,0.25,34,1,5.8852410316467285,235.34776776563376,1281167,313,0.0006669926730166116,2
whitening_jit_velocity,0.25,34,2,5.651605129241943,235.34776776563376,1281167,313,0.0006669926730166116,2
whitening_jit_velocity,0.25,34,3,5.558013916015625,235.34776776563376,1281167,313,0.0006669926730166116,2
whitening_jit_velocity,0.25,34,4,5.430660247802734,235.34776776563376,1281167,313,0.0006669926730166116,2
whitening_jit_velocity,0.25,34,5,5.3314032554626465,235.34776776563376,1281167,313,0.0006669926730166116,2
whitening_jit_velocity,0.25,34,6,5.304834365844727,235.34776776563376,1281167,313,0.0006669926730166116,2
whitening_jit_velocity,0.25,34,7,5.3121747970581055,235.34776776563376,1281167,313,0.0006669926730166116,2
whitening_jit_velocity,0.25,34,8,5.194004535675049,235.34776776563376,1281167,313,0.0006669926730166116,2
whitening_jit_velocity,0.25,34,9,5.143573760986328,235.34776776563376,1281167,313,0.0006669926730166116,2
whitening_jit_velocity,0.25,34,10,5.210289478302002,235.34776776563376,1281167,313,0.0006669926730166116,2
whitening_jit_velocity,0.25,34,11,5.338773250579834,235.34776776563376,1281167,313,0.0006669926730166116,2
whitening_jit_velocity,0.25,35,1,5.879693031311035,235.54483531508595,1281167,313,0.0004961017538888202,2
whitening_jit_velocity,0.25,35,2,5.645378112792969,235.54483531508595,1281167,313,0.0004961017538888202,2
whitening_jit_velocity,0.25,35,3,5.5515923500061035,235.54483531508595,1281167,313,0.0004961017538888202,2
whitening_jit_velocity,0.25,35,4,5.424595832824707,235.54483531508595,1281167,313,0.0004961017538888202,2
whitening_jit_velocity,0.25,35,5,5.325716018676758,235.54483531508595,1281167,313,0.0004961017538888202,2
whitening_jit_velocity,0.25,35,6,5.298909664154053,235.54483531508595,1281167,313,0.0004961017538888202,2
whitening_jit_velocity,0.25,35,7,5.308015823364258,235.54483531508595,1281167,313,0.0004961017538888202,2
whitening_jit_velocity,0.25,35,8,5.189306259155273,235.54483531508595,1281167,313,0.0004961017538888202,2
whitening_jit_velocity,0.25,35,9,5.138463973999023,235.54483531508595,1281167,313,0.0004961017538888202,2
whitening_jit_velocity,0.25,35,10,5.207063674926758,235.54483531508595,1281167,313,0.0004961017538888202,2
whitening_jit_velocity,0.25,35,11,5.336287975311279,235.54483531508595,1281167,313,0.0004961017538888202,2
whitening_jit_velocity,0.25,36,1,5.876260280609131,237.47668803390115,1281167,313,0.00035474461236162987,2
whitening_jit_velocity,0.25,36,2,5.641757965087891,237.47668803390115,1281167,313,0.00035474461236162987,2
whitening_jit_velocity,0.25,36,3,5.547704696655273,237.47668803390115,1281167,313,0.00035474461236162987,2
whitening_jit_velocity,0.25,36,4,5.420819282531738,237.47668803390115,1281167,313,0.00035474461236162987,2
whitening_jit_velocity,0.25,36,5,5.321640491485596,237.47668803390115,1281167,313,0.00035474461236162987,2
whitening_jit_velocity,0.25,36,6,5.2949066162109375,237.47668803390115,1281167,313,0.00035474461236162987,2
whitening_jit_velocity,0.25,36,7,5.304875373840332,237.47668803390115,1281167,313,0.00035474461236162987,2
whitening_jit_velocity,0.25,36,8,5.185944080352783,237.47668803390115,1281167,313,0.00035474461236162987,2
whitening_jit_velocity,0.25,36,9,5.134927749633789,237.47668803390115,1281167,313,0.00035474461236162987,2
whitening_jit_velocity,0.25,36,10,5.204919815063477,237.47668803390115,1281167,313,0.00035474461236162987,2
whitening_jit_velocity,0.25,36,11,5.334431171417236,237.47668803390115,1281167,313,0.00035474461236162987,2
whitening_jit_velocity,0.25,37,1,5.873387813568115,237.72400516690686,1281167,313,0.00024383800374104254,2
whitening_jit_velocity,0.25,37,2,5.638352394104004,237.72400516690686,1281167,313,0.00024383800374104254,2
whitening_jit_velocity,0.25,37,3,5.544229984283447,237.72400516690686,1281167,313,0.00024383800374104254,2
whitening_jit_velocity,0.25,37,4,5.4175591468811035,237.72400516690686,1281167,313,0.00024383800374104254,2
whitening_jit_velocity,0.25,37,5,5.318490028381348,237.72400516690686,1281167,313,0.00024383800374104254,2
whitening_jit_velocity,0.25,37,6,5.291497230529785,237.72400516690686,1281167,313,0.00024383800374104254,2
whitening_jit_velocity,0.25,37,7,5.302189826965332,237.72400516690686,1281167,313,0.00024383800374104254,2
whitening_jit_velocity,0.25,37,8,5.182912826538086,237.72400516690686,1281167,313,0.00024383800374104254,2
whitening_jit_velocity,0.25,37,9,5.131964206695557,237.72400516690686,1281167,313,0.00024383800374104254,2
whitening_jit_velocity,0.25,37,10,5.2029805183410645,237.72400516690686,1281167,313,0.00024383800374104254,2
whitening_jit_velocity,0.25,37,11,5.332940101623535,237.72400516690686,1281167,313,0.00024383800374104254,2
whitening_jit_velocity,0.25,38,1,5.870859622955322,238.1953821470961,1281167,313,0.00016410119994233143,2
whitening_jit_velocity,0.25,38,2,5.635979652404785,238.1953821470961,1281167,313,0.00016410119994233143,2
whitening_jit_velocity,0.25,38,3,5.541720867156982,238.1953821470961,1281167,313,0.00016410119994233143,2
whitening_jit_velocity,0.25,38,4,5.415143966674805,238.1953821470961,1281167,313,0.00016410119994233143,2
whitening_jit_velocity,0.25,38,5,5.315985202789307,238.1953821470961,1281167,313,0.00016410119994233143,2
whitening_jit_velocity,0.25,38,6,5.288774013519287,238.1953821470961,1281167,313,0.00016410119994233143,2
whitening_jit_velocity,0.25,38,7,5.3005690574646,238.1953821470961,1281167,313,0.00016410119994233143,2
whitening_jit_velocity,0.25,38,8,5.181090354919434,238.1953821470961,1281167,313,0.00016410119994233143,2
whitening_jit_velocity,0.25,38,9,5.129678726196289,238.1953821470961,1281167,313,0.00016410119994233143,2
whitening_jit_velocity,0.25,38,10,5.20164680480957,238.1953821470961,1281167,313,0.00016410119994233143,2
whitening_jit_velocity,0.25,38,11,5.332113265991211,238.1953821470961,1281167,313,0.00016410119994233143,2
whitening_jit_velocity,0.25,39,1,5.869393825531006,236.5307181389071,1281167,313,0.00011605132473566085,2
whitening_jit_velocity,0.25,39,2,5.634092330932617,236.5307181389071,1281167,313,0.00011605132473566085,2
whitening_jit_velocity,0.25,39,3,5.53978967666626,236.5307181389071,1281167,313,0.00011605132473566085,2
whitening_jit_velocity,0.25,39,4,5.413017272949219,236.5307181389071,1281167,313,0.00011605132473566085,2
whitening_jit_velocity,0.25,39,5,5.3140034675598145,236.5307181389071,1281167,313,0.00011605132473566085,2
whitening_jit_velocity,0.25,39,6,5.287084579467773,236.5307181389071,1281167,313,0.00011605132473566085,2
whitening_jit_velocity,0.25,39,7,5.2990922927856445,236.5307181389071,1281167,313,0.00011605132473566085,2
whitening_jit_velocity,0.25,39,8,5.17960262298584,236.5307181389071,1281167,313,0.00011605132473566085,2
whitening_jit_velocity,0.25,39,9,5.128061771392822,236.5307181389071,1281167,313,0.00011605132473566085,2
whitening_jit_velocity,0.25,39,10,5.200616836547852,236.5307181389071,1281167,313,0.00011605132473566085,2
whitening_jit_velocity,0.25,39,11,5.331447124481201,236.5307181389071,1281167,313,0.00011605132473566085,2
whitening_jit_velocity,0.25,40,1,5.868860244750977,234.97620230726898,1281167,313,0.0001,2
whitening_jit_velocity,0.25,40,2,5.633260250091553,234.97620230726898,1281167,313,0.0001,2
whitening_jit_velocity,0.25,40,3,5.539340496063232,234.97620230726898,1281167,313,0.0001,2
whitening_jit_velocity,0.25,40,4,5.412581443786621,234.97620230726898,1281167,313,0.0001,2
whitening_jit_velocity,0.25,40,5,5.313626289367676,234.97620230726898,1281167,313,0.0001,2
whitening_jit_velocity,0.25,40,6,5.286303520202637,234.97620230726898,1281167,313,0.0001,2
whitening_jit_velocity,0.25,40,7,5.298498153686523,234.97620230726898,1281167,313,0.0001,2
whitening_jit_velocity,0.25,40,8,5.179043292999268,234.97620230726898,1281167,313,0.0001,2
whitening_jit_velocity,0.25,40,9,5.127638339996338,234.97620230726898,1281167,313,0.0001,2
whitening_jit_velocity,0.25,40,10,5.200225353240967,234.97620230726898,1281167,313,0.0001,2
whitening_jit_velocity,0.25,40,11,5.331146240234375,234.97620230726898,1281167,313,0.0001,2
whitening_jit_velocity,0.5,1,1,6.6418867111206055,240.81384551292285,1281167,313,0.01,2
whitening_jit_velocity,0.5,1,2,6.4795098304748535,240.81384551292285,1281167,313,0.01,2
whitening_jit_velocity,0.5,1,3,6.414802074432373,240.81384551292285,1281167,313,0.01,2
whitening_jit_velocity,0.5,1,4,6.2749409675598145,240.81384551292285,1281167,313,0.01,2
whitening_jit_velocity,0.5,1,5,6.182794094085693,240.81384551292285,1281167,313,0.01,2
whitening_jit_velocity,0.5,1,6,6.107851505279541,240.81384551292285,1281167,313,0.01,2
whitening_jit_velocity,0.5,1,7,6.096122741699219,240.81384551292285,1281167,313,0.01,2
whitening_jit_velocity,0.5,1,8,6.019465923309326,240.81384551292285,1281167,313,0.01,2
whitening_jit_velocity,0.5,1,9,5.892060279846191,240.81384551292285,1281167,313,0.01,2
whitening_jit_velocity,0.5,1,10,5.917531490325928,240.81384551292285,1281167,313,0.01,2
whitening_jit_velocity,0.5,1,11,6.1463799476623535,240.81384551292285,1281167,313,0.01,2
whitening_jit_velocity,0.5,2,1,6.46933126449585,226.31372463796288,1281167,313,0.00998394867526434,2
whitening_jit_velocity,0.5,2,2,6.272164821624756,226.31372463796288,1281167,313,0.00998394867526434,2
whitening_jit_velocity,0.5,2,3,6.186696529388428,226.31372463796288,1281167,313,0.00998394867526434,2
whitening_jit_velocity,0.5,2,4,6.010577201843262,226.31372463796288,1281167,313,0.00998394867526434,2
whitening_jit_velocity,0.5,2,5,5.921586990356445,226.31372463796288,1281167,313,0.00998394867526434,2
whitening_jit_velocity,0.5,2,6,5.848389148712158,226.31372463796288,1281167,313,0.00998394867526434,2
whitening_jit_velocity,0.5,2,7,5.7960991859436035,226.31372463796288,1281167,313,0.00998394867526434,2
whitening_jit_velocity,0.5,2,8,5.720226287841797,226.31372463796288,1281167,313,0.00998394867526434,2
whitening_jit_velocity,0.5,2,9,5.621885299682617,226.31372463796288,1281167,313,0.00998394867526434,2
whitening_jit_velocity,0.5,2,10,5.623827934265137,226.31372463796288,1281167,313,0.00998394867526434,2
whitening_jit_velocity,0.5,2,11,5.811405181884766,226.31372463796288,1281167,313,0.00998394867526434,2
whitening_jit_velocity,0.5,3,1,6.4189677238464355,226.34942862112075,1281167,313,0.009935898800057668,2
whitening_jit_velocity,0.5,3,2,6.212713241577148,226.34942862112075,1281167,313,0.009935898800057668,2
whitening_jit_velocity,0.5,3,3,6.124454975128174,226.34942862112075,1281167,313,0.009935898800057668,2
whitening_jit_velocity,0.5,3,4,5.950804710388184,226.34942862112075,1281167,313,0.009935898800057668,2
whitening_jit_velocity,0.5,3,5,5.855742931365967,226.34942862112075,1281167,313,0.009935898800057668,2
whitening_jit_velocity,0.5,3,6,5.787011623382568,226.34942862112075,1281167,313,0.009935898800057668,2
whitening_jit_velocity,0.5,3,7,5.721930503845215,226.34942862112075,1281167,313,0.009935898800057668,2
whitening_jit_velocity,0.5,3,8,5.649419784545898,226.34942862112075,1281167,313,0.009935898800057668,2
whitening_jit_velocity,0.5,3,9,5.557943344116211,226.34942862112075,1281167,313,0.009935898800057668,2
whitening_jit_velocity,0.5,3,10,5.5543389320373535,226.34942862112075,1281167,313,0.009935898800057668,2
whitening_jit_velocity,0.5,3,11,5.721948146820068,226.34942862112075,1281167,313,0.009935898800057668,2
whitening_jit_velocity,0.5,4,1,6.3888678550720215,226.11881268396974,1281167,313,0.009856161996258958,2
whitening_jit_velocity,0.5,4,2,6.176965236663818,226.11881268396974,1281167,313,0.009856161996258958,2
whitening_jit_velocity,0.5,4,3,6.085513591766357,226.11881268396974,1281167,313,0.009856161996258958,2
whitening_jit_velocity,0.5,4,4,5.917111873626709,226.11881268396974,1281167,313,0.009856161996258958,2
whitening_jit_velocity,0.5,4,5,5.8164825439453125,226.11881268396974,1281167,313,0.009856161996258958,2
whitening_jit_velocity,0.5,4,6,5.7506022453308105,226.11881268396974,1281167,313,0.009856161996258958,2
whitening_jit_velocity,0.5,4,7,5.677951335906982,226.11881268396974,1281167,313,0.009856161996258958,2
whitening_jit_velocity,0.5,4,8,5.609343528747559,226.11881268396974,1281167,313,0.009856161996258958,2
whitening_jit_velocity,0.5,4,9,5.522150039672852,226.11881268396974,1281167,313,0.009856161996258958,2
whitening_jit_velocity,0.5,4,10,5.512889385223389,226.11881268396974,1281167,313,0.009856161996258958,2
whitening_jit_velocity,0.5,4,11,5.6686506271362305,226.11881268396974,1281167,313,0.009856161996258958,2
whitening_jit_velocity,0.5,5,1,6.359549522399902,226.48394597368315,1281167,313,0.00974525538763837,2
whitening_jit_velocity,0.5,5,2,6.142864227294922,226.48394597368315,1281167,313,0.00974525538763837,2
whitening_jit_velocity,0.5,5,3,6.048246383666992,226.48394597368315,1281167,313,0.00974525538763837,2
whitening_jit_velocity,0.5,5,4,5.885009765625,226.48394597368315,1281167,313,0.00974525538763837,2
whitening_jit_velocity,0.5,5,5,5.78080940246582,226.48394597368315,1281167,313,0.00974525538763837,2
whitening_jit_velocity,0.5,5,6,5.7177629470825195,226.48394597368315,1281167,313,0.00974525538763837,2
whitening_jit_velocity,0.5,5,7,5.644281387329102,226.48394597368315,1281167,313,0.00974525538763837,2
whitening_jit_velocity,0.5,5,8,5.576794624328613,226.48394597368315,1281167,313,0.00974525538763837,2
whitening_jit_velocity,0.5,5,9,5.491710662841797,226.48394597368315,1281167,313,0.00974525538763837,2
whitening_jit_velocity,0.5,5,10,5.4839982986450195,226.48394597368315,1281167,313,0.00974525538763837,2
whitening_jit_velocity,0.5,5,11,5.6324872970581055,226.48394597368315,1281167,313,0.00974525538763837,2
whitening_jit_velocity,0.5,6,1,6.34161901473999,226.13492426695302,1281167,313,0.00960389824611118,2
whitening_jit_velocity,0.5,6,2,6.122021675109863,226.13492426695302,1281167,313,0.00960389824611118,2
whitening_jit_velocity,0.5,6,3,6.024535179138184,226.13492426695302,1281167,313,0.00960389824611118,2
whitening_jit_velocity,0.5,6,4,5.8651299476623535,226.13492426695302,1281167,313,0.00960389824611118,2
whitening_jit_velocity,0.5,6,5,5.758188247680664,226.13492426695302,1281167,313,0.00960389824611118,2
whitening_jit_velocity,0.5,6,6,5.696476459503174,226.13492426695302,1281167,313,0.00960389824611118,2
whitening_jit_velocity,0.5,6,7,5.619654655456543,226.13492426695302,1281167,313,0.00960389824611118,2
whitening_jit_velocity,0.5,6,8,5.554720878601074,226.13492426695302,1281167,313,0.00960389824611118,2
whitening_jit_velocity,0.5,6,9,5.472011566162109,226.13492426695302,1281167,313,0.00960389824611118,2
whitening_jit_velocity,0.5,6,10,5.461867332458496,226.13492426695302,1281167,313,0.00960389824611118,2
whitening_jit_velocity,0.5,6,11,5.604093074798584,226.13492426695302,1281167,313,0.00960389824611118,2
whitening_jit_velocity,0.5,7,1,6.324772357940674,226.32736602937803,1281167,313,0.009433007326983388,2
whitening_jit_velocity,0.5,7,2,6.102487087249756,226.32736602937803,1281167,313,0.009433007326983388,2
whitening_jit_velocity,0.5,7,3,6.002946376800537,226.32736602937803,1281167,313,0.009433007326983388,2
whitening_jit_velocity,0.5,7,4,5.846687316894531,226.32736602937803,1281167,313,0.009433007326983388,2
whitening_jit_velocity,0.5,7,5,5.738063812255859,226.32736602937803,1281167,313,0.009433007326983388,2
whitening_jit_velocity,0.5,7,6,5.678284168243408,226.32736602937803,1281167,313,0.009433007326983388,2
whitening_jit_velocity,0.5,7,7,5.600430488586426,226.32736602937803,1281167,313,0.009433007326983388,2
whitening_jit_velocity,0.5,7,8,5.537456035614014,226.32736602937803,1281167,313,0.009433007326983388,2
whitening_jit_velocity,0.5,7,9,5.455652236938477,226.32736602937803,1281167,313,0.009433007326983388,2
whitening_jit_velocity,0.5,7,10,5.443681240081787,226.32736602937803,1281167,313,0.009433007326983388,2
whitening_jit_velocity,0.5,7,11,5.581652641296387,226.32736602937803,1281167,313,0.009433007326983388,2
whitening_jit_velocity,0.5,8,1,6.310145854949951,226.64570878632367,1281167,313,0.009233690923441784,2
whitening_jit_velocity,0.5,8,2,6.0860185623168945,226.64570878632367,1281167,313,0.009233690923441784,2
whitening_jit_velocity,0.5,8,3,5.98445463180542,226.64570878632367,1281167,313,0.009233690923441784,2
whitening_jit_velocity,0.5,8,4,5.830793380737305,226.64570878632367,1281167,313,0.009233690923441784,2
whitening_jit_velocity,0.5,8,5,5.7209296226501465,226.64570878632367,1281167,313,0.009233690923441784,2
whitening_jit_velocity,0.5,8,6,5.661477088928223,226.64570878632367,1281167,313,0.009233690923441784,2
whitening_jit_velocity,0.5,8,7,5.582132339477539,226.64570878632367,1281167,313,0.009233690923441784,2
whitening_jit_velocity,0.5,8,8,5.520644187927246,226.64570878632367,1281167,313,0.009233690923441784,2
whitening_jit_velocity,0.5,8,9,5.439817905426025,226.64570878632367,1281167,313,0.009233690923441784,2
whitening_jit_velocity,0.5,8,10,5.427872180938721,226.64570878632367,1281167,313,0.009233690923441784,2
whitening_jit_velocity,0.5,8,11,5.562169075012207,226.64570878632367,1281167,313,0.009233690923441784,2
whitening_jit_velocity,0.5,9,1,6.294571876525879,226.42007708828896,1281167,313,0.009007241678847332,2
whitening_jit_velocity,0.5,9,2,6.070249080657959,226.42007708828896,1281167,313,0.009007241678847332,2
whitening_jit_velocity,0.5,9,3,5.967130661010742,226.42007708828896,1281167,313,0.009007241678847332,2
whitening_jit_velocity,0.5,9,4,5.814808368682861,226.42007708828896,1281167,313,0.009007241678847332,2
whitening_jit_velocity,0.5,9,5,5.703273773193359,226.42007708828896,1281167,313,0.009007241678847332,2
whitening_jit_velocity,0.5,9,6,5.644596099853516,226.42007708828896,1281167,313,0.009007241678847332,2
whitening_jit_velocity,0.5,9,7,5.563823223114014,226.42007708828896,1281167,313,0.009007241678847332,2
whitening_jit_velocity,0.5,9,8,5.502699375152588,226.42007708828896,1281167,313,0.009007241678847332,2
whitening_jit_velocity,0.5,9,9,5.422677040100098,226.42007708828896,1281167,313,0.009007241678847332,2
whitening_jit_velocity,0.5,9,10,5.41272497177124,226.42007708828896,1281167,313,0.009007241678847332,2
whitening_jit_velocity,0.5,9,11,5.543665885925293,226.42007708828896,1281167,313,0.009007241678847332,2
whitening_jit_velocity,0.5,10,1,6.283858299255371,226.4082254199311,1281167,313,0.008755128203446951,2
whitening_jit_velocity,0.5,10,2,6.0578484535217285,226.4082254199311,1281167,313,0.008755128203446951,2
whitening_jit_velocity,0.5,10,3,5.953372001647949,226.4082254199311,1281167,313,0.008755128203446951,2
whitening_jit_velocity,0.5,10,4,5.80293083190918,226.4082254199311,1281167,313,0.008755128203446951,2
whitening_jit_velocity,0.5,10,5,5.690657615661621,226.4082254199311,1281167,313,0.008755128203446951,2
whitening_jit_velocity,0.5,10,6,5.632628440856934,226.4082254199311,1281167,313,0.008755128203446951,2
whitening_jit_velocity,0.5,10,7,5.551823616027832,226.4082254199311,1281167,313,0.008755128203446951,2
whitening_jit_velocity,0.5,10,8,5.491328239440918,226.4082254199311,1281167,313,0.008755128203446951,2
whitening_jit_velocity,0.5,10,9,5.411348342895508,226.4082254199311,1281167,313,0.008755128203446951,2
whitening_jit_velocity,0.5,10,10,5.401022434234619,226.4082254199311,1281167,313,0.008755128203446951,2
whitening_jit_velocity,0.5,10,11,5.529018402099609,226.4082254199311,1281167,313,0.008755128203446951,2
whitening_jit_velocity,0.5,11,1,6.2691650390625,226.19373870175332,1281167,313,0.008478985549872517,2
whitening_jit_velocity,0.5,11,2,6.042884349822998,226.19373870175332,1281167,313,0.008478985549872517,2
whitening_jit_velocity,0.5,11,3,5.937501907348633,226.19373870175332,1281167,313,0.008478985549872517,2
whitening_jit_velocity,0.5,11,4,5.787792682647705,226.19373870175332,1281167,313,0.008478985549872517,2
whitening_jit_velocity,0.5,11,5,5.674870491027832,226.19373870175332,1281167,313,0.008478985549872517,2
whitening_jit_velocity,0.5,11,6,5.617216110229492,226.19373870175332,1281167,313,0.008478985549872517,2
whitening_jit_velocity,0.5,11,7,5.537003993988037,226.19373870175332,1281167,313,0.008478985549872517,2
whitening_jit_velocity,0.5,11,8,5.477474212646484,226.19373870175332,1281167,313,0.008478985549872517,2
whitening_jit_velocity,0.5,11,9,5.397771835327148,226.19373870175332,1281167,313,0.008478985549872517,2
whitening_jit_velocity,0.5,11,10,5.3887457847595215,226.19373870175332,1281167,313,0.008478985549872517,2
whitening_jit_velocity,0.5,11,11,5.514787673950195,226.19373870175332,1281167,313,0.008478985549872517,2
whitening_jit_velocity,0.5,12,1,6.255875110626221,226.24271102063358,1281167,313,0.008180604609197117,2
whitening_jit_velocity,0.5,12,2,6.028668403625488,226.24271102063358,1281167,313,0.008180604609197117,2
whitening_jit_velocity,0.5,12,3,5.9217400550842285,226.24271102063358,1281167,313,0.008180604609197117,2
whitening_jit_velocity,0.5,12,4,5.773850440979004,226.24271102063358,1281167,313,0.008180604609197117,2
whitening_jit_velocity,0.5,12,5,5.660293102264404,226.24271102063358,1281167,313,0.008180604609197117,2
whitening_jit_velocity,0.5,12,6,5.603043556213379,226.24271102063358,1281167,313,0.008180604609197117,2
whitening_jit_velocity,0.5,12,7,5.523193836212158,226.24271102063358,1281167,313,0.008180604609197117,2
whitening_jit_velocity,0.5,12,8,5.464081287384033,226.24271102063358,1281167,313,0.008180604609197117,2
whitening_jit_velocity,0.5,12,9,5.3841986656188965,226.24271102063358,1281167,313,0.008180604609197117,2
whitening_jit_velocity,0.5,12,10,5.377771854400635,226.24271102063358,1281167,313,0.008180604609197117,2
whitening_jit_velocity,0.5,12,11,5.503066062927246,226.24271102063358,1281167,313,0.008180604609197117,2
whitening_jit_velocity,0.5,13,1,6.245853900909424,226.18528051814064,1281167,313,0.007861920496319222,2
whitening_jit_velocity,0.5,13,2,6.017370700836182,226.18528051814064,1281167,313,0.007861920496319222,2
whitening_jit_velocity,0.5,13,3,5.90894889831543,226.18528051814064,1281167,313,0.007861920496319222,2
whitening_jit_velocity,0.5,13,4,5.7622270584106445,226.18528051814064,1281167,313,0.007861920496319222,2
whitening_jit_velocity,0.5,13,5,5.648200988769531,226.18528051814064,1281167,313,0.007861920496319222,2
whitening_jit_velocity,0.5,13,6,5.591520309448242,226.18528051814064,1281167,313,0.007861920496319222,2
whitening_jit_velocity,0.5,13,7,5.5122389793396,226.18528051814064,1281167,313,0.007861920496319222,2
whitening_jit_velocity,0.5,13,8,5.453860282897949,226.18528051814064,1281167,313,0.007861920496319222,2
whitening_jit_velocity,0.5,13,9,5.374065399169922,226.18528051814064,1281167,313,0.007861920496319222,2
whitening_jit_velocity,0.5,13,10,5.367254257202148,226.18528051814064,1281167,313,0.007861920496319222,2
whitening_jit_velocity,0.5,13,11,5.490579128265381,226.18528051814064,1281167,313,0.007861920496319222,2
whitening_jit_velocity,0.5,14,1,6.23198127746582,226.3228652519174,1281167,313,0.007525000000000001,2
whitening_jit_velocity,0.5,14,2,6.0036139488220215,226.3228652519174,1281167,313,0.007525000000000001,2
whitening_jit_velocity,0.5,14,3,5.894625186920166,226.3228652519174,1281167,313,0.007525000000000001,2
whitening_jit_velocity,0.5,14,4,5.748337745666504,226.3228652519174,1281167,313,0.007525000000000001,2
whitening_jit_velocity,0.5,14,5,5.633763313293457,226.3228652519174,1281167,313,0.007525000000000001,2
whitening_jit_velocity,0.5,14,6,5.576944351196289,226.3228652519174,1281167,313,0.007525000000000001,2
whitening_jit_velocity,0.5,14,7,5.499308109283447,226.3228652519174,1281167,313,0.007525000000000001,2
whitening_jit_velocity,0.5,14,8,5.440484046936035,226.3228652519174,1281167,313,0.007525000000000001,2
whitening_jit_velocity,0.5,14,9,5.360456466674805,226.3228652519174,1281167,313,0.007525000000000001,2
whitening_jit_velocity,0.5,14,10,5.3578057289123535,226.3228652519174,1281167,313,0.007525000000000001,2
whitening_jit_velocity,0.5,14,11,5.4797258377075195,226.3228652519174,1281167,313,0.007525000000000001,2
whitening_jit_velocity,0.5,15,1,6.218590259552002,226.3099117851816,1281167,313,0.007172028178945119,2
whitening_jit_velocity,0.5,15,2,5.989258766174316,226.3099117851816,1281167,313,0.007172028178945119,2
whitening_jit_velocity,0.5,15,3,5.878985404968262,226.3099117851816,1281167,313,0.007172028178945119,2
whitening_jit_velocity,0.5,15,4,5.733915328979492,226.3099117851816,1281167,313,0.007172028178945119,2
whitening_jit_velocity,0.5,15,5,5.619021415710449,226.3099117851816,1281167,313,0.007172028178945119,2
whitening_jit_velocity,0.5,15,6,5.5625996589660645,226.3099117851816,1281167,313,0.007172028178945119,2
whitening_jit_velocity,0.5,15,7,5.487236022949219,226.3099117851816,1281167,313,0.007172028178945119,2
whitening_jit_velocity,0.5,15,8,5.428469657897949,226.3099117851816,1281167,313,0.007172028178945119,2
whitening_jit_velocity,0.5,15,9,5.347896575927734,226.3099117851816,1281167,313,0.007172028178945119,2
whitening_jit_velocity,0.5,15,10,5.347687721252441,226.3099117851816,1281167,313,0.007172028178945119,2
whitening_jit_velocity,0.5,15,11,5.469778060913086,226.3099117851816,1281167,313,0.007172028178945119,2
whitening_jit_velocity,0.5,16,1,6.20774507522583,226.48734055878595,1281167,313,0.006805294190860553,2
whitening_jit_velocity,0.5,16,2,5.978658199310303,226.48734055878595,1281167,313,0.006805294190860553,2
whitening_jit_velocity,0.5,16,3,5.868603706359863,226.48734055878595,1281167,313,0.006805294190860553,2
whitening_jit_velocity,0.5,16,4,5.723379611968994,226.48734055878595,1281167,313,0.006805294190860553,2
whitening_jit_velocity,0.5,16,5,5.608120441436768,226.48734055878595,1281167,313,0.006805294190860553,2
whitening_jit_velocity,0.5,16,6,5.551710605621338,226.48734055878595,1281167,313,0.006805294190860553,2
whitening_jit_velocity,0.5,16,7,5.47599458694458,226.48734055878595,1281167,313,0.006805294190860553,2
whitening_jit_velocity,0.5,16,8,5.416906833648682,226.48734055878595,1281167,313,0.006805294190860553,2
whitening_jit_velocity,0.5,16,9,5.336399555206299,226.48734055878595,1281167,313,0.006805294190860553,2
whitening_jit_velocity,0.5,16,10,5.339064121246338,226.48734055878595,1281167,313,0.006805294190860553,2
whitening_jit_velocity,0.5,16,11,5.460014820098877,226.48734055878595,1281167,313,0.006805294190860553,2
whitening_jit_velocity,0.5,17,1,6.19507360458374,227.2112942012027,1281167,313,0.006427176446386442,2
whitening_jit_velocity,0.5,17,2,5.965084075927734,227.2112942012027,1281167,313,0.006427176446386442,2
whitening_jit_velocity,0.5,17,3,5.853859901428223,227.2112942012027,1281167,313,0.006427176446386442,2
whitening_jit_velocity,0.5,17,4,5.710169792175293,227.2112942012027,1281167,313,0.006427176446386442,2
whitening_jit_velocity,0.5,17,5,5.594529628753662,227.2112942012027,1281167,313,0.006427176446386442,2
whitening_jit_velocity,0.5,17,6,5.537835121154785,227.2112942012027,1281167,313,0.006427176446386442,2
whitening_jit_velocity,0.5,17,7,5.465168476104736,227.2112942012027,1281167,313,0.006427176446386442,2
whitening_jit_velocity,0.5,17,8,5.4060211181640625,227.2112942012027,1281167,313,0.006427176446386442,2
whitening_jit_velocity,0.5,17,9,5.325101852416992,227.2112942012027,1281167,313,0.006427176446386442,2
whitening_jit_velocity,0.5,17,10,5.3313374519348145,227.2112942012027,1281167,313,0.006427176446386442,2
whitening_jit_velocity,0.5,17,11,5.451993465423584,227.2112942012027,1281167,313,0.006427176446386442,2
whitening_jit_velocity,0.5,18,1,6.184918403625488,227.50406302371994,1281167,313,0.006040127184191421,2
whitening_jit_velocity,0.5,18,2,5.954491138458252,227.50406302371994,1281167,313,0.006040127184191421,2
whitening_jit_velocity,0.5,18,3,5.842250823974609,227.50406302371994,1281167,313,0.006040127184191421,2
whitening_jit_velocity,0.5,18,4,5.698734760284424,227.50406302371994,1281167,313,0.006040127184191421,2
whitening_jit_velocity,0.5,18,5,5.582881927490234,227.50406302371994,1281167,313,0.006040127184191421,2
whitening_jit_velocity,0.5,18,6,5.526166915893555,227.50406302371994,1281167,313,0.006040127184191421,2
whitening_jit_velocity,0.5,18,7,5.4544806480407715,227.50406302371994,1281167,313,0.006040127184191421,2
whitening_jit_velocity,0.5,18,8,5.39491081237793,227.50406302371994,1281167,313,0.006040127184191421,2
whitening_jit_velocity,0.5,18,9,5.313319683074951,227.50406302371994,1281167,313,0.006040127184191421,2
whitening_jit_velocity,0.5,18,10,5.32119607925415,227.50406302371994,1281167,313,0.006040127184191421,2
whitening_jit_velocity,0.5,18,11,5.442023277282715,227.50406302371994,1281167,313,0.006040127184191421,2
whitening_jit_velocity,0.5,19,1,6.175090312957764,226.34580842591822,1281167,313,0.0056466565672638495,2
whitening_jit_velocity,0.5,19,2,5.944336891174316,226.34580842591822,1281167,313,0.0056466565672638495,2
whitening_jit_velocity,0.5,19,3,5.831920146942139,226.34580842591822,1281167,313,0.0056466565672638495,2
whitening_jit_velocity,0.5,19,4,5.688876628875732,226.34580842591822,1281167,313,0.0056466565672638495,2
whitening_jit_velocity,0.5,19,5,5.572505474090576,226.34580842591822,1281167,313,0.0056466565672638495,2
whitening_jit_velocity,0.5,19,6,5.516355514526367,226.34580842591822,1281167,313,0.0056466565672638495,2
whitening_jit_velocity,0.5,19,7,5.445575714111328,226.34580842591822,1281167,313,0.0056466565672638495,2
whitening_jit_velocity,0.5,19,8,5.3863525390625,226.34580842591822,1281167,313,0.0056466565672638495,2
whitening_jit_velocity,0.5,19,9,5.30436372756958,226.34580842591822,1281167,313,0.0056466565672638495,2
whitening_jit_velocity,0.5,19,10,5.314293384552002,226.34580842591822,1281167,313,0.0056466565672638495,2
whitening_jit_velocity,0.5,19,11,5.434558391571045,226.34580842591822,1281167,313,0.0056466565672638495,2
whitening_jit_velocity,0.5,20,1,6.16249942779541,226.40636463696137,1281167,313,0.005249316403541606,2
whitening_jit_velocity,0.5,20,2,5.930910587310791,226.40636463696137,1281167,313,0.005249316403541606,2
whitening_jit_velocity,0.5,20,3,5.8174638748168945,226.40636463696137,1281167,313,0.005249316403541606,2
whitening_jit_velocity,0.5,20,4,5.675201416015625,226.40636463696137,1281167,313,0.005249316403541606,2
whitening_jit_velocity,0.5,20,5,5.5590128898620605,226.40636463696137,1281167,313,0.005249316403541606,2
whitening_jit_velocity,0.5,20,6,5.502570629119873,226.40636463696137,1281167,313,0.005249316403541606,2
whitening_jit_velocity,0.5,20,7,5.4346089363098145,226.40636463696137,1281167,313,0.005249316403541606,2
whitening_jit_velocity,0.5,20,8,5.3753180503845215,226.40636463696137,1281167,313,0.005249316403541606,2
whitening_jit_velocity,0.5,20,9,5.292938232421875,226.40636463696137,1281167,313,0.005249316403541606,2
whitening_jit_velocity,0.5,20,10,5.305983543395996,226.40636463696137,1281167,313,0.005249316403541606,2
whitening_jit_velocity,0.5,20,11,5.4266133308410645,226.40636463696137,1281167,313,0.005249316403541606,2
whitening_jit_velocity,0.5,21,1,6.151559352874756,226.22766385506839,1281167,313,0.004850683596458396,2
whitening_jit_velocity,0.5,21,2,5.919327259063721,226.22766385506839,1281167,313,0.004850683596458396,2
whitening_jit_velocity,0.5,21,3,5.805718421936035,226.22766385506839,1281167,313,0.004850683596458396,2
whitening_jit_velocity,0.5,21,4,5.663508892059326,226.22766385506839,1281167,313,0.004850683596458396,2
whitening_jit_velocity,0.5,21,5,5.547135829925537,226.22766385506839,1281167,313,0.004850683596458396,2
whitening_jit_velocity,0.5,21,6,5.490614891052246,226.22766385506839,1281167,313,0.004850683596458396,2
whitening_jit_velocity,0.5,21,7,5.424836158752441,226.22766385506839,1281167,313,0.004850683596458396,2
whitening_jit_velocity,0.5,21,8,5.364941596984863,226.22766385506839,1281167,313,0.004850683596458396,2
whitening_jit_velocity,0.5,21,9,5.282144069671631,226.22766385506839,1281167,313,0.004850683596458396,2
whitening_jit_velocity,0.5,21,10,5.298852443695068,226.22766385506839,1281167,313,0.004850683596458396,2
whitening_jit_velocity,0.5,21,11,5.420155048370361,226.22766385506839,1281167,313,0.004850683596458396,2
whitening_jit_velocity,0.5,22,1,6.142035961151123,226.176110540051,1281167,313,0.004453343432736151,2
whitening_jit_velocity,0.5,22,2,5.909281253814697,226.176110540051,1281167,313,0.004453343432736151,2
whitening_jit_velocity,0.5,22,3,5.795206069946289,226.176110540051,1281167,313,0.004453343432736151,2
whitening_jit_velocity,0.5,22,4,5.65363073348999,226.176110540051,1281167,313,0.004453343432736151,2
whitening_jit_velocity,0.5,22,5,5.536956310272217,226.176110540051,1281167,313,0.004453343432736151,2
whitening_jit_velocity,0.5,22,6,5.480204105377197,226.176110540051,1281167,313,0.004453343432736151,2
whitening_jit_velocity,0.5,22,7,5.415996551513672,226.176110540051,1281167,313,0.004453343432736151,2
whitening_jit_velocity,0.5,22,8,5.355945587158203,226.176110540051,1281167,313,0.004453343432736151,2
whitening_jit_velocity,0.5,22,9,5.271739482879639,226.176110540051,1281167,313,0.004453343432736151,2
whitening_jit_velocity,0.5,22,10,5.291471004486084,226.176110540051,1281167,313,0.004453343432736151,2
whitening_jit_velocity,0.5,22,11,5.413134574890137,226.176110540051,1281167,313,0.004453343432736151,2
whitening_jit_velocity,0.5,23,1,6.13165807723999,226.13425103900954,1281167,313,0.004059872815808582,2
whitening_jit_velocity,0.5,23,2,5.898379802703857,226.13425103900954,1281167,313,0.004059872815808582,2
whitening_jit_velocity,0.5,23,3,5.783200740814209,226.13425103900954,1281167,313,0.004059872815808582,2
whitening_jit_velocity,0.5,23,4,5.642108917236328,226.13425103900954,1281167,313,0.004059872815808582,2
whitening_jit_velocity,0.5,23,5,5.525489330291748,226.13425103900954,1281167,313,0.004059872815808582,2
whitening_jit_velocity,0.5,23,6,5.468781471252441,226.13425103900954,1281167,313,0.004059872815808582,2
whitening_jit_velocity,0.5,23,7,5.406466960906982,226.13425103900954,1281167,313,0.004059872815808582,2
whitening_jit_velocity,0.5,23,8,5.345925331115723,226.13425103900954,1281167,313,0.004059872815808582,2
whitening_jit_velocity,0.5,23,9,5.2615156173706055,226.13425103900954,1281167,313,0.004059872815808582,2
whitening_jit_velocity,0.5,23,10,5.283931732177734,226.13425103900954,1281167,313,0.004059872815808582,2
whitening_jit_velocity,0.5,23,11,5.406055450439453,226.13425103900954,1281167,313,0.004059872815808582,2
whitening_jit_velocity,0.5,24,1,6.121011257171631,226.56285600084811,1281167,313,0.003672823553613561,2
whitening_jit_velocity,0.5,24,2,5.886597633361816,226.56285600084811,1281167,313,0.003672823553613561,2
whitening_jit_velocity,0.5,24,3,5.770847320556641,226.56285600084811,1281167,313,0.003672823553613561,2
whitening_jit_velocity,0.5,24,4,5.6302571296691895,226.56285600084811,1281167,313,0.003672823553613561,2
whitening_jit_velocity,0.5,24,5,5.513114929199219,226.56285600084811,1281167,313,0.003672823553613561,2
whitening_jit_velocity,0.5,24,6,5.456456184387207,226.56285600084811,1281167,313,0.003672823553613561,2
whitening_jit_velocity,0.5,24,7,5.397114276885986,226.56285600084811,1281167,313,0.003672823553613561,2
whitening_jit_velocity,0.5,24,8,5.335637092590332,226.56285600084811,1281167,313,0.003672823553613561,2
whitening_jit_velocity,0.5,24,9,5.250554084777832,226.56285600084811,1281167,313,0.003672823553613561,2
whitening_jit_velocity,0.5,24,10,5.276623725891113,226.56285600084811,1281167,313,0.003672823553613561,2
whitening_jit_velocity,0.5,24,11,5.399827003479004,226.56285600084811,1281167,313,0.003672823553613561,2
whitening_jit_velocity,0.5,25,1,6.112250804901123,226.1602467619814,1281167,313,0.0032947058091394497,2
whitening_jit_velocity,0.5,25,2,5.877447605133057,226.1602467619814,1281167,313,0.0032947058091394497,2
whitening_jit_velocity,0.5,25,3,5.7612996101379395,226.1602467619814,1281167,313,0.0032947058091394497,2
whitening_jit_velocity,0.5,25,4,5.620887756347656,226.1602467619814,1281167,313,0.0032947058091394497,2
whitening_jit_velocity,0.5,25,5,5.504035472869873,226.1602467619814,1281167,313,0.0032947058091394497,2
whitening_jit_velocity,0.5,25,6,5.4475836753845215,226.1602467619814,1281167,313,0.0032947058091394497,2
whitening_jit_velocity,0.5,25,7,5.389776706695557,226.1602467619814,1281167,313,0.0032947058091394497,2
whitening_jit_velocity,0.5,25,8,5.3283586502075195,226.1602467619814,1281167,313,0.0032947058091394497,2
whitening_jit_velocity,0.5,25,9,5.242847919464111,226.1602467619814,1281167,313,0.0032947058091394497,2
whitening_jit_velocity,0.5,25,10,5.270881652832031,226.1602467619814,1281167,313,0.0032947058091394497,2
whitening_jit_velocity,0.5,25,11,5.394542694091797,226.1602467619814,1281167,313,0.0032947058091394497,2
whitening_jit_velocity,0.5,26,1,6.102908611297607,228.28588133724406,1281167,313,0.002927971821054881,2
whitening_jit_velocity,0.5,26,2,5.867581367492676,228.28588133724406,1281167,313,0.002927971821054881,2
whitening_jit_velocity,0.5,26,3,5.751016139984131,228.28588133724406,1281167,313,0.002927971821054881,2
whitening_jit_velocity,0.5,26,4,5.61100435256958,228.28588133724406,1281167,313,0.002927971821054881,2
whitening_jit_velocity,0.5,26,5,5.493985652923584,228.28588133724406,1281167,313,0.002927971821054881,2
whitening_jit_velocity,0.5,26,6,5.4370574951171875,228.28588133724406,1281167,313,0.002927971821054881,2
whitening_jit_velocity,0.5,26,7,5.381902694702148,228.28588133724406,1281167,313,0.002927971821054881,2
whitening_jit_velocity,0.5,26,8,5.319980621337891,228.28588133724406,1281167,313,0.002927971821054881,2
whitening_jit_velocity,0.5,26,9,5.233607769012451,228.28588133724406,1281167,313,0.002927971821054881,2
whitening_jit_velocity,0.5,26,10,5.265369892120361,228.28588133724406,1281167,313,0.002927971821054881,2
whitening_jit_velocity,0.5,26,11,5.389538764953613,228.28588133724406,1281167,313,0.002927971821054881,2
whitening_jit_velocity,0.5,27,1,6.09377908706665,227.15684139402583,1281167,313,0.0025749999999999987,2
whitening_jit_velocity,0.5,27,2,5.857605457305908,227.15684139402583,1281167,313,0.0025749999999999987,2
whitening_jit_velocity,0.5,27,3,5.740671634674072,227.15684139402583,1281167,313,0.0025749999999999987,2
whitening_jit_velocity,0.5,27,4,5.600863933563232,227.15684139402583,1281167,313,0.0025749999999999987,2
whitening_jit_velocity,0.5,27,5,5.483678340911865,227.15684139402583,1281167,313,0.0025749999999999987,2
whitening_jit_velocity,0.5,27,6,5.426922798156738,227.15684139402583,1281167,313,0.0025749999999999987,2
whitening_jit_velocity,0.5,27,7,5.3739447593688965,227.15684139402583,1281167,313,0.0025749999999999987,2
whitening_jit_velocity,0.5,27,8,5.3114447593688965,227.15684139402583,1281167,313,0.0025749999999999987,2
whitening_jit_velocity,0.5,27,9,5.224669933319092,227.15684139402583,1281167,313,0.0025749999999999987,2
whitening_jit_velocity,0.5,27,10,5.259145736694336,227.15684139402583,1281167,313,0.0025749999999999987,2
whitening_jit_velocity,0.5,27,11,5.384566307067871,227.15684139402583,1281167,313,0.0025749999999999987,2
whitening_jit_velocity,0.5,28,1,6.083989143371582,226.53928293194622,1281167,313,0.0022380795036807794,2
whitening_jit_velocity,0.5,28,2,5.846931457519531,226.53928293194622,1281167,313,0.0022380795036807794,2
whitening_jit_velocity,0.5,28,3,5.729917526245117,226.53928293194622,1281167,313,0.0022380795036807794,2
whitening_jit_velocity,0.5,28,4,5.590521335601807,226.53928293194622,1281167,313,0.0022380795036807794,2
whitening_jit_velocity,0.5,28,5,5.473028659820557,226.53928293194622,1281167,313,0.0022380795036807794,2
whitening_jit_velocity,0.5,28,6,5.416441917419434,226.53928293194622,1281167,313,0.0022380795036807794,2
whitening_jit_velocity,0.5,28,7,5.366219997406006,226.53928293194622,1281167,313,0.0022380795036807794,2
whitening_jit_velocity,0.5,28,8,5.302931308746338,226.53928293194622,1281167,313,0.0022380795036807794,2
whitening_jit_velocity,0.5,28,9,5.214931488037109,226.53928293194622,1281167,313,0.0022380795036807794,2
whitening_jit_velocity,0.5,28,10,5.253366470336914,226.53928293194622,1281167,313,0.0022380795036807794,2
whitening_jit_velocity,0.5,28,11,5.379835605621338,226.53928293194622,1281167,313,0.0022380795036807794,2
whitening_jit_velocity,0.5,29,1,6.076563835144043,226.29648771416396,1281167,313,0.0019193953908028833,2
whitening_jit_velocity,0.5,29,2,5.839320659637451,226.29648771416396,1281167,313,0.0019193953908028833,2
whitening_jit_velocity,0.5,29,3,5.721183776855469,226.29648771416396,1281167,313,0.0019193953908028833,2
whitening_jit_velocity,0.5,29,4,5.5820417404174805,226.29648771416396,1281167,313,0.0019193953908028833,2
whitening_jit_velocity,0.5,29,5,5.464694023132324,226.29648771416396,1281167,313,0.0019193953908028833,2
whitening_jit_velocity,0.5,29,6,5.407461166381836,226.29648771416396,1281167,313,0.0019193953908028833,2
whitening_jit_velocity,0.5,29,7,5.358850955963135,226.29648771416396,1281167,313,0.0019193953908028833,2
whitening_jit_velocity,0.5,29,8,5.295351028442383,226.29648771416396,1281167,313,0.0019193953908028833,2
whitening_jit_velocity,0.5,29,9,5.207047939300537,226.29648771416396,1281167,313,0.0019193953908028833,2
whitening_jit_velocity,0.5,29,10,5.247494697570801,226.29648771416396,1281167,313,0.0019193953908028833,2
whitening_jit_velocity,0.5,29,11,5.374738693237305,226.29648771416396,1281167,313,0.0019193953908028833,2
whitening_jit_velocity,0.5,30,1,6.067934989929199,226.6387271368876,1281167,313,0.0016210144501274833,2
whitening_jit_velocity,0.5,30,2,5.830029010772705,226.6387271368876,1281167,313,0.0016210144501274833,2
whitening_jit_velocity,0.5,30,3,5.712212085723877,226.6387271368876,1281167,313,0.0016210144501274833,2
whitening_jit_velocity,0.5,30,4,5.57331657409668,226.6387271368876,1281167,313,0.0016210144501274833,2
whitening_jit_velocity,0.5,30,5,5.455572128295898,226.6387271368876,1281167,313,0.0016210144501274833,2
whitening_jit_velocity,0.5,30,6,5.398527145385742,226.6387271368876,1281167,313,0.0016210144501274833,2
whitening_jit_velocity,0.5,30,7,5.352474689483643,226.6387271368876,1281167,313,0.0016210144501274833,2
whitening_jit_velocity,0.5,30,8,5.288036823272705,226.6387271368876,1281167,313,0.0016210144501274833,2
whitening_jit_velocity,0.5,30,9,5.19957971572876,226.6387271368876,1281167,313,0.0016210144501274833,2
whitening_jit_velocity,0.5,30,10,5.243101596832275,226.6387271368876,1281167,313,0.0016210144501274833,2
whitening_jit_velocity,0.5,30,11,5.371005535125732,226.6387271368876,1281167,313,0.0016210144501274833,2
whitening_jit_velocity,0.5,31,1,6.0617356300354,226.90164997428656,1281167,313,0.0013448717965530508,2
whitening_jit_velocity,0.5,31,2,5.823031425476074,226.90164997428656,1281167,313,0.0013448717965530508,2
whitening_jit_velocity,0.5,31,3,5.704345226287842,226.90164997428656,1281167,313,0.0013448717965530508,2
whitening_jit_velocity,0.5,31,4,5.565750598907471,226.90164997428656,1281167,313,0.0013448717965530508,2
whitening_jit_velocity,0.5,31,5,5.448110103607178,226.90164997428656,1281167,313,0.0013448717965530508,2
whitening_jit_velocity,0.5,31,6,5.390895843505859,226.90164997428656,1281167,313,0.0013448717965530508,2
whitening_jit_velocity,0.5,31,7,5.346777439117432,226.90164997428656,1281167,313,0.0013448717965530508,2
whitening_jit_velocity,0.5,31,8,5.2821526527404785,226.90164997428656,1281167,313,0.0013448717965530508,2
whitening_jit_velocity,0.5,31,9,5.1929545402526855,226.90164997428656,1281167,313,0.0013448717965530508,2
whitening_jit_velocity,0.5,31,10,5.238712787628174,226.90164997428656,1281167,313,0.0013448717965530508,2
whitening_jit_velocity,0.5,31,11,5.3676934242248535,226.90164997428656,1281167,313,0.0013448717965530508,2
whitening_jit_velocity,0.5,32,1,6.05507230758667,228.02044516103342,1281167,313,0.0010927583211526703,2
whitening_jit_velocity,0.5,32,2,5.816197395324707,228.02044516103342,1281167,313,0.0010927583211526703,2
whitening_jit_velocity,0.5,32,3,5.697367191314697,228.02044516103342,1281167,313,0.0010927583211526703,2
whitening_jit_velocity,0.5,32,4,5.558797359466553,228.02044516103342,1281167,313,0.0010927583211526703,2
whitening_jit_velocity,0.5,32,5,5.441163539886475,228.02044516103342,1281167,313,0.0010927583211526703,2
whitening_jit_velocity,0.5,32,6,5.383856773376465,228.02044516103342,1281167,313,0.0010927583211526703,2
whitening_jit_velocity,0.5,32,7,5.341131687164307,228.02044516103342,1281167,313,0.0010927583211526703,2
whitening_jit_velocity,0.5,32,8,5.2759599685668945,228.02044516103342,1281167,313,0.0010927583211526703,2
whitening_jit_velocity,0.5,32,9,5.18636417388916,228.02044516103342,1281167,313,0.0010927583211526703,2
whitening_jit_velocity,0.5,32,10,5.23451042175293,228.02044516103342,1281167,313,0.0010927583211526703,2
whitening_jit_velocity,0.5,32,11,5.364548683166504,228.02044516103342,1281167,313,0.0010927583211526703,2
whitening_jit_velocity,0.5,33,1,6.048408031463623,227.92978259874508,1281167,313,0.0008663090765582168,2
whitening_jit_velocity,0.5,33,2,5.809077262878418,227.92978259874508,1281167,313,0.0008663090765582168,2
whitening_jit_velocity,0.5,33,3,5.690108299255371,227.92978259874508,1281167,313,0.0008663090765582168,2
whitening_jit_velocity,0.5,33,4,5.551610469818115,227.92978259874508,1281167,313,0.0008663090765582168,2
whitening_jit_velocity,0.5,33,5,5.433802127838135,227.92978259874508,1281167,313,0.0008663090765582168,2
whitening_jit_velocity,0.5,33,6,5.376324653625488,227.92978259874508,1281167,313,0.0008663090765582168,2
whitening_jit_velocity,0.5,33,7,5.335726737976074,227.92978259874508,1281167,313,0.0008663090765582168,2
whitening_jit_velocity,0.5,33,8,5.26997709274292,227.92978259874508,1281167,313,0.0008663090765582168,2
whitening_jit_velocity,0.5,33,9,5.1799468994140625,227.92978259874508,1281167,313,0.0008663090765582168,2
whitening_jit_velocity,0.5,33,10,5.230527877807617,227.92978259874508,1281167,313,0.0008663090765582168,2
whitening_jit_velocity,0.5,33,11,5.361246585845947,227.92978259874508,1281167,313,0.0008663090765582168,2
whitening_jit_velocity,0.5,34,1,6.043919563293457,227.5164503287524,1281167,313,0.0006669926730166116,2
whitening_jit_velocity,0.5,34,2,5.803770542144775,227.5164503287524,1281167,313,0.0006669926730166116,2
whitening_jit_velocity,0.5,34,3,5.684473991394043,227.5164503287524,1281167,313,0.0006669926730166116,2
whitening_jit_velocity,0.5,34,4,5.5465264320373535,227.5164503287524,1281167,313,0.0006669926730166116,2
whitening_jit_velocity,0.5,34,5,5.4285969734191895,227.5164503287524,1281167,313,0.0006669926730166116,2
whitening_jit_velocity,0.5,34,6,5.371298313140869,227.5164503287524,1281167,313,0.0006669926730166116,2
whitening_jit_velocity,0.5,34,7,5.332406997680664,227.5164503287524,1281167,313,0.0006669926730166116,2
whitening_jit_velocity,0.5,34,8,5.266158580780029,227.5164503287524,1281167,313,0.0006669926730166116,2
whitening_jit_velocity,0.5,34,9,5.175436973571777,227.5164503287524,1281167,313,0.0006669926730166116,2
whitening_jit_velocity,0.5,34,10,5.227888107299805,227.5164503287524,1281167,313,0.0006669926730166116,2
whitening_jit_velocity,0.5,34,11,5.35936975479126,227.5164503287524,1281167,313,0.0006669926730166116,2
whitening_jit_velocity,0.5,35,1,6.038609027862549,226.9157060040161,1281167,313,0.0004961017538888202,2
whitening_jit_velocity,0.5,35,2,5.797432899475098,226.9157060040161,1281167,313,0.0004961017538888202,2
whitening_jit_velocity,0.5,35,3,5.677820205688477,226.9157060040161,1281167,313,0.0004961017538888202,2
whitening_jit_velocity,0.5,35,4,5.5397162437438965,226.9157060040161,1281167,313,0.0004961017538888202,2
whitening_jit_velocity,0.5,35,5,5.422390460968018,226.9157060040161,1281167,313,0.0004961017538888202,2
whitening_jit_velocity,0.5,35,6,5.36469030380249,226.9157060040161,1281167,313,0.0004961017538888202,2
whitening_jit_velocity,0.5,35,7,5.327493667602539,226.9157060040161,1281167,313,0.0004961017538888202,2
whitening_jit_velocity,0.5,35,8,5.260963439941406,226.9157060040161,1281167,313,0.0004961017538888202,2
whitening_jit_velocity,0.5,35,9,5.169931411743164,226.9157060040161,1281167,313,0.0004961017538888202,2
whitening_jit_velocity,0.5,35,10,5.224559307098389,226.9157060040161,1281167,313,0.0004961017538888202,2
whitening_jit_velocity,0.5,35,11,5.356729984283447,226.9157060040161,1281167,313,0.0004961017538888202,2
whitening_jit_velocity,0.5,36,1,6.035212516784668,227.64666981482878,1281167,313,0.00035474461236162987,2
whitening_jit_velocity,0.5,36,2,5.7941508293151855,227.64666981482878,1281167,313,0.00035474461236162987,2
whitening_jit_velocity,0.5,36,3,5.6738362312316895,227.64666981482878,1281167,313,0.00035474461236162987,2
whitening_jit_velocity,0.5,36,4,5.536048889160156,227.64666981482878,1281167,313,0.00035474461236162987,2
whitening_jit_velocity,0.5,36,5,5.418163776397705,227.64666981482878,1281167,313,0.00035474461236162987,2
whitening_jit_velocity,0.5,36,6,5.360898971557617,227.64666981482878,1281167,313,0.00035474461236162987,2
whitening_jit_velocity,0.5,36,7,5.324548721313477,227.64666981482878,1281167,313,0.00035474461236162987,2
whitening_jit_velocity,0.5,36,8,5.257870197296143,227.64666981482878,1281167,313,0.00035474461236162987,2
whitening_jit_velocity,0.5,36,9,5.166621685028076,227.64666981482878,1281167,313,0.00035474461236162987,2
whitening_jit_velocity,0.5,36,10,5.222526550292969,227.64666981482878,1281167,313,0.00035474461236162987,2
whitening_jit_velocity,0.5,36,11,5.355160713195801,227.64666981482878,1281167,313,0.00035474461236162987,2
whitening_jit_velocity,0.5,37,1,6.032299518585205,227.50740207592025,1281167,313,0.00024383800374104254,2
whitening_jit_velocity,0.5,37,2,5.790768146514893,227.50740207592025,1281167,313,0.00024383800374104254,2
whitening_jit_velocity,0.5,37,3,5.670822620391846,227.50740207592025,1281167,313,0.00024383800374104254,2
whitening_jit_velocity,0.5,37,4,5.5330610275268555,227.50740207592025,1281167,313,0.00024383800374104254,2
whitening_jit_velocity,0.5,37,5,5.415337085723877,227.50740207592025,1281167,313,0.00024383800374104254,2
whitening_jit_velocity,0.5,37,6,5.3577494621276855,227.50740207592025,1281167,313,0.00024383800374104254,2
whitening_jit_velocity,0.5,37,7,5.3223161697387695,227.50740207592025,1281167,313,0.00024383800374104254,2
whitening_jit_velocity,0.5,37,8,5.255129814147949,227.50740207592025,1281167,313,0.00024383800374104254,2
whitening_jit_velocity,0.5,37,9,5.163736820220947,227.50740207592025,1281167,313,0.00024383800374104254,2
whitening_jit_velocity,0.5,37,10,5.220999240875244,227.50740207592025,1281167,313,0.00024383800374104254,2
whitening_jit_velocity,0.5,37,11,5.353799819946289,227.50740207592025,1281167,313,0.00024383800374104254,2
whitening_jit_velocity,0.5,38,1,6.029712677001953,226.93084744224325,1281167,313,0.00016410119994233143,2
whitening_jit_velocity,0.5,38,2,5.7885541915893555,226.93084744224325,1281167,313,0.00016410119994233143,2
whitening_jit_velocity,0.5,38,3,5.668018341064453,226.93084744224325,1281167,313,0.00016410119994233143,2
whitening_jit_velocity,0.5,38,4,5.530386447906494,226.93084744224325,1281167,313,0.00016410119994233143,2
whitening_jit_velocity,0.5,38,5,5.412506103515625,226.93084744224325,1281167,313,0.00016410119994233143,2
whitening_jit_velocity,0.5,38,6,5.354836463928223,226.93084744224325,1281167,313,0.00016410119994233143,2
whitening_jit_velocity,0.5,38,7,5.320514678955078,226.93084744224325,1281167,313,0.00016410119994233143,2
whitening_jit_velocity,0.5,38,8,5.253281593322754,226.93084744224325,1281167,313,0.00016410119994233143,2
whitening_jit_velocity,0.5,38,9,5.161280155181885,226.93084744224325,1281167,313,0.00016410119994233143,2
whitening_jit_velocity,0.5,38,10,5.219594955444336,226.93084744224325,1281167,313,0.00016410119994233143,2
whitening_jit_velocity,0.5,38,11,5.353126525878906,226.93084744224325,1281167,313,0.00016410119994233143,2
whitening_jit_velocity,0.5,39,1,6.028524398803711,227.56825331319124,1281167,313,0.00011605132473566085,2
whitening_jit_velocity,0.5,39,2,5.786877632141113,227.56825331319124,1281167,313,0.00011605132473566085,2
whitening_jit_velocity,0.5,39,3,5.666082382202148,227.56825331319124,1281167,313,0.00011605132473566085,2
whitening_jit_velocity,0.5,39,4,5.528055191040039,227.56825331319124,1281167,313,0.00011605132473566085,2
whitening_jit_velocity,0.5,39,5,5.41039514541626,227.56825331319124,1281167,313,0.00011605132473566085,2
whitening_jit_velocity,0.5,39,6,5.352903366088867,227.56825331319124,1281167,313,0.00011605132473566085,2
whitening_jit_velocity,0.5,39,7,5.318973064422607,227.56825331319124,1281167,313,0.00011605132473566085,2
whitening_jit_velocity,0.5,39,8,5.251720428466797,227.56825331319124,1281167,313,0.00011605132473566085,2
whitening_jit_velocity,0.5,39,9,5.15960693359375,227.56825331319124,1281167,313,0.00011605132473566085,2
whitening_jit_velocity,0.5,39,10,5.218288421630859,227.56825331319124,1281167,313,0.00011605132473566085,2
whitening_jit_velocity,0.5,39,11,5.3521881103515625,227.56825331319124,1281167,313,0.00011605132473566085,2
whitening_jit_velocity,0.5,40,1,6.027978897094727,228.6084778769873,1281167,313,0.0001,2
whitening_jit_velocity,0.5,40,2,5.785783290863037,228.6084778769873,1281167,313,0.0001,2
whitening_jit_velocity,0.5,40,3,5.665539741516113,228.6084778769873,1281167,313,0.0001,2
whitening_jit_velocity,0.5,40,4,5.527686595916748,228.6084778769873,1281167,313,0.0001,2
whitening_jit_velocity,0.5,40,5,5.410175323486328,228.6084778769873,1281167,313,0.0001,2
whitening_jit_velocity,0.5,40,6,5.3523454666137695,228.6084778769873,1281167,313,0.0001,2
whitening_jit_velocity,0.5,40,7,5.31859016418457,228.6084778769873,1281167,313,0.0001,2
whitening_jit_velocity,0.5,40,8,5.2511796951293945,228.6084778769873,1281167,313,0.0001,2
whitening_jit_velocity,0.5,40,9,5.1590166091918945,228.6084778769873,1281167,313,0.0001,2
whitening_jit_velocity,0.5,40,10,5.218201637268066,228.6084778769873,1281167,313,0.0001,2
whitening_jit_velocity,0.5,40,11,5.352033615112305,228.6084778769873,1281167,313,0.0001,2
whitening_jit_velocity,0.75,1,1,6.728763580322266,240.8066264060326,1281167,313,0.01,2
whitening_jit_velocity,0.75,1,2,6.628861904144287,240.8066264060326,1281167,313,0.01,2
whitening_jit_velocity,0.75,1,3,6.54182243347168,240.8066264060326,1281167,313,0.01,2
whitening_jit_velocity,0.75,1,4,6.433839321136475,240.8066264060326,1281167,313,0.01,2
whitening_jit_velocity,0.75,1,5,6.291961669921875,240.8066264060326,1281167,313,0.01,2
whitening_jit_velocity,0.75,1,6,6.200808048248291,240.8066264060326,1281167,313,0.01,2
whitening_jit_velocity,0.75,1,7,6.16243314743042,240.8066264060326,1281167,313,0.01,2
whitening_jit_velocity,0.75,1,8,6.170374393463135,240.8066264060326,1281167,313,0.01,2
whitening_jit_velocity,0.75,1,9,6.014110565185547,240.8066264060326,1281167,313,0.01,2
whitening_jit_velocity,0.75,1,10,6.0262041091918945,240.8066264060326,1281167,313,0.01,2
whitening_jit_velocity,0.75,1,11,6.201061725616455,240.8066264060326,1281167,313,0.01,2
whitening_jit_velocity,0.75,2,1,6.625056743621826,226.7588757290505,1281167,313,0.00998394867526434,2
whitening_jit_velocity,0.75,2,2,6.4834418296813965,226.7588757290505,1281167,313,0.00998394867526434,2
whitening_jit_velocity,0.75,2,3,6.3695831298828125,226.7588757290505,1281167,313,0.00998394867526434,2
whitening_jit_velocity,0.75,2,4,6.21411657333374,226.7588757290505,1281167,313,0.00998394867526434,2
whitening_jit_velocity,0.75,2,5,6.0912885665893555,226.7588757290505,1281167,313,0.00998394867526434,2
whitening_jit_velocity,0.75,2,6,5.998780250549316,226.7588757290505,1281167,313,0.00998394867526434,2
whitening_jit_velocity,0.75,2,7,5.916237831115723,226.7588757290505,1281167,313,0.00998394867526434,2
whitening_jit_velocity,0.75,2,8,5.918639183044434,226.7588757290505,1281167,313,0.00998394867526434,2
whitening_jit_velocity,0.75,2,9,5.793746471405029,226.7588757290505,1281167,313,0.00998394867526434,2
whitening_jit_velocity,0.75,2,10,5.775428295135498,226.7588757290505,1281167,313,0.00998394867526434,2
whitening_jit_velocity,0.75,2,11,5.914612770080566,226.7588757290505,1281167,313,0.00998394867526434,2
whitening_jit_velocity,0.75,3,1,6.597756385803223,226.54507128661498,1281167,313,0.009935898800057668,2
whitening_jit_velocity,0.75,3,2,6.4417033195495605,226.54507128661498,1281167,313,0.009935898800057668,2
whitening_jit_velocity,0.75,3,3,6.3267717361450195,226.54507128661498,1281167,313,0.009935898800057668,2
whitening_jit_velocity,0.75,3,4,6.161872863769531,226.54507128661498,1281167,313,0.009935898800057668,2
whitening_jit_velocity,0.75,3,5,6.049688339233398,226.54507128661498,1281167,313,0.009935898800057668,2
whitening_jit_velocity,0.75,3,6,5.956611156463623,226.54507128661498,1281167,313,0.009935898800057668,2
whitening_jit_velocity,0.75,3,7,5.861920356750488,226.54507128661498,1281167,313,0.009935898800057668,2
whitening_jit_velocity,0.75,3,8,5.859429836273193,226.54507128661498,1281167,313,0.009935898800057668,2
whitening_jit_velocity,0.75,3,9,5.745787143707275,226.54507128661498,1281167,313,0.009935898800057668,2
whitening_jit_velocity,0.75,3,10,5.7201972007751465,226.54507128661498,1281167,313,0.009935898800057668,2
whitening_jit_velocity,0.75,3,11,5.844359874725342,226.54507128661498,1281167,313,0.009935898800057668,2
whitening_jit_velocity,0.75,4,1,6.581467628479004,226.59133068611845,1281167,313,0.009856161996258958,2
whitening_jit_velocity,0.75,4,2,6.417963981628418,226.59133068611845,1281167,313,0.009856161996258958,2
whitening_jit_velocity,0.75,4,3,6.301022529602051,226.59133068611845,1281167,313,0.009856161996258958,2
whitening_jit_velocity,0.75,4,4,6.132839679718018,226.59133068611845,1281167,313,0.009856161996258958,2
whitening_jit_velocity,0.75,4,5,6.025655746459961,226.59133068611845,1281167,313,0.009856161996258958,2
whitening_jit_velocity,0.75,4,6,5.932169437408447,226.59133068611845,1281167,313,0.009856161996258958,2
whitening_jit_velocity,0.75,4,7,5.829508304595947,226.59133068611845,1281167,313,0.009856161996258958,2
whitening_jit_velocity,0.75,4,8,5.825142860412598,226.59133068611845,1281167,313,0.009856161996258958,2
whitening_jit_velocity,0.75,4,9,5.7201948165893555,226.59133068611845,1281167,313,0.009856161996258958,2
whitening_jit_velocity,0.75,4,10,5.6877875328063965,226.59133068611845,1281167,313,0.009856161996258958,2
whitening_jit_velocity,0.75,4,11,5.803328514099121,226.59133068611845,1281167,313,0.009856161996258958,2
whitening_jit_velocity,0.75,5,1,6.562252044677734,226.8027436491102,1281167,313,0.00974525538763837,2
whitening_jit_velocity,0.75,5,2,6.3932576179504395,226.8027436491102,1281167,313,0.00974525538763837,2
whitening_jit_velocity,0.75,5,3,6.273752689361572,226.8027436491102,1281167,313,0.00974525538763837,2
whitening_jit_velocity,0.75,5,4,6.1044087409973145,226.8027436491102,1281167,313,0.00974525538763837,2
whitening_jit_velocity,0.75,5,5,5.999935626983643,226.8027436491102,1281167,313,0.00974525538763837,2
whitening_jit_velocity,0.75,5,6,5.90703821182251,226.8027436491102,1281167,313,0.00974525538763837,2
whitening_jit_velocity,0.75,5,7,5.80379581451416,226.8027436491102,1281167,313,0.00974525538763837,2
whitening_jit_velocity,0.75,5,8,5.795577526092529,226.8027436491102,1281167,313,0.00974525538763837,2
whitening_jit_velocity,0.75,5,9,5.696268081665039,226.8027436491102,1281167,313,0.00974525538763837,2
whitening_jit_velocity,0.75,5,10,5.665546894073486,226.8027436491102,1281167,313,0.00974525538763837,2
whitening_jit_velocity,0.75,5,11,5.77552604675293,226.8027436491102,1281167,313,0.00974525538763837,2
whitening_jit_velocity,0.75,6,1,6.551838397979736,226.4075395311229,1281167,313,0.00960389824611118,2
whitening_jit_velocity,0.75,6,2,6.379997730255127,226.4075395311229,1281167,313,0.00960389824611118,2
whitening_jit_velocity,0.75,6,3,6.258045196533203,226.4075395311229,1281167,313,0.00960389824611118,2
whitening_jit_velocity,0.75,6,4,6.088515281677246,226.4075395311229,1281167,313,0.00960389824611118,2
whitening_jit_velocity,0.75,6,5,5.985409259796143,226.4075395311229,1281167,313,0.00960389824611118,2
whitening_jit_velocity,0.75,6,6,5.892958641052246,226.4075395311229,1281167,313,0.00960389824611118,2
whitening_jit_velocity,0.75,6,7,5.785540580749512,226.4075395311229,1281167,313,0.00960389824611118,2
whitening_jit_velocity,0.75,6,8,5.776580333709717,226.4075395311229,1281167,313,0.00960389824611118,2
whitening_jit_velocity,0.75,6,9,5.681946277618408,226.4075395311229,1281167,313,0.00960389824611118,2
whitening_jit_velocity,0.75,6,10,5.648390769958496,226.4075395311229,1281167,313,0.00960389824611118,2
whitening_jit_velocity,0.75,6,11,5.754080295562744,226.4075395311229,1281167,313,0.00960389824611118,2
whitening_jit_velocity,0.75,7,1,6.543037414550781,226.43529607681558,1281167,313,0.009433007326983388,2
whitening_jit_velocity,0.75,7,2,6.367650032043457,226.43529607681558,1281167,313,0.009433007326983388,2
whitening_jit_velocity,0.75,7,3,6.243524551391602,226.43529607681558,1281167,313,0.009433007326983388,2
whitening_jit_velocity,0.75,7,4,6.074069976806641,226.43529607681558,1281167,313,0.009433007326983388,2
whitening_jit_velocity,0.75,7,5,5.972385883331299,226.43529607681558,1281167,313,0.009433007326983388,2
whitening_jit_velocity,0.75,7,6,5.880380630493164,226.43529607681558,1281167,313,0.009433007326983388,2
whitening_jit_velocity,0.75,7,7,5.7716145515441895,226.43529607681558,1281167,313,0.009433007326983388,2
whitening_jit_velocity,0.75,7,8,5.762241840362549,226.43529607681558,1281167,313,0.009433007326983388,2
whitening_jit_velocity,0.75,7,9,5.670348167419434,226.43529607681558,1281167,313,0.009433007326983388,2
whitening_jit_velocity,0.75,7,10,5.6348676681518555,226.43529607681558,1281167,313,0.009433007326983388,2
whitening_jit_velocity,0.75,7,11,5.737349510192871,226.43529607681558,1281167,313,0.009433007326983388,2
whitening_jit_velocity,0.75,8,1,6.533703804016113,226.79766456922516,1281167,313,0.009233690923441784,2
whitening_jit_velocity,0.75,8,2,6.35620641708374,226.79766456922516,1281167,313,0.009233690923441784,2
whitening_jit_velocity,0.75,8,3,6.230443954467773,226.79766456922516,1281167,313,0.009233690923441784,2
whitening_jit_velocity,0.75,8,4,6.06112003326416,226.79766456922516,1281167,313,0.009233690923441784,2
whitening_jit_velocity,0.75,8,5,5.959491729736328,226.79766456922516,1281167,313,0.009233690923441784,2
whitening_jit_velocity,0.75,8,6,5.8687567710876465,226.79766456922516,1281167,313,0.009233690923441784,2
whitening_jit_velocity,0.75,8,7,5.758640289306641,226.79766456922516,1281167,313,0.009233690923441784,2
whitening_jit_velocity,0.75,8,8,5.748225212097168,226.79766456922516,1281167,313,0.009233690923441784,2
whitening_jit_velocity,0.75,8,9,5.658736705780029,226.79766456922516,1281167,313,0.009233690923441784,2
whitening_jit_velocity,0.75,8,10,5.623079299926758,226.79766456922516,1281167,313,0.009233690923441784,2
whitening_jit_velocity,0.75,8,11,5.7229461669921875,226.79766456922516,1281167,313,0.009233690923441784,2
whitening_jit_velocity,0.75,9,1,6.522890567779541,226.8774908548221,1281167,313,0.009007241678847332,2
whitening_jit_velocity,0.75,9,2,6.34466552734375,226.8774908548221,1281167,313,0.009007241678847332,2
whitening_jit_velocity,0.75,9,3,6.218221187591553,226.8774908548221,1281167,313,0.009007241678847332,2
whitening_jit_velocity,0.75,9,4,6.048725605010986,226.8774908548221,1281167,313,0.009007241678847332,2
whitening_jit_velocity,0.75,9,5,5.947108268737793,226.8774908548221,1281167,313,0.009007241678847332,2
whitening_jit_velocity,0.75,9,6,5.8565168380737305,226.8774908548221,1281167,313,0.009007241678847332,2
whitening_jit_velocity,0.75,9,7,5.7443742752075195,226.8774908548221,1281167,313,0.009007241678847332,2
whitening_jit_velocity,0.75,9,8,5.732512474060059,226.8774908548221,1281167,313,0.009007241678847332,2
whitening_jit_velocity,0.75,9,9,5.645369529724121,226.8774908548221,1281167,313,0.009007241678847332,2
whitening_jit_velocity,0.75,9,10,5.611423015594482,226.8774908548221,1281167,313,0.009007241678847332,2
whitening_jit_velocity,0.75,9,11,5.70868444442749,226.8774908548221,1281167,313,0.009007241678847332,2
whitening_jit_velocity,0.75,10,1,6.516432762145996,226.51670823106542,1281167,313,0.008755128203446951,2
whitening_jit_velocity,0.75,10,2,6.336124897003174,226.51670823106542,1281167,313,0.008755128203446951,2
whitening_jit_velocity,0.75,10,3,6.208339214324951,226.51670823106542,1281167,313,0.008755128203446951,2
whitening_jit_velocity,0.75,10,4,6.0393290519714355,226.51670823106542,1281167,313,0.008755128203446951,2
whitening_jit_velocity,0.75,10,5,5.937636375427246,226.51670823106542,1281167,313,0.008755128203446951,2
whitening_jit_velocity,0.75,10,6,5.847850322723389,226.51670823106542,1281167,313,0.008755128203446951,2
whitening_jit_velocity,0.75,10,7,5.735558986663818,226.51670823106542,1281167,313,0.008755128203446951,2
whitening_jit_velocity,0.75,10,8,5.723403453826904,226.51670823106542,1281167,313,0.008755128203446951,2
whitening_jit_velocity,0.75,10,9,5.6368608474731445,226.51670823106542,1281167,313,0.008755128203446951,2
whitening_jit_velocity,0.75,10,10,5.602399826049805,226.51670823106542,1281167,313,0.008755128203446951,2
whitening_jit_velocity,0.75,10,11,5.697627067565918,226.51670823106542,1281167,313,0.008755128203446951,2
whitening_jit_velocity,0.75,11,1,6.506009101867676,226.67230463027954,1281167,313,0.008478985549872517,2
whitening_jit_velocity,0.75,11,2,6.324462413787842,226.67230463027954,1281167,313,0.008478985549872517,2
whitening_jit_velocity,0.75,11,3,6.196151256561279,226.67230463027954,1281167,313,0.008478985549872517,2
whitening_jit_velocity,0.75,11,4,6.027041435241699,226.67230463027954,1281167,313,0.008478985549872517,2
whitening_jit_velocity,0.75,11,5,5.925146102905273,226.67230463027954,1281167,313,0.008478985549872517,2
whitening_jit_velocity,0.75,11,6,5.836104869842529,226.67230463027954,1281167,313,0.008478985549872517,2
whitening_jit_velocity,0.75,11,7,5.7245635986328125,226.67230463027954,1281167,313,0.008478985549872517,2
whitening_jit_velocity,0.75,11,8,5.711350440979004,226.67230463027954,1281167,313,0.008478985549872517,2
whitening_jit_velocity,0.75,11,9,5.625995635986328,226.67230463027954,1281167,313,0.008478985549872517,2
whitening_jit_velocity,0.75,11,10,5.592842102050781,226.67230463027954,1281167,313,0.008478985549872517,2
whitening_jit_velocity,0.75,11,11,5.686446666717529,226.67230463027954,1281167,313,0.008478985549872517,2
whitening_jit_velocity,0.75,12,1,6.4960432052612305,226.80310865677893,1281167,313,0.008180604609197117,2
whitening_jit_velocity,0.75,12,2,6.31353759765625,226.80310865677893,1281167,313,0.008180604609197117,2
whitening_jit_velocity,0.75,12,3,6.183876991271973,226.80310865677893,1281167,313,0.008180604609197117,2
whitening_jit_velocity,0.75,12,4,6.015554428100586,226.80310865677893,1281167,313,0.008180604609197117,2
whitening_jit_velocity,0.75,12,5,5.913364410400391,226.80310865677893,1281167,313,0.008180604609197117,2
whitening_jit_velocity,0.75,12,6,5.824626922607422,226.80310865677893,1281167,313,0.008180604609197117,2
whitening_jit_velocity,0.75,12,7,5.7133283615112305,226.80310865677893,1281167,313,0.008180604609197117,2
whitening_jit_velocity,0.75,12,8,5.699332237243652,226.80310865677893,1281167,313,0.008180604609197117,2
whitening_jit_velocity,0.75,12,9,5.614589691162109,226.80310865677893,1281167,313,0.008180604609197117,2
whitening_jit_velocity,0.75,12,10,5.584481716156006,226.80310865677893,1281167,313,0.008180604609197117,2
whitening_jit_velocity,0.75,12,11,5.677802085876465,226.80310865677893,1281167,313,0.008180604609197117,2
whitening_jit_velocity,0.75,13,1,6.489236831665039,226.52297326503322,1281167,313,0.007861920496319222,2
whitening_jit_velocity,0.75,13,2,6.304952621459961,226.52297326503322,1281167,313,0.007861920496319222,2
whitening_jit_velocity,0.75,13,3,6.173572063446045,226.52297326503322,1281167,313,0.007861920496319222,2
whitening_jit_velocity,0.75,13,4,6.005334854125977,226.52297326503322,1281167,313,0.007861920496319222,2
whitening_jit_velocity,0.75,13,5,5.90310001373291,226.52297326503322,1281167,313,0.007861920496319222,2
whitening_jit_velocity,0.75,13,6,5.815620422363281,226.52297326503322,1281167,313,0.007861920496319222,2
whitening_jit_velocity,0.75,13,7,5.704733371734619,226.52297326503322,1281167,313,0.007861920496319222,2
whitening_jit_velocity,0.75,13,8,5.690382957458496,226.52297326503322,1281167,313,0.007861920496319222,2
whitening_jit_velocity,0.75,13,9,5.606588840484619,226.52297326503322,1281167,313,0.007861920496319222,2
whitening_jit_velocity,0.75,13,10,5.575201511383057,226.52297326503322,1281167,313,0.007861920496319222,2
whitening_jit_velocity,0.75,13,11,5.667435169219971,226.52297326503322,1281167,313,0.007861920496319222,2
whitening_jit_velocity,0.75,14,1,6.478760242462158,226.70208692643791,1281167,313,0.007525000000000001,2
whitening_jit_velocity,0.75,14,2,6.293524265289307,226.70208692643791,1281167,313,0.007525000000000001,2
whitening_jit_velocity,0.75,14,3,6.161731719970703,226.70208692643791,1281167,313,0.007525000000000001,2
whitening_jit_velocity,0.75,14,4,5.99382209777832,226.70208692643791,1281167,313,0.007525000000000001,2
whitening_jit_velocity,0.75,14,5,5.891566753387451,226.70208692643791,1281167,313,0.007525000000000001,2
whitening_jit_velocity,0.75,14,6,5.804688930511475,226.70208692643791,1281167,313,0.007525000000000001,2
whitening_jit_velocity,0.75,14,7,5.6949615478515625,226.70208692643791,1281167,313,0.007525000000000001,2
whitening_jit_velocity,0.75,14,8,5.6785736083984375,226.70208692643791,1281167,313,0.007525000000000001,2
whitening_jit_velocity,0.75,14,9,5.594799041748047,226.70208692643791,1281167,313,0.007525000000000001,2
whitening_jit_velocity,0.75,14,10,5.568505764007568,226.70208692643791,1281167,313,0.007525000000000001,2
whitening_jit_velocity,0.75,14,11,5.659543991088867,226.70208692643791,1281167,313,0.007525000000000001,2
whitening_jit_velocity,0.75,15,1,6.469001770019531,226.63292749924585,1281167,313,0.007172028178945119,2
whitening_jit_velocity,0.75,15,2,6.282698154449463,226.63292749924585,1281167,313,0.007172028178945119,2
whitening_jit_velocity,0.75,15,3,6.149348258972168,226.63292749924585,1281167,313,0.007172028178945119,2
whitening_jit_velocity,0.75,15,4,5.981523036956787,226.63292749924585,1281167,313,0.007172028178945119,2
whitening_jit_velocity,0.75,15,5,5.878561019897461,226.63292749924585,1281167,313,0.007172028178945119,2
whitening_jit_velocity,0.75,15,6,5.792230129241943,226.63292749924585,1281167,313,0.007172028178945119,2
whitening_jit_velocity,0.75,15,7,5.68527889251709,226.63292749924585,1281167,313,0.007172028178945119,2
whitening_jit_velocity,0.75,15,8,5.667993068695068,226.63292749924585,1281167,313,0.007172028178945119,2
whitening_jit_velocity,0.75,15,9,5.584517955780029,226.63292749924585,1281167,313,0.007172028178945119,2
whitening_jit_velocity,0.75,15,10,5.560482501983643,226.63292749924585,1281167,313,0.007172028178945119,2
whitening_jit_velocity,0.75,15,11,5.651202201843262,226.63292749924585,1281167,313,0.007172028178945119,2
whitening_jit_velocity,0.75,16,1,6.459619045257568,226.7493393071927,1281167,313,0.006805294190860553,2
whitening_jit_velocity,0.75,16,2,6.272934436798096,226.7493393071927,1281167,313,0.006805294190860553,2
whitening_jit_velocity,0.75,16,3,6.140487194061279,226.7493393071927,1281167,313,0.006805294190860553,2
whitening_jit_velocity,0.75,16,4,5.972619533538818,226.7493393071927,1281167,313,0.006805294190860553,2
whitening_jit_velocity,0.75,16,5,5.869178771972656,226.7493393071927,1281167,313,0.006805294190860553,2
whitening_jit_velocity,0.75,16,6,5.783300399780273,226.7493393071927,1281167,313,0.006805294190860553,2
whitening_jit_velocity,0.75,16,7,5.675754547119141,226.7493393071927,1281167,313,0.006805294190860553,2
whitening_jit_velocity,0.75,16,8,5.657833099365234,226.7493393071927,1281167,313,0.006805294190860553,2
whitening_jit_velocity,0.75,16,9,5.57466459274292,226.7493393071927,1281167,313,0.006805294190860553,2
whitening_jit_velocity,0.75,16,10,5.55330228805542,226.7493393071927,1281167,313,0.006805294190860553,2
whitening_jit_velocity,0.75,16,11,5.643185615539551,226.7493393071927,1281167,313,0.006805294190860553,2
whitening_jit_velocity,0.75,17,1,6.449492454528809,227.488838609308,1281167,313,0.006427176446386442,2
whitening_jit_velocity,0.75,17,2,6.261651992797852,227.488838609308,1281167,313,0.006427176446386442,2
whitening_jit_velocity,0.75,17,3,6.1276750564575195,227.488838609308,1281167,313,0.006427176446386442,2
whitening_jit_velocity,0.75,17,4,5.960554122924805,227.488838609308,1281167,313,0.006427176446386442,2
whitening_jit_velocity,0.75,17,5,5.857274532318115,227.488838609308,1281167,313,0.006427176446386442,2
whitening_jit_velocity,0.75,17,6,5.771744728088379,227.488838609308,1281167,313,0.006427176446386442,2
whitening_jit_velocity,0.75,17,7,5.6673665046691895,227.488838609308,1281167,313,0.006427176446386442,2
whitening_jit_velocity,0.75,17,8,5.647692680358887,227.488838609308,1281167,313,0.006427176446386442,2
whitening_jit_velocity,0.75,17,9,5.564333438873291,227.488838609308,1281167,313,0.006427176446386442,2
whitening_jit_velocity,0.75,17,10,5.547118186950684,227.488838609308,1281167,313,0.006427176446386442,2
whitening_jit_velocity,0.75,17,11,5.6372456550598145,227.488838609308,1281167,313,0.006427176446386442,2
whitening_jit_velocity,0.75,18,1,6.4421772956848145,227.5586365899071,1281167,313,0.006040127184191421,2
whitening_jit_velocity,0.75,18,2,6.253603935241699,227.5586365899071,1281167,313,0.006040127184191421,2
whitening_jit_velocity,0.75,18,3,6.118316173553467,227.5586365899071,1281167,313,0.006040127184191421,2
whitening_jit_velocity,0.75,18,4,5.9506378173828125,227.5586365899071,1281167,313,0.006040127184191421,2
whitening_jit_velocity,0.75,18,5,5.846688747406006,227.5586365899071,1281167,313,0.006040127184191421,2
whitening_jit_velocity,0.75,18,6,5.7611823081970215,227.5586365899071,1281167,313,0.006040127184191421,2
whitening_jit_velocity,0.75,18,7,5.657788276672363,227.5586365899071,1281167,313,0.006040127184191421,2
whitening_jit_velocity,0.75,18,8,5.637583255767822,227.5586365899071,1281167,313,0.006040127184191421,2
whitening_jit_velocity,0.75,18,9,5.553953647613525,227.5586365899071,1281167,313,0.006040127184191421,2
whitening_jit_velocity,0.75,18,10,5.5387773513793945,227.5586365899071,1281167,313,0.006040127184191421,2
whitening_jit_velocity,0.75,18,11,5.628790855407715,227.5586365899071,1281167,313,0.006040127184191421,2
whitening_jit_velocity,0.75,19,1,6.434065818786621,226.60040900111198,1281167,313,0.0056466565672638495,2
whitening_jit_velocity,0.75,19,2,6.245097637176514,226.60040900111198,1281167,313,0.0056466565672638495,2
whitening_jit_velocity,0.75,19,3,6.110009670257568,226.60040900111198,1281167,313,0.0056466565672638495,2
whitening_jit_velocity,0.75,19,4,5.942812919616699,226.60040900111198,1281167,313,0.0056466565672638495,2
whitening_jit_velocity,0.75,19,5,5.8381218910217285,226.60040900111198,1281167,313,0.0056466565672638495,2
whitening_jit_velocity,0.75,19,6,5.753232479095459,226.60040900111198,1281167,313,0.0056466565672638495,2
whitening_jit_velocity,0.75,19,7,5.650801658630371,226.60040900111198,1281167,313,0.0056466565672638495,2
whitening_jit_velocity,0.75,19,8,5.629874229431152,226.60040900111198,1281167,313,0.0056466565672638495,2
whitening_jit_velocity,0.75,19,9,5.546545028686523,226.60040900111198,1281167,313,0.0056466565672638495,2
whitening_jit_velocity,0.75,19,10,5.5332350730896,226.60040900111198,1281167,313,0.0056466565672638495,2
whitening_jit_velocity,0.75,19,11,5.623315811157227,226.60040900111198,1281167,313,0.0056466565672638495,2
whitening_jit_velocity,0.75,20,1,6.423910140991211,226.59376917872578,1281167,313,0.005249316403541606,2
whitening_jit_velocity,0.75,20,2,6.233588695526123,226.59376917872578,1281167,313,0.005249316403541606,2
whitening_jit_velocity,0.75,20,3,6.0971150398254395,226.59376917872578,1281167,313,0.005249316403541606,2
whitening_jit_velocity,0.75,20,4,5.930427551269531,226.59376917872578,1281167,313,0.005249316403541606,2
whitening_jit_velocity,0.75,20,5,5.826075077056885,226.59376917872578,1281167,313,0.005249316403541606,2
whitening_jit_velocity,0.75,20,6,5.741147041320801,226.59376917872578,1281167,313,0.005249316403541606,2
whitening_jit_velocity,0.75,20,7,5.642336845397949,226.59376917872578,1281167,313,0.005249316403541606,2
whitening_jit_velocity,0.75,20,8,5.620596408843994,226.59376917872578,1281167,313,0.005249316403541606,2
whitening_jit_velocity,0.75,20,9,5.53663969039917,226.59376917872578,1281167,313,0.005249316403541606,2
whitening_jit_velocity,0.75,20,10,5.526808738708496,226.59376917872578,1281167,313,0.005249316403541606,2
whitening_jit_velocity,0.75,20,11,5.617115020751953,226.59376917872578,1281167,313,0.005249316403541606,2
whitening_jit_velocity,0.75,21,1,6.414762020111084,226.76747658103704,1281167,313,0.004850683596458396,2
whitening_jit_velocity,0.75,21,2,6.223158359527588,226.76747658103704,1281167,313,0.004850683596458396,2
whitening_jit_velocity,0.75,21,3,6.086182117462158,226.76747658103704,1281167,313,0.004850683596458396,2
whitening_jit_velocity,0.75,21,4,5.919240951538086,226.76747658103704,1281167,313,0.004850683596458396,2
whitening_jit_velocity,0.75,21,5,5.81477689743042,226.76747658103704,1281167,313,0.004850683596458396,2
whitening_jit_velocity,0.75,21,6,5.730061054229736,226.76747658103704,1281167,313,0.004850683596458396,2
whitening_jit_velocity,0.75,21,7,5.633720397949219,226.76747658103704,1281167,313,0.004850683596458396,2
whitening_jit_velocity,0.75,21,8,5.609842300415039,226.76747658103704,1281167,313,0.004850683596458396,2
whitening_jit_velocity,0.75,21,9,5.5254693031311035,226.76747658103704,1281167,313,0.004850683596458396,2
whitening_jit_velocity,0.75,21,10,5.519758701324463,226.76747658103704,1281167,313,0.004850683596458396,2
whitening_jit_velocity,0.75,21,11,5.611142635345459,226.76747658103704,1281167,313,0.004850683596458396,2
whitening_jit_velocity,0.75,22,1,6.4066572189331055,226.58606088301167,1281167,313,0.004453343432736151,2
whitening_jit_velocity,0.75,22,2,6.215095043182373,226.58606088301167,1281167,313,0.004453343432736151,2
whitening_jit_velocity,0.75,22,3,6.077719211578369,226.58606088301167,1281167,313,0.004453343432736151,2
whitening_jit_velocity,0.75,22,4,5.91103982925415,226.58606088301167,1281167,313,0.004453343432736151,2
whitening_jit_velocity,0.75,22,5,5.805710792541504,226.58606088301167,1281167,313,0.004453343432736151,2
whitening_jit_velocity,0.75,22,6,5.721393585205078,226.58606088301167,1281167,313,0.004453343432736151,2
whitening_jit_velocity,0.75,22,7,5.626184463500977,226.58606088301167,1281167,313,0.004453343432736151,2
whitening_jit_velocity,0.75,22,8,5.602175712585449,226.58606088301167,1281167,313,0.004453343432736151,2
whitening_jit_velocity,0.75,22,9,5.516908168792725,226.58606088301167,1281167,313,0.004453343432736151,2
whitening_jit_velocity,0.75,22,10,5.514016628265381,226.58606088301167,1281167,313,0.004453343432736151,2
whitening_jit_velocity,0.75,22,11,5.605486869812012,226.58606088301167,1281167,313,0.004453343432736151,2
whitening_jit_velocity,0.75,23,1,6.398054122924805,226.72056108387187,1281167,313,0.004059872815808582,2
whitening_jit_velocity,0.75,23,2,6.205543041229248,226.72056108387187,1281167,313,0.004059872815808582,2
whitening_jit_velocity,0.75,23,3,6.067122459411621,226.72056108387187,1281167,313,0.004059872815808582,2
whitening_jit_velocity,0.75,23,4,5.9002227783203125,226.72056108387187,1281167,313,0.004059872815808582,2
whitening_jit_velocity,0.75,23,5,5.795052528381348,226.72056108387187,1281167,313,0.004059872815808582,2
whitening_jit_velocity,0.75,23,6,5.710978031158447,226.72056108387187,1281167,313,0.004059872815808582,2
whitening_jit_velocity,0.75,23,7,5.6178717613220215,226.72056108387187,1281167,313,0.004059872815808582,2
whitening_jit_velocity,0.75,23,8,5.592594623565674,226.72056108387187,1281167,313,0.004059872815808582,2
whitening_jit_velocity,0.75,23,9,5.507266521453857,226.72056108387187,1281167,313,0.004059872815808582,2
whitening_jit_velocity,0.75,23,10,5.5077056884765625,226.72056108387187,1281167,313,0.004059872815808582,2
whitening_jit_velocity,0.75,23,11,5.599267482757568,226.72056108387187,1281167,313,0.004059872815808582,2
whitening_jit_velocity,0.75,24,1,6.388824462890625,227.10576657904312,1281167,313,0.003672823553613561,2
whitening_jit_velocity,0.75,24,2,6.195089340209961,227.10576657904312,1281167,313,0.003672823553613561,2
whitening_jit_velocity,0.75,24,3,6.056005001068115,227.10576657904312,1281167,313,0.003672823553613561,2
whitening_jit_velocity,0.75,24,4,5.889769077301025,227.10576657904312,1281167,313,0.003672823553613561,2
whitening_jit_velocity,0.75,24,5,5.784172534942627,227.10576657904312,1281167,313,0.003672823553613561,2
whitening_jit_velocity,0.75,24,6,5.7006425857543945,227.10576657904312,1281167,313,0.003672823553613561,2
whitening_jit_velocity,0.75,24,7,5.6100592613220215,227.10576657904312,1281167,313,0.003672823553613561,2
whitening_jit_velocity,0.75,24,8,5.583372116088867,227.10576657904312,1281167,313,0.003672823553613561,2
whitening_jit_velocity,0.75,24,9,5.497283935546875,227.10576657904312,1281167,313,0.003672823553613561,2
whitening_jit_velocity,0.75,24,10,5.501893043518066,227.10576657904312,1281167,313,0.003672823553613561,2
whitening_jit_velocity,0.75,24,11,5.594926834106445,227.10576657904312,1281167,313,0.003672823553613561,2
whitening_jit_velocity,0.75,25,1,6.381533145904541,226.3718586084433,1281167,313,0.0032947058091394497,2
whitening_jit_velocity,0.75,25,2,6.187376022338867,226.3718586084433,1281167,313,0.0032947058091394497,2
whitening_jit_velocity,0.75,25,3,6.047588348388672,226.3718586084433,1281167,313,0.0032947058091394497,2
whitening_jit_velocity,0.75,25,4,5.8812127113342285,226.3718586084433,1281167,313,0.0032947058091394497,2
whitening_jit_velocity,0.75,25,5,5.775187015533447,226.3718586084433,1281167,313,0.0032947058091394497,2
whitening_jit_velocity,0.75,25,6,5.692221641540527,226.3718586084433,1281167,313,0.0032947058091394497,2
whitening_jit_velocity,0.75,25,7,5.60350227355957,226.3718586084433,1281167,313,0.0032947058091394497,2
whitening_jit_velocity,0.75,25,8,5.576516628265381,226.3718586084433,1281167,313,0.0032947058091394497,2
whitening_jit_velocity,0.75,25,9,5.489758014678955,226.3718586084433,1281167,313,0.0032947058091394497,2
whitening_jit_velocity,0.75,25,10,5.496161460876465,226.3718586084433,1281167,313,0.0032947058091394497,2
whitening_jit_velocity,0.75,25,11,5.589487552642822,226.3718586084433,1281167,313,0.0032947058091394497,2
whitening_jit_velocity,0.75,26,1,6.373772621154785,228.81292250705883,1281167,313,0.002927971821054881,2
whitening_jit_velocity,0.75,26,2,6.178773880004883,228.81292250705883,1281167,313,0.002927971821054881,2
whitening_jit_velocity,0.75,26,3,6.038585662841797,228.81292250705883,1281167,313,0.002927971821054881,2
whitening_jit_velocity,0.75,26,4,5.872183322906494,228.81292250705883,1281167,313,0.002927971821054881,2
whitening_jit_velocity,0.75,26,5,5.765472888946533,228.81292250705883,1281167,313,0.002927971821054881,2
whitening_jit_velocity,0.75,26,6,5.682094573974609,228.81292250705883,1281167,313,0.002927971821054881,2
whitening_jit_velocity,0.75,26,7,5.596340656280518,228.81292250705883,1281167,313,0.002927971821054881,2
whitening_jit_velocity,0.75,26,8,5.5677032470703125,228.81292250705883,1281167,313,0.002927971821054881,2
whitening_jit_velocity,0.75,26,9,5.480782508850098,228.81292250705883,1281167,313,0.002927971821054881,2
whitening_jit_velocity,0.75,26,10,5.4912800788879395,228.81292250705883,1281167,313,0.002927971821054881,2
whitening_jit_velocity,0.75,26,11,5.585204601287842,228.81292250705883,1281167,313,0.002927971821054881,2
whitening_jit_velocity,0.75,27,1,6.3658833503723145,227.58843746082857,1281167,313,0.0025749999999999987,2
whitening_jit_velocity,0.75,27,2,6.169890880584717,227.58843746082857,1281167,313,0.0025749999999999987,2
whitening_jit_velocity,0.75,27,3,6.0290422439575195,227.58843746082857,1281167,313,0.0025749999999999987,2
whitening_jit_velocity,0.75,27,4,5.86258602142334,227.58843746082857,1281167,313,0.0025749999999999987,2
whitening_jit_velocity,0.75,27,5,5.755809783935547,227.58843746082857,1281167,313,0.0025749999999999987,2
whitening_jit_velocity,0.75,27,6,5.673056602478027,227.58843746082857,1281167,313,0.0025749999999999987,2
whitening_jit_velocity,0.75,27,7,5.589278221130371,227.58843746082857,1281167,313,0.0025749999999999987,2
whitening_jit_velocity,0.75,27,8,5.560043811798096,227.58843746082857,1281167,313,0.0025749999999999987,2
whitening_jit_velocity,0.75,27,9,5.472692966461182,227.58843746082857,1281167,313,0.0025749999999999987,2
whitening_jit_velocity,0.75,27,10,5.486014366149902,227.58843746082857,1281167,313,0.0025749999999999987,2
whitening_jit_velocity,0.75,27,11,5.580706596374512,227.58843746082857,1281167,313,0.0025749999999999987,2
whitening_jit_velocity,0.75,28,1,6.357027530670166,226.5309460819699,1281167,313,0.0022380795036807794,2
whitening_jit_velocity,0.75,28,2,6.160182476043701,226.5309460819699,1281167,313,0.0022380795036807794,2
whitening_jit_velocity,0.75,28,3,6.019218444824219,226.5309460819699,1281167,313,0.0022380795036807794,2
whitening_jit_velocity,0.75,28,4,5.853151321411133,226.5309460819699,1281167,313,0.0022380795036807794,2
whitening_jit_velocity,0.75,28,5,5.745848655700684,226.5309460819699,1281167,313,0.0022380795036807794,2
whitening_jit_velocity,0.75,28,6,5.663551330566406,226.5309460819699,1281167,313,0.0022380795036807794,2
whitening_jit_velocity,0.75,28,7,5.582847595214844,226.5309460819699,1281167,313,0.0022380795036807794,2
whitening_jit_velocity,0.75,28,8,5.552174091339111,226.5309460819699,1281167,313,0.0022380795036807794,2
whitening_jit_velocity,0.75,28,9,5.463609218597412,226.5309460819699,1281167,313,0.0022380795036807794,2
whitening_jit_velocity,0.75,28,10,5.481476783752441,226.5309460819699,1281167,313,0.0022380795036807794,2
whitening_jit_velocity,0.75,28,11,5.577136039733887,226.5309460819699,1281167,313,0.0022380795036807794,2
whitening_jit_velocity,0.75,29,1,6.350780963897705,226.72154876496643,1281167,313,0.0019193953908028833,2
whitening_jit_velocity,0.75,29,2,6.153326034545898,226.72154876496643,1281167,313,0.0019193953908028833,2
whitening_jit_velocity,0.75,29,3,6.011129856109619,226.72154876496643,1281167,313,0.0019193953908028833,2
whitening_jit_velocity,0.75,29,4,5.844987392425537,226.72154876496643,1281167,313,0.0019193953908028833,2
whitening_jit_velocity,0.75,29,5,5.737905502319336,226.72154876496643,1281167,313,0.0019193953908028833,2
whitening_jit_velocity,0.75,29,6,5.655252933502197,226.72154876496643,1281167,313,0.0019193953908028833,2
whitening_jit_velocity,0.75,29,7,5.57594108581543,226.72154876496643,1281167,313,0.0019193953908028833,2
whitening_jit_velocity,0.75,29,8,5.544430732727051,226.72154876496643,1281167,313,0.0019193953908028833,2
whitening_jit_velocity,0.75,29,9,5.455744743347168,226.72154876496643,1281167,313,0.0019193953908028833,2
whitening_jit_velocity,0.75,29,10,5.4758195877075195,226.72154876496643,1281167,313,0.0019193953908028833,2
whitening_jit_velocity,0.75,29,11,5.572170257568359,226.72154876496643,1281167,313,0.0019193953908028833,2
whitening_jit_velocity,0.75,30,1,6.343466281890869,226.75681180600077,1281167,313,0.0016210144501274833,2
whitening_jit_velocity,0.75,30,2,6.145140171051025,226.75681180600077,1281167,313,0.0016210144501274833,2
whitening_jit_velocity,0.75,30,3,6.003132343292236,226.75681180600077,1281167,313,0.0016210144501274833,2
whitening_jit_velocity,0.75,30,4,5.837256908416748,226.75681180600077,1281167,313,0.0016210144501274833,2
whitening_jit_velocity,0.75,30,5,5.729629993438721,226.75681180600077,1281167,313,0.0016210144501274833,2
whitening_jit_velocity,0.75,30,6,5.6467156410217285,226.75681180600077,1281167,313,0.0016210144501274833,2
whitening_jit_velocity,0.75,30,7,5.57025671005249,226.75681180600077,1281167,313,0.0016210144501274833,2
whitening_jit_velocity,0.75,30,8,5.537680149078369,226.75681180600077,1281167,313,0.0016210144501274833,2
whitening_jit_velocity,0.75,30,9,5.44900369644165,226.75681180600077,1281167,313,0.0016210144501274833,2
whitening_jit_velocity,0.75,30,10,5.4723734855651855,226.75681180600077,1281167,313,0.0016210144501274833,2
whitening_jit_velocity,0.75,30,11,5.569235801696777,226.75681180600077,1281167,313,0.0016210144501274833,2
whitening_jit_velocity,0.75,31,1,6.337665557861328,227.33134826039895,1281167,313,0.0013448717965530508,2
whitening_jit_velocity,0.75,31,2,6.139143466949463,227.33134826039895,1281167,313,0.0013448717965530508,2
whitening_jit_velocity,0.75,31,3,5.995523929595947,227.33134826039895,1281167,313,0.0013448717965530508,2
whitening_jit_velocity,0.75,31,4,5.829505920410156,227.33134826039895,1281167,313,0.0013448717965530508,2
whitening_jit_velocity,0.75,31,5,5.7220025062561035,227.33134826039895,1281167,313,0.0013448717965530508,2
whitening_jit_velocity,0.75,31,6,5.639450550079346,227.33134826039895,1281167,313,0.0013448717965530508,2
whitening_jit_velocity,0.75,31,7,5.56504487991333,227.33134826039895,1281167,313,0.0013448717965530508,2
whitening_jit_velocity,0.75,31,8,5.531947612762451,227.33134826039895,1281167,313,0.0013448717965530508,2
whitening_jit_velocity,0.75,31,9,5.442691802978516,227.33134826039895,1281167,313,0.0013448717965530508,2
whitening_jit_velocity,0.75,31,10,5.468145370483398,227.33134826039895,1281167,313,0.0013448717965530508,2
whitening_jit_velocity,0.75,31,11,5.566078186035156,227.33134826039895,1281167,313,0.0013448717965530508,2
whitening_jit_velocity,0.75,32,1,6.331705093383789,228.35286593064666,1281167,313,0.0010927583211526703,2
whitening_jit_velocity,0.75,32,2,6.132628440856934,228.35286593064666,1281167,313,0.0010927583211526703,2
whitening_jit_velocity,0.75,32,3,5.989280700683594,228.35286593064666,1281167,313,0.0010927583211526703,2
whitening_jit_velocity,0.75,32,4,5.823176860809326,228.35286593064666,1281167,313,0.0010927583211526703,2
whitening_jit_velocity,0.75,32,5,5.7151079177856445,228.35286593064666,1281167,313,0.0010927583211526703,2
whitening_jit_velocity,0.75,32,6,5.6325836181640625,228.35286593064666,1281167,313,0.0010927583211526703,2
whitening_jit_velocity,0.75,32,7,5.559598445892334,228.35286593064666,1281167,313,0.0010927583211526703,2
whitening_jit_velocity,0.75,32,8,5.525867938995361,228.35286593064666,1281167,313,0.0010927583211526703,2
whitening_jit_velocity,0.75,32,9,5.435657501220703,228.35286593064666,1281167,313,0.0010927583211526703,2
whitening_jit_velocity,0.75,32,10,5.464122772216797,228.35286593064666,1281167,313,0.0010927583211526703,2
whitening_jit_velocity,0.75,32,11,5.56304407119751,228.35286593064666,1281167,313,0.0010927583211526703,2
whitening_jit_velocity,0.75,33,1,6.326199531555176,228.57960911188275,1281167,313,0.0008663090765582168,2
whitening_jit_velocity,0.75,33,2,6.126529693603516,228.57960911188275,1281167,313,0.0008663090765582168,2
whitening_jit_velocity,0.75,33,3,5.982913970947266,228.57960911188275,1281167,313,0.0008663090765582168,2
whitening_jit_velocity,0.75,33,4,5.8162641525268555,228.57960911188275,1281167,313,0.0008663090765582168,2
whitening_jit_velocity,0.75,33,5,5.707892417907715,228.57960911188275,1281167,313,0.0008663090765582168,2
whitening_jit_velocity,0.75,33,6,5.625308513641357,228.57960911188275,1281167,313,0.0008663090765582168,2
whitening_jit_velocity,0.75,33,7,5.5544891357421875,228.57960911188275,1281167,313,0.0008663090765582168,2
whitening_jit_velocity,0.75,33,8,5.51990270614624,228.57960911188275,1281167,313,0.0008663090765582168,2
whitening_jit_velocity,0.75,33,9,5.429499626159668,228.57960911188275,1281167,313,0.0008663090765582168,2
whitening_jit_velocity,0.75,33,10,5.460470676422119,228.57960911188275,1281167,313,0.0008663090765582168,2
whitening_jit_velocity,0.75,33,11,5.559962749481201,228.57960911188275,1281167,313,0.0008663090765582168,2
whitening_jit_velocity,0.75,34,1,6.322354316711426,228.11161774676293,1281167,313,0.0006669926730166116,2
whitening_jit_velocity,0.75,34,2,6.1217570304870605,228.11161774676293,1281167,313,0.0006669926730166116,2
whitening_jit_velocity,0.75,34,3,5.978076934814453,228.11161774676293,1281167,313,0.0006669926730166116,2
whitening_jit_velocity,0.75,34,4,5.812289714813232,228.11161774676293,1281167,313,0.0006669926730166116,2
whitening_jit_velocity,0.75,34,5,5.704298973083496,228.11161774676293,1281167,313,0.0006669926730166116,2
whitening_jit_velocity,0.75,34,6,5.622095108032227,228.11161774676293,1281167,313,0.0006669926730166116,2
whitening_jit_velocity,0.75,34,7,5.553236484527588,228.11161774676293,1281167,313,0.0006669926730166116,2
whitening_jit_velocity,0.75,34,8,5.517563343048096,228.11161774676293,1281167,313,0.0006669926730166116,2
whitening_jit_velocity,0.75,34,9,5.426756858825684,228.11161774676293,1281167,313,0.0006669926730166116,2
whitening_jit_velocity,0.75,34,10,5.459422588348389,228.11161774676293,1281167,313,0.0006669926730166116,2
whitening_jit_velocity,0.75,34,11,5.559532165527344,228.11161774676293,1281167,313,0.0006669926730166116,2
whitening_jit_velocity,0.75,35,1,6.317885875701904,227.53544650087133,1281167,313,0.0004961017538888202,2
whitening_jit_velocity,0.75,35,2,6.116530418395996,227.53544650087133,1281167,313,0.0004961017538888202,2
whitening_jit_velocity,0.75,35,3,5.971722602844238,227.53544650087133,1281167,313,0.0004961017538888202,2
whitening_jit_velocity,0.75,35,4,5.805687427520752,227.53544650087133,1281167,313,0.0004961017538888202,2
whitening_jit_velocity,0.75,35,5,5.697142601013184,227.53544650087133,1281167,313,0.0004961017538888202,2
whitening_jit_velocity,0.75,35,6,5.614812850952148,227.53544650087133,1281167,313,0.0004961017538888202,2
whitening_jit_velocity,0.75,35,7,5.547745227813721,227.53544650087133,1281167,313,0.0004961017538888202,2
whitening_jit_velocity,0.75,35,8,5.511500358581543,227.53544650087133,1281167,313,0.0004961017538888202,2
whitening_jit_velocity,0.75,35,9,5.420332908630371,227.53544650087133,1281167,313,0.0004961017538888202,2
whitening_jit_velocity,0.75,35,10,5.455294609069824,227.53544650087133,1281167,313,0.0004961017538888202,2
whitening_jit_velocity,0.75,35,11,5.556027889251709,227.53544650087133,1281167,313,0.0004961017538888202,2
whitening_jit_velocity,0.75,36,1,6.31456995010376,228.10963178798556,1281167,313,0.00035474461236162987,2
whitening_jit_velocity,0.75,36,2,6.113062381744385,228.10963178798556,1281167,313,0.00035474461236162987,2
whitening_jit_velocity,0.75,36,3,5.968155384063721,228.10963178798556,1281167,313,0.00035474461236162987,2
whitening_jit_velocity,0.75,36,4,5.802028179168701,228.10963178798556,1281167,313,0.00035474461236162987,2
whitening_jit_velocity,0.75,36,5,5.6932220458984375,228.10963178798556,1281167,313,0.00035474461236162987,2
whitening_jit_velocity,0.75,36,6,5.611095905303955,228.10963178798556,1281167,313,0.00035474461236162987,2
whitening_jit_velocity,0.75,36,7,5.54482889175415,228.10963178798556,1281167,313,0.00035474461236162987,2
whitening_jit_velocity,0.75,36,8,5.50836181640625,228.10963178798556,1281167,313,0.00035474461236162987,2
whitening_jit_velocity,0.75,36,9,5.416862487792969,228.10963178798556,1281167,313,0.00035474461236162987,2
whitening_jit_velocity,0.75,36,10,5.453616142272949,228.10963178798556,1281167,313,0.00035474461236162987,2
whitening_jit_velocity,0.75,36,11,5.554637908935547,228.10963178798556,1281167,313,0.00035474461236162987,2
whitening_jit_velocity,0.75,37,1,6.311938285827637,227.91869028937072,1281167,313,0.00024383800374104254,2
whitening_jit_velocity,0.75,37,2,6.110194683074951,227.91869028937072,1281167,313,0.00024383800374104254,2
whitening_jit_velocity,0.75,37,3,5.965188503265381,227.91869028937072,1281167,313,0.00024383800374104254,2
whitening_jit_velocity,0.75,37,4,5.798849582672119,227.91869028937072,1281167,313,0.00024383800374104254,2
whitening_jit_velocity,0.75,37,5,5.690408706665039,227.91869028937072,1281167,313,0.00024383800374104254,2
whitening_jit_velocity,0.75,37,6,5.608069896697998,227.91869028937072,1281167,313,0.00024383800374104254,2
whitening_jit_velocity,0.75,37,7,5.543213367462158,227.91869028937072,1281167,313,0.00024383800374104254,2
whitening_jit_velocity,0.75,37,8,5.506102561950684,227.91869028937072,1281167,313,0.00024383800374104254,2
whitening_jit_velocity,0.75,37,9,5.4142537117004395,227.91869028937072,1281167,313,0.00024383800374104254,2
whitening_jit_velocity,0.75,37,10,5.452513217926025,227.91869028937072,1281167,313,0.00024383800374104254,2
whitening_jit_velocity,0.75,37,11,5.553776264190674,227.91869028937072,1281167,313,0.00024383800374104254,2
whitening_jit_velocity,0.75,38,1,6.309999465942383,227.61276317667216,1281167,313,0.00016410119994233143,2
whitening_jit_velocity,0.75,38,2,6.1082444190979,227.61276317667216,1281167,313,0.00016410119994233143,2
whitening_jit_velocity,0.75,38,3,5.962610721588135,227.61276317667216,1281167,313,0.00016410119994233143,2
whitening_jit_velocity,0.75,38,4,5.796528339385986,227.61276317667216,1281167,313,0.00016410119994233143,2
whitening_jit_velocity,0.75,38,5,5.687532424926758,227.61276317667216,1281167,313,0.00016410119994233143,2
whitening_jit_velocity,0.75,38,6,5.604941368103027,227.61276317667216,1281167,313,0.00016410119994233143,2
whitening_jit_velocity,0.75,38,7,5.540899753570557,227.61276317667216,1281167,313,0.00016410119994233143,2
whitening_jit_velocity,0.75,38,8,5.503354072570801,227.61276317667216,1281167,313,0.00016410119994233143,2
whitening_jit_velocity,0.75,38,9,5.411066055297852,227.61276317667216,1281167,313,0.00016410119994233143,2
whitening_jit_velocity,0.75,38,10,5.450562000274658,227.61276317667216,1281167,313,0.00016410119994233143,2
whitening_jit_velocity,0.75,38,11,5.552243232727051,227.61276317667216,1281167,313,0.00016410119994233143,2
whitening_jit_velocity,0.75,39,1,6.308936595916748,227.6838626312092,1281167,313,0.00011605132473566085,2
whitening_jit_velocity,0.75,39,2,6.106752395629883,227.6838626312092,1281167,313,0.00011605132473566085,2
whitening_jit_velocity,0.75,39,3,5.9611663818359375,227.6838626312092,1281167,313,0.00011605132473566085,2
whitening_jit_velocity,0.75,39,4,5.794832706451416,227.6838626312092,1281167,313,0.00011605132473566085,2
whitening_jit_velocity,0.75,39,5,5.68628454208374,227.6838626312092,1281167,313,0.00011605132473566085,2
whitening_jit_velocity,0.75,39,6,5.60429573059082,227.6838626312092,1281167,313,0.00011605132473566085,2
whitening_jit_velocity,0.75,39,7,5.54036808013916,227.6838626312092,1281167,313,0.00011605132473566085,2
whitening_jit_velocity,0.75,39,8,5.503002643585205,227.6838626312092,1281167,313,0.00011605132473566085,2
whitening_jit_velocity,0.75,39,9,5.41033935546875,227.6838626312092,1281167,313,0.00011605132473566085,2
whitening_jit_velocity,0.75,39,10,5.449960231781006,227.6838626312092,1281167,313,0.00011605132473566085,2
whitening_jit_velocity,0.75,39,11,5.552576541900635,227.6838626312092,1281167,313,0.00011605132473566085,2
whitening_jit_velocity,0.75,40,1,6.308324813842773,229.19226902816445,1281167,313,0.0001,2
whitening_jit_velocity,0.75,40,2,6.106040954589844,229.19226902816445,1281167,313,0.0001,2
whitening_jit_velocity,0.75,40,3,5.9606428146362305,229.19226902816445,1281167,313,0.0001,2
whitening_jit_velocity,0.75,40,4,5.794867992401123,229.19226902816445,1281167,313,0.0001,2
whitening_jit_velocity,0.75,40,5,5.685810089111328,229.19226902816445,1281167,313,0.0001,2
whitening_jit_velocity,0.75,40,6,5.603414535522461,229.19226902816445,1281167,313,0.0001,2
whitening_jit_velocity,0.75,40,7,5.540195465087891,229.19226902816445,1281167,313,0.0001,2
whitening_jit_velocity,0.75,40,8,5.502283573150635,229.19226902816445,1281167,313,0.0001,2
whitening_jit_velocity,0.75,40,9,5.409543514251709,229.19226902816445,1281167,313,0.0001,2
whitening_jit_velocity,0.75,40,10,5.449990272521973,229.19226902816445,1281167,313,0.0001,2
whitening_jit_velocity,0.75,40,11,5.552120208740234,229.19226902816445,1281167,313,0.0001,2
