spectrum,component,eigenvalue,explained_variance_ratio_of_total,cumulative_explained_variance_of_total
ucf101_t16_r256_pt4_p16,1,709.144584936753,0.7473097599587439,0.7473097599587439
ucf101_t16_r256_pt4_p16,2,46.64632453717668,0.049156764830890154,0.7964665247896341
ucf101_t16_r256_pt4_p16,3,29.432421709105018,0.031016433700043682,0.8274829584896778
ucf101_t16_r256_pt4_p16,4,19.422014810486516,0.0204672806283,0.8479502391179778
ucf101_t16_r256_pt4_p16,5,17.778371564714856,0.018735178789624916,0.8666854179076027
ucf101_t16_r256_pt4_p16,6,10.621806733775054,0.011193457595468432,0.8778788755030711
ucf101_t16_r256_pt4_p16,7,8.997434723176438,0.009481664143033875,0.887360539646105
ucf101_t16_r256_pt4_p16,8,8.060840509395296,0.008494663731627,0.8958552033777321
ucf101_t16_r256_pt4_p16,9,5.895126646256768,0.006212394161246336,0.9020675975389784
ucf101_t16_r256_pt4_p16,10,4.82383859340027,0.0050834508757268354,0.9071510484147053
ucf101_t16_r256_pt4_p16,11,4.392819836317792,0.004629235288757713,0.911780283703463
ucf101_t16_r256_pt4_p16,12,4.14442048623283,0.0043674674312164236,0.9161477511346794
ucf101_t16_r256_pt4_p16,13,3.9787487151788516,0.0041928794359215975,0.920340630570601
ucf101_t16_r256_pt4_p16,14,3.5422357646403952,0.0037328739656480414,0.924073504536249
ucf101_t16_r256_pt4_p16,15,2.5818030613469567,0.0027207521103866624,0.9267942566466357
ucf101_t16_r256_pt4_p16,16,2.4911218420486287,0.0026251905540185154,0.9294194472006542
ucf101_t16_r256_pt4_p16,17,2.4480286684054477,0.0025797781657197058,0.9319992253663739
ucf101_t16_r256_pt4_p16,18,2.1281756984786466,0.0022427111539206836,0.9342419365202946
ucf101_t16_r256_pt4_p16,19,1.8112159523493903,0.0019086930751990297,0.9361506295954936
ucf101_t16_r256_pt4_p16,20,1.7061718777669785,0.0017979956746565554,0.9379486252701502
ucf101_t16_r256_pt4_p16,21,1.6188353580653454,0.0017059588249643582,0.9396545840951145
ucf101_t16_r256_pt4_p16,22,1.5552263720093211,0.001638926491769589,0.9412935105868842
ucf101_t16_r256_pt4_p16,23,1.5258084142766561,0.0016079253004770756,0.9429014358873612
ucf101_t16_r256_pt4_p16,24,1.4786904722064436,0.0015582715363136209,0.9444597074236748
ucf101_t16_r256_pt4_p16,25,1.461458372800493,0.0015401120292903886,0.9459998194529653
ucf101_t16_r256_pt4_p16,26,1.2922943909581976,0.0013618438772808714,0.9473616633302462
ucf101_t16_r256_pt4_p16,27,1.2555370051439714,0.001323108260097825,0.9486847715903439
ucf101_t16_r256_pt4_p16,28,1.1872130868026138,0.0012511072435213893,0.9499358788338653
ucf101_t16_r256_pt4_p16,29,1.06052751096985,0.0011176036262382344,0.9510534824601036
ucf101_t16_r256_pt4_p16,30,1.0108919290132836,0.0010652967263122025,0.9521187791864157
ucf101_t16_r256_pt4_p16,31,0.9892595858802253,0.0010425001605659481,0.9531612793469817
ucf101_t16_r256_pt4_p16,32,0.9510347725781028,0.0010022181409890451,0.9541634974879707
ucf101_t16_r256_pt4_p16,33,0.9252451422517213,0.0009750405486362081,0.9551385380366069
ucf101_t16_r256_pt4_p16,34,0.9089851508440651,0.0009579054671113727,0.9560964435037183
ucf101_t16_r256_pt4_p16,35,0.875711766333408,0.0009228413553352223,0.9570192848590535
ucf101_t16_r256_pt4_p16,36,0.8274972525049978,0.0008720320034470594,0.9578913168625006
ucf101_t16_r256_pt4_p16,37,0.814554546278234,0.0008583927387766508,0.9587497096012773
ucf101_t16_r256_pt4_p16,38,0.8002806888025678,0.0008433506821489789,0.9595930602834263
ucf101_t16_r256_pt4_p16,39,0.7490331835425826,0.0007893451074497945,0.960382405390876
ucf101_t16_r256_pt4_p16,40,0.7339368575760062,0.0007734363182212236,0.9611558417090973
ucf101_t16_r256_pt4_p16,41,0.6759908085007732,0.000712371693397455,0.9618682134024947
ucf101_t16_r256_pt4_p16,42,0.6644394753606127,0.0007001986835775369,0.9625684120860722
ucf101_t16_r256_pt4_p16,43,0.645471554618626,0.0006802099357287822,0.9632486220218011
ucf101_t16_r256_pt4_p16,44,0.6151862170356917,0.000648294683409129,0.9638969167052102
ucf101_t16_r256_pt4_p16,45,0.5954784068358913,0.0006275262262812517,0.9645244429314914
ucf101_t16_r256_pt4_p16,46,0.5766087989896618,0.0006076410823915342,0.9651320840138831
ucf101_t16_r256_pt4_p16,47,0.5684553590998124,0.0005990488357096183,0.9657311328495927
ucf101_t16_r256_pt4_p16,48,0.5543959509121782,0.0005842327697323254,0.966315365619325
ucf101_t16_r256_pt4_p16,49,0.5310952913220459,0.0005596781010581859,0.9668750437203831
ucf101_t16_r256_pt4_p16,50,0.5138109251104249,0.0005414635143025138,0.9674165072346856
ucf101_t16_r256_pt4_p16,51,0.5040488758393464,0.0005311760851203172,0.967947683319806
ucf101_t16_r256_pt4_p16,52,0.49657056772611624,0.0005232953048680165,0.968470978624674
ucf101_t16_r256_pt4_p16,53,0.4902096599330109,0.000516592061866578,0.9689875706865406
ucf101_t16_r256_pt4_p16,54,0.46828323622093065,0.0004934855885336542,0.9694810562750743
ucf101_t16_r256_pt4_p16,55,0.44635044407671715,0.0004703724040284393,0.9699514286791028
ucf101_t16_r256_pt4_p16,56,0.43846407067095516,0.00046206159697725007,0.97041349027608
ucf101_t16_r256_pt4_p16,57,0.42002030789331707,0.0004426252165452934,0.9708561154926253
ucf101_t16_r256_pt4_p16,58,0.4146571407190729,0.0004369734111747983,0.9712930889038002
ucf101_t16_r256_pt4_p16,59,0.4016027334683922,0.0004232164338867606,0.9717163053376869
ucf101_t16_r256_pt4_p16,60,0.39590830629362966,0.0004172155405633576,0.9721335208782503
ucf101_t16_r256_pt4_p16,61,0.3823594246342913,0.0004029374769418852,0.9725364583551922
ucf101_t16_r256_pt4_p16,62,0.3705797503856347,0.0003905238370126726,0.972926982192205
ucf101_t16_r256_pt4_p16,63,0.3615904739926904,0.0003810507702698544,0.9733080329624748
ucf101_t16_r256_pt4_p16,64,0.3574884916398846,0.0003767280249333675,0.9736847609874081
ucf101_t16_r256_pt4_p16,65,0.3553782959119947,0.00037450426140703947,0.9740592652488151
ucf101_t16_r256_pt4_p16,66,0.34752229322135664,0.0003662254595806114,0.9744254907083958
ucf101_t16_r256_pt4_p16,67,0.34123314479256484,0.00035959783793264446,0.9747850885463284
ucf101_t16_r256_pt4_p16,68,0.32870265017916855,0.00034639296953117924,0.9751314815158596
ucf101_t16_r256_pt4_p16,69,0.32107244420333564,0.0003383521164846259,0.9754698336323442
ucf101_t16_r256_pt4_p16,70,0.3136558840823361,0.0003305364074155958,0.9758003700397597
ucf101_t16_r256_pt4_p16,71,0.3061681704697949,0.0003226457154730958,0.976123015755233
ucf101_t16_r256_pt4_p16,72,0.3001217563763859,0.00031627389178475775,0.9764392896470176
ucf101_t16_r256_pt4_p16,73,0.29743120063633893,0.0003134385340777967,0.9767527281810954
ucf101_t16_r256_pt4_p16,74,0.29534251293180025,0.0003112374361067154,0.9770639656172022
ucf101_t16_r256_pt4_p16,75,0.2874937826185124,0.0003029662980468694,0.977366931915249
ucf101_t16_r256_pt4_p16,76,0.27113648280595726,0.0002857286711141558,0.9776526605863631
ucf101_t16_r256_pt4_p16,77,0.2684882004765116,0.0002829378619139452,0.9779355984482772
ucf101_t16_r256_pt4_p16,78,0.26624103020077317,0.00028056975206015806,0.9782161682003372
ucf101_t16_r256_pt4_p16,79,0.262518382694975,0.00027664675684442624,0.9784928149571817
ucf101_t16_r256_pt4_p16,80,0.2508586627396467,0.00026435952698173227,0.9787571744841634
ucf101_t16_r256_pt4_p16,81,0.24757815767976052,0.0002609024697032569,0.9790180769538668
ucf101_t16_r256_pt4_p16,82,0.24697445104284724,0.00026026627241500233,0.9792783432262818
ucf101_t16_r256_pt4_p16,83,0.24329766771751973,0.0002563916097261293,0.979534734836008
ucf101_t16_r256_pt4_p16,84,0.23739208996898734,0.00025016820199882207,0.9797849030380068
ucf101_t16_r256_pt4_p16,85,0.2310630673170869,0.00024349856015253062,0.9800284015981594
ucf101_t16_r256_pt4_p16,86,0.22901541838718656,0.00024134070960584684,0.9802697423077653
ucf101_t16_r256_pt4_p16,87,0.22858559563606867,0.0002408877543922195,0.9805106300621576
ucf101_t16_r256_pt4_p16,88,0.22534367599032623,0.00023747135914119828,0.9807481014212988
ucf101_t16_r256_pt4_p16,89,0.21689505327338665,0.0002285680433030872,0.9809766694646017
ucf101_t16_r256_pt4_p16,90,0.21278664386631505,0.00022423852501721498,0.981200907989619
ucf101_t16_r256_pt4_p16,91,0.20967913263816648,0.0002209637718578379,0.9814218717614769
ucf101_t16_r256_pt4_p16,92,0.20711753934886887,0.00021826431718131707,0.9816401360786581
ucf101_t16_r256_pt4_p16,93,0.20228721620909554,0.00021317403276995247,0.9818533101114281
ucf101_t16_r256_pt4_p16,94,0.19918013349395003,0.0002098997311855521,0.9820632098426136
ucf101_t16_r256_pt4_p16,95,0.19760871307394445,0.00020824373910465174,0.9822714535817183
ucf101_t16_r256_pt4_p16,96,0.19415308410348853,0.00020460213299036657,0.9824760557147086
ucf101_t16_r256_pt4_p16,97,0.19074725673661852,0.0002010130087326899,0.9826770687234413
ucf101_t16_r256_pt4_p16,98,0.18710509202224831,0.00019717482778025558,0.9828742435512215
ucf101_t16_r256_pt4_p16,99,0.1844713872315414,0.00019439938066163884,0.9830686429318831
ucf101_t16_r256_pt4_p16,100,0.18190060695634444,0.0001916902445684182,0.9832603331764516
ucf101_t16_r256_pt4_p16,101,0.17880364903313695,0.00018842661267817266,0.9834487597891297
ucf101_t16_r256_pt4_p16,102,0.17565571452592463,0.00018510926071508814,0.9836338690498447
ucf101_t16_r256_pt4_p16,103,0.1722091805427182,0.0001814772390676136,0.9838153462889124
ucf101_t16_r256_pt4_p16,104,0.1706428386511066,0.0001798265988344403,0.9839951728877468
ucf101_t16_r256_pt4_p16,105,0.16872712479549318,0.0001778077839241977,0.984172980671671
ucf101_t16_r256_pt4_p16,106,0.16492944760379952,0.00017380572102925434,0.9843467863927002
ucf101_t16_r256_pt4_p16,107,0.1636100363824573,0.00017241530093150225,0.9845192016936318
ucf101_t16_r256_pt4_p16,108,0.16057476901999732,0.00016921667970216172,0.9846884183733339
ucf101_t16_r256_pt4_p16,109,0.15750977011236453,0.00016598672681724877,0.9848544051001512
ucf101_t16_r256_pt4_p16,110,0.15546199482409664,0.0001638287431117659,0.9850182338432629
ucf101_t16_r256_pt4_p16,111,0.15245499637602347,0.00016065991219045764,0.9851788937554534
ucf101_t16_r256_pt4_p16,112,0.1507486664248603,0.00015886174993511463,0.9853377555053886
ucf101_t16_r256_pt4_p16,113,0.14550587908536863,0.0001533368030746099,0.9854910923084631
ucf101_t16_r256_pt4_p16,114,0.14480545904107026,0.00015259868739792937,0.9856436909958611
ucf101_t16_r256_pt4_p16,115,0.14307573220969008,0.00015077586907482506,0.985794466864936
ucf101_t16_r256_pt4_p16,116,0.1396745428810942,0.00014719163246819015,0.9859416584974041
ucf101_t16_r256_pt4_p16,117,0.13944003385381734,0.0001469445024913067,0.9860886029998954
ucf101_t16_r256_pt4_p16,118,0.13700654457107303,0.0001443800462007577,0.9862329830460961
ucf101_t16_r256_pt4_p16,119,0.13642316689148692,0.00014376527194603266,0.9863767483180421
ucf101_t16_r256_pt4_p16,120,0.13451810807695816,0.00014175768551636297,0.9865185060035585
ucf101_t16_r256_pt4_p16,121,0.13235650221250003,0.00013947974503143677,0.9866579857485899
ucf101_t16_r256_pt4_p16,122,0.13007065696150022,0.00013707087876902309,0.9867950566273589
ucf101_t16_r256_pt4_p16,123,0.12878032656865898,0.00013571110458950557,0.9869307677319483
ucf101_t16_r256_pt4_p16,124,0.12716735057510795,0.0001340113204719023,0.9870647790524202
ucf101_t16_r256_pt4_p16,125,0.12500511166314532,0.0001317327128697356,0.98719651176529
ucf101_t16_r256_pt4_p16,126,0.12362470934971001,0.00013027801922416282,0.9873267897845142
ucf101_t16_r256_pt4_p16,127,0.1226600904346389,0.0001292614858610296,0.9874560512703752
ucf101_t16_r256_pt4_p16,128,0.12009359895901213,0.00012655686938460562,0.9875826081397598
ucf101_t16_r256_pt4_p16,129,0.11899588768851077,0.00012540008082062676,0.9877080082205804
ucf101_t16_r256_pt4_p16,130,0.11800160075686052,0.0001243522827495353,0.9878323605033299
ucf101_t16_r256_pt4_p16,131,0.11667916450191494,0.00012295867481507965,0.9879553191781449
ucf101_t16_r256_pt4_p16,132,0.11625004508727935,0.00012250646079052562,0.9880778256389355
ucf101_t16_r256_pt4_p16,133,0.11416377208226157,0.00012030790747473416,0.9881981335464103
ucf101_t16_r256_pt4_p16,134,0.10961171631055026,0.00011551086639406402,0.9883136444128043
ucf101_t16_r256_pt4_p16,135,0.10770401397535848,0.00011350049417312678,0.9884271449069774
ucf101_t16_r256_pt4_p16,136,0.10750867623964902,0.00011329464363222907,0.9885404395506096
ucf101_t16_r256_pt4_p16,137,0.10370566984586305,0.00010928696472495061,0.9886497265153346
ucf101_t16_r256_pt4_p16,138,0.10326540103710158,0.00010882300126138951,0.9887585495165959
ucf101_t16_r256_pt4_p16,139,0.10262580007794454,0.00010814897786840307,0.9888666984944644
ucf101_t16_r256_pt4_p16,140,0.10179976611524816,0.00010727848790698644,0.9889739769823713
ucf101_t16_r256_pt4_p16,141,0.10072706297230634,0.00010614805337320186,0.9890801250357446
ucf101_t16_r256_pt4_p16,142,0.10013717148682197,0.00010552641474860692,0.9891856514504932
ucf101_t16_r256_pt4_p16,143,0.09831955417587303,0.00010361097580259387,0.9892892624262958
ucf101_t16_r256_pt4_p16,144,0.09813869291920224,0.00010342038084469748,0.9893926828071404
ucf101_t16_r256_pt4_p16,145,0.09420144200974716,9.927123256867328e-05,0.9894919540397091
ucf101_t16_r256_pt4_p16,146,0.09290676816194171,9.790688117548786e-05,0.9895898609208846
ucf101_t16_r256_pt4_p16,147,0.09242633131281028,9.740058788350458e-05,0.9896872615087681
ucf101_t16_r256_pt4_p16,148,0.08992497785586868,9.476461506331346e-05,0.9897820261238314
ucf101_t16_r256_pt4_p16,149,0.0883765589176505,9.313286237195136e-05,0.9898751589862034
ucf101_t16_r256_pt4_p16,150,0.08780995743473498,9.253576718546321e-05,0.9899676947533887
ucf101_t16_r256_pt4_p16,151,0.08692851108334936,9.160688261768604e-05,0.9900593016360064
ucf101_t16_r256_pt4_p16,152,0.08650597868012265,9.116161010833126e-05,0.9901504632461149
ucf101_t16_r256_pt4_p16,153,0.08458636460515433,8.913868507435396e-05,0.9902396019311891
ucf101_t16_r256_pt4_p16,154,0.08314762193741995,8.762251127777498e-05,0.9903272244424669
ucf101_t16_r256_pt4_p16,155,0.08257901138682483,8.702329889837968e-05,0.9904142477413652
ucf101_t16_r256_pt4_p16,156,0.08199840780213766,8.64114480364818e-05,0.9905006591894018
ucf101_t16_r256_pt4_p16,157,0.08077280885928834,8.511988906354245e-05,0.9905857790784653
ucf101_t16_r256_pt4_p16,158,0.08042590090102156,8.475431100156903e-05,0.9906705333894669
ucf101_t16_r256_pt4_p16,159,0.08002183757151718,8.432850154579073e-05,0.9907548618910126
ucf101_t16_r256_pt4_p16,160,0.07921526774622582,8.347852325457638e-05,0.9908383404142672
ucf101_t16_r256_pt4_p16,161,0.07775851188474625,8.194336681922422e-05,0.9909202837810864
ucf101_t16_r256_pt4_p16,162,0.07569231078720971,7.976596565305126e-05,0.9910000497467395
ucf101_t16_r256_pt4_p16,163,0.07548680643673174,7.954940134432166e-05,0.9910795991480839
ucf101_t16_r256_pt4_p16,164,0.0741932575870391,7.818623549508242e-05,0.9911577853835789
ucf101_t16_r256_pt4_p16,165,0.07323754750199662,7.717909042281632e-05,0.9912349644740017
ucf101_t16_r256_pt4_p16,166,0.07242069996820408,7.631828129112727e-05,0.9913112827552929
ucf101_t16_r256_pt4_p16,167,0.07080084757979194,7.461125070065771e-05,0.9913858940059935
ucf101_t16_r256_pt4_p16,168,0.07039263297125985,7.418106654978955e-05,0.9914600750725433
ucf101_t16_r256_pt4_p16,169,0.07021040397744896,7.398903024504292e-05,0.9915340641027882
ucf101_t16_r256_pt4_p16,170,0.07003361092669745,7.380272243824881e-05,0.9916078668252265
ucf101_t16_r256_pt4_p16,171,0.06923916150143304,7.296551685012935e-05,0.9916808323420766
ucf101_t16_r256_pt4_p16,172,0.06747921544281557,7.111085294301785e-05,0.9917519431950196
ucf101_t16_r256_pt4_p16,173,0.06620854719132334,6.97717990939434e-05,0.9918217149941135
ucf101_t16_r256_pt4_p16,174,0.06576849500727881,6.930806391354014e-05,0.9918910230580271
ucf101_t16_r256_pt4_p16,175,0.06514024699344496,6.864600446560034e-05,0.9919596690624928
ucf101_t16_r256_pt4_p16,176,0.06460987380256232,6.808708732742265e-05,0.9920277561498201
ucf101_t16_r256_pt4_p16,177,0.06408230733987035,6.753112797164221e-05,0.9920952872777917
ucf101_t16_r256_pt4_p16,178,0.06304278794904239,6.643566309334607e-05,0.992161722940885
ucf101_t16_r256_pt4_p16,179,0.062392495183040256,6.575037247534424e-05,0.9922274733133605
ucf101_t16_r256_pt4_p16,180,0.06217179042615115,6.551778969547678e-05,0.9922929911030559
ucf101_t16_r256_pt4_p16,181,0.06102171082512514,6.430581441027757e-05,0.9923572969174662
ucf101_t16_r256_pt4_p16,182,0.06074239473583016,6.401146591763235e-05,0.9924213083833838
ucf101_t16_r256_pt4_p16,183,0.05998283188636964,6.321102445229345e-05,0.9924845194078361
ucf101_t16_r256_pt4_p16,184,0.05947564639915096,6.267654294773292e-05,0.9925471959507839
ucf101_t16_r256_pt4_p16,185,0.059382803524903126,6.257870339915312e-05,0.9926097746541831
ucf101_t16_r256_pt4_p16,186,0.058774233344366114,6.193738081812301e-05,0.9926717120350013
ucf101_t16_r256_pt4_p16,187,0.05795973331986328,6.107904553540786e-05,0.9927327910805367
ucf101_t16_r256_pt4_p16,188,0.057465516738690534,6.055823090537472e-05,0.992793349311442
ucf101_t16_r256_pt4_p16,189,0.05638325408480766,5.9417722381069124e-05,0.9928527670338232
ucf101_t16_r256_pt4_p16,190,0.05606770636993835,5.908519232716545e-05,0.9929118522261503
ucf101_t16_r256_pt4_p16,191,0.05561703466398789,5.861026609696083e-05,0.9929704624922473
ucf101_t16_r256_pt4_p16,192,0.05508830334471705,5.805307919364096e-05,0.993028515571441
ucf101_t16_r256_pt4_p16,193,0.05474022484497653,5.76862675932801e-05,0.9930862018390343
ucf101_t16_r256_pt4_p16,194,0.05462415105572672,5.7563946874171014e-05,0.9931437657859084
ucf101_t16_r256_pt4_p16,195,0.053791436409744875,5.6686416684388456e-05,0.9932004522025928
ucf101_t16_r256_pt4_p16,196,0.05341309952807369,5.628771823807592e-05,0.9932567399208307
ucf101_t16_r256_pt4_p16,197,0.05261152125099971,5.5443000133259924e-05,0.9933121829209641
ucf101_t16_r256_pt4_p16,198,0.052025245882036865,5.482517223954707e-05,0.9933670080932037
ucf101_t16_r256_pt4_p16,199,0.051400791099774634,5.416711016962504e-05,0.9934211752033734
ucf101_t16_r256_pt4_p16,200,0.05122885517223751,5.3985920889659645e-05,0.9934751611242629
ucf101_t16_r256_pt4_p16,201,0.05067478997823984,5.3402036677718826e-05,0.9935285631609406
ucf101_t16_r256_pt4_p16,202,0.05057639185845204,5.3298342908012366e-05,0.9935818615038486
ucf101_t16_r256_pt4_p16,203,0.05013608192030321,5.2834336101537494e-05,0.9936346958399502
ucf101_t16_r256_pt4_p16,204,0.04923925557886256,5.1889243814036686e-05,0.9936865850837643
ucf101_t16_r256_pt4_p16,205,0.048635821465095576,5.125333371574503e-05,0.99373783841748
ucf101_t16_r256_pt4_p16,206,0.04785487740486393,5.0430360332616165e-05,0.9937882687778127
ucf101_t16_r256_pt4_p16,207,0.04747303047385204,5.002796293099047e-05,0.9938382967407436
ucf101_t16_r256_pt4_p16,208,0.046896832287909196,4.94207545602687e-05,0.9938877174953038
ucf101_t16_r256_pt4_p16,209,0.046406626402993346,4.890416647658546e-05,0.9939366216617804
ucf101_t16_r256_pt4_p16,210,0.04630762463566905,4.879983657187187e-05,0.9939854214983523
ucf101_t16_r256_pt4_p16,211,0.0462828762748957,4.8773756288750825e-05,0.9940341952546411
ucf101_t16_r256_pt4_p16,212,0.04525023495021172,4.7685539644549995e-05,0.9940818807942856
ucf101_t16_r256_pt4_p16,213,0.04503721120534372,4.7461051258085035e-05,0.9941293418455437
ucf101_t16_r256_pt4_p16,214,0.04435812804336875,4.674542078505138e-05,0.9941760872663287
ucf101_t16_r256_pt4_p16,215,0.043683519086766744,4.6034505312899495e-05,0.9942221217716417
ucf101_t16_r256_pt4_p16,216,0.043492053394456,4.5832735203389546e-05,0.994267954506845
ucf101_t16_r256_pt4_p16,217,0.042740256548213146,4.5040477696757675e-05,0.9943129949845417
ucf101_t16_r256_pt4_p16,218,0.04248014805689114,4.4766370528287344e-05,0.99435776135507
ucf101_t16_r256_pt4_p16,219,0.042145303897936394,4.4413505522522155e-05,0.9944021748605926
ucf101_t16_r256_pt4_p16,220,0.04153818929441558,4.37737168556383e-05,0.9944459485774482
ucf101_t16_r256_pt4_p16,221,0.04137240912766002,4.359901463093604e-05,0.9944895475920792
ucf101_t16_r256_pt4_p16,222,0.04125127774736963,4.347136412827252e-05,0.9945330189562075
ucf101_t16_r256_pt4_p16,223,0.040508405147276515,4.2688511158303044e-05,0.9945757074673658
ucf101_t16_r256_pt4_p16,224,0.040204079740442676,4.236780738144119e-05,0.9946180752747472
ucf101_t16_r256_pt4_p16,225,0.03994688260516211,4.209676825414427e-05,0.9946601720430014
ucf101_t16_r256_pt4_p16,226,0.03938943364684372,4.150931816839438e-05,0.9947016813611698
ucf101_t16_r256_pt4_p16,227,0.038887690701925555,4.098057211618948e-05,0.994742661933286
ucf101_t16_r256_pt4_p16,228,0.03868481704902358,4.0766780085519675e-05,0.9947834287133714
ucf101_t16_r256_pt4_p16,229,0.038554853884843414,4.0629822484643936e-05,0.9948240585358561
ucf101_t16_r256_pt4_p16,230,0.03823169258277348,4.028926909086828e-05,0.994864347804947
ucf101_t16_r256_pt4_p16,231,0.037872933930064426,3.991120254656401e-05,0.9949042590074936
ucf101_t16_r256_pt4_p16,232,0.0374679765264692,3.94844508988711e-05,0.9949437434583925
ucf101_t16_r256_pt4_p16,233,0.03696683411050674,3.895633769525487e-05,0.9949826997960879
ucf101_t16_r256_pt4_p16,234,0.03685671349397679,3.8840290540339563e-05,0.9950215400866282
ucf101_t16_r256_pt4_p16,235,0.03650319325126668,3.846774432997287e-05,0.9950600078309582
ucf101_t16_r256_pt4_p16,236,0.036430722112218365,3.839137289504051e-05,0.9950983992038532
ucf101_t16_r256_pt4_p16,237,0.03567612549554091,3.7596164938224195e-05,0.9951359953687915
ucf101_t16_r256_pt4_p16,238,0.03539476477928046,3.7299661779634656e-05,0.9951732950305712
ucf101_t16_r256_pt4_p16,239,0.035088658277029394,3.697708105127803e-05,0.9952102721116224
ucf101_t16_r256_pt4_p16,240,0.03498047000920482,3.686307024138719e-05,0.9952471351818638
ucf101_t16_r256_pt4_p16,241,0.034690871421357086,3.655788586042181e-05,0.9952836930677242
ucf101_t16_r256_pt4_p16,242,0.03431506512182162,3.616185418865507e-05,0.995319854921913
ucf101_t16_r256_pt4_p16,243,0.03380413839610341,3.562343009734365e-05,0.9953554783520103
ucf101_t16_r256_pt4_p16,244,0.033434612531294115,3.523401686456291e-05,0.9953907123688749
ucf101_t16_r256_pt4_p16,245,0.033235458855546844,3.5024145015043155e-05,0.99542573651389
ucf101_t16_r256_pt4_p16,246,0.03305217298551271,3.4830994954465235e-05,0.9954605675088445
ucf101_t16_r256_pt4_p16,247,0.03267736768481019,3.4436018153896064e-05,0.9954950035269983
ucf101_t16_r256_pt4_p16,248,0.0324749563299531,3.4222713301508786e-05,0.9955292262402997
ucf101_t16_r256_pt4_p16,249,0.03219031840298345,3.392275655728882e-05,0.995563148996857
ucf101_t16_r256_pt4_p16,250,0.03191200646972427,3.3629466262960315e-05,0.99559677846312
ucf101_t16_r256_pt4_p16,251,0.03134127504731647,3.3028018869381856e-05,0.9956298064819894
ucf101_t16_r256_pt4_p16,252,0.03097145667534777,3.263829738711331e-05,0.9956624447793766
ucf101_t16_r256_pt4_p16,253,0.030883412352601006,3.254551464140077e-05,0.995694990294018
ucf101_t16_r256_pt4_p16,254,0.03065319715521243,3.230290958235677e-05,0.9957272932036003
ucf101_t16_r256_pt4_p16,255,0.030426310702324547,3.206381241621165e-05,0.9957593570160165
ucf101_t16_r256_pt4_p16,256,0.030162186322848214,3.178547323007331e-05,0.9957911424892466
ucf101_t16_r256_pt4_p16,257,0.030023864853326022,3.1639707491489845e-05,0.995822782196738
ucf101_t16_r256_pt4_p16,258,0.029563869184754798,3.11549554959674e-05,0.9958539371522339
ucf101_t16_r256_pt4_p16,259,0.02937294452834759,3.095375554016064e-05,0.9958848909077742
ucf101_t16_r256_pt4_p16,260,0.029035966897643047,3.05986422421641e-05,0.9959154895500163
ucf101_t16_r256_pt4_p16,261,0.02879630595668763,3.0346083082775117e-05,0.9959458356330991
ucf101_t16_r256_pt4_p16,262,0.02855372361801345,3.0090445300106296e-05,0.9959759260783991
ucf101_t16_r256_pt4_p16,263,0.028474170386329718,3.0006610624165262e-05,0.9960059326890233
ucf101_t16_r256_pt4_p16,264,0.02814838822497763,2.9663295320106945e-05,0.9960355959843433
ucf101_t16_r256_pt4_p16,265,0.02777638101286054,2.927126719735827e-05,0.9960648672515406
ucf101_t16_r256_pt4_p16,266,0.0276063111254166,2.9092044385167893e-05,0.9960939592959258
ucf101_t16_r256_pt4_p16,267,0.027459688695457504,2.8937530940004843e-05,0.9961228968268658
ucf101_t16_r256_pt4_p16,268,0.02685564087661595,2.8300974107885276e-05,0.9961511978009737
ucf101_t16_r256_pt4_p16,269,0.026575264119295786,2.8005507863537334e-05,0.9961792033088372
ucf101_t16_r256_pt4_p16,270,0.026409942809073564,2.783128919038868e-05,0.9962070345980276
ucf101_t16_r256_pt4_p16,271,0.026227689200146138,2.7639226945774182e-05,0.9962346738249734
ucf101_t16_r256_pt4_p16,272,0.025982886657246563,2.7381249470577233e-05,0.996262055074444
ucf101_t16_r256_pt4_p16,273,0.02580573717063115,2.719456604503689e-05,0.9962892496404891
ucf101_t16_r256_pt4_p16,274,0.025581017880956746,2.695775267581451e-05,0.996316207393165
ucf101_t16_r256_pt4_p16,275,0.025318232296706416,2.6680824336998742e-05,0.996342888217502
ucf101_t16_r256_pt4_p16,276,0.024816369285541772,2.6151951756749012e-05,0.9963690401692588
ucf101_t16_r256_pt4_p16,277,0.02463858447665171,2.5964598816773037e-05,0.9963950047680755
ucf101_t16_r256_pt4_p16,278,0.024581828656168137,2.5904788476987926e-05,0.9964209095565526
ucf101_t16_r256_pt4_p16,279,0.024400560089456375,2.571376428819078e-05,0.9964466233208408
ucf101_t16_r256_pt4_p16,280,0.02420408217762681,2.5506712208480345e-05,0.9964721300330492
ucf101_t16_r256_pt4_p16,281,0.024089946210548472,2.5386433602436163e-05,0.9964975164666517
ucf101_t16_r256_pt4_p16,282,0.023808538599991665,2.5089881025764472e-05,0.9965226063476774
ucf101_t16_r256_pt4_p16,283,0.023746405965099207,2.502440449889904e-05,0.9965476307521763
ucf101_t16_r256_pt4_p16,284,0.023488043422716827,2.475213724391136e-05,0.9965723828894203
ucf101_t16_r256_pt4_p16,285,0.02290329291453605,2.413591627686653e-05,0.9965965188056971
ucf101_t16_r256_pt4_p16,286,0.022833473942531175,2.406233974491828e-05,0.996620581145442
ucf101_t16_r256_pt4_p16,287,0.02269662249809949,2.391812314613064e-05,0.9966444992685882
ucf101_t16_r256_pt4_p16,288,0.02258373423426588,2.379915939298405e-05,0.9966682984279811
ucf101_t16_r256_pt4_p16,289,0.022418257229216063,2.362477664572878e-05,0.9966919232046269
ucf101_t16_r256_pt4_p16,290,0.022175653361325015,2.336911617517059e-05,0.9967152923208019
ucf101_t16_r256_pt4_p16,291,0.021929181639526306,2.3109379688188268e-05,0.9967384017004901
ucf101_t16_r256_pt4_p16,292,0.021835673940369033,2.3010839534747275e-05,0.9967614125400248
ucf101_t16_r256_pt4_p16,293,0.021801583035527646,2.29749139048335e-05,0.9967843874539297
ucf101_t16_r256_pt4_p16,294,0.021622578942400106,2.2786276060438616e-05,0.9968071737299901
ucf101_t16_r256_pt4_p16,295,0.021328600401374485,2.247647600330856e-05,0.9968296502059935
ucf101_t16_r256_pt4_p16,296,0.021029755153030072,2.2161547319442216e-05,0.9968518117533128
ucf101_t16_r256_pt4_p16,297,0.020900489017346792,2.2025324260167382e-05,0.9968738370775729
ucf101_t16_r256_pt4_p16,298,0.020691620805097934,2.180521505130608e-05,0.9968956422926243
ucf101_t16_r256_pt4_p16,299,0.020652849159026192,2.1764356769180632e-05,0.9969174066493934
ucf101_t16_r256_pt4_p16,300,0.020452760146688436,2.1553499244556305e-05,0.9969389601486379
ucf101_t16_r256_pt4_p16,301,0.020286041359602502,2.1377807884283257e-05,0.9969603379565222
ucf101_t16_r256_pt4_p16,302,0.020197787423579916,2.1284804244199996e-05,0.9969816227607664
ucf101_t16_r256_pt4_p16,303,0.020027128997444677,2.110496121898471e-05,0.9970027277219854
ucf101_t16_r256_pt4_p16,304,0.01993449452985871,2.1007341293223382e-05,0.9970237350632786
ucf101_t16_r256_pt4_p16,305,0.019821110223183464,2.0887854800899502e-05,0.9970446229180795
ucf101_t16_r256_pt4_p16,306,0.01965355171187694,2.0711278523616512e-05,0.997065334196603
ucf101_t16_r256_pt4_p16,307,0.019311581226978815,2.035090366295959e-05,0.997085685100266
ucf101_t16_r256_pt4_p16,308,0.019155689744479225,2.0186622317743124e-05,0.9971058717225837
ucf101_t16_r256_pt4_p16,309,0.018994454894599572,2.0016710032547724e-05,0.9971258884326163
ucf101_t16_r256_pt4_p16,310,0.018795995718171775,1.9807570059334652e-05,0.9971456960026756
ucf101_t16_r256_pt4_p16,311,0.018653570525237972,1.9657479740654535e-05,0.9971653534824162
ucf101_t16_r256_pt4_p16,312,0.018505792869212067,1.9501748896764872e-05,0.997184855231313
ucf101_t16_r256_pt4_p16,313,0.018371855007763102,1.93606026859428e-05,0.9972042158339989
ucf101_t16_r256_pt4_p16,314,0.018227761843005987,1.9208754627516267e-05,0.9972234245886265
ucf101_t16_r256_pt4_p16,315,0.018068154494685653,1.9040557433749978e-05,0.9972424651460602
ucf101_t16_r256_pt4_p16,316,0.017964054662701068,1.8930855093628348e-05,0.9972613960011538
ucf101_t16_r256_pt4_p16,317,0.01788157067495926,1.8843931932415365e-05,0.9972802399330862
ucf101_t16_r256_pt4_p16,318,0.0175292758777876,1.84726771193612e-05,0.9972987126102056
ucf101_t16_r256_pt4_p16,319,0.017513688235178,1.8456250571511383e-05,0.9973171688607771
ucf101_t16_r256_pt4_p16,320,0.017407435572002444,1.834427953781903e-05,0.9973355131403149
ucf101_t16_r256_pt4_p16,321,0.017257092943618255,1.818584567832707e-05,0.9973536989859932
ucf101_t16_r256_pt4_p16,322,0.017169067245517686,1.8093082559613268e-05,0.9973717920685529
ucf101_t16_r256_pt4_p16,323,0.017092642182992293,1.8012544406542866e-05,0.9973898046129595
ucf101_t16_r256_pt4_p16,324,0.016817711373685516,1.772281720355416e-05,0.997407527430163
ucf101_t16_r256_pt4_p16,325,0.01664085041168821,1.7536437830625484e-05,0.9974250638679937
ucf101_t16_r256_pt4_p16,326,0.016457984704288157,1.7343730545250094e-05,0.9974424075985389
ucf101_t16_r256_pt4_p16,327,0.016394755185955644,1.727709810220381e-05,0.9974596846966411
ucf101_t16_r256_pt4_p16,328,0.016312984561235564,1.7190926696217978e-05,0.9974768756233373
ucf101_t16_r256_pt4_p16,329,0.01622386140266856,1.7097007053242192e-05,0.9974939726303905
ucf101_t16_r256_pt4_p16,330,0.01611275901105074,1.69799252854696e-05,0.997510952555676
ucf101_t16_r256_pt4_p16,331,0.015994229446373062,1.6855016624515516e-05,0.9975278075723005
ucf101_t16_r256_pt4_p16,332,0.015867787895462233,1.6721770165236115e-05,0.9975445293424657
ucf101_t16_r256_pt4_p16,333,0.015725969252140377,1.6572319039824246e-05,0.9975611016615056
ucf101_t16_r256_pt4_p16,334,0.015571231906607776,1.6409253945620735e-05,0.9975775109154512
ucf101_t16_r256_pt4_p16,335,0.015538915305333505,1.6375198109823707e-05,0.997593886113561
ucf101_t16_r256_pt4_p16,336,0.015312008117702012,1.613607909301992e-05,0.997610022192654
ucf101_t16_r256_pt4_p16,337,0.0152169764248912,1.6035932926707086e-05,0.9976260581255807
ucf101_t16_r256_pt4_p16,338,0.01513631566153765,1.5950931113282527e-05,0.997642009056694
ucf101_t16_r256_pt4_p16,339,0.01491356476587267,1.5716192074296792e-05,0.9976577252487682
ucf101_t16_r256_pt4_p16,340,0.014834259248833538,1.5632618444657917e-05,0.9976733578672128
ucf101_t16_r256_pt4_p16,341,0.014710118335002244,1.55017964395451e-05,0.9976888596636523
ucf101_t16_r256_pt4_p16,342,0.014697544511707293,1.5488545910572716e-05,0.9977043482095629
ucf101_t16_r256_pt4_p16,343,0.0145281121699157,1.5309994955854764e-05,0.9977196582045188
ucf101_t16_r256_pt4_p16,344,0.014442396549424814,1.5219666239913893e-05,0.9977348778707587
ucf101_t16_r256_pt4_p16,345,0.014194119448666486,1.4958027210987927e-05,0.9977498358979697
ucf101_t16_r256_pt4_p16,346,0.014138885859121873,1.4899821026493229e-05,0.9977647357189962
ucf101_t16_r256_pt4_p16,347,0.01407015767491947,1.482739398702951e-05,0.9977795631129832
ucf101_t16_r256_pt4_p16,348,0.013988345539170288,1.4741178835948735e-05,0.9977943042918191
ucf101_t16_r256_pt4_p16,349,0.013882209127652003,1.4629330310416124e-05,0.9978089336221296
ucf101_t16_r256_pt4_p16,350,0.013798956313380044,1.4541596945498705e-05,0.9978234752190751
ucf101_t16_r256_pt4_p16,351,0.013630807428894116,1.4364398521973105e-05,0.997837839617597
ucf101_t16_r256_pt4_p16,352,0.01359696330150744,1.4328732950733348e-05,0.9978521683505478
ucf101_t16_r256_pt4_p16,353,0.013464047521214039,1.4188663828052745e-05,0.9978663570143759
ucf101_t16_r256_pt4_p16,354,0.013323423835590625,1.4040471971300261e-05,0.9978803974863472
ucf101_t16_r256_pt4_p16,355,0.013272368086491623,1.3986668472811879e-05,0.99789438415482
ucf101_t16_r256_pt4_p16,356,0.013135858691910052,1.3842812332521439e-05,0.9979082269671525
ucf101_t16_r256_pt4_p16,357,0.013025561857180403,1.3726579475588074e-05,0.997921953546628
ucf101_t16_r256_pt4_p16,358,0.012944644642927411,1.3641307409433431e-05,0.9979355948540376
ucf101_t16_r256_pt4_p16,359,0.012857869975692198,1.3549862650325766e-05,0.9979491447166879
ucf101_t16_r256_pt4_p16,360,0.012743603112925885,1.342944610396978e-05,0.9979625741627919
ucf101_t16_r256_pt4_p16,361,0.01268921738048668,1.3372133407070393e-05,0.997975946296199
ucf101_t16_r256_pt4_p16,362,0.012550635693197743,1.3226093446161984e-05,0.9979891723896451
ucf101_t16_r256_pt4_p16,363,0.012497569967528786,1.3170171796960868e-05,0.998002342561442
ucf101_t16_r256_pt4_p16,364,0.012333767246125267,1.2997553440968526e-05,0.998015340114883
ucf101_t16_r256_pt4_p16,365,0.012209771939219611,1.286688487914352e-05,0.9980282069997621
ucf101_t16_r256_pt4_p16,366,0.012205163103816289,1.2862028002630456e-05,0.9980410690277647
ucf101_t16_r256_pt4_p16,367,0.012117738372511122,1.2769898193908941e-05,0.9980538389259586
ucf101_t16_r256_pt4_p16,368,0.011949877039499058,1.2593002797477493e-05,0.998066431928756
ucf101_t16_r256_pt4_p16,369,0.011805248388205847,1.2440590433374445e-05,0.9980788725191894
ucf101_t16_r256_pt4_p16,370,0.011768102232690706,1.2401445123446024e-05,0.9980912739643129
ucf101_t16_r256_pt4_p16,371,0.011624601421799035,1.225022129854591e-05,0.9981035241856114
ucf101_t16_r256_pt4_p16,372,0.01156066875465519,1.2182847864197468e-05,0.9981157070334756
ucf101_t16_r256_pt4_p16,373,0.011416334056578062,1.2030745273463653e-05,0.9981277377787491
ucf101_t16_r256_pt4_p16,374,0.011394956826774584,1.2008217550891472e-05,0.9981397459962998
ucf101_t16_r256_pt4_p16,375,0.011335140286618866,1.1945181767759434e-05,0.9981516911780677
ucf101_t16_r256_pt4_p16,376,0.01125433309591241,1.186002564646554e-05,0.9981635512037141
ucf101_t16_r256_pt4_p16,377,0.011069515097919076,1.1665261000933102e-05,0.9981752164647151
ucf101_t16_r256_pt4_p16,378,0.0109648989862105,1.1555014595630965e-05,0.9981867714793108
ucf101_t16_r256_pt4_p16,379,0.010898719113454485,1.1485273014190547e-05,0.998198256752325
ucf101_t16_r256_pt4_p16,380,0.010826578696487526,1.1409250100341872e-05,0.9982096660024253
ucf101_t16_r256_pt4_p16,381,0.0107902511694667,1.137096747635448e-05,0.9982210369699017
ucf101_t16_r256_pt4_p16,382,0.010727292308991108,1.1304620257594449e-05,0.9982323415901593
ucf101_t16_r256_pt4_p16,383,0.010667676624891698,1.1241796140312245e-05,0.9982435833862996
ucf101_t16_r256_pt4_p16,384,0.010588062595260933,1.1157897394363248e-05,0.998254741283694
ucf101_t16_r256_pt4_p16,385,0.010542888789968707,1.111029239771455e-05,0.9982658515760916
ucf101_t16_r256_pt4_p16,386,0.010454769892656042,1.1017431063936714e-05,0.9982768690071556
ucf101_t16_r256_pt4_p16,387,0.010380020726457,1.0938659001601494e-05,0.9982878076661572
ucf101_t16_r256_pt4_p16,388,0.010333218173426367,1.0889337600276968e-05,0.9982986970037574
ucf101_t16_r256_pt4_p16,389,0.010228743631952655,1.0779240384322788e-05,0.9983094762441418
ucf101_t16_r256_pt4_p16,390,0.010125725030245223,1.0670677464787652e-05,0.9983201469216065
ucf101_t16_r256_pt4_p16,391,0.010103663680871873,1.0647428804282074e-05,0.9983307943504108
ucf101_t16_r256_pt4_p16,392,0.00999947595938263,1.053763384456491e-05,0.9983413319842553
ucf101_t16_r256_pt4_p16,393,0.009855267228162526,1.0385664000049124e-05,0.9983517176482555
ucf101_t16_r256_pt4_p16,394,0.009820648861418287,1.0349182520966676e-05,0.9983620668307763
ucf101_t16_r256_pt4_p16,395,0.009736294229403763,1.02602880400086e-05,0.9983723271188163
ucf101_t16_r256_pt4_p16,396,0.00965859946454284,1.0178411850989339e-05,0.9983825055306672
ucf101_t16_r256_pt4_p16,397,0.009598012827850791,1.0114564525796718e-05,0.998392620095193
ucf101_t16_r256_pt4_p16,398,0.009497819712199438,1.0008979156046472e-05,0.9984026290743491
ucf101_t16_r256_pt4_p16,399,0.009485754585264402,9.996264700764412e-06,0.99841262533905
ucf101_t16_r256_pt4_p16,400,0.009448500180620989,9.95700531589023e-06,0.9984225823443658
ucf101_t16_r256_pt4_p16,401,0.009366438182749312,9.87052685545513e-06,0.9984324528712212
ucf101_t16_r256_pt4_p16,402,0.009271320199974368,9.77028975517234e-06,0.9984422231609764
ucf101_t16_r256_pt4_p16,403,0.009246816038696863,9.744466814024287e-06,0.9984519676277905
ucf101_t16_r256_pt4_p16,404,0.009149322630937692,9.641726446689232e-06,0.9984616093542372
ucf101_t16_r256_pt4_p16,405,0.009114857312955867,9.605406253240675e-06,0.9984712147604905
ucf101_t16_r256_pt4_p16,406,0.009081509633367664,9.570263847929263e-06,0.9984807850243383
ucf101_t16_r256_pt4_p16,407,0.009003306930711925,9.487852384609695e-06,0.998490272876723
ucf101_t16_r256_pt4_p16,408,0.008820880913086353,9.295608452500765e-06,0.9984995684851754
ucf101_t16_r256_pt4_p16,409,0.008801191080998978,9.274858941042315e-06,0.9985088433441165
ucf101_t16_r256_pt4_p16,410,0.008760949030784997,9.232451119669272e-06,0.9985180757952362
ucf101_t16_r256_pt4_p16,411,0.008661654777624254,9.127812987938413e-06,0.9985272036082241
ucf101_t16_r256_pt4_p16,412,0.008622553404895136,9.086607233725595e-06,0.9985362902154578
ucf101_t16_r256_pt4_p16,413,0.00853232453220435,8.991522368630116e-06,0.9985452817378264
ucf101_t16_r256_pt4_p16,414,0.008458963761306608,8.914213423099822e-06,0.9985541959512495
ucf101_t16_r256_pt4_p16,415,0.008437913069117894,8.892029811942561e-06,0.9985630879810614
ucf101_t16_r256_pt4_p16,416,0.008393089134942348,8.844793515987314e-06,0.9985719327745775
ucf101_t16_r256_pt4_p16,417,0.00829414518077803,8.740524535857543e-06,0.9985806732991134
ucf101_t16_r256_pt4_p16,418,0.008202846409018999,8.644312191214377e-06,0.9985893176113046
ucf101_t16_r256_pt4_p16,419,0.00815400482466266,8.592842020734833e-06,0.9985979104533254
ucf101_t16_r256_pt4_p16,420,0.008145868645121715,8.584267963329786e-06,0.9986064947212886
ucf101_t16_r256_pt4_p16,421,0.008094280868142754,8.529903803961087e-06,0.9986150246250926
ucf101_t16_r256_pt4_p16,422,0.007939353872465263,8.366638852905723e-06,0.9986233912639454
ucf101_t16_r256_pt4_p16,423,0.007891404468752675,8.316108878991002e-06,0.9986317073728245
ucf101_t16_r256_pt4_p16,424,0.007874469025870608,8.29826199413307e-06,0.9986400056348186
ucf101_t16_r256_pt4_p16,425,0.007853481115290556,8.27614454340331e-06,0.9986482817793619
ucf101_t16_r256_pt4_p16,426,0.0077959271402884426,8.215493093533836e-06,0.9986564972724554
ucf101_t16_r256_pt4_p16,427,0.0077087474450675784,8.123621508397793e-06,0.9986646208939639
ucf101_t16_r256_pt4_p16,428,0.0076918185614353604,8.105781535799413e-06,0.9986727266754997
ucf101_t16_r256_pt4_p16,429,0.007671746882149526,8.084629626657493e-06,0.9986808113051263
ucf101_t16_r256_pt4_p16,430,0.007530164708080646,7.935427696944827e-06,0.9986887467328233
ucf101_t16_r256_pt4_p16,431,0.007506840655701811,7.91084837651464e-06,0.9986966575811997
ucf101_t16_r256_pt4_p16,432,0.007456435501238358,7.857730486760005e-06,0.9987045153116865
ucf101_t16_r256_pt4_p16,433,0.007423882718109187,7.823425758129215e-06,0.9987123387374446
ucf101_t16_r256_pt4_p16,434,0.007313947820986557,7.707574317781364e-06,0.9987200463117624
ucf101_t16_r256_pt4_p16,435,0.007257624164770015,7.64821940074292e-06,0.9987276945311632
ucf101_t16_r256_pt4_p16,436,0.007215687040153574,7.604025278421211e-06,0.9987352985564415
ucf101_t16_r256_pt4_p16,437,0.007164352969654879,7.549928479662595e-06,0.9987428484849211
ucf101_t16_r256_pt4_p16,438,0.007105819181293853,7.488244484242317e-06,0.9987503367294055
ucf101_t16_r256_pt4_p16,439,0.007088125407836472,7.469598456512472e-06,0.9987578063278619
ucf101_t16_r256_pt4_p16,440,0.007038545019292855,7.417349720432091e-06,0.9987652236775824
ucf101_t16_r256_pt4_p16,441,0.006924479721701719,7.297145587208601e-06,0.9987725208231696
ucf101_t16_r256_pt4_p16,442,0.006858924100622885,7.22806185380219e-06,0.9987797488850233
ucf101_t16_r256_pt4_p16,443,0.006837875464652676,7.205880409526255e-06,0.9987869547654328
ucf101_t16_r256_pt4_p16,444,0.00678761720953912,7.152917325040167e-06,0.9987941076827578
ucf101_t16_r256_pt4_p16,445,0.006721134073078407,7.082856158664356e-06,0.9988011905389165
ucf101_t16_r256_pt4_p16,446,0.006690372518188783,7.050439059685065e-06,0.9988082409779762
ucf101_t16_r256_pt4_p16,447,0.006648217807963497,7.0060156415997415e-06,0.9988152469936178
ucf101_t16_r256_pt4_p16,448,0.006643953871008988,7.0015222254901935e-06,0.9988222485158433
ucf101_t16_r256_pt4_p16,449,0.006543718966667355,6.895892818040493e-06,0.9988291444086613
ucf101_t16_r256_pt4_p16,450,0.0065122065631234745,6.86268446077693e-06,0.9988360070931221
ucf101_t16_r256_pt4_p16,451,0.006458435754491785,6.806019782028916e-06,0.9988428131129041
ucf101_t16_r256_pt4_p16,452,0.006381726084271224,6.725181704073127e-06,0.9988495382946082
ucf101_t16_r256_pt4_p16,453,0.006342818367890509,6.684180028523975e-06,0.9988562224746368
ucf101_t16_r256_pt4_p16,454,0.006312697236071731,6.652437819294267e-06,0.9988628749124562
ucf101_t16_r256_pt4_p16,455,0.006248922164097552,6.585230461668282e-06,0.9988694601429178
ucf101_t16_r256_pt4_p16,456,0.006225690685016073,6.560748696701531e-06,0.9988760208916145
ucf101_t16_r256_pt4_p16,457,0.00616831302097568,6.500283046604458e-06,0.9988825211746611
ucf101_t16_r256_pt4_p16,458,0.006101917993855612,6.4303147314914284e-06,0.9988889514893927
ucf101_t16_r256_pt4_p16,459,0.006075156367004166,6.4021128311127584e-06,0.9988953536022238
ucf101_t16_r256_pt4_p16,460,0.006023647950772525,6.347832303576395e-06,0.9989017014345274
ucf101_t16_r256_pt4_p16,461,0.006003942289888267,6.327066111437233e-06,0.9989080285006389
ucf101_t16_r256_pt4_p16,462,0.005970081307921228,6.291382778527045e-06,0.9989143198834174
ucf101_t16_r256_pt4_p16,463,0.005965100498643697,6.28613390902334e-06,0.9989206060173265
ucf101_t16_r256_pt4_p16,464,0.005873991852292638,6.1901219220731065e-06,0.9989267961392485
ucf101_t16_r256_pt4_p16,465,0.005802096171905666,6.114356916186684e-06,0.9989329104961647
ucf101_t16_r256_pt4_p16,466,0.00578100636198704,6.092132082037707e-06,0.9989390026282468
ucf101_t16_r256_pt4_p16,467,0.005743896604455314,6.053025128981533e-06,0.9989450556533758
ucf101_t16_r256_pt4_p16,468,0.005689489586723551,5.995690001244752e-06,0.998951051343377
ucf101_t16_r256_pt4_p16,469,0.005632656727469106,5.935798476569293e-06,0.9989569871418535
ucf101_t16_r256_pt4_p16,470,0.005618252651223858,5.920619192979016e-06,0.9989629077610466
ucf101_t16_r256_pt4_p16,471,0.005592448265889159,5.893426051523841e-06,0.9989688011870981
ucf101_t16_r256_pt4_p16,472,0.005530107313633378,5.827729995944397e-06,0.9989746289170941
ucf101_t16_r256_pt4_p16,473,0.005490230418531312,5.7857069818234e-06,0.9989804146240759
ucf101_t16_r256_pt4_p16,474,0.0054563326141082065,5.749984844723787e-06,0.9989861646089206
ucf101_t16_r256_pt4_p16,475,0.005402668024675752,5.693432101744541e-06,0.9989918580410224
ucf101_t16_r256_pt4_p16,476,0.005362752848073805,5.651368745866596e-06,0.9989975094097683
ucf101_t16_r256_pt4_p16,477,0.005339005797766912,5.6263436623483245e-06,0.9990031357534306
ucf101_t16_r256_pt4_p16,478,0.005314855469695238,5.600893597216998e-06,0.9990087366470278
ucf101_t16_r256_pt4_p16,479,0.0052965505705277706,5.581603553841529e-06,0.9990143182505816
ucf101_t16_r256_pt4_p16,480,0.005261626158566044,5.544799558613749e-06,0.9990198630501403
ucf101_t16_r256_pt4_p16,481,0.005226011933564466,5.507268625567959e-06,0.9990253703187659
ucf101_t16_r256_pt4_p16,482,0.0051884099510049264,5.467642956617742e-06,0.9990308379617224
ucf101_t16_r256_pt4_p16,483,0.005170012585977476,5.4482554709983414e-06,0.9990362862171934
ucf101_t16_r256_pt4_p16,484,0.005113296565858266,5.3884870735778325e-06,0.999041674704267
ucf101_t16_r256_pt4_p16,485,0.00501949606319524,5.289638358353746e-06,0.9990469643426253
ucf101_t16_r256_pt4_p16,486,0.004986668350378913,5.255043903702511e-06,0.999052219386529
ucf101_t16_r256_pt4_p16,487,0.004964050897825244,5.231209211317081e-06,0.9990574505957402
ucf101_t16_r256_pt4_p16,488,0.004938126686288298,5.203889794780152e-06,0.999062654485535
ucf101_t16_r256_pt4_p16,489,0.004901753615534897,5.165559175959858e-06,0.999067820044711
ucf101_t16_r256_pt4_p16,490,0.004868880229716474,5.130916590249092e-06,0.9990729509613012
ucf101_t16_r256_pt4_p16,491,0.004827687348324526,5.087506765286851e-06,0.9990780384680665
ucf101_t16_r256_pt4_p16,492,0.004783784834236791,5.04124147896669e-06,0.9990830797095455
ucf101_t16_r256_pt4_p16,493,0.004753406685381356,5.0092284204009655e-06,0.9990880889379659
ucf101_t16_r256_pt4_p16,494,0.004707430145747784,4.960777487365409e-06,0.9990930497154533
ucf101_t16_r256_pt4_p16,495,0.004654440565265255,4.904936081378723e-06,0.9990979546515346
ucf101_t16_r256_pt4_p16,496,0.004595610119572024,4.8429394629413205e-06,0.9991027975909976
ucf101_t16_r256_pt4_p16,497,0.004578707061740106,4.825126706051882e-06,0.9991076227177038
ucf101_t16_r256_pt4_p16,498,0.004563358191624052,4.8089517810990405e-06,0.9991124316694848
ucf101_t16_r256_pt4_p16,499,0.004516683228123911,4.759764835996041e-06,0.9991171914343208
ucf101_t16_r256_pt4_p16,500,0.004481954636182768,4.723167199549934e-06,0.9991219146015203
ucf101_t16_r256_pt4_p16,501,0.004426535154215185,4.66476511816067e-06,0.9991265793666385
ucf101_t16_r256_pt4_p16,502,0.004367141729708995,4.602175222173792e-06,0.9991311815418608
ucf101_t16_r256_pt4_p16,503,0.004328366745336274,4.561313422084651e-06,0.9991357428552828
ucf101_t16_r256_pt4_p16,504,0.0042720244553069876,4.501938868387584e-06,0.9991402447941512
ucf101_t16_r256_pt4_p16,505,0.004190531660922959,4.416060245179981e-06,0.9991446608543963
ucf101_t16_r256_pt4_p16,506,0.004168881661201504,4.393245072592305e-06,0.999149054099469
ucf101_t16_r256_pt4_p16,507,0.004089186701581772,4.309261041114922e-06,0.9991533633605101
ucf101_t16_r256_pt4_p16,508,0.004035954503951694,4.2531639606633275e-06,0.9991576165244708
ucf101_t16_r256_pt4_p16,509,0.003993953695697303,4.208902727338869e-06,0.9991618254271981
ucf101_t16_r256_pt4_p16,510,0.0039492309568382525,4.16177307289127e-06,0.999165987200271
ucf101_t16_r256_pt4_p16,511,0.003874866634737999,4.083406566428852e-06,0.9991700706068375
ucf101_t16_r256_pt4_p16,512,0.003734639348508876,3.935632442734601e-06,0.9991740062392802
imagenet_val_r1024_p32,1,733.779340614591,0.7675924152566154,0.7675924152566154
imagenet_val_r1024_p32,2,69.0376852973774,0.07221899100723508,0.8398114062638504
imagenet_val_r1024_p32,3,28.506283078158795,0.029819872905696237,0.8696312791695467
imagenet_val_r1024_p32,4,22.306790365031013,0.023334703152825008,0.8929659823223718
imagenet_val_r1024_p32,5,16.510976622356942,0.017271814184882033,0.9102377965072538
imagenet_val_r1024_p32,6,7.91931113045179,0.008284238627787842,0.9185220351350416
imagenet_val_r1024_p32,7,6.252081778963868,0.006540182160317045,0.9250622172953586
imagenet_val_r1024_p32,8,5.176704398981094,0.005415250624738603,0.9304774679200972
imagenet_val_r1024_p32,9,3.9884354721924415,0.004172225419471667,0.9346496933395689
imagenet_val_r1024_p32,10,3.150970511460043,0.0032961694768732395,0.9379458628164422
imagenet_val_r1024_p32,11,2.954979054842606,0.0030911465943420477,0.9410370094107843
imagenet_val_r1024_p32,12,2.897000200971201,0.0030304960335894283,0.9440675054443737
imagenet_val_r1024_p32,13,2.0481484291999026,0.0021425285675892936,0.946210034011963
imagenet_val_r1024_p32,14,1.89722593101034,0.0019846514531902176,0.9481946854651532
imagenet_val_r1024_p32,15,1.816169199283569,0.0018998595695336848,0.9500945450346868
imagenet_val_r1024_p32,16,1.6973855690410702,0.0017756023050072387,0.9518701473396941
imagenet_val_r1024_p32,17,1.646864765920237,0.0017227534672956946,0.9535929008069898
imagenet_val_r1024_p32,18,1.5792901209181287,0.0016520649345225695,0.9552449657415124
imagenet_val_r1024_p32,19,1.5201151237927304,0.0015901631113828729,0.9568351288528952
imagenet_val_r1024_p32,20,1.4449009447194416,0.0015114830093673906,0.9583466118622626
imagenet_val_r1024_p32,21,1.1819063563458476,0.0012363694430464526,0.9595829813053091
imagenet_val_r1024_p32,22,1.1663246730383237,0.0012200697446742303,0.9608030510499832
imagenet_val_r1024_p32,23,1.1601801789555852,0.0012136421079278089,0.962016693157911
imagenet_val_r1024_p32,24,1.0997058643707396,0.0011503810938547085,0.9631670742517657
imagenet_val_r1024_p32,25,1.054320059514797,0.0011029038787854488,0.9642699781305512
imagenet_val_r1024_p32,26,0.9732631356406132,0.0010181117941272138,0.9652880899246784
imagenet_val_r1024_p32,27,0.8831433399537011,0.0009238392140681861,0.9662119291387467
imagenet_val_r1024_p32,28,0.8610343628824485,0.0009007114395866072,0.9671126405783332
imagenet_val_r1024_p32,29,0.7734795502093778,0.0008091220387855804,0.9679217626171188
imagenet_val_r1024_p32,30,0.733156012859459,0.0007669403641145684,0.9686887029812333
imagenet_val_r1024_p32,31,0.7191929198557765,0.0007523338418402122,0.9694410368230736
imagenet_val_r1024_p32,32,0.6772731304312084,0.0007084823586620374,0.9701495191817356
imagenet_val_r1024_p32,33,0.6396443008900804,0.000669119565854922,0.9708186387475906
imagenet_val_r1024_p32,34,0.6231112145125913,0.0006518246230816439,0.9714704633706722
imagenet_val_r1024_p32,35,0.6103833741876836,0.000638510274809296,0.9721089736454815
imagenet_val_r1024_p32,36,0.6008530022814172,0.0006285407365776832,0.9727375143820591
imagenet_val_r1024_p32,37,0.5761456675647751,0.0006026948702797627,0.9733402092523389
imagenet_val_r1024_p32,38,0.5593036325200587,0.000585076742264626,0.9739252859946035
imagenet_val_r1024_p32,39,0.5502678331282171,0.0005756245668011567,0.9745009105614048
imagenet_val_r1024_p32,40,0.5416785804830546,0.0005666395152765017,0.9750675500766813
imagenet_val_r1024_p32,41,0.5220840414153275,0.0005461420458925323,0.9756136921225739
imagenet_val_r1024_p32,42,0.513050586164898,0.0005366923225901809,0.9761503844451641
imagenet_val_r1024_p32,43,0.48242876546333435,0.0005046594265806242,0.9766550438717446
imagenet_val_r1024_p32,44,0.46513224835216765,0.0004865658736417153,0.9771416097453863
imagenet_val_r1024_p32,45,0.4564362384126029,0.0004774691453704951,0.9776190788907568
imagenet_val_r1024_p32,46,0.44933840311704143,0.0004700442367691567,0.9780891231275259
imagenet_val_r1024_p32,47,0.4392116537813831,0.00045945083961144214,0.9785485739671375
imagenet_val_r1024_p32,48,0.42309723174691344,0.000442593853532299,0.9789911678206697
imagenet_val_r1024_p32,49,0.41971997957575685,0.0004390609751756837,0.9794302287958455
imagenet_val_r1024_p32,50,0.4106383009698894,0.0004295608063513292,0.9798597896021969
imagenet_val_r1024_p32,51,0.40737646538261224,0.00042614866305698275,0.9802859382652539
imagenet_val_r1024_p32,52,0.3875958218583813,0.000405456513390603,0.9806913947786444
imagenet_val_r1024_p32,53,0.38205023187015025,0.00039965537866592696,0.9810910501573104
imagenet_val_r1024_p32,54,0.3624795641304184,0.000379182880617749,0.9814702330379282
imagenet_val_r1024_p32,55,0.3506038135645032,0.0003667598870073799,0.9818369929249355
imagenet_val_r1024_p32,56,0.34094331229176117,0.00035665422295540097,0.9821936471478909
imagenet_val_r1024_p32,57,0.33550810207508125,0.00035096855438076596,0.9825446157022717
imagenet_val_r1024_p32,58,0.32258845686714044,0.00033745356271976383,0.9828820692649914
imagenet_val_r1024_p32,59,0.3107969016509061,0.00032511864424075607,0.9832071879092322
imagenet_val_r1024_p32,60,0.3028855064383311,0.0003168426863019788,0.9835240305955342
imagenet_val_r1024_p32,61,0.30123479773428985,0.00031511591176515565,0.9838391465072993
imagenet_val_r1024_p32,62,0.29723193729420044,0.0003109285966649923,0.9841500751039644
imagenet_val_r1024_p32,63,0.2892854108379372,0.0003026158886097958,0.9844526909925742
imagenet_val_r1024_p32,64,0.2820884203185752,0.0002950872556413219,0.9847477782482155
imagenet_val_r1024_p32,65,0.2729499292530655,0.0002855276563987208,0.9850333059046141
imagenet_val_r1024_p32,66,0.27068643171571904,0.00028315985528270144,0.9853164657598968
imagenet_val_r1024_p32,67,0.26224453644923246,0.00027432895146968533,0.9855907947113666
imagenet_val_r1024_p32,68,0.2497503048746778,0.00026125897680529214,0.9858520536881717
imagenet_val_r1024_p32,69,0.24587852016668324,0.00025720877750031585,0.9861092624656721
imagenet_val_r1024_p32,70,0.24314474174888193,0.00025434902462591775,0.986363611490298
imagenet_val_r1024_p32,71,0.23917222054198337,0.00025019344681241943,0.9866138049371104
imagenet_val_r1024_p32,72,0.23083841610424644,0.00024147561473052834,0.9868552805518409
imagenet_val_r1024_p32,73,0.22786548892962,0.00023836569295425947,0.9870936462447952
imagenet_val_r1024_p32,74,0.22021199626311191,0.00023035952189456022,0.9873240057666897
imagenet_val_r1024_p32,75,0.2136775679650186,0.00022352398248641394,0.987547529749176
imagenet_val_r1024_p32,76,0.20458696784570235,0.00021401448103891668,0.9877615442302149
imagenet_val_r1024_p32,77,0.20019734228840752,0.00020942257840947777,0.9879709668086244
imagenet_val_r1024_p32,78,0.19034077400912555,0.00019911181244365093,0.9881700786210681
imagenet_val_r1024_p32,79,0.18676485958699993,0.00019537111733804687,0.9883654497384061
imagenet_val_r1024_p32,80,0.18310767743468723,0.00019154540962736664,0.9885569951480335
imagenet_val_r1024_p32,81,0.18012747540098378,0.00018842787776133304,0.9887454230257949
imagenet_val_r1024_p32,82,0.17814001047607064,0.00018634882903712923,0.988931771854832
imagenet_val_r1024_p32,83,0.1748677800220382,0.00018292581187316376,0.9891146976667052
imagenet_val_r1024_p32,84,0.17021240199963109,0.0001780559107157408,0.989292753577421
imagenet_val_r1024_p32,85,0.16661565019378788,0.00017429341802493626,0.9894670469954459
imagenet_val_r1024_p32,86,0.16487143697152976,0.00017246883021509923,0.989639515825661
imagenet_val_r1024_p32,87,0.15728342375423712,0.00016453115594427232,0.9898040469816053
imagenet_val_r1024_p32,88,0.15653508779780398,0.00016374833613397243,0.9899677953177393
imagenet_val_r1024_p32,89,0.1503019049332701,0.00015722792376352286,0.9901250232415028
imagenet_val_r1024_p32,90,0.14738442398644294,0.00015417600321672125,0.9902791992447195
imagenet_val_r1024_p32,91,0.14581198303208454,0.00015253110306323172,0.9904317303477828
imagenet_val_r1024_p32,92,0.13909043184858635,0.00014549981801384484,0.9905772301657966
imagenet_val_r1024_p32,93,0.13821125471622253,0.00014458012777303716,0.9907218102935695
imagenet_val_r1024_p32,94,0.13437879431775124,0.0001405710648697753,0.9908623813584394
imagenet_val_r1024_p32,95,0.13063578559210548,0.00013665557563613377,0.9909990369340754
imagenet_val_r1024_p32,96,0.12895990567610785,0.0001349024699799794,0.9911339394040554
imagenet_val_r1024_p32,97,0.12818314580782983,0.00013408991646373218,0.9912680293205192
imagenet_val_r1024_p32,98,0.1267082524560622,0.00013254705897583805,0.991400576379495
imagenet_val_r1024_p32,99,0.12356457785835527,0.0001292585216136201,0.9915298349011086
imagenet_val_r1024_p32,100,0.12069021152380541,0.00012625170243113745,0.9916560866035397
imagenet_val_r1024_p32,101,0.11707918811489415,0.00012247428049163067,0.9917785608840313
imagenet_val_r1024_p32,102,0.11604417311729305,0.00012139157126576172,0.991899952455297
imagenet_val_r1024_p32,103,0.11435580158529604,0.00011962539837104569,0.9920195778536681
imagenet_val_r1024_p32,104,0.11351693720625987,0.00011874787852395133,0.992138325732192
imagenet_val_r1024_p32,105,0.10933409253138864,0.00011437228538727555,0.9922526980175793
imagenet_val_r1024_p32,106,0.1081699151794949,0.00011315446191383366,0.992365852479493
imagenet_val_r1024_p32,107,0.10701735225619914,0.0001119487880701318,0.9924778012675632
imagenet_val_r1024_p32,108,0.10454620073866608,0.00010936376413061951,0.9925871650316939
imagenet_val_r1024_p32,109,0.10238505217727349,0.00010710302830426295,0.9926942680599982
imagenet_val_r1024_p32,110,0.09981722342459246,0.00010441687217374975,0.9927986849321718
imagenet_val_r1024_p32,111,0.09808257623286887,0.0001026022912039476,0.9929012872233758
imagenet_val_r1024_p32,112,0.09469148467108303,9.905493572772588e-05,0.9930003421591036
imagenet_val_r1024_p32,113,0.0909445271041349,9.513531568736225e-05,0.993095477474791
imagenet_val_r1024_p32,114,0.09059059345560228,9.476507252421978e-05,0.9931902425473152
imagenet_val_r1024_p32,115,0.08916373069711724,9.327245891355598e-05,0.9932835150062288
imagenet_val_r1024_p32,116,0.08746729193481523,9.149784704481669e-05,0.9933750128532736
imagenet_val_r1024_p32,117,0.08622212720653537,9.019530423900241e-05,0.9934652081575126
imagenet_val_r1024_p32,118,0.08389966871409373,8.776582520508278e-05,0.9935529739827177
imagenet_val_r1024_p32,119,0.08244603721935032,8.624520933572807e-05,0.9936392191920534
imagenet_val_r1024_p32,120,0.08053784474381388,8.42490859918292e-05,0.9937234682780453
imagenet_val_r1024_p32,121,0.07837675646906957,8.19884132301726e-05,0.9938054566912755
imagenet_val_r1024_p32,122,0.07759646597712566,8.117216639660635e-05,0.993886628857672
imagenet_val_r1024_p32,123,0.07666938734747582,8.020236732340038e-05,0.9939668312249954
imagenet_val_r1024_p32,124,0.07543238122384908,7.890835907655252e-05,0.994045739584072
imagenet_val_r1024_p32,125,0.07212249211156392,7.544594791654005e-05,0.9941211855319886
imagenet_val_r1024_p32,126,0.07156588321705079,7.486369008772902e-05,0.9941960492220764
imagenet_val_r1024_p32,127,0.07060490137887755,7.38584255220037e-05,0.9942699076475983
imagenet_val_r1024_p32,128,0.06947232776455527,7.267366210886997e-05,0.9943425813097071
imagenet_val_r1024_p32,129,0.06753317843573946,7.064515539784392e-05,0.994413226465105
imagenet_val_r1024_p32,130,0.06701315128269657,7.010116502320502e-05,0.9944833276301281
imagenet_val_r1024_p32,131,0.06633353820810432,6.93902348940884e-05,0.9945527178650223
imagenet_val_r1024_p32,132,0.06546776613120342,6.8484567423247e-05,0.9946212024324456
imagenet_val_r1024_p32,133,0.06452425911080753,6.749758292734845e-05,0.9946887000153729
imagenet_val_r1024_p32,134,0.06388383029055973,6.682764269092504e-05,0.9947555276580639
imagenet_val_r1024_p32,135,0.06308256196440666,6.598945134960802e-05,0.9948215171094135
imagenet_val_r1024_p32,136,0.06219609849387713,6.506213901098235e-05,0.9948865792484245
imagenet_val_r1024_p32,137,0.06087244037466717,6.367748578287783e-05,0.9949502567342073
imagenet_val_r1024_p32,138,0.05982265071756125,6.257932107067098e-05,0.995012836055278
imagenet_val_r1024_p32,139,0.0573061579539749,5.994686652819346e-05,0.9950727829218063
imagenet_val_r1024_p32,140,0.0567931615741918,5.941023090985376e-05,0.9951321931527162
imagenet_val_r1024_p32,141,0.05571603842321564,5.828347315691115e-05,0.9951904766258731
imagenet_val_r1024_p32,142,0.054852810301974246,5.7380466869017936e-05,0.9952478570927422
imagenet_val_r1024_p32,143,0.05440266169728095,5.6909575096006834e-05,0.9953047666678382
imagenet_val_r1024_p32,144,0.05419799495926706,5.669547716893356e-05,0.9953614621450071
imagenet_val_r1024_p32,145,0.05243996174421443,5.4856432531190915e-05,0.9954163185775383
imagenet_val_r1024_p32,146,0.051795959683747804,5.418275439709439e-05,0.9954705013319354
imagenet_val_r1024_p32,147,0.050690631364758494,5.3026491761907756e-05,0.9955235278236974
imagenet_val_r1024_p32,148,0.04992183995185606,5.22222738931353e-05,0.9955757500975905
imagenet_val_r1024_p32,149,0.049605503597839475,5.189136053461844e-05,0.9956276414581251
imagenet_val_r1024_p32,150,0.04796205151583538,5.017217701014439e-05,0.9956778136351352
imagenet_val_r1024_p32,151,0.04760599819537741,4.979971649908454e-05,0.9957276133516343
imagenet_val_r1024_p32,152,0.04711987401969018,4.9291191375144884e-05,0.9957769045430095
imagenet_val_r1024_p32,153,0.04634710298578422,4.848281050159862e-05,0.9958253873535111
imagenet_val_r1024_p32,154,0.04605908049018829,4.818151572426468e-05,0.9958735688692354
imagenet_val_r1024_p32,155,0.04513771667649654,4.721769480980647e-05,0.9959207865640453
imagenet_val_r1024_p32,156,0.04442107375648239,4.646802847361679e-05,0.9959672545925188
imagenet_val_r1024_p32,157,0.04424733014896735,4.6286278636920425e-05,0.9960135408711558
imagenet_val_r1024_p32,158,0.043272429142778235,4.5266453498003286e-05,0.9960588073246538
imagenet_val_r1024_p32,159,0.0423050866088518,4.425453513113413e-05,0.9961030618597849
imagenet_val_r1024_p32,160,0.041304965299247196,4.320832751925721e-05,0.9961462701873042
imagenet_val_r1024_p32,161,0.04082389108009786,4.270508505744949e-05,0.9961889752723616
imagenet_val_r1024_p32,162,0.03955356374535659,4.137622013434626e-05,0.996230351492496
imagenet_val_r1024_p32,163,0.03924997174670832,4.105863840017012e-05,0.996271410130896
imagenet_val_r1024_p32,164,0.0385525918761577,4.032912276848316e-05,0.9963117392536646
imagenet_val_r1024_p32,165,0.03816249820057083,3.992105329848518e-05,0.9963516603069631
imagenet_val_r1024_p32,166,0.03753421819508839,3.926382170286439e-05,0.9963909241286659
imagenet_val_r1024_p32,167,0.03713569767037737,3.884693706853269e-05,0.9964297710657345
imagenet_val_r1024_p32,168,0.03674512660421432,3.843836820946077e-05,0.9964682094339439
imagenet_val_r1024_p32,169,0.03635107040716608,3.802615362219023e-05,0.996506235587566
imagenet_val_r1024_p32,170,0.03571323086483705,3.735892197945627e-05,0.9965435945095454
imagenet_val_r1024_p32,171,0.03506015212599289,3.6675748907177806e-05,0.9965802702584526
imagenet_val_r1024_p32,172,0.03449300621118203,3.608246850466884e-05,0.9966163527269574
imagenet_val_r1024_p32,173,0.03430845794083889,3.588941611858576e-05,0.9966522421430759
imagenet_val_r1024_p32,174,0.03423510966636629,3.581268790338393e-05,0.9966880548309793
imagenet_val_r1024_p32,175,0.033456152954589605,3.499783631152497e-05,0.9967230526672909
imagenet_val_r1024_p32,176,0.03313423209536764,3.466108110982536e-05,0.9967577137484006
imagenet_val_r1024_p32,177,0.03250367203622104,3.4001464394043614e-05,0.9967917152127946
imagenet_val_r1024_p32,178,0.031824076970944006,3.3290553104124284e-05,0.9968250057658987
imagenet_val_r1024_p32,179,0.031510115979827495,3.296212456692176e-05,0.9968579678904657
imagenet_val_r1024_p32,180,0.030933528037335997,3.2358967041371647e-05,0.996890326857507
imagenet_val_r1024_p32,181,0.030464141615163698,3.186795095855018e-05,0.9969221948084656
imagenet_val_r1024_p32,182,0.030042130435292486,3.142649320293754e-05,0.9969536213016685
imagenet_val_r1024_p32,183,0.02979052747292791,3.116329619686568e-05,0.9969847845978654
imagenet_val_r1024_p32,184,0.029037773010227367,3.0375854272382563e-05,0.9970151604521378
imagenet_val_r1024_p32,185,0.028890600004128277,3.022189942934002e-05,0.9970453823515673
imagenet_val_r1024_p32,186,0.0287060214603596,3.002881537481039e-05,0.9970754111669421
imagenet_val_r1024_p32,187,0.0284801533199374,2.9792539069605363e-05,0.9971052037060116
imagenet_val_r1024_p32,188,0.0280607976810017,2.9353859224145926e-05,0.9971345575652357
imagenet_val_r1024_p32,189,0.027506196862611857,2.8773702005036164e-05,0.9971633312672408
imagenet_val_r1024_p32,190,0.027351433025965776,2.8611806540568542e-05,0.9971919430737813
imagenet_val_r1024_p32,191,0.026873847248573637,2.81122132703988e-05,0.9972200552870518
imagenet_val_r1024_p32,192,0.026684203129979024,2.7913830215747348e-05,0.9972479691172675
imagenet_val_r1024_p32,193,0.026295655087141732,2.7507377602356917e-05,0.9972754764948698
imagenet_val_r1024_p32,194,0.025843587757053015,2.703447868771758e-05,0.9973025109735576
imagenet_val_r1024_p32,195,0.025641341432728598,2.6822912708720507e-05,0.9973293338862663
imagenet_val_r1024_p32,196,0.02545745644566552,2.6630554170483446e-05,0.9973559644404367
imagenet_val_r1024_p32,197,0.02508540327852701,2.6241356528412294e-05,0.9973822057969652
imagenet_val_r1024_p32,198,0.02480593323968858,2.5949008311134636e-05,0.9974081548052763
imagenet_val_r1024_p32,199,0.024515494910454204,2.564518637682754e-05,0.9974337999916533
imagenet_val_r1024_p32,200,0.02424981177539565,2.536726037367551e-05,0.9974591672520269
imagenet_val_r1024_p32,201,0.023685893483281713,2.477735632501618e-05,0.9974839446083519
imagenet_val_r1024_p32,202,0.023473233499371065,2.4554896817582123e-05,0.9975084995051694
imagenet_val_r1024_p32,203,0.023181502092161944,2.4249722219346225e-05,0.9975327492273888
imagenet_val_r1024_p32,204,0.022820610399753874,2.3872200380710733e-05,0.9975566214277695
imagenet_val_r1024_p32,205,0.022704081623494677,2.3750301875445137e-05,0.9975803717296449
imagenet_val_r1024_p32,206,0.022323713746493817,2.3352406375759116e-05,0.9976037241360206
imagenet_val_r1024_p32,207,0.022113510313978835,2.3132516619358693e-05,0.99762685665264
imagenet_val_r1024_p32,208,0.021583499187087962,2.257808220224592e-05,0.9976494347348421
imagenet_val_r1024_p32,209,0.02151250484907089,2.2503816394568062e-05,0.9976719385512367
imagenet_val_r1024_p32,210,0.02137667643904423,2.2361728914665035e-05,0.9976943002801513
imagenet_val_r1024_p32,211,0.020870006243443717,2.1831710995580812e-05,0.9977161319911468
imagenet_val_r1024_p32,212,0.020769556929341265,2.172663290554057e-05,0.9977378586240524
imagenet_val_r1024_p32,213,0.02062359084809304,2.1573940603305644e-05,0.9977594325646557
imagenet_val_r1024_p32,214,0.02056750883561911,2.15152742917531e-05,0.9977809478389474
imagenet_val_r1024_p32,215,0.020172574285022993,2.1102140875777595e-05,0.9978020499798232
imagenet_val_r1024_p32,216,0.019948962539619856,2.08682249418812e-05,0.9978229182047651
imagenet_val_r1024_p32,217,0.01975833439367986,2.0668812515203427e-05,0.9978435870172804
imagenet_val_r1024_p32,218,0.0195714178468171,2.0473282720731915e-05,0.9978640603000011
imagenet_val_r1024_p32,219,0.019160568740417855,2.0043501394886904e-05,0.9978841038013959
imagenet_val_r1024_p32,220,0.01897695781207043,1.9851429544186306e-05,0.99790395523094
imagenet_val_r1024_p32,221,0.018751144645887736,1.9615210746472893e-05,0.9979235704416866
imagenet_val_r1024_p32,222,0.01853498240275739,1.9389087593219848e-05,0.9979429595292798
imagenet_val_r1024_p32,223,0.01838912302982442,1.923650691649535e-05,0.9979621960361963
imagenet_val_r1024_p32,224,0.018086998640930375,1.8920460420576192e-05,0.9979811164966168
imagenet_val_r1024_p32,225,0.017950451295612648,1.8777620876331837e-05,0.9979998941174931
imagenet_val_r1024_p32,226,0.017777829287123098,1.8597044322742906e-05,0.9980184911618158
imagenet_val_r1024_p32,227,0.017465638232420873,1.8270467281885254e-05,0.9980367616290978
imagenet_val_r1024_p32,228,0.017306624277184584,1.8104125850335685e-05,0.9980548657549482
imagenet_val_r1024_p32,229,0.017083024748781622,1.7870222696407535e-05,0.9980727359776446
imagenet_val_r1024_p32,230,0.016987089419192393,1.776986659850192e-05,0.9980905058442431
imagenet_val_r1024_p32,231,0.016869942305377784,1.7647321262245954e-05,0.9981081531655053
imagenet_val_r1024_p32,232,0.016839245051002316,1.761520945652507e-05,0.9981257683749618
imagenet_val_r1024_p32,233,0.01662575570882444,1.7391882373404134e-05,0.9981431602573352
imagenet_val_r1024_p32,234,0.01656393606869356,1.7327214040225643e-05,0.9981604874713753
imagenet_val_r1024_p32,235,0.01631456986118165,1.7066356860263168e-05,0.9981775538282356
imagenet_val_r1024_p32,236,0.016024742185226527,1.6763173718573362e-05,0.9981943170019542
imagenet_val_r1024_p32,237,0.015975908131851475,1.6712089357237252e-05,0.9982110290913114
imagenet_val_r1024_p32,238,0.015687151423184782,1.6410026533771315e-05,0.9982274391178452
imagenet_val_r1024_p32,239,0.015361167915914806,1.6069021474308065e-05,0.9982435081393195
imagenet_val_r1024_p32,240,0.015342583709951072,1.604958089489712e-05,0.9982595577202144
imagenet_val_r1024_p32,241,0.015116868268039301,1.581346432465864e-05,0.998275371184539
imagenet_val_r1024_p32,242,0.014857669836559936,1.554232184484539e-05,0.9982909135063839
imagenet_val_r1024_p32,243,0.014746079901731914,1.5425589766341753e-05,0.9983063390961503
imagenet_val_r1024_p32,244,0.014615763389587606,1.528926817650129e-05,0.9983216283643268
imagenet_val_r1024_p32,245,0.014482509130860263,1.5149873466622866e-05,0.9983367782377934
imagenet_val_r1024_p32,246,0.014151292318011058,1.480339394713193e-05,0.9983515816317405
imagenet_val_r1024_p32,247,0.01411224499101402,1.4762547291495828e-05,0.998366344179032
imagenet_val_r1024_p32,248,0.014014476260587745,1.4660273308336775e-05,0.9983810044523405
imagenet_val_r1024_p32,249,0.013831513919289138,1.4468879932038152e-05,0.9983954733322724
imagenet_val_r1024_p32,250,0.013812836441012125,1.44493417822593e-05,0.9984099226740547
imagenet_val_r1024_p32,251,0.013676973156439506,1.43072178207664e-05,0.9984242298918755
imagenet_val_r1024_p32,252,0.013497372270124547,1.4119340797691233e-05,0.9984383492326732
imagenet_val_r1024_p32,253,0.013406583219318124,1.4024368122760119e-05,0.9984523736007959
imagenet_val_r1024_p32,254,0.013306019492468363,1.3919170347751679e-05,0.9984662927711436
imagenet_val_r1024_p32,255,0.013255773998255291,1.3866609505378452e-05,0.998480159380649
imagenet_val_r1024_p32,256,0.013117006037766284,1.3721447018434113e-05,0.9984938808276674
imagenet_val_r1024_p32,257,0.012720758404388108,1.3306940011886722e-05,0.9985071877676793
imagenet_val_r1024_p32,258,0.012651562086045877,1.3234555077910941e-05,0.9985204223227572
imagenet_val_r1024_p32,259,0.0125540593993169,1.3132559397932246e-05,0.9985335548821552
imagenet_val_r1024_p32,260,0.012454800762464623,1.302872685239791e-05,0.9985465836090076
imagenet_val_r1024_p32,261,0.012314939560305386,1.2882420746428527e-05,0.998559466029754
imagenet_val_r1024_p32,262,0.012148164612242825,1.2707960689975568e-05,0.998572173990444
imagenet_val_r1024_p32,263,0.012031288764029419,1.2585699119432912e-05,0.9985847596895633
imagenet_val_r1024_p32,264,0.011840250975418805,1.2385858173458495e-05,0.9985971455477367
imagenet_val_r1024_p32,265,0.011789323631538853,1.2332584061300097e-05,0.9986094781317981
imagenet_val_r1024_p32,266,0.011653827320619915,1.2190843983868212e-05,0.998621668975782
imagenet_val_r1024_p32,267,0.011565432338007648,1.209837569749879e-05,0.9986337673514795
imagenet_val_r1024_p32,268,0.0113757490963774,1.1899951716994356e-05,0.9986456673031964
imagenet_val_r1024_p32,269,0.011345866862326389,1.1868692488314972e-05,0.9986575359956847
imagenet_val_r1024_p32,270,0.01121080842404249,1.1727410461001018e-05,0.9986692634061458
imagenet_val_r1024_p32,271,0.011177750922055099,1.1692829645777198e-05,0.9986809562357915
imagenet_val_r1024_p32,272,0.011080100801452933,1.1590679738067427e-05,0.9986925469155296
imagenet_val_r1024_p32,273,0.010924535445529621,1.1427945819743403e-05,0.9987039748613493
imagenet_val_r1024_p32,274,0.01083395630763249,1.1333192730657949e-05,0.9987153080540798
imagenet_val_r1024_p32,275,0.010573874785151188,1.106112646638042e-05,0.9987263691805462
imagenet_val_r1024_p32,276,0.010511760833163264,1.0996150259244894e-05,0.9987373653308055
imagenet_val_r1024_p32,277,0.01046164845596564,1.0943728668013997e-05,0.9987483090594734
imagenet_val_r1024_p32,278,0.01043097586966064,1.0911642667085841e-05,0.9987592207021405
imagenet_val_r1024_p32,279,0.01019408162547965,1.0663832167407592e-05,0.998769884534308
imagenet_val_r1024_p32,280,0.010127186839483132,1.0593854822027259e-05,0.99878047838913
imagenet_val_r1024_p32,281,0.010026726070177334,1.0488764748919739e-05,0.9987909671538788
imagenet_val_r1024_p32,282,0.009964547674404918,1.042372112838423e-05,0.9988013908750072
imagenet_val_r1024_p32,283,0.009885394730822863,1.0340920760786075e-05,0.998811731795768
imagenet_val_r1024_p32,284,0.009735137188266298,1.0183739243649172e-05,0.9988219155350117
imagenet_val_r1024_p32,285,0.00964224549556502,1.0086567035587102e-05,0.9988320021020473
imagenet_val_r1024_p32,286,0.009527512140423355,9.966546685722903e-06,0.998841968648733
imagenet_val_r1024_p32,287,0.009463976110492418,9.900082870279888e-06,0.9988518687316033
imagenet_val_r1024_p32,288,0.00939859560216252,9.83168958155958e-06,0.9988617004211848
imagenet_val_r1024_p32,289,0.009366041239956723,9.797635091156842e-06,0.998871498056276
imagenet_val_r1024_p32,290,0.009294337482130335,9.722627173099578e-06,0.9988812206834491
imagenet_val_r1024_p32,291,0.009256701271539334,9.683256659118553e-06,0.9988909039401082
imagenet_val_r1024_p32,292,0.009073447697528254,9.491558629896642e-06,0.9989003954987381
imagenet_val_r1024_p32,293,0.009038195513194272,9.454681999800558e-06,0.998909850180738
imagenet_val_r1024_p32,294,0.008924712686736872,9.335969803873068e-06,0.9989191861505418
imagenet_val_r1024_p32,295,0.008866452391681746,9.275024832926529e-06,0.9989284611753747
imagenet_val_r1024_p32,296,0.008748043904394476,9.151159998209881e-06,0.9989376123353728
imagenet_val_r1024_p32,297,0.008658512906587984,9.057503348256967e-06,0.998946669838721
imagenet_val_r1024_p32,298,0.008605612194779731,9.002164933970623e-06,0.998955672003655
imagenet_val_r1024_p32,299,0.008574724947763625,8.969854380612902e-06,0.9989646418580356
imagenet_val_r1024_p32,300,0.008354290881728099,8.739262555812648e-06,0.9989733811205913
imagenet_val_r1024_p32,301,0.00833520850775248,8.719300852453014e-06,0.9989821004214439
imagenet_val_r1024_p32,302,0.008257398303487592,8.637905098556113e-06,0.9989907383265424
imagenet_val_r1024_p32,303,0.008168505539327825,8.544916092510942e-06,0.9989992832426349
imagenet_val_r1024_p32,304,0.00807383998294573,8.445888279866227e-06,0.9990077291309147
imagenet_val_r1024_p32,305,0.00805127157781666,8.422279906554704e-06,0.9990161514108213
imagenet_val_r1024_p32,306,0.008029183155349002,8.399173633847494e-06,0.9990245505844552
imagenet_val_r1024_p32,307,0.007908977485246004,8.273428800850945e-06,0.9990328240132561
imagenet_val_r1024_p32,308,0.007857303941693474,8.219374103607585e-06,0.9990410433873597
imagenet_val_r1024_p32,309,0.007722794413578759,8.078666280634367e-06,0.9990491220536403
imagenet_val_r1024_p32,310,0.007665689562697136,8.018929997551798e-06,0.9990571409836378
imagenet_val_r1024_p32,311,0.007521390179584295,7.867981196089421e-06,0.999065008964834
imagenet_val_r1024_p32,312,0.00741569003256537,7.757410311012064e-06,0.999072766375145
imagenet_val_r1024_p32,313,0.00732487020569449,7.66240544183352e-06,0.9990804287805868
imagenet_val_r1024_p32,314,0.0073143838763138815,7.651435894926277e-06,0.9990880802164817
imagenet_val_r1024_p32,315,0.007248398677412037,7.582410051061782e-06,0.9990956626265328
imagenet_val_r1024_p32,316,0.007228763485528685,7.5618700555514895e-06,0.9991032244965883
imagenet_val_r1024_p32,317,0.0071173275136235895,7.445299034691926e-06,0.999110669795623
imagenet_val_r1024_p32,318,0.007069044080496318,7.394790666576789e-06,0.9991180645862895
imagenet_val_r1024_p32,319,0.007040690264710906,7.365130286765283e-06,0.9991254297165763
imagenet_val_r1024_p32,320,0.006946542209098696,7.266643821694515e-06,0.999132696360398
imagenet_val_r1024_p32,321,0.006887144560729702,7.2045090873833365e-06,0.9991399008694855
imagenet_val_r1024_p32,322,0.0068491660769185525,7.164780527988399e-06,0.9991470656500134
imagenet_val_r1024_p32,323,0.006763267264159131,7.074923436756511e-06,0.9991541405734502
imagenet_val_r1024_p32,324,0.006687596150477397,6.995765344260379e-06,0.9991611363387946
imagenet_val_r1024_p32,325,0.0066582102716391265,6.965025343195463e-06,0.9991681013641378
imagenet_val_r1024_p32,326,0.006574566685263933,6.8775274007858485e-06,0.9991749788915385
imagenet_val_r1024_p32,327,0.006421499215695696,6.717406473199236e-06,0.9991816962980117
imagenet_val_r1024_p32,328,0.006404317195952383,6.699432693748441e-06,0.9991883957307054
imagenet_val_r1024_p32,329,0.006342788079689333,6.635068271984533e-06,0.9991950307989773
imagenet_val_r1024_p32,330,0.006281087731765439,6.570524728082892e-06,0.9992016013237054
imagenet_val_r1024_p32,331,0.0062298732817147205,6.516950279696891e-06,0.9992081182739851
imagenet_val_r1024_p32,332,0.006182565106633133,6.467462110212801e-06,0.9992145857360953
imagenet_val_r1024_p32,333,0.006120279089039765,6.40230590856618e-06,0.999220988042004
imagenet_val_r1024_p32,334,0.006079603692480014,6.359756160762338e-06,0.9992273477981647
imagenet_val_r1024_p32,335,0.00602930598818815,6.3071407024327015e-06,0.9992336549388671
imagenet_val_r1024_p32,336,0.00598210142888285,6.25776092341367e-06,0.9992399126997905
imagenet_val_r1024_p32,337,0.00596631611650361,6.241248212597074e-06,0.9992461539480032
imagenet_val_r1024_p32,338,0.005906814247307971,6.179004454889329e-06,0.999252332952458
imagenet_val_r1024_p32,339,0.005852918580850577,6.122625237734965e-06,0.9992584555776958
imagenet_val_r1024_p32,340,0.005800601220707269,6.067897056373772e-06,0.9992645234747521
imagenet_val_r1024_p32,341,0.005674826430090569,5.936326473823702e-06,0.999270459801226
imagenet_val_r1024_p32,342,0.005610436199979408,5.868969096047765e-06,0.999276328770322
imagenet_val_r1024_p32,343,0.005601666053904443,5.859794815395223e-06,0.9992821885651374
imagenet_val_r1024_p32,344,0.005572890248356023,5.8296930002318705e-06,0.9992880182581376
imagenet_val_r1024_p32,345,0.005511591774783288,5.76556984933772e-06,0.9992937838279868
imagenet_val_r1024_p32,346,0.005500214013984011,5.753667793217124e-06,0.99929953749578
imagenet_val_r1024_p32,347,0.005394260891439152,5.6428322753214175e-06,0.9993051803280554
imagenet_val_r1024_p32,348,0.005339884598732768,5.585950284318189e-06,0.9993107662783397
imagenet_val_r1024_p32,349,0.005298810864962327,5.542983843641278e-06,0.9993163092621833
imagenet_val_r1024_p32,350,0.00526315114757117,5.5056809010744836e-06,0.9993218149430844
imagenet_val_r1024_p32,351,0.005235214610747911,5.476457028736908e-06,0.999327291400113
imagenet_val_r1024_p32,352,0.005159884929919041,5.3976561025626825e-06,0.9993326890562155
imagenet_val_r1024_p32,353,0.00511316235082917,5.348780513750692e-06,0.9993380378367294
imagenet_val_r1024_p32,354,0.005084669281884058,5.318974463894704e-06,0.9993433568111932
imagenet_val_r1024_p32,355,0.005051859213696179,5.284652484396108e-06,0.9993486414636777
imagenet_val_r1024_p32,356,0.005045187885264825,5.277673736399054e-06,0.9993539191374141
imagenet_val_r1024_p32,357,0.004928856287783866,5.155981496050233e-06,0.9993590751189101
imagenet_val_r1024_p32,358,0.004916176137727212,5.142717035647668e-06,0.9993642178359458
imagenet_val_r1024_p32,359,0.0048581493694705305,5.082016352580772e-06,0.9993692998522984
imagenet_val_r1024_p32,360,0.0048288424353199995,5.0513589340310335e-06,0.9993743512112324
imagenet_val_r1024_p32,361,0.004785118259690865,5.005619917246831e-06,0.9993793568311498
imagenet_val_r1024_p32,362,0.004730963255460476,4.948969411850182e-06,0.9993843058005616
imagenet_val_r1024_p32,363,0.004697710848361012,4.914184710147903e-06,0.9993892199852717
imagenet_val_r1024_p32,364,0.004658283123450011,4.872940127591026e-06,0.9993940929253994
imagenet_val_r1024_p32,365,0.004632678744846582,4.8461558809851064e-06,0.9993989390812804
imagenet_val_r1024_p32,366,0.004591668028772532,4.803255361904919e-06,0.9994037423366423
imagenet_val_r1024_p32,367,0.004554399045635083,4.7642689974800605e-06,0.9994085066056398
imagenet_val_r1024_p32,368,0.004500223889986161,4.707597412073161e-06,0.999413214203052
imagenet_val_r1024_p32,369,0.00446108691084032,4.666656973053383e-06,0.999417880860025
imagenet_val_r1024_p32,370,0.004427629017578612,4.631657316240148e-06,0.9994225125173412
imagenet_val_r1024_p32,371,0.004376597631359942,4.578274367397961e-06,0.9994270907917086
imagenet_val_r1024_p32,372,0.004323264865583026,4.522483989788352e-06,0.9994316132756983
imagenet_val_r1024_p32,373,0.004288616794618976,4.48623931103656e-06,0.9994360995150093
imagenet_val_r1024_p32,374,0.004263000071213857,4.459442150771695e-06,0.9994405589571601
imagenet_val_r1024_p32,375,0.00422886673624654,4.42373592741798e-06,0.9994449826930876
imagenet_val_r1024_p32,376,0.00420300698274753,4.396684538059403e-06,0.9994493793776256
imagenet_val_r1024_p32,377,0.004168522954398034,4.36061146112268e-06,0.9994537399890867
imagenet_val_r1024_p32,378,0.004138429942585137,4.3291317418920185e-06,0.9994580691208286
imagenet_val_r1024_p32,379,0.004090606050340148,4.279104090630324e-06,0.9994623482249192
imagenet_val_r1024_p32,380,0.004031610771768915,4.217390267603771e-06,0.9994665656151869
imagenet_val_r1024_p32,381,0.004014252294169003,4.199231898992665e-06,0.9994707648470859
imagenet_val_r1024_p32,382,0.003975005657271985,4.158176749114434e-06,0.9994749230238349
imagenet_val_r1024_p32,383,0.003954394740285127,4.136616066392916e-06,0.9994790596399014
imagenet_val_r1024_p32,384,0.003908584559108364,4.088694919439715e-06,0.9994831483348208
imagenet_val_r1024_p32,385,0.003901874986734409,4.081676165191947e-06,0.9994872300109859
imagenet_val_r1024_p32,386,0.0038477089202057528,4.025014087738447e-06,0.9994912550250737
imagenet_val_r1024_p32,387,0.003831298235018563,4.007847186489497e-06,0.9994952628722602
imagenet_val_r1024_p32,388,0.0038140828940834755,3.989838550382677e-06,0.9994992527108106
imagenet_val_r1024_p32,389,0.0037679384204215233,3.941567706508473e-06,0.9995031942785171
imagenet_val_r1024_p32,390,0.0037444428261243713,3.9169894184916225e-06,0.9995071112679356
imagenet_val_r1024_p32,391,0.0037056060901857774,3.876363058099927e-06,0.9995109876309937
imagenet_val_r1024_p32,392,0.0036785982654762954,3.8481106935917976e-06,0.9995148357416872
imagenet_val_r1024_p32,393,0.003634650132496941,3.802137399343166e-06,0.9995186378790867
imagenet_val_r1024_p32,394,0.003625246036383542,3.7922999557828944e-06,0.9995224301790424
imagenet_val_r1024_p32,395,0.0035887517455495403,3.7541239820345926e-06,0.9995261843030243
imagenet_val_r1024_p32,396,0.003550393133911332,3.7139977782515837e-06,0.9995298983008025
imagenet_val_r1024_p32,397,0.003510838660406191,3.6726206064350744e-06,0.999533570921409
imagenet_val_r1024_p32,398,0.0034821369888986833,3.6425963414620415e-06,0.9995372135177504
imagenet_val_r1024_p32,399,0.003475195857072986,3.635335357338069e-06,0.9995408488531078
imagenet_val_r1024_p32,400,0.003399570988107575,3.5562256405477264e-06,0.9995444050787483
imagenet_val_r1024_p32,401,0.003379434768513518,3.535161529612968e-06,0.9995479402402778
imagenet_val_r1024_p32,402,0.0033430537647092164,3.497104063241382e-06,0.9995514373443412
imagenet_val_r1024_p32,403,0.0032977984215597765,3.4497633216469805e-06,0.9995548871076628
imagenet_val_r1024_p32,404,0.0032590841840976856,3.4092651045488343e-06,0.9995582963727675
imagenet_val_r1024_p32,405,0.00325532753244245,3.4053353437096906e-06,0.9995617017081112
imagenet_val_r1024_p32,406,0.0032210662493557273,3.369495276296098e-06,0.9995650712033874
imagenet_val_r1024_p32,407,0.0032041803274581128,3.351831239090624e-06,0.9995684230346265
imagenet_val_r1024_p32,408,0.003178848716038881,3.3253323289750244e-06,0.9995717483669555
imagenet_val_r1024_p32,409,0.003152868925228487,3.298155370900258e-06,0.9995750465223264
imagenet_val_r1024_p32,410,0.0031080160896130283,3.2512356846736857e-06,0.9995782977580111
imagenet_val_r1024_p32,411,0.003099671829894125,3.2425069155238256e-06,0.9995815402649266
imagenet_val_r1024_p32,412,0.00306131732104237,3.202385003586592e-06,0.9995847426499301
imagenet_val_r1024_p32,413,0.0030497282159072728,3.190261864232653e-06,0.9995879329117944
imagenet_val_r1024_p32,414,0.0030018272932909188,3.1401536329852166e-06,0.9995910730654274
imagenet_val_r1024_p32,415,0.0029841039460259183,3.12161358125498e-06,0.9995941946790086
imagenet_val_r1024_p32,416,0.0029566021720479397,3.0928445059442514e-06,0.9995972875235145
imagenet_val_r1024_p32,417,0.0029469204832082447,3.0827166779871436e-06,0.9996003702401924
imagenet_val_r1024_p32,418,0.0029301479780291535,3.0651712838233618e-06,0.9996034354114763
imagenet_val_r1024_p32,419,0.00289636436232335,3.0298308950438155e-06,0.9996064652423714
imagenet_val_r1024_p32,420,0.002876159790203061,3.0086952818497327e-06,0.9996094739376532
imagenet_val_r1024_p32,421,0.0028314084248427496,2.9618817416999356e-06,0.999612435819395
imagenet_val_r1024_p32,422,0.002797409702164759,2.926316333665716e-06,0.9996153621357285
imagenet_val_r1024_p32,423,0.0027795567644539267,2.907640719869604e-06,0.9996182697764484
imagenet_val_r1024_p32,424,0.0027502323210531624,2.8769649852309106e-06,0.9996211467414338
imagenet_val_r1024_p32,425,0.0027378543164115494,2.8640165933193106e-06,0.999624010758027
imagenet_val_r1024_p32,426,0.002720161441484725,2.845508418114297e-06,0.9996268562664451
imagenet_val_r1024_p32,427,0.002685000522010666,2.8087272584278832e-06,0.9996296649937035
imagenet_val_r1024_p32,428,0.0026360042993799717,2.75747325496133e-06,0.9996324224669585
imagenet_val_r1024_p32,429,0.0026124402286875122,2.7328233351081042e-06,0.9996351552902935
imagenet_val_r1024_p32,430,0.002606218850403477,2.72631527128163e-06,0.9996378816055648
imagenet_val_r1024_p32,431,0.002597727137391742,2.7174322540861826e-06,0.9996405990378189
imagenet_val_r1024_p32,432,0.002577563664836977,2.696339634354876e-06,0.9996432953774532
imagenet_val_r1024_p32,433,0.0025310834544853863,2.64771758280525e-06,0.9996459430950361
imagenet_val_r1024_p32,434,0.0025046590116638984,2.620075482838021e-06,0.999648563170519
imagenet_val_r1024_p32,435,0.0024884064117549056,2.6030739515494806e-06,0.9996511662444706
imagenet_val_r1024_p32,436,0.0024417639576680456,2.554282179957708e-06,0.9996537205266506
imagenet_val_r1024_p32,437,0.0024296361388238714,2.541595502583285e-06,0.9996562621221531
imagenet_val_r1024_p32,438,0.002395701749737979,2.506097392678908e-06,0.9996587682195458
imagenet_val_r1024_p32,439,0.0023879928750597606,2.4980332875649534e-06,0.9996612662528332
imagenet_val_r1024_p32,440,0.002365161518973888,2.4741498463292543e-06,0.9996637404026796
imagenet_val_r1024_p32,441,0.0023461525775468747,2.4542649593423686e-06,0.9996661946676388
imagenet_val_r1024_p32,442,0.0023380657041104174,2.4458054370181698e-06,0.9996686404730758
imagenet_val_r1024_p32,443,0.0023322310986721665,2.439701968805689e-06,0.9996710801750446
imagenet_val_r1024_p32,444,0.0023148998361898683,2.4215720694042e-06,0.999673501747114
imagenet_val_r1024_p32,445,0.002270021582045185,2.374625793344472e-06,0.9996758763729073
imagenet_val_r1024_p32,446,0.0022454959559981935,2.34897000898112e-06,0.9996782253429163
imagenet_val_r1024_p32,447,0.0022410339097222354,2.3443023484347204e-06,0.9996805696452647
imagenet_val_r1024_p32,448,0.002218229260555982,2.3204468447925183e-06,0.9996828900921095
imagenet_val_r1024_p32,449,0.002196406236568223,2.2976182003161874e-06,0.9996851877103098
imagenet_val_r1024_p32,450,0.002185750526268621,2.2864714672965636e-06,0.999687474181777
imagenet_val_r1024_p32,451,0.002175946461634621,2.2762156243813887e-06,0.9996897503974014
imagenet_val_r1024_p32,452,0.002152904203201098,2.2521115622676465e-06,0.9996920025089636
imagenet_val_r1024_p32,453,0.0021265581229697266,2.224551435894499e-06,0.9996942270603996
imagenet_val_r1024_p32,454,0.0021151617318694443,2.2126298909753576e-06,0.9996964396902905
imagenet_val_r1024_p32,455,0.002078488733358625,2.174266974573208e-06,0.9996986139572651
imagenet_val_r1024_p32,456,0.002056276825271118,2.1510315259408344e-06,0.999700764988791
imagenet_val_r1024_p32,457,0.0020420413553538627,2.13614007543073e-06,0.9997029011288665
imagenet_val_r1024_p32,458,0.0020354911862378805,2.1292880698565954e-06,0.9997050304169363
imagenet_val_r1024_p32,459,0.002025118690508696,2.118437602136511e-06,0.9997071488545385
imagenet_val_r1024_p32,460,0.0020140168688141417,2.1068242005911176e-06,0.999709255678739
imagenet_val_r1024_p32,461,0.0020018464454574863,2.094092955457933e-06,0.9997113497716944
imagenet_val_r1024_p32,462,0.0019805664223525167,2.071832333731817e-06,0.9997134216040282
imagenet_val_r1024_p32,463,0.0019420453717322653,2.0315362056627773e-06,0.9997154531402338
imagenet_val_r1024_p32,464,0.0019365972432383064,2.0258370235274456e-06,0.9997174789772574
imagenet_val_r1024_p32,465,0.001919017240775499,2.007446922029983e-06,0.9997194864241794
imagenet_val_r1024_p32,466,0.001904580977212888,1.9923454251603322e-06,0.9997214787696046
imagenet_val_r1024_p32,467,0.001884826114083584,1.971680243867839e-06,0.9997234504498484
imagenet_val_r1024_p32,468,0.0018757527915381396,1.962188816157124e-06,0.9997254126386645
imagenet_val_r1024_p32,469,0.0018667698365556565,1.952791920211034e-06,0.9997273654305847
imagenet_val_r1024_p32,470,0.0018492566361045103,1.934471699009509e-06,0.9997292999022838
imagenet_val_r1024_p32,471,0.001838011458462063,1.92270833557204e-06,0.9997312226106193
imagenet_val_r1024_p32,472,0.0018108817469934199,1.8943284676760742e-06,0.9997331169390871
imagenet_val_r1024_p32,473,0.0018047942653867332,1.8879604705812075e-06,0.9997350048995576
imagenet_val_r1024_p32,474,0.0017815726060704676,1.8636687406642694e-06,0.9997368685682982
imagenet_val_r1024_p32,475,0.0017779305044932027,1.8598588084522763e-06,0.9997387284271068
imagenet_val_r1024_p32,476,0.001760298763107566,1.8414145838655698e-06,0.9997405698416907
imagenet_val_r1024_p32,477,0.0017337571124985505,1.8136498750924834e-06,0.9997423834915656
imagenet_val_r1024_p32,478,0.0017295491060414796,1.809247960700763e-06,0.9997441927395263
imagenet_val_r1024_p32,479,0.0017083304220351554,1.7870515046226461e-06,0.999745979791031
imagenet_val_r1024_p32,480,0.0016959538532752227,1.7741046147591767e-06,0.9997477538956457
imagenet_val_r1024_p32,481,0.001677146752901272,1.7544308698048377e-06,0.9997495083265155
imagenet_val_r1024_p32,482,0.0016600224769987252,1.736517495072119e-06,0.9997512448440107
imagenet_val_r1024_p32,483,0.0016521456501023416,1.7282776983821641e-06,0.9997529731217091
imagenet_val_r1024_p32,484,0.0016344571973196807,1.7097741490968665e-06,0.9997546828958581
imagenet_val_r1024_p32,485,0.0016097534504865008,1.6839320360146336e-06,0.9997563668278941
imagenet_val_r1024_p32,486,0.001604064506647594,1.6779809415917405e-06,0.9997580448088357
imagenet_val_r1024_p32,487,0.001585242114741777,1.6582912004608557e-06,0.9997597031000361
imagenet_val_r1024_p32,488,0.0015803708855914864,1.6531955016018387e-06,0.9997613562955378
imagenet_val_r1024_p32,489,0.0015673122108933594,1.6395350738727203e-06,0.9997629958306116
imagenet_val_r1024_p32,490,0.0015328803284154026,1.6035165457264385e-06,0.9997645993471573
imagenet_val_r1024_p32,491,0.0015255907326971083,1.5958910402455084e-06,0.9997661952381977
imagenet_val_r1024_p32,492,0.001514600462365489,1.5843943304293055e-06,0.999767779632528
imagenet_val_r1024_p32,493,0.0014945362658086109,1.5634055614045765e-06,0.9997693430380894
imagenet_val_r1024_p32,494,0.0014764757651893807,1.5445128200534134e-06,0.9997708875509095
imagenet_val_r1024_p32,495,0.001462393653919195,1.529781795066064e-06,0.9997724173327046
imagenet_val_r1024_p32,496,0.0014509373196245475,1.5177975447274673e-06,0.9997739351302494
imagenet_val_r1024_p32,497,0.0014293406005866855,1.495205633494308e-06,0.9997754303358828
imagenet_val_r1024_p32,498,0.0014208836660257497,1.486358997365443e-06,0.9997769166948802
imagenet_val_r1024_p32,499,0.0014089179687133187,1.473841912198415e-06,0.9997783905367923
imagenet_val_r1024_p32,500,0.0013943215897974535,1.4585729217459915e-06,0.9997798491097141
imagenet_val_r1024_p32,501,0.0013902240328402301,1.454286546445738e-06,0.9997813033962606
imagenet_val_r1024_p32,502,0.0013890449301057228,1.4530531098174213e-06,0.9997827564493704
imagenet_val_r1024_p32,503,0.0013621029583405263,1.4248696328041526e-06,0.9997841813190032
imagenet_val_r1024_p32,504,0.001356316104514993,1.418816116632714e-06,0.9997856001351197
imagenet_val_r1024_p32,505,0.0012977396565926936,1.357540424269705e-06,0.999786957675544
imagenet_val_r1024_p32,506,0.0012961182089900843,1.3558442592067088e-06,0.9997883135198032
imagenet_val_r1024_p32,507,0.0012838125274455476,1.3429715230920094e-06,0.9997896564913263
imagenet_val_r1024_p32,508,0.0012619411160184665,1.320092261448689e-06,0.9997909765835877
imagenet_val_r1024_p32,509,0.0012417584259009195,1.2989795385956199e-06,0.9997922755631263
imagenet_val_r1024_p32,510,0.0012160415666749905,1.2720776281800017e-06,0.9997935476407545
imagenet_val_r1024_p32,511,0.0011784049888811873,1.232706730075209e-06,0.9997947803474845
imagenet_val_r1024_p32,512,0.0011713869590745394,1.225365304456554e-06,0.9997960057127889
ucf101_t128_r128_pt16_p8,1,711.5648089647057,0.7513156738899712,0.7513156738899712
ucf101_t128_r128_pt16_p8,2,47.000968790309315,0.04962663146811731,0.8009423053580885
ucf101_t128_r128_pt16_p8,3,28.04690054195674,0.029613712926394066,0.8305560182844826
ucf101_t128_r128_pt16_p8,4,19.142239398630306,0.020211601687371305,0.8507676199718539
ucf101_t128_r128_pt16_p8,5,16.24755184520401,0.01715520527413713,0.8679228252459911
ucf101_t128_r128_pt16_p8,6,10.971867450265636,0.011584799983604366,0.8795076252295955
ucf101_t128_r128_pt16_p8,7,8.951152763057788,0.009451200067150051,0.8889588252967454
ucf101_t128_r128_pt16_p8,8,6.101886224269662,0.006442762068654362,0.8954015873653998
ucf101_t128_r128_pt16_p8,9,5.601310130448201,0.005914221785992162,0.9013158091513919
ucf101_t128_r128_pt16_p8,10,4.474268509957856,0.004724219099051036,0.9060400282504428
ucf101_t128_r128_pt16_p8,11,3.88194159155844,0.0040988024226587365,0.9101388306731015
ucf101_t128_r128_pt16_p8,12,3.2257482247262317,0.0034059514618011103,0.9135447821349026
ucf101_t128_r128_pt16_p8,13,2.9229625950215663,0.003086251012088393,0.916631033146991
ucf101_t128_r128_pt16_p8,14,2.586944756851275,0.0027314618694222813,0.9193624950164133
ucf101_t128_r128_pt16_p8,15,2.4695930498930965,0.0026075544253151128,0.9219700494417284
ucf101_t128_r128_pt16_p8,16,2.446743005647664,0.002583427885927013,0.9245534773276555
ucf101_t128_r128_pt16_p8,17,1.7076574344994788,0.0018030540296686214,0.926356531357324
ucf101_t128_r128_pt16_p8,18,1.65668960303998,0.0017492389306681265,0.9281057702879922
ucf101_t128_r128_pt16_p8,19,1.6392803713934325,0.0017308571494984494,0.9298366274374906
ucf101_t128_r128_pt16_p8,20,1.5899425027908594,0.0016787630696192463,0.9315153905071099
ucf101_t128_r128_pt16_p8,21,1.539598595748589,0.0016256067499570222,0.9331409972570669
ucf101_t128_r128_pt16_p8,22,1.4859760603448293,0.0015689886445996466,0.9347099859016665
ucf101_t128_r128_pt16_p8,23,1.4736711286369617,0.001555996310040947,0.9362659822117074
ucf101_t128_r128_pt16_p8,24,1.32560938435373,0.0013996632427194593,0.9376656454544269
ucf101_t128_r128_pt16_p8,25,1.1931549784391613,0.0012598094023023232,0.9389254548567292
ucf101_t128_r128_pt16_p8,26,1.1020698091609171,0.001163635850047492,0.9400890907067766
ucf101_t128_r128_pt16_p8,27,1.0692139126853586,0.0011289444913816394,0.9412180351981582
ucf101_t128_r128_pt16_p8,28,1.0085480910146627,0.0010648896335297968,0.942282924831688
ucf101_t128_r128_pt16_p8,29,1.0013048960522015,0.0010572418046380678,0.9433401666363259
ucf101_t128_r128_pt16_p8,30,0.9435757190468977,0.0009962876442040256,0.9443364542805299
ucf101_t128_r128_pt16_p8,31,0.9194499151134219,0.0009708140760735424,0.9453072683566035
ucf101_t128_r128_pt16_p8,32,0.9043603130233799,0.0009548815082734199,0.9462621498648769
ucf101_t128_r128_pt16_p8,33,0.8943721048115684,0.0009443353186796301,0.9472064851835567
ucf101_t128_r128_pt16_p8,34,0.8432388033959601,0.0008903455059074358,0.948096830689464
ucf101_t128_r128_pt16_p8,35,0.7930910528502377,0.0008373963008306085,0.9489342269902947
ucf101_t128_r128_pt16_p8,36,0.7832247779463389,0.0008269788562284906,0.9497612058465231
ucf101_t128_r128_pt16_p8,37,0.7283260544073928,0.0007690132697468124,0.9505302191162699
ucf101_t128_r128_pt16_p8,38,0.7206118766353891,0.0007608681470562838,0.9512910872633262
ucf101_t128_r128_pt16_p8,39,0.6743704471463488,0.0007120434858019676,0.9520031307491282
ucf101_t128_r128_pt16_p8,40,0.6621562520031116,0.0006991469567164209,0.9527022777058446
ucf101_t128_r128_pt16_p8,41,0.6423674024091446,0.0006782526225940935,0.9533805303284387
ucf101_t128_r128_pt16_p8,42,0.6159107655208949,0.0006503180118290135,0.9540308483402677
ucf101_t128_r128_pt16_p8,43,0.5865153799224284,0.0006192804820609235,0.9546501288223286
ucf101_t128_r128_pt16_p8,44,0.5741296359075131,0.0006062028206954969,0.9552563316430241
ucf101_t128_r128_pt16_p8,45,0.5586562788221289,0.000589865059806422,0.9558461967028306
ucf101_t128_r128_pt16_p8,46,0.5346235467551158,0.0005644897629102533,0.9564106864657408
ucf101_t128_r128_pt16_p8,47,0.5312516424640137,0.0005609294905178512,0.9569716159562586
ucf101_t128_r128_pt16_p8,48,0.5098174205933882,0.0005382978670224924,0.9575099138232812
ucf101_t128_r128_pt16_p8,49,0.4905445503247591,0.0005179483369006518,0.9580278621601819
ucf101_t128_r128_pt16_p8,50,0.4862159165495022,0.0005133778882768479,0.9585412400484588
ucf101_t128_r128_pt16_p8,51,0.46776860934981024,0.0004939000404890165,0.9590351400889477
ucf101_t128_r128_pt16_p8,52,0.45950369330142066,0.00048517341307249975,0.9595203135020203
ucf101_t128_r128_pt16_p8,53,0.45106521161495866,0.00047626352394504733,0.9599965770259653
ucf101_t128_r128_pt16_p8,54,0.4376068407987782,0.0004620533145420114,0.9604586303405074
ucf101_t128_r128_pt16_p8,55,0.4350433000056318,0.0004593465640755999,0.9609179769045829
ucf101_t128_r128_pt16_p8,56,0.41926765412401035,0.00044268962732539044,0.9613606665319083
ucf101_t128_r128_pt16_p8,57,0.40511208181190383,0.00042774326795379307,0.9617884097998621
ucf101_t128_r128_pt16_p8,58,0.40142400346510626,0.00042384915875449925,0.9622122589586166
ucf101_t128_r128_pt16_p8,59,0.38999265492287816,0.0004117792092217628,0.9626240381678385
ucf101_t128_r128_pt16_p8,60,0.3771183084240306,0.0003981856500774482,0.9630222238179159
ucf101_t128_r128_pt16_p8,61,0.36678665460836113,0.0003872768286305143,0.9634095006465464
ucf101_t128_r128_pt16_p8,62,0.36454755893306556,0.0003849126480878643,0.9637944132946342
ucf101_t128_r128_pt16_p8,63,0.35894256509326267,0.00037899453680573437,0.96417340783144
ucf101_t128_r128_pt16_p8,64,0.35258187776443994,0.0003722785159645535,0.9645456863474046
ucf101_t128_r128_pt16_p8,65,0.34934489002057856,0.00036886069709898703,0.9649145470445035
ucf101_t128_r128_pt16_p8,66,0.34204077869057214,0.0003611485488070338,0.9652756955933106
ucf101_t128_r128_pt16_p8,67,0.3293299854847073,0.0003477276796988005,0.9656234232730094
ucf101_t128_r128_pt16_p8,68,0.3270699929809454,0.0003453414349470109,0.9659687647079563
ucf101_t128_r128_pt16_p8,69,0.3160168692542671,0.0003336708393854049,0.9663024355473417
ucf101_t128_r128_pt16_p8,70,0.3130392812150136,0.0003305269113326203,0.9666329624586744
ucf101_t128_r128_pt16_p8,71,0.29856782659666653,0.000315247023201881,0.9669482094818762
ucf101_t128_r128_pt16_p8,72,0.2956752672403753,0.00031219287387541185,0.9672604023557517
ucf101_t128_r128_pt16_p8,73,0.29436663670473384,0.0003108111379880105,0.9675712134937396
ucf101_t128_r128_pt16_p8,74,0.28442182702379293,0.00030031077134113455,0.9678715242650808
ucf101_t128_r128_pt16_p8,75,0.28286539666635213,0.00029866739253975056,0.9681701916576206
ucf101_t128_r128_pt16_p8,76,0.2788537330846638,0.0002944316213361672,0.9684646232789568
ucf101_t128_r128_pt16_p8,77,0.2743897413024172,0.00028971825306406613,0.9687543415320209
ucf101_t128_r128_pt16_p8,78,0.2662731642887395,0.00028114825149585534,0.9690354897835167
ucf101_t128_r128_pt16_p8,79,0.2649841177707126,0.00027978719366786076,0.9693152769771846
ucf101_t128_r128_pt16_p8,80,0.2606566911159778,0.0002752180195991741,0.9695904949967837
ucf101_t128_r128_pt16_p8,81,0.2527238998652966,0.00026684207080400306,0.9698573370675877
ucf101_t128_r128_pt16_p8,82,0.2509460052685545,0.0002649648558824275,0.9701223019234702
ucf101_t128_r128_pt16_p8,83,0.24931611660819278,0.0002632439151026172,0.9703855458385727
ucf101_t128_r128_pt16_p8,84,0.24336196664651152,0.00025695714243687624,0.9706425029810096
ucf101_t128_r128_pt16_p8,85,0.2403287295671655,0.0002537544565653635,0.970896257437575
ucf101_t128_r128_pt16_p8,86,0.23406118165150472,0.00024713677827862586,0.9711433942158536
ucf101_t128_r128_pt16_p8,87,0.23143906043586962,0.0002443681748523092,0.9713877623907059
ucf101_t128_r128_pt16_p8,88,0.2286975705300477,0.00024147353432188163,0.9716292359250278
ucf101_t128_r128_pt16_p8,89,0.2238837851757513,0.00023639083160547419,0.9718656267566332
ucf101_t128_r128_pt16_p8,90,0.22108732293106872,0.00023343814776079607,0.9720990649043941
ucf101_t128_r128_pt16_p8,91,0.21614183507954346,0.0002282163851172929,0.9723272812895113
ucf101_t128_r128_pt16_p8,92,0.21192116442398257,0.00022375993086618385,0.9725510412203775
ucf101_t128_r128_pt16_p8,93,0.2109369098646676,0.00022272069189849668,0.972773761912276
ucf101_t128_r128_pt16_p8,94,0.20849418974808576,0.00022014151163635796,0.9729939034239125
ucf101_t128_r128_pt16_p8,95,0.20662049232160357,0.0002181631419546257,0.973212066565867
ucf101_t128_r128_pt16_p8,96,0.20183608641286852,0.00021311145993747478,0.9734251780258045
ucf101_t128_r128_pt16_p8,97,0.2008794626278917,0.00021210139531003101,0.9736372794211146
ucf101_t128_r128_pt16_p8,98,0.1988836953306872,0.00020999413644487102,0.9738472735575594
ucf101_t128_r128_pt16_p8,99,0.19534147351130374,0.0002062540319037682,0.9740535275894632
ucf101_t128_r128_pt16_p8,100,0.19225290848143387,0.00020299292724044755,0.9742565205167036
ucf101_t128_r128_pt16_p8,101,0.1914334618887773,0.00020212770307362235,0.9744586482197772
ucf101_t128_r128_pt16_p8,102,0.18890821710351816,0.00019946138798373683,0.974658109607761
ucf101_t128_r128_pt16_p8,103,0.18579310277775737,0.00019617225087434478,0.9748542818586353
ucf101_t128_r128_pt16_p8,104,0.18442211554602378,0.0001947246747956414,0.975049006533431
ucf101_t128_r128_pt16_p8,105,0.18381769621438923,0.0001940864901752976,0.9752430930236063
ucf101_t128_r128_pt16_p8,106,0.17841510518546916,0.0001883820887370776,0.9754314751123433
ucf101_t128_r128_pt16_p8,107,0.17821266281498213,0.00018816833712360527,0.975619643449467
ucf101_t128_r128_pt16_p8,108,0.175705286209474,0.00018552088840167625,0.9758051643378686
ucf101_t128_r128_pt16_p8,109,0.17298279876356124,0.00018264631188480356,0.9759878106497534
ucf101_t128_r128_pt16_p8,110,0.1706437257294606,0.00018017656884699074,0.9761679872186003
ucf101_t128_r128_pt16_p8,111,0.1679800787908249,0.00017736411990419137,0.9763453513385045
ucf101_t128_r128_pt16_p8,112,0.16605825700368937,0.0001753349374419516,0.9765206862759465
ucf101_t128_r128_pt16_p8,113,0.16447365443336773,0.00017366181261485236,0.9766943480885613
ucf101_t128_r128_pt16_p8,114,0.1631827015169403,0.00017229874188939438,0.9768666468304507
ucf101_t128_r128_pt16_p8,115,0.15970942572619576,0.00016863143497869188,0.9770352782654294
ucf101_t128_r128_pt16_p8,116,0.1591247416798166,0.00016801408813581301,0.9772032923535651
ucf101_t128_r128_pt16_p8,117,0.1571784800183349,0.00016595910048979682,0.977369251454055
ucf101_t128_r128_pt16_p8,118,0.15422084916858383,0.00016283624451518563,0.9775320876985701
ucf101_t128_r128_pt16_p8,119,0.1525173221259094,0.00016103755161759996,0.9776931252501878
ucf101_t128_r128_pt16_p8,120,0.1520516234494146,0.00016054583714471951,0.9778536710873326
ucf101_t128_r128_pt16_p8,121,0.1516985459008494,0.0001601730352677947,0.9780138441226004
ucf101_t128_r128_pt16_p8,122,0.14968402034735687,0.00015804597023489494,0.9781718900928352
ucf101_t128_r128_pt16_p8,123,0.148519102402161,0.00015681597529979585,0.9783287060681349
ucf101_t128_r128_pt16_p8,124,0.14715397896675692,0.00015537459059260963,0.9784840806587276
ucf101_t128_r128_pt16_p8,125,0.14578007159957457,0.00015392393124797612,0.9786380045899756
ucf101_t128_r128_pt16_p8,126,0.1435713813957518,0.00015159185474841782,0.9787895964447241
ucf101_t128_r128_pt16_p8,127,0.14258237935209359,0.00015054760308286577,0.9789401440478069
ucf101_t128_r128_pt16_p8,128,0.1398395973810441,0.0001476515983072635,0.9790877956461143
ucf101_t128_r128_pt16_p8,129,0.13867088860268317,0.00014641760076785043,0.979234213246882
ucf101_t128_r128_pt16_p8,130,0.1370472441814073,0.0001447032530553723,0.9793789164999374
ucf101_t128_r128_pt16_p8,131,0.13529831401876077,0.00014285662063738205,0.9795217731205748
ucf101_t128_r128_pt16_p8,132,0.13458330987398867,0.00014210167349258836,0.9796638747940674
ucf101_t128_r128_pt16_p8,133,0.13226144116352884,0.00013965009588095623,0.9798035248899484
ucf101_t128_r128_pt16_p8,134,0.13208753743487844,0.00013946647719234647,0.9799429913671407
ucf101_t128_r128_pt16_p8,135,0.1306189806219305,0.00013791588090418684,0.9800809072480449
ucf101_t128_r128_pt16_p8,136,0.1291512052296117,0.00013636610968994765,0.9802172733577348
ucf101_t128_r128_pt16_p8,137,0.12705505429147124,0.00013415285935094412,0.9803514262170857
ucf101_t128_r128_pt16_p8,138,0.1266497883979697,0.00013372495367876267,0.9804851511707645
ucf101_t128_r128_pt16_p8,139,0.12491542309804894,0.00013189369977516217,0.9806170448705397
ucf101_t128_r128_pt16_p8,140,0.12415395365972755,0.0001310896915991094,0.9807481345621388
ucf101_t128_r128_pt16_p8,141,0.123066686301979,0.0001299416851247955,0.9808780762472636
ucf101_t128_r128_pt16_p8,142,0.12253209955301302,0.0001293772342153465,0.981007453481479
ucf101_t128_r128_pt16_p8,143,0.12188070205627691,0.0001286894470411289,0.9811361429285201
ucf101_t128_r128_pt16_p8,144,0.1194167201311966,0.00012608781720056965,0.9812622307457207
ucf101_t128_r128_pt16_p8,145,0.11865345421599569,0.00012528191218923166,0.9813875126579099
ucf101_t128_r128_pt16_p8,146,0.11664278457190448,0.00012315891847230174,0.9815106715763823
ucf101_t128_r128_pt16_p8,147,0.11607881621824936,0.0001225634445838509,0.9816332350209661
ucf101_t128_r128_pt16_p8,148,0.11522164910705615,0.00012165839267899425,0.9817548934136452
ucf101_t128_r128_pt16_p8,149,0.11455637232097242,0.00012095595086264433,0.9818758493645078
ucf101_t128_r128_pt16_p8,150,0.11246428434273029,0.0001187469904567791,0.9819945963549646
ucf101_t128_r128_pt16_p8,151,0.11163809956919465,0.00011787465168725832,0.9821124710066519
ucf101_t128_r128_pt16_p8,152,0.11025834431205525,0.00011641781776607386,0.9822288888244178
ucf101_t128_r128_pt16_p8,153,0.10997583479740644,0.0001161195261365489,0.9823450083505544
ucf101_t128_r128_pt16_p8,154,0.10941707053863675,0.00011552954706460186,0.982460537897619
ucf101_t128_r128_pt16_p8,155,0.10715984542183445,0.00011314622429710983,0.9825736841219161
ucf101_t128_r128_pt16_p8,156,0.10581976471882039,0.00011173128130981281,0.982685415403226
ucf101_t128_r128_pt16_p8,157,0.10475421250573705,0.00011060620307526318,0.9827960216063012
ucf101_t128_r128_pt16_p8,158,0.10434184121837986,0.00011017079507341944,0.9829061924013747
ucf101_t128_r128_pt16_p8,159,0.10317459020066669,0.00010893833673101226,0.9830151307381056
ucf101_t128_r128_pt16_p8,160,0.10190695303654965,0.00010759988426932818,0.9831227306223749
ucf101_t128_r128_pt16_p8,161,0.09936932485477415,0.00010492049399671648,0.9832276511163717
ucf101_t128_r128_pt16_p8,162,0.09926569702944488,0.00010481107710532426,0.9833324621934769
ucf101_t128_r128_pt16_p8,163,0.0987337934555872,0.00010424945926390963,0.9834367116527408
ucf101_t128_r128_pt16_p8,164,0.09801036216572469,0.00010348561419989228,0.9835401972669408
ucf101_t128_r128_pt16_p8,165,0.09652297088752068,0.0001019151312776862,0.9836421123982185
ucf101_t128_r128_pt16_p8,166,0.09620644457466176,0.00010158092253513257,0.9837436933207537
ucf101_t128_r128_pt16_p8,167,0.09565257477516131,0.0001009961113465854,0.9838446894321002
ucf101_t128_r128_pt16_p8,168,0.09449283745515441,9.977158644718224e-05,0.9839444610185475
ucf101_t128_r128_pt16_p8,169,0.09332406780600236,9.853752463649147e-05,0.9840429985431839
ucf101_t128_r128_pt16_p8,170,0.09205718597729856,9.719986970628712e-05,0.9841401984128901
ucf101_t128_r128_pt16_p8,171,0.09187878099865963,9.701149830980611e-05,0.9842372099112
ucf101_t128_r128_pt16_p8,172,0.09035710861921376,9.540481920651188e-05,0.9843326147304065
ucf101_t128_r128_pt16_p8,173,0.08990221538063026,9.492451380665433e-05,0.9844275392442131
ucf101_t128_r128_pt16_p8,174,0.089108994589777,9.408698052013537e-05,0.9845216262247333
ucf101_t128_r128_pt16_p8,175,0.08868792001741632,9.364238303287152e-05,0.984615268607766
ucf101_t128_r128_pt16_p8,176,0.08804713814449724,9.296580451380571e-05,0.9847082344122798
ucf101_t128_r128_pt16_p8,177,0.08729986249470881,9.21767830482568e-05,0.984800411195328
ucf101_t128_r128_pt16_p8,178,0.08659213423880613,9.14295182526746e-05,0.9848918407135807
ucf101_t128_r128_pt16_p8,179,0.0860841921540002,9.089320048522025e-05,0.9849827339140659
ucf101_t128_r128_pt16_p8,180,0.08445352806484116,8.917144095804909e-05,0.985071905355024
ucf101_t128_r128_pt16_p8,181,0.08381812421875082,8.850054090396657e-05,0.9851604058959279
ucf101_t128_r128_pt16_p8,182,0.08361938890386539,8.82907034370939e-05,0.9852486965993651
ucf101_t128_r128_pt16_p8,183,0.08305823115869622,8.769819716899477e-05,0.9853363947965341
ucf101_t128_r128_pt16_p8,184,0.08243510580694198,8.704026153520153e-05,0.9854234350580692
ucf101_t128_r128_pt16_p8,185,0.08187554630620236,8.644944279587771e-05,0.9855098845008651
ucf101_t128_r128_pt16_p8,186,0.08141409276534753,8.596221060894496e-05,0.985595846711474
ucf101_t128_r128_pt16_p8,187,0.08100014096248855,8.552513379766269e-05,0.9856813718452717
ucf101_t128_r128_pt16_p8,188,0.08049703227891257,8.49939194446219e-05,0.9857663657647163
ucf101_t128_r128_pt16_p8,189,0.0800882017484224,8.456225000052879e-05,0.9858509280147167
ucf101_t128_r128_pt16_p8,190,0.0798731535778034,8.433518837635644e-05,0.9859352632030931
ucf101_t128_r128_pt16_p8,191,0.0791507615735466,8.357244065660819e-05,0.9860188356437497
ucf101_t128_r128_pt16_p8,192,0.07823748937426152,8.260814940835326e-05,0.9861014437931581
ucf101_t128_r128_pt16_p8,193,0.0772234229563255,8.153743317202156e-05,0.9861829812263301
ucf101_t128_r128_pt16_p8,194,0.0766974070732136,8.098203193137834e-05,0.9862639632582615
ucf101_t128_r128_pt16_p8,195,0.0762667716966439,8.052733953502577e-05,0.9863444905977965
ucf101_t128_r128_pt16_p8,196,0.07508253457594184,7.92769461777709e-05,0.9864237675439742
ucf101_t128_r128_pt16_p8,197,0.07442281290755219,7.85803698102758e-05,0.9865023479137844
ucf101_t128_r128_pt16_p8,198,0.07385287204223218,7.797858976169757e-05,0.9865803265035462
ucf101_t128_r128_pt16_p8,199,0.07321626462383946,7.730641889893528e-05,0.9866576329224451
ucf101_t128_r128_pt16_p8,200,0.07267295359142818,7.673275633256717e-05,0.9867343656787777
ucf101_t128_r128_pt16_p8,201,0.07260003045383433,7.66557594159501e-05,0.9868110214381937
ucf101_t128_r128_pt16_p8,202,0.071483875819467,7.547725190585385e-05,0.9868864986900996
ucf101_t128_r128_pt16_p8,203,0.0706620380715145,7.460950300420494e-05,0.9869611081931038
ucf101_t128_r128_pt16_p8,204,0.07061274081415458,7.455745180427533e-05,0.987035665644908
ucf101_t128_r128_pt16_p8,205,0.07011940647943418,7.403655783443048e-05,0.9871097022027424
ucf101_t128_r128_pt16_p8,206,0.06977341956741309,7.367124270545376e-05,0.9871833734454479
ucf101_t128_r128_pt16_p8,207,0.06908484539051048,7.294420201256801e-05,0.9872563176474606
ucf101_t128_r128_pt16_p8,208,0.06848121548956415,7.230685092367777e-05,0.9873286244983842
ucf101_t128_r128_pt16_p8,209,0.06821972005830705,7.203074730854828e-05,0.9874006552456928
ucf101_t128_r128_pt16_p8,210,0.06788038814428242,7.167245895245501e-05,0.9874723277046452
ucf101_t128_r128_pt16_p8,211,0.0673399691398842,7.110184997438716e-05,0.9875434295546196
ucf101_t128_r128_pt16_p8,212,0.06637411274387503,7.008203696521886e-05,0.987613511591585
ucf101_t128_r128_pt16_p8,213,0.06568946372915521,6.935914070982262e-05,0.9876828707322948
ucf101_t128_r128_pt16_p8,214,0.06538416392370999,6.903678563242596e-05,0.9877519075179272
ucf101_t128_r128_pt16_p8,215,0.06510847606712515,6.874569674615195e-05,0.9878206532146734
ucf101_t128_r128_pt16_p8,216,0.06467701613855467,6.829013373501584e-05,0.9878889433484084
ucf101_t128_r128_pt16_p8,217,0.0640755667683896,6.765508499010428e-05,0.9879565984333984
ucf101_t128_r128_pt16_p8,218,0.06378867444567758,6.73521657112745e-05,0.9880239505991099
ucf101_t128_r128_pt16_p8,219,0.0634732344887817,6.70191040128863e-05,0.9880909697031227
ucf101_t128_r128_pt16_p8,220,0.06299871755517927,6.651807865967861e-05,0.9881574877817824
ucf101_t128_r128_pt16_p8,221,0.062248904875992175,6.572637843609062e-05,0.9882232141602185
ucf101_t128_r128_pt16_p8,222,0.061292523019248944,6.471656925196216e-05,0.9882879307294704
ucf101_t128_r128_pt16_p8,223,0.06100337125600163,6.441126431118422e-05,0.9883523419937816
ucf101_t128_r128_pt16_p8,224,0.06066485746657134,6.405383978340733e-05,0.988416395833565
ucf101_t128_r128_pt16_p8,225,0.060083235134232395,6.343972569419811e-05,0.9884798355592592
ucf101_t128_r128_pt16_p8,226,0.0596845522685832,6.301877080421497e-05,0.9885428543300634
ucf101_t128_r128_pt16_p8,227,0.05906490892506998,6.236451169761241e-05,0.988605218841761
ucf101_t128_r128_pt16_p8,228,0.05860103769418775,6.18747267587879e-05,0.9886670935685198
ucf101_t128_r128_pt16_p8,229,0.058419714882038565,6.16832745269108e-05,0.9887287768430467
ucf101_t128_r128_pt16_p8,230,0.058058727081930855,6.130212050005753e-05,0.9887900789635468
ucf101_t128_r128_pt16_p8,231,0.05769367414295059,6.0916674239365515e-05,0.9888509956377861
ucf101_t128_r128_pt16_p8,232,0.05734575146272615,6.0549315202407583e-05,0.9889115449529886
ucf101_t128_r128_pt16_p8,233,0.056999675698929914,6.0183906258039095e-05,0.9889717288592466
ucf101_t128_r128_pt16_p8,234,0.05638698922815561,5.953699266299663e-05,0.9890312658519095
ucf101_t128_r128_pt16_p8,235,0.05606616822882903,5.919824931555959e-05,0.9890904641012251
ucf101_t128_r128_pt16_p8,236,0.055667790743706785,5.877761686588478e-05,0.9891492417180909
ucf101_t128_r128_pt16_p8,237,0.05555868366745878,5.866241463063554e-05,0.9892079041327215
ucf101_t128_r128_pt16_p8,238,0.0551984739671908,5.828208217140066e-05,0.9892661862148929
ucf101_t128_r128_pt16_p8,239,0.05470998307757547,5.7766302220935664e-05,0.9893239525171139
ucf101_t128_r128_pt16_p8,240,0.054438120560860274,5.747925237336312e-05,0.9893814317694873
ucf101_t128_r128_pt16_p8,241,0.054149656451562646,5.7174673501643275e-05,0.989438606442989
ucf101_t128_r128_pt16_p8,242,0.05384058037593209,5.684833119645888e-05,0.9894954547741854
ucf101_t128_r128_pt16_p8,243,0.05333973488219064,5.631950646411636e-05,0.9895517742806496
ucf101_t128_r128_pt16_p8,244,0.053155943539677404,5.612544779986569e-05,0.9896078997284494
ucf101_t128_r128_pt16_p8,245,0.052867185735411826,5.5820558826198726e-05,0.9896637202872756
ucf101_t128_r128_pt16_p8,246,0.05259997138824529,5.553841681357363e-05,0.9897192587040892
ucf101_t128_r128_pt16_p8,247,0.05235451102548228,5.527924405019472e-05,0.9897745379481393
ucf101_t128_r128_pt16_p8,248,0.05200722256778984,5.491255466598384e-05,0.9898294505028052
ucf101_t128_r128_pt16_p8,249,0.05192593609179241,5.482672720132745e-05,0.9898842772300066
ucf101_t128_r128_pt16_p8,250,0.051248772720509254,5.411173476744157e-05,0.9899383889647742
ucf101_t128_r128_pt16_p8,251,0.05099372281334903,5.384243674924354e-05,0.9899922314015234
ucf101_t128_r128_pt16_p8,252,0.05048047761076966,5.330051961058155e-05,0.990045531921134
ucf101_t128_r128_pt16_p8,253,0.0497917689251857,5.257333689481988e-05,0.9900981052580288
ucf101_t128_r128_pt16_p8,254,0.04977083707081118,5.255123570308439e-05,0.9901506564937319
ucf101_t128_r128_pt16_p8,255,0.049411730674436716,5.2172068182724814e-05,0.9902028285619147
ucf101_t128_r128_pt16_p8,256,0.04910864719192655,5.185205324095394e-05,0.9902546806151555
ucf101_t128_r128_pt16_p8,257,0.04883468621043591,5.156278769994486e-05,0.9903062434028554
ucf101_t128_r128_pt16_p8,258,0.04842743213852492,5.113278278173169e-05,0.9903573761856372
ucf101_t128_r128_pt16_p8,259,0.04805814276241938,5.0742863419540606e-05,0.9904081190490568
ucf101_t128_r128_pt16_p8,260,0.04795784646230898,5.063696416573159e-05,0.9904587560132225
ucf101_t128_r128_pt16_p8,261,0.047670748508152526,5.033382776805992e-05,0.9905090898409905
ucf101_t128_r128_pt16_p8,262,0.04758006136953934,5.023807448205995e-05,0.9905593279154726
ucf101_t128_r128_pt16_p8,263,0.04712112643484925,4.975350160073658e-05,0.9906090814170734
ucf101_t128_r128_pt16_p8,264,0.04689877965787139,4.951873364077319e-05,0.9906586001507142
ucf101_t128_r128_pt16_p8,265,0.046367752860145606,4.895804155572269e-05,0.99070755819227
ucf101_t128_r128_pt16_p8,266,0.04618755444743509,4.8767776536747837e-05,0.9907563259688067
ucf101_t128_r128_pt16_p8,267,0.045986699726193965,4.85557012649777e-05,0.9908048816700716
ucf101_t128_r128_pt16_p8,268,0.045728914915929175,4.828351556101564e-05,0.9908531651856327
ucf101_t128_r128_pt16_p8,269,0.045257572626510145,4.778584220035164e-05,0.990900951027833
ucf101_t128_r128_pt16_p8,270,0.045008806910084395,4.7523179432993785e-05,0.9909484742072661
ucf101_t128_r128_pt16_p8,271,0.04479894927756078,4.730159831119851e-05,0.9909957758055773
ucf101_t128_r128_pt16_p8,272,0.04445604333803871,4.6939536270205033e-05,0.9910427153418475
ucf101_t128_r128_pt16_p8,273,0.04429038030246702,4.676461863284985e-05,0.9910894799604804
ucf101_t128_r128_pt16_p8,274,0.04401127386647914,4.646992019161248e-05,0.9911359498806719
ucf101_t128_r128_pt16_p8,275,0.04376493441011174,4.620981922493365e-05,0.9911821596998968
ucf101_t128_r128_pt16_p8,276,0.04354703745518681,4.597974967193511e-05,0.9912281394495687
ucf101_t128_r128_pt16_p8,277,0.04309228314789853,4.5499590964632305e-05,0.9912736390405332
ucf101_t128_r128_pt16_p8,278,0.04303246957206057,4.54364359624845e-05,0.9913190754764958
ucf101_t128_r128_pt16_p8,279,0.04293407211378091,4.533254162742878e-05,0.9913644080181232
ucf101_t128_r128_pt16_p8,280,0.04255459259465703,4.4931862859948945e-05,0.9914093398809831
ucf101_t128_r128_pt16_p8,281,0.04204857610223071,4.439757825618971e-05,0.9914537374592394
ucf101_t128_r128_pt16_p8,282,0.041682069997145646,4.40105976497044e-05,0.9914977480568891
ucf101_t128_r128_pt16_p8,283,0.041478136113612306,4.3795271201283236e-05,0.9915415433280903
ucf101_t128_r128_pt16_p8,284,0.041099076581001516,4.339503588244804e-05,0.9915849383639728
ucf101_t128_r128_pt16_p8,285,0.04090706939927794,4.319230240924797e-05,0.991628130666382
ucf101_t128_r128_pt16_p8,286,0.04063136884728984,4.2901200118354526e-05,0.9916710318665003
ucf101_t128_r128_pt16_p8,287,0.0405106958670556,4.277378586132163e-05,0.9917138056523617
ucf101_t128_r128_pt16_p8,288,0.040195081151166726,4.2440539641201984e-05,0.9917562461920029
ucf101_t128_r128_pt16_p8,289,0.03997161366646575,4.220458836628594e-05,0.9917984507803691
ucf101_t128_r128_pt16_p8,290,0.039679254587815634,4.189589693659952e-05,0.9918403466773057
ucf101_t128_r128_pt16_p8,291,0.039317689961065536,4.1514133859253464e-05,0.9918818608111649
ucf101_t128_r128_pt16_p8,292,0.039272897330315644,4.1466838932448236e-05,0.9919233276500974
ucf101_t128_r128_pt16_p8,293,0.0389535364991862,4.112963732406182e-05,0.9919644572874214
ucf101_t128_r128_pt16_p8,294,0.03887636897579879,4.1048158913232885e-05,0.9920055054463347
ucf101_t128_r128_pt16_p8,295,0.03879058073669209,4.09575781989195e-05,0.9920464630245336
ucf101_t128_r128_pt16_p8,296,0.03838200098150785,4.0526173539446984e-05,0.992086989198073
ucf101_t128_r128_pt16_p8,297,0.038111694866938155,4.0240767040887865e-05,0.992127229965114
ucf101_t128_r128_pt16_p8,298,0.03786207429513132,3.997720166249778e-05,0.9921672071667765
ucf101_t128_r128_pt16_p8,299,0.037531876466044604,3.9628557657971695e-05,0.9922068357244345
ucf101_t128_r128_pt16_p8,300,0.03741230798217934,3.950230959890602e-05,0.9922463380340334
ucf101_t128_r128_pt16_p8,301,0.037059878249856355,3.913019172783767e-05,0.9922854682257612
ucf101_t128_r128_pt16_p8,302,0.03683206421384176,3.8889651085813884e-05,0.992324357876847
ucf101_t128_r128_pt16_p8,303,0.03652826580545877,3.856888127954275e-05,0.9923629267581267
ucf101_t128_r128_pt16_p8,304,0.03648379460351195,3.852192573784306e-05,0.9924014486838645
ucf101_t128_r128_pt16_p8,305,0.03626769785818932,3.8293756961377396e-05,0.9924397424408259
ucf101_t128_r128_pt16_p8,306,0.035946868297671845,3.7955004574486994e-05,0.9924776974454003
ucf101_t128_r128_pt16_p8,307,0.035735186123977726,3.7731496985331634e-05,0.9925154289423855
ucf101_t128_r128_pt16_p8,308,0.035434070236007545,3.741355955582546e-05,0.9925528425019414
ucf101_t128_r128_pt16_p8,309,0.03532273199718668,3.7296001516310925e-05,0.9925901385034577
ucf101_t128_r128_pt16_p8,310,0.035151206511085296,3.711489392842014e-05,0.9926272533973861
ucf101_t128_r128_pt16_p8,311,0.03498108250336041,3.69352661111105e-05,0.9926641886634971
ucf101_t128_r128_pt16_p8,312,0.03487482984271249,3.682307775056827e-05,0.9927010117412477
ucf101_t128_r128_pt16_p8,313,0.034652525115508294,3.65883541894476e-05,0.9927376000954371
ucf101_t128_r128_pt16_p8,314,0.03444873497063671,3.63731795095065e-05,0.9927739732749467
ucf101_t128_r128_pt16_p8,315,0.034096472715729485,3.6001238471814246e-05,0.9928099745134185
ucf101_t128_r128_pt16_p8,316,0.03397880606615212,3.5876998491129676e-05,0.9928458515119095
ucf101_t128_r128_pt16_p8,317,0.03388662273509535,3.57796654293737e-05,0.9928816311773389
ucf101_t128_r128_pt16_p8,318,0.033796553286933345,3.5684564340491594e-05,0.9929173157416794
ucf101_t128_r128_pt16_p8,319,0.03361016460055993,3.548776323433254e-05,0.9929528035049137
ucf101_t128_r128_pt16_p8,320,0.03320512547601442,3.5060096999330734e-05,0.992987863601913
ucf101_t128_r128_pt16_p8,321,0.03300320971712489,3.484690141609242e-05,0.993022710503329
ucf101_t128_r128_pt16_p8,322,0.0328627416347295,3.4698586223076517e-05,0.9930574090895522
ucf101_t128_r128_pt16_p8,323,0.03285374486764267,3.468908686048647e-05,0.9930920981764126
ucf101_t128_r128_pt16_p8,324,0.032368816417012614,3.417706836114046e-05,0.9931262752447738
ucf101_t128_r128_pt16_p8,325,0.03223457374126154,3.403532635095947e-05,0.9931603105711247
ucf101_t128_r128_pt16_p8,326,0.03212494499607535,3.391957330425229e-05,0.9931942301444291
ucf101_t128_r128_pt16_p8,327,0.031876819590734344,3.3657586618325205e-05,0.9932278877310473
ucf101_t128_r128_pt16_p8,328,0.03168845987497848,3.3458704373174917e-05,0.9932613464354205
ucf101_t128_r128_pt16_p8,329,0.0313512314910115,3.3102637058767375e-05,0.9932944490724793
ucf101_t128_r128_pt16_p8,330,0.03125553457143474,3.3001594125340666e-05,0.9933274506666047
ucf101_t128_r128_pt16_p8,331,0.0311019379194098,3.283941694812576e-05,0.9933602900835528
ucf101_t128_r128_pt16_p8,332,0.031017140240768078,3.2749882130958924e-05,0.9933930399656837
ucf101_t128_r128_pt16_p8,333,0.030850607791103633,3.257404651055179e-05,0.9934256140121943
ucf101_t128_r128_pt16_p8,334,0.03068318353666281,3.239726926557568e-05,0.9934580112814598
ucf101_t128_r128_pt16_p8,335,0.030487753720549474,3.2190921955897716e-05,0.9934902022034158
ucf101_t128_r128_pt16_p8,336,0.03020121867283855,3.1888379910883924e-05,0.9935220905833266
ucf101_t128_r128_pt16_p8,337,0.029984612651074428,3.16596734077516e-05,0.9935537502567344
ucf101_t128_r128_pt16_p8,338,0.029951936032341624,3.162517134200245e-05,0.9935853754280765
ucf101_t128_r128_pt16_p8,339,0.029762001640151806,3.1424626452675225e-05,0.9936168000545291
ucf101_t128_r128_pt16_p8,340,0.029507053413535704,3.1155435795304434e-05,0.9936479554903245
ucf101_t128_r128_pt16_p8,341,0.029340796123133277,3.09798907056596e-05,0.9936789353810301
ucf101_t128_r128_pt16_p8,342,0.029231898576908732,3.086490970562153e-05,0.9937098002907357
ucf101_t128_r128_pt16_p8,343,0.029126263586185218,3.075337352052369e-05,0.9937405536642562
ucf101_t128_r128_pt16_p8,344,0.02888953718981823,3.0503422637943112e-05,0.9937710570868942
ucf101_t128_r128_pt16_p8,345,0.028787670176972657,3.039586492508406e-05,0.9938014529518192
ucf101_t128_r128_pt16_p8,346,0.028608075344467368,3.0206237204726183e-05,0.9938316591890238
ucf101_t128_r128_pt16_p8,347,0.028329464167152412,2.9912061689298117e-05,0.9938615712507132
ucf101_t128_r128_pt16_p8,348,0.028285435270039926,2.9865573161355274e-05,0.9938914368238746
ucf101_t128_r128_pt16_p8,349,0.02805155543498558,2.9618627860422263e-05,0.993921055451735
ucf101_t128_r128_pt16_p8,350,0.027915659878362444,2.9475140632812573e-05,0.9939505305923678
ucf101_t128_r128_pt16_p8,351,0.027744224542800577,2.929412823163211e-05,0.9939798247205995
ucf101_t128_r128_pt16_p8,352,0.027671572197564782,2.9217417234920602e-05,0.9940090421378345
ucf101_t128_r128_pt16_p8,353,0.02759049834961042,2.9131814276562796e-05,0.994038173952111
ucf101_t128_r128_pt16_p8,354,0.02733497227063483,2.8862013485681456e-05,0.9940670359655966
ucf101_t128_r128_pt16_p8,355,0.027183585018436315,2.8702169134231073e-05,0.9940957381347308
ucf101_t128_r128_pt16_p8,356,0.02696307272955004,2.8469338144223767e-05,0.9941242074728751
ucf101_t128_r128_pt16_p8,357,0.0268989524055318,2.8401635801664275e-05,0.9941526091086769
ucf101_t128_r128_pt16_p8,358,0.026797896655326066,2.8294934671830798e-05,0.9941809040433487
ucf101_t128_r128_pt16_p8,359,0.026376211538000672,2.7849692532111078e-05,0.9942087537358808
ucf101_t128_r128_pt16_p8,360,0.026303123426391344,2.7772521425368175e-05,0.9942365262573062
ucf101_t128_r128_pt16_p8,361,0.02622016042842532,2.7684923781500057e-05,0.9942642111810878
ucf101_t128_r128_pt16_p8,362,0.02609930499285469,2.7557316876443688e-05,0.9942917684979642
ucf101_t128_r128_pt16_p8,363,0.02581785550213822,2.726014448804059e-05,0.9943190286424523
ucf101_t128_r128_pt16_p8,364,0.025656652099979003,2.708993561711171e-05,0.9943461185780693
ucf101_t128_r128_pt16_p8,365,0.02550939654553083,2.6934453776623787e-05,0.994373053031846
ucf101_t128_r128_pt16_p8,366,0.025464854465198666,2.6887423396987797e-05,0.9943999404552429
ucf101_t128_r128_pt16_p8,367,0.02536495878207145,2.6781947140233864e-05,0.9944267224023833
ucf101_t128_r128_pt16_p8,368,0.025277971438892034,2.6690100335083636e-05,0.9944534125027183
ucf101_t128_r128_pt16_p8,369,0.025093388228098503,2.649520556561367e-05,0.994479907708284
ucf101_t128_r128_pt16_p8,370,0.02500102345953944,2.6397680930528622e-05,0.9945063053892146
ucf101_t128_r128_pt16_p8,371,0.02495618131150632,2.6350333720206075e-05,0.9945326557229348
ucf101_t128_r128_pt16_p8,372,0.024740093314601343,2.612217418087977e-05,0.9945587778971156
ucf101_t128_r128_pt16_p8,373,0.02462537715949016,2.6001049521119228e-05,0.9945847789466368
ucf101_t128_r128_pt16_p8,374,0.024441853668350846,2.5807273671494807e-05,0.9946105862203082
ucf101_t128_r128_pt16_p8,375,0.024246329399369066,2.5600826632432232e-05,0.9946361870469407
ucf101_t128_r128_pt16_p8,376,0.024224770858903844,2.5578063745406836e-05,0.9946617651106862
ucf101_t128_r128_pt16_p8,377,0.02409929201524778,2.5445575150140924e-05,0.9946872106858362
ucf101_t128_r128_pt16_p8,378,0.023923821085336413,2.526030171012037e-05,0.9947124709875463
ucf101_t128_r128_pt16_p8,379,0.023807238078649495,2.513720590896553e-05,0.9947376081934552
ucf101_t128_r128_pt16_p8,380,0.023655652563268594,2.4977152218555992e-05,0.994762585345674
ucf101_t128_r128_pt16_p8,381,0.023449282066204474,2.475925303759688e-05,0.9947873445987114
ucf101_t128_r128_pt16_p8,382,0.023427994631217666,2.4736776401089553e-05,0.9948120813751126
ucf101_t128_r128_pt16_p8,383,0.02333947211936675,2.4643308666586957e-05,0.9948367246837791
ucf101_t128_r128_pt16_p8,384,0.023142311755197015,2.4435134133495447e-05,0.9948611598179127
ucf101_t128_r128_pt16_p8,385,0.023019606914572097,2.430557450819891e-05,0.9948854653924208
ucf101_t128_r128_pt16_p8,386,0.0229769087796649,2.426049108417697e-05,0.994909725883505
ucf101_t128_r128_pt16_p8,387,0.02285730189096243,2.4134202474825805e-05,0.99493386008598
ucf101_t128_r128_pt16_p8,388,0.022705503926719727,2.397392446730873e-05,0.9949578340104472
ucf101_t128_r128_pt16_p8,389,0.022592359538770698,2.3854459379929725e-05,0.9949816884698272
ucf101_t128_r128_pt16_p8,390,0.02235787084846905,2.3606871210652655e-05,0.9950052953410379
ucf101_t128_r128_pt16_p8,391,0.022172711453787214,2.3411368069350816e-05,0.9950287067091073
ucf101_t128_r128_pt16_p8,392,0.02214710991286365,2.3384336323641532e-05,0.9950520910454309
ucf101_t128_r128_pt16_p8,393,0.02208577761462079,2.3319577757162396e-05,0.995075410623188
ucf101_t128_r128_pt16_p8,394,0.02190946205762122,2.313341250579597e-05,0.9950985440356939
ucf101_t128_r128_pt16_p8,395,0.021820409436659506,2.3039385048160925e-05,0.9951215834207421
ucf101_t128_r128_pt16_p8,396,0.02171337114397271,2.2926367167022284e-05,0.995144509787909
ucf101_t128_r128_pt16_p8,397,0.0216517659508434,2.2861320460653524e-05,0.9951673711083697
ucf101_t128_r128_pt16_p8,398,0.021545690274482075,2.2749318971450176e-05,0.9951901204273412
ucf101_t128_r128_pt16_p8,399,0.021415077396881657,2.2611409534506768e-05,0.9952127318368758
ucf101_t128_r128_pt16_p8,400,0.021364187156715744,2.2557676361360803e-05,0.995235289513237
ucf101_t128_r128_pt16_p8,401,0.021217986689554724,2.2403308549568754e-05,0.9952576928217866
ucf101_t128_r128_pt16_p8,402,0.021099444378954037,2.2278143989923072e-05,0.9952799709657765
ucf101_t128_r128_pt16_p8,403,0.02100516473860374,2.2178597510626345e-05,0.9953021495632871
ucf101_t128_r128_pt16_p8,404,0.02097433324020832,2.2146043641038982e-05,0.9953242956069283
ucf101_t128_r128_pt16_p8,405,0.020885248563244984,2.2051982336625458e-05,0.9953463475892649
ucf101_t128_r128_pt16_p8,406,0.020635817502747383,2.178861705640663e-05,0.9953681362063211
ucf101_t128_r128_pt16_p8,407,0.02056810375356165,2.1717120545533485e-05,0.9953898533268668
ucf101_t128_r128_pt16_p8,408,0.020439702397116774,2.1581546174189672e-05,0.995411434873041
ucf101_t128_r128_pt16_p8,409,0.020354622285634984,2.1491713146351242e-05,0.9954329265861872
ucf101_t128_r128_pt16_p8,410,0.020149581055092392,2.1275217490074377e-05,0.9954542018036773
ucf101_t128_r128_pt16_p8,411,0.020056788943654383,2.1177241639022726e-05,0.9954753790453162
ucf101_t128_r128_pt16_p8,412,0.019972468643331378,2.1088210868442664e-05,0.9954964672561847
ucf101_t128_r128_pt16_p8,413,0.019863508212771927,2.0973163471098458e-05,0.9955174404196558
ucf101_t128_r128_pt16_p8,414,0.019709036608461062,2.081006246325275e-05,0.9955382504821191
ucf101_t128_r128_pt16_p8,415,0.01962970830143393,2.0726302558741232e-05,0.9955589767846778
ucf101_t128_r128_pt16_p8,416,0.019494660370374593,2.0583710308459887e-05,0.9955795604949862
ucf101_t128_r128_pt16_p8,417,0.019469774923634185,2.05574346608277e-05,0.9956001179296471
ucf101_t128_r128_pt16_p8,418,0.019410054113638286,2.049437760679406e-05,0.995620612307254
ucf101_t128_r128_pt16_p8,419,0.019223298142106597,2.0297188697454298e-05,0.9956409094959514
ucf101_t128_r128_pt16_p8,420,0.019206732704566715,2.0279697848115266e-05,0.9956611891937995
ucf101_t128_r128_pt16_p8,421,0.019052529277311374,2.011687999877129e-05,0.9956813060737983
ucf101_t128_r128_pt16_p8,422,0.018947467284092186,2.000594882111715e-05,0.9957013120226195
ucf101_t128_r128_pt16_p8,423,0.018876049431071452,1.993054128030844e-05,0.9957212425638998
ucf101_t128_r128_pt16_p8,424,0.018801876983997674,1.9852225262771844e-05,0.9957410947891626
ucf101_t128_r128_pt16_p8,425,0.01861994890575008,1.9660133952203846e-05,0.9957607549231148
ucf101_t128_r128_pt16_p8,426,0.018588114226572958,1.96265208601317e-05,0.9957803814439748
ucf101_t128_r128_pt16_p8,427,0.01845995374912146,1.949120082424821e-05,0.9957998726447992
ucf101_t128_r128_pt16_p8,428,0.018441070465930996,1.9471262645101686e-05,0.9958193439074442
ucf101_t128_r128_pt16_p8,429,0.018352213196385733,1.9377441451996937e-05,0.9958387213488962
ucf101_t128_r128_pt16_p8,430,0.018291009156144,1.9312818308525424e-05,0.9958580341672048
ucf101_t128_r128_pt16_p8,431,0.01822013401788305,1.9237983800700277e-05,0.9958772721510054
ucf101_t128_r128_pt16_p8,432,0.0179877499809169,1.8992617859137592e-05,0.9958962647688645
ucf101_t128_r128_pt16_p8,433,0.01794649479714772,1.8949057995293153e-05,0.9959152138268598
ucf101_t128_r128_pt16_p8,434,0.017839114538024746,1.883567904410129e-05,0.9959340495059039
ucf101_t128_r128_pt16_p8,435,0.017738852135514665,1.872981558154854e-05,0.9959527793214854
ucf101_t128_r128_pt16_p8,436,0.017707955147015907,1.8697192563317933e-05,0.9959714765140487
ucf101_t128_r128_pt16_p8,437,0.017607692089980552,1.8591328409675504e-05,0.9959900678424584
ucf101_t128_r128_pt16_p8,438,0.017565317061692214,1.854658614230441e-05,0.9960086144286007
ucf101_t128_r128_pt16_p8,439,0.017440983224582405,1.841530651824403e-05,0.9960270297351189
ucf101_t128_r128_pt16_p8,440,0.017248045811414862,1.8211590847139575e-05,0.9960452413259661
ucf101_t128_r128_pt16_p8,441,0.017192042437370176,1.8152458899943204e-05,0.9960633937848661
ucf101_t128_r128_pt16_p8,442,0.01714104988037862,1.8098617694143236e-05,0.9960814924025602
ucf101_t128_r128_pt16_p8,443,0.01705824990294008,1.8011192177783284e-05,0.9960995035947379
ucf101_t128_r128_pt16_p8,444,0.017000469745389855,1.7950184188826554e-05,0.9961174537789268
ucf101_t128_r128_pt16_p8,445,0.016829228673725292,1.7769376903904058e-05,0.9961352231558307
ucf101_t128_r128_pt16_p8,446,0.016763249183494484,1.7699711534648656e-05,0.9961529228673652
ucf101_t128_r128_pt16_p8,447,0.01667869153435972,1.7610430155999998e-05,0.9961705332975213
ucf101_t128_r128_pt16_p8,448,0.01657262215003099,1.7498435310327428e-05,0.9961880317328317
ucf101_t128_r128_pt16_p8,449,0.01642510420330647,1.7342676419277918e-05,0.9962053744092509
ucf101_t128_r128_pt16_p8,450,0.016355548705586802,1.72692352724089e-05,0.9962226436445234
ucf101_t128_r128_pt16_p8,451,0.01633193208433892,1.7244299331951596e-05,0.9962398879438553
ucf101_t128_r128_pt16_p8,452,0.01621397845607368,1.7119756340798327e-05,0.9962570077001962
ucf101_t128_r128_pt16_p8,453,0.01608941713744026,1.6988236527183806e-05,0.9962739959367234
ucf101_t128_r128_pt16_p8,454,0.016048119048919614,1.694463136175636e-05,0.9962909405680851
ucf101_t128_r128_pt16_p8,455,0.015967710399612884,1.6859730762711325e-05,0.9963078002988479
ucf101_t128_r128_pt16_p8,456,0.01588484782967033,1.677223915717897e-05,0.996324572538005
ucf101_t128_r128_pt16_p8,457,0.01575302806166048,1.663305540808599e-05,0.9963412055934131
ucf101_t128_r128_pt16_p8,458,0.01568656601053256,1.6562880520145795e-05,0.9963577684739333
ucf101_t128_r128_pt16_p8,459,0.015643703563518484,1.651762360488349e-05,0.9963742860975382
ucf101_t128_r128_pt16_p8,460,0.015601275267135294,1.6472825093648065e-05,0.996390758922632
ucf101_t128_r128_pt16_p8,461,0.015562865808149163,1.64322699281897e-05,0.9964071911925602
ucf101_t128_r128_pt16_p8,462,0.015410944281626838,1.6271861455708346e-05,0.9964234630540159
ucf101_t128_r128_pt16_p8,463,0.015278229787395382,1.6131732997397505e-05,0.9964395947870133
ucf101_t128_r128_pt16_p8,464,0.015181576627416322,1.6029680404143324e-05,0.9964556244674174
ucf101_t128_r128_pt16_p8,465,0.015125201624155388,1.5970156067031766e-05,0.9964715946234846
ucf101_t128_r128_pt16_p8,466,0.014948316130735233,1.5783389040309795e-05,0.9964873780125248
ucf101_t128_r128_pt16_p8,467,0.014926568422030502,1.5760426417348112e-05,0.9965031384389422
ucf101_t128_r128_pt16_p8,468,0.014818250334094773,1.564605724646358e-05,0.9965187844961887
ucf101_t128_r128_pt16_p8,469,0.014779946438325095,1.5605613541406442e-05,0.9965343901097301
ucf101_t128_r128_pt16_p8,470,0.014583179502361822,1.5397854414999386e-05,0.9965497879641451
ucf101_t128_r128_pt16_p8,471,0.014526190388136968,1.5337681660221737e-05,0.9965651256458052
ucf101_t128_r128_pt16_p8,472,0.01445212418869341,1.5259477825734235e-05,0.996580385123631
ucf101_t128_r128_pt16_p8,473,0.014362251594988633,1.5164584588389084e-05,0.9965955497082194
ucf101_t128_r128_pt16_p8,474,0.01434593364061587,1.5147355047619754e-05,0.996610697063267
ucf101_t128_r128_pt16_p8,475,0.014251107745986764,1.5047231798088706e-05,0.996625744295065
ucf101_t128_r128_pt16_p8,476,0.01413628466583879,1.492599424002985e-05,0.996640670289305
ucf101_t128_r128_pt16_p8,477,0.014084419364462105,1.4871231534842074e-05,0.9966555415208399
ucf101_t128_r128_pt16_p8,478,0.014015452039593866,1.4798411418519627e-05,0.9966703399322585
ucf101_t128_r128_pt16_p8,479,0.013995648434580071,1.4777501504680522e-05,0.9966851174337632
ucf101_t128_r128_pt16_p8,480,0.013810310141747835,1.4581809471259888e-05,0.9966996992432344
ucf101_t128_r128_pt16_p8,481,0.013663338122058579,1.4426627004920017e-05,0.9967141258702394
ucf101_t128_r128_pt16_p8,482,0.013580588792642774,1.433925496598454e-05,0.9967284651252053
ucf101_t128_r128_pt16_p8,483,0.013531071703071197,1.4286971653133997e-05,0.9967427520968584
ucf101_t128_r128_pt16_p8,484,0.01345274044667224,1.4204264498498768e-05,0.996756956361357
ucf101_t128_r128_pt16_p8,485,0.013352375359633337,1.409829261504746e-05,0.9967710546539721
ucf101_t128_r128_pt16_p8,486,0.013274038057863266,1.4015579077322435e-05,0.9967850702330493
ucf101_t128_r128_pt16_p8,487,0.013219111006271019,1.395758358026875e-05,0.9967990278166295
ucf101_t128_r128_pt16_p8,488,0.013142714023538187,1.3876918755586667e-05,0.9968129047353852
ucf101_t128_r128_pt16_p8,489,0.013064976687464695,1.3794838700049008e-05,0.9968266995740852
ucf101_t128_r128_pt16_p8,490,0.013033874606754769,1.3761999132333515e-05,0.9968404615732176
ucf101_t128_r128_pt16_p8,491,0.012895061269267942,1.3615431124915369e-05,0.9968540770043425
ucf101_t128_r128_pt16_p8,492,0.012795390488870555,1.3510192334860032e-05,0.9968675871966775
ucf101_t128_r128_pt16_p8,493,0.012749646078855623,1.3461892458581619e-05,0.996881049089136
ucf101_t128_r128_pt16_p8,494,0.012642084797305792,1.3348322372323899e-05,0.9968943974115084
ucf101_t128_r128_pt16_p8,495,0.01255235886979166,1.3253583994531207e-05,0.9969076509955029
ucf101_t128_r128_pt16_p8,496,0.012491341038104715,1.3189157461971393e-05,0.9969208401529649
ucf101_t128_r128_pt16_p8,497,0.012411641112760908,1.310500517905315e-05,0.9969339451581439
ucf101_t128_r128_pt16_p8,498,0.012383976592492444,1.3075795207696383e-05,0.9969470209533515
ucf101_t128_r128_pt16_p8,499,0.012179587142618369,1.2859987743171028e-05,0.9969598809410948
ucf101_t128_r128_pt16_p8,500,0.012158208005606306,1.2837414281795424e-05,0.9969727183553766
ucf101_t128_r128_pt16_p8,501,0.012073799487650598,1.2748290365391779e-05,0.9969854666457421
ucf101_t128_r128_pt16_p8,502,0.011985022384406427,1.2654553816999314e-05,0.996998121199559
ucf101_t128_r128_pt16_p8,503,0.011946378105832779,1.261375071398921e-05,0.9970107349502729
ucf101_t128_r128_pt16_p8,504,0.011771187622478014,1.2428773387395023e-05,0.9970231637236603
ucf101_t128_r128_pt16_p8,505,0.011657248271286443,1.230846892693747e-05,0.9970354721925873
ucf101_t128_r128_pt16_p8,506,0.011570961611940937,1.2217361948631155e-05,0.9970476895545358
ucf101_t128_r128_pt16_p8,507,0.01149882213218386,1.2141192468121548e-05,0.997059830747004
ucf101_t128_r128_pt16_p8,508,0.011412845308089498,1.2050412633706522e-05,0.9970718811596377
ucf101_t128_r128_pt16_p8,509,0.011095928404818356,1.1715791480793252e-05,0.9970835969511186
ucf101_t128_r128_pt16_p8,510,0.01091155463683835,1.152111785445263e-05,0.9970951180689731
ucf101_t128_r128_pt16_p8,511,0.010797012518888678,1.1400176954267655e-05,0.9971065182459273
ucf101_t128_r128_pt16_p8,512,0.010698242471359424,1.1295889215632076e-05,0.9971178141351429
