model,alpha,epoch,images,seconds,images_per_second,world,source_log,loss_after_block1,loss_after_block2,loss_after_block3,loss_after_block4,loss_after_block5,loss_after_block6,loss_after_block7,loss_after_block8,loss_after_block9,loss_after_block10,loss_after_block11
plain_jit_clean,0.25,1,1281167,192.08193897921592,6669.89830906813,1,job.log,6.407447338104248,6.098201751708984,5.850003242492676,5.726571559906006,5.530893802642822,5.34655237197876,5.126317024230957,4.85779333114624,4.84562873840332,4.861810207366943,5.106724262237549
plain_jit_clean,0.25,2,1281167,179.23405990283936,7148.010822800674,1,job.log,6.184859275817871,5.731252670288086,5.418301582336426,5.232455730438232,4.985376358032227,4.7351813316345215,4.441434383392334,4.131134033203125,4.145423889160156,4.226118564605713,4.55447244644165
plain_jit_clean,0.25,3,1281167,179.26751179574057,7146.676981045936,1,job.log,6.093961715698242,5.603531360626221,5.275354862213135,5.062912940979004,4.799350261688232,4.52499532699585,4.211911678314209,3.8993303775787354,3.9234302043914795,4.026536464691162,4.374152183532715
plain_jit_clean,0.25,4,1281167,179.9131652121432,7121.029739481944,1,job.log,6.0333251953125,5.524212837219238,5.184828281402588,4.955984592437744,4.683047294616699,4.39341402053833,4.07140588760376,3.7602953910827637,3.78973388671875,3.905479907989502,4.262341022491455
plain_jit_clean,0.25,5,1281167,178.90569133497775,7161.13048411177,1,job.log,5.988894939422607,5.466987609863281,5.118922233581543,4.878504753112793,4.599828720092773,4.300296306610107,3.973320245742798,3.662914752960205,3.69602632522583,3.819502353668213,4.181886672973633
plain_jit_clean,0.25,6,1281167,178.82268567802384,7164.454527356688,1,job.log,5.954835414886475,5.423702716827393,5.067765235900879,4.819277763366699,4.536203861236572,4.2285380363464355,3.897798538208008,3.5888473987579346,3.6243183612823486,3.7531752586364746,4.1191487312316895
plain_jit_clean,0.25,7,1281167,180.16425213217735,7111.105476463072,1,job.log,5.924605369567871,5.386050224304199,5.024086952209473,4.769332408905029,4.482847213745117,4.16933536529541,3.836925983428955,3.528996229171753,3.567211389541626,3.7004313468933105,4.067629337310791
plain_jit_clean,0.25,8,1281167,179.61791267292574,7132.73515394277,1,job.log,5.900665760040283,5.355923175811768,4.988683223724365,4.728515625,4.439395427703857,4.120871067047119,3.786992311477661,3.480527400970459,3.519969940185547,3.6559553146362305,4.024374961853027
plain_jit_clean,0.25,9,1281167,179.35189462220296,7143.31455878246,1,job.log,5.876036643981934,5.326064109802246,4.954552173614502,4.690928936004639,4.399654865264893,4.07736349105835,3.7431087493896484,3.437620162963867,3.4785873889923096,3.6158673763275146,3.984454393386841
plain_jit_clean,0.25,10,1281167,180.30020195012912,7105.743566246086,1,job.log,5.857908248901367,5.302894115447998,4.92682409286499,4.660013675689697,4.366418838500977,4.041129112243652,3.705839157104492,3.401644229888916,3.443948268890381,3.583871841430664,3.9526524543762207
plain_jit_clean,0.25,11,1281167,179.9889301569201,7118.032197219227,1,job.log,5.83942985534668,5.280313014984131,4.900876045227051,4.631260871887207,4.336426734924316,4.00823974609375,3.6729347705841064,3.369075059890747,3.4118452072143555,3.5517940521240234,3.9216296672821045
plain_jit_clean,0.25,12,1281167,179.33706072997302,7143.905419131672,1,job.log,5.820037841796875,5.257187843322754,4.875257968902588,4.603884220123291,4.307861804962158,3.9778239727020264,3.642354965209961,3.3394112586975098,3.38305926322937,3.524001121520996,3.8935821056365967
plain_jit_clean,0.25,13,1281167,179.356263843365,7143.1405435545075,1,job.log,5.80447244644165,5.2387847900390625,4.854080677032471,4.580569267272949,4.283819198608398,3.952014446258545,3.6160242557525635,3.313631296157837,3.3575992584228516,3.4992623329162598,3.8691062927246094
plain_jit_clean,0.25,14,1281167,179.0568260368891,7155.086060422266,1,job.log,5.788718223571777,5.220106601715088,4.833187103271484,4.55844259262085,4.2602620124816895,3.9268760681152344,3.5915887355804443,3.289717435836792,3.333378791809082,3.4759390354156494,3.8448827266693115
plain_jit_clean,0.25,15,1281167,179.0911552128382,7153.714534240489,1,job.log,5.774250507354736,5.202972888946533,4.814350605010986,4.538334369659424,4.239605903625488,3.9047839641571045,3.56923770904541,3.267310857772827,3.3117926120758057,3.4546658992767334,3.8229293823242188
plain_jit_clean,0.25,16,1281167,179.37762447772548,7142.28992456688,1,job.log,5.761149883270264,5.187507629394531,4.797062397003174,4.51940393447876,4.219938278198242,3.884312152862549,3.5492944717407227,3.248350143432617,3.2927284240722656,3.43463134765625,3.8035216331481934
plain_jit_clean,0.25,17,1281167,180.0529149910435,7115.502684662061,1,job.log,5.747800350189209,5.172112464904785,4.780767917633057,4.502180576324463,4.20191764831543,3.8657684326171875,3.5310676097869873,3.229790210723877,3.2745883464813232,3.416579484939575,3.7838783264160156
plain_jit_clean,0.25,18,1281167,179.42217054404318,7140.5166714640145,1,job.log,5.734260559082031,5.156713485717773,4.763803005218506,4.4841413497924805,4.183548450469971,3.846350908279419,3.512465238571167,3.2122881412506104,3.2574052810668945,3.3992059230804443,3.7660069465637207
plain_jit_clean,0.25,19,1281167,179.65587303508073,7131.228043682331,1,job.log,5.723284721374512,5.144022464752197,4.750195026397705,4.470211029052734,4.168996810913086,3.831536054611206,3.4969406127929688,3.196457862854004,3.241581916809082,3.3837032318115234,3.7497270107269287
plain_jit_clean,0.25,20,1281167,179.96493706898764,7118.981179699901,1,job.log,5.710942268371582,5.129929065704346,4.735345363616943,4.4544148445129395,4.153016090393066,3.8147363662719727,3.4806528091430664,3.180178165435791,3.2253758907318115,3.367142915725708,3.7328543663024902
plain_jit_clean,0.25,21,1281167,179.6758984392509,7130.433247468455,1,job.log,5.699756145477295,5.117259502410889,4.721896171569824,4.440581321716309,4.13928747177124,3.8010005950927734,3.4671318531036377,3.1670281887054443,3.2118964195251465,3.3529999256134033,3.717772960662842
plain_jit_clean,0.25,22,1281167,179.89288175292313,7121.8326568343045,1,job.log,5.689883232116699,5.105859279632568,4.70982551574707,4.427943706512451,4.126238822937012,3.7876830101013184,3.453676462173462,3.1536688804626465,3.1988518238067627,3.339007616043091,3.7036759853363037
plain_jit_clean,0.25,23,1281167,179.57731840899214,7134.347540941156,1,job.log,5.678461074829102,5.093504428863525,4.69727087020874,4.415239334106445,4.113102436065674,3.774751901626587,3.44119930267334,3.141094923019409,3.186183214187622,3.326091766357422,3.6898019313812256
plain_jit_clean,0.25,24,1281167,179.59586155368015,7133.610924642975,1,job.log,5.6687211990356445,5.082859039306641,4.686405658721924,4.403979778289795,4.10194206237793,3.7628872394561768,3.4291000366210938,3.129417657852173,3.174640655517578,3.314142942428589,3.67698073387146
plain_jit_clean,0.25,25,1281167,179.40503054112196,7141.198862349292,1,job.log,5.659862041473389,5.072953224182129,4.676302433013916,4.393921375274658,4.091691493988037,3.752575159072876,3.4193274974823,3.118664503097534,3.1642563343048096,3.302629232406616,3.665578603744507
plain_jit_clean,0.25,26,1281167,178.99268734501675,7157.6499520926845,1,job.log,5.651203632354736,5.063827991485596,4.667309284210205,4.38458776473999,4.082157611846924,3.7429873943328857,3.409924268722534,3.1094346046447754,3.154287815093994,3.292757749557495,3.6547205448150635
plain_jit_clean,0.25,27,1281167,179.6052483972162,7133.238095395533,1,job.log,5.642581462860107,5.054468631744385,4.657593727111816,4.374837875366211,4.071877956390381,3.7326714992523193,3.399996519088745,3.0995655059814453,3.1452910900115967,3.283184289932251,3.6449732780456543
plain_jit_clean,0.25,28,1281167,179.2415290097706,7147.71296070657,1,job.log,5.634481906890869,5.045742034912109,4.649414539337158,4.366159915924072,4.063516139984131,3.724648952484131,3.3921408653259277,3.09165096282959,3.1364853382110596,3.2735440731048584,3.6342034339904785
plain_jit_clean,0.25,29,1281167,179.27088354341686,7146.542565512149,1,job.log,5.627424716949463,5.038084506988525,4.641398906707764,4.358516216278076,4.055680274963379,3.7163338661193848,3.3839564323425293,3.0835213661193848,3.128303289413452,3.2645790576934814,3.625300645828247
plain_jit_clean,0.25,30,1281167,179.5582809271291,7135.103952793697,1,job.log,5.620298862457275,5.030584335327148,4.634251594543457,4.35096549987793,4.048299312591553,3.709223747253418,3.3769915103912354,3.0768017768859863,3.1218018531799316,3.257049083709717,3.6173148155212402
plain_jit_clean,0.25,31,1281167,179.64470424503088,7131.671403196613,1,job.log,5.614151477813721,5.023832321166992,4.62760591506958,4.344820976257324,4.041995048522949,3.703009843826294,3.3712656497955322,3.070431709289551,3.115124464035034,3.2503747940063477,3.6097607612609863
plain_jit_clean,0.25,32,1281167,179.51010995497927,7137.018635447963,1,job.log,5.608746528625488,5.018141746520996,4.622419357299805,4.33930778503418,4.036719799041748,3.6980485916137695,3.3658511638641357,3.0647177696228027,3.1092984676361084,3.2440433502197266,3.6032183170318604
plain_jit_clean,0.25,33,1281167,179.63163975672796,7132.190084859562,1,job.log,5.603614330291748,5.012754917144775,4.61707067489624,4.333759307861328,4.0308837890625,3.6919686794281006,3.3601880073547363,3.059438467025757,3.1040589809417725,3.2380125522613525,3.597322940826416
plain_jit_clean,0.25,34,1281167,179.26082638464868,7146.943511522912,1,job.log,5.599482536315918,5.008357048034668,4.612922191619873,4.329695224761963,4.026926517486572,3.6880710124969482,3.3564815521240234,3.055800676345825,3.1004042625427246,3.2338366508483887,3.5925261974334717
plain_jit_clean,0.25,35,1281167,179.51311262324452,7136.899256428504,1,job.log,5.595492839813232,5.004298210144043,4.609055042266846,4.32595157623291,4.023207664489746,3.6846909523010254,3.353276252746582,3.0522048473358154,3.0966603755950928,3.2301008701324463,3.588029146194458
plain_jit_clean,0.25,36,1281167,179.28121620509773,7146.130682950883,1,job.log,5.592074394226074,5.000565528869629,4.605530738830566,4.322605609893799,4.019728183746338,3.6817736625671387,3.3500542640686035,3.04878568649292,3.0932769775390625,3.226205825805664,3.5840232372283936
plain_jit_clean,0.25,37,1281167,178.9644291573204,7158.780133194948,1,job.log,5.589991092681885,4.998226165771484,4.603341579437256,4.320544719696045,4.0174560546875,3.6790390014648438,3.347367286682129,3.045827865600586,3.090296983718872,3.2228200435638428,3.5809450149536133
plain_jit_clean,0.25,38,1281167,179.69567547226325,7129.648482819239,1,job.log,5.588027477264404,4.996415615081787,4.601767539978027,4.318572521209717,4.0157928466796875,3.677619695663452,3.3462159633636475,3.0447402000427246,3.0891847610473633,3.221034288406372,3.5788967609405518
plain_jit_clean,0.25,39,1281167,179.45353174209595,7139.2687987954805,1,job.log,5.586801052093506,4.995141506195068,4.600465297698975,4.317525386810303,4.014321327209473,3.676405429840088,3.3449771404266357,3.0437068939208984,3.087761163711548,3.2199981212615967,3.577251434326172
plain_jit_clean,0.25,40,1281167,178.9063329771161,7161.10480093443,1,job.log,5.586544990539551,4.994882106781006,4.6000752449035645,4.3171067237854,4.014341354370117,3.6762754917144775,3.3447718620300293,3.0432705879211426,3.0869975090026855,3.219202756881714,3.5771896839141846
plain_jit_clean,0.5,1,1281167,196.6818166342564,6513.906684024684,1,job.log,6.428770542144775,6.10368537902832,5.8071770668029785,5.645014762878418,5.378063201904297,5.100586891174316,4.758665084838867,4.442416191101074,4.450248718261719,4.5367560386657715,4.915980815887451
plain_jit_clean,0.5,2,1281167,184.02693141065538,6961.845150485506,1,job.log,6.202579021453857,5.743307113647461,5.3639984130859375,5.122105598449707,4.798202037811279,4.434099197387695,4.045764446258545,3.7231032848358154,3.7415950298309326,3.8831334114074707,4.326366901397705
plain_jit_clean,0.5,3,1281167,184.25893878098577,6953.079229023582,1,job.log,6.110361576080322,5.622260093688965,5.224447250366211,4.95184850692749,4.617137432098389,4.2279744148254395,3.838942527770996,3.519636392593384,3.541909694671631,3.6959612369537354,4.147019863128662
plain_jit_clean,0.5,4,1281167,184.6496356590651,6938.3673324193915,1,job.log,6.04937744140625,5.548577308654785,5.138921737670898,4.8485846519470215,4.508500576019287,4.104910373687744,3.7180440425872803,3.4017446041107178,3.4258105754852295,3.585886001586914,4.03823184967041
plain_jit_clean,0.5,5,1281167,184.6161203738302,6939.626926433932,1,job.log,6.004007816314697,5.494439601898193,5.07666540145874,4.775400638580322,4.431663990020752,4.019776344299316,3.6352365016937256,3.3202502727508545,3.346074342727661,3.5087838172912598,3.959357261657715
plain_jit_clean,0.5,6,1281167,184.53507896279916,6942.674570065204,1,job.log,5.9699387550354,5.454179763793945,5.029593467712402,4.7199883460998535,4.373176574707031,3.955256462097168,3.572200059890747,3.259291887283325,3.2855637073516846,3.4496517181396484,3.8989713191986084
plain_jit_clean,0.5,7,1281167,185.77534627821296,6896.32411224982,1,job.log,5.9399333000183105,5.419231414794922,4.989447593688965,4.674065113067627,4.325045585632324,3.903604745864868,3.5234503746032715,3.211129903793335,3.237644672393799,3.4025521278381348,3.8489174842834473
plain_jit_clean,0.5,8,1281167,185.6025750078261,6902.743671233971,1,job.log,5.915900230407715,5.390785217285156,4.957030773162842,4.636709213256836,4.2861008644104,3.8611581325531006,3.4820706844329834,3.1715571880340576,3.198288679122925,3.363731622695923,3.8071413040161133
plain_jit_clean,0.5,9,1281167,185.74002968426794,6897.635378748483,1,job.log,5.8921074867248535,5.363473415374756,4.925962924957275,4.602188587188721,4.249902248382568,3.822993755340576,3.4466283321380615,3.1368863582611084,3.163156747817993,3.329617500305176,3.7687666416168213
plain_jit_clean,0.5,10,1281167,186.99617618974298,6851.300524455718,1,job.log,5.874181747436523,5.341675758361816,4.9006218910217285,4.573763370513916,4.220636367797852,3.792004346847534,3.416978359222412,3.1079864501953125,3.13496994972229,3.3009438514709473,3.737645387649536
plain_jit_clean,0.5,11,1281167,186.53207686310634,6868.346836347258,1,job.log,5.855708599090576,5.320359706878662,4.877474308013916,4.548513889312744,4.194229602813721,3.764545440673828,3.3902528285980225,3.0815768241882324,3.1084349155426025,3.2735490798950195,3.708028554916382
plain_jit_clean,0.5,12,1281167,186.1999466829002,6880.598103402448,1,job.log,5.836298942565918,5.298389434814453,4.8544535636901855,4.523486137390137,4.168113708496094,3.7373831272125244,3.365405797958374,3.0584027767181396,3.084758996963501,3.249290943145752,3.68042254447937
plain_jit_clean,0.5,13,1281167,185.93236455321312,6890.500226136451,1,job.log,5.82159948348999,5.281154155731201,4.835408687591553,4.502220153808594,4.146537780761719,3.7155685424804688,3.3438668251037598,3.037510633468628,3.063420534133911,3.2272274494171143,3.656588315963745
plain_jit_clean,0.5,14,1281167,184.77142622414976,6933.793964689063,1,job.log,5.805655479431152,5.2632927894592285,4.816283702850342,4.481973171234131,4.125977039337158,3.6940813064575195,3.3237228393554688,3.018153429031372,3.0430705547332764,3.206202507019043,3.6328697204589844
plain_jit_clean,0.5,15,1281167,184.3439741274342,6949.871868957044,1,job.log,5.791116714477539,5.246829032897949,4.79960823059082,4.464656352996826,4.107752799987793,3.6747641563415527,3.3049426078796387,2.9990153312683105,3.024062156677246,3.187389373779297,3.6116368770599365
plain_jit_clean,0.5,16,1281167,184.65597226424143,6938.129237253474,1,job.log,5.778092861175537,5.231174468994141,4.783452987670898,4.44666051864624,4.089643955230713,3.657529354095459,3.289350986480713,2.984344244003296,3.0085854530334473,3.170287609100342,3.5933430194854736
plain_jit_clean,0.5,17,1281167,184.35028434498236,6949.633978337125,1,job.log,5.764551639556885,5.21638822555542,4.768477439880371,4.431317329406738,4.073092937469482,3.64067006111145,3.272852897644043,2.9683022499084473,2.9918482303619385,3.15360689163208,3.573763847351074
plain_jit_clean,0.5,18,1281167,184.54335514176637,6942.363213326247,1,job.log,5.751088619232178,5.20156717300415,4.752753734588623,4.414597988128662,4.056488990783691,3.624580144882202,3.258742332458496,2.9541690349578857,2.9775919914245605,3.137953042984009,3.5563223361968994
plain_jit_clean,0.5,19,1281167,185.49853597395122,6906.615156142843,1,job.log,5.740345478057861,5.189812183380127,4.741153717041016,4.402019500732422,4.043644428253174,3.611309051513672,3.2448959350585938,2.9405970573425293,2.9639477729797363,3.1238253116607666,3.540884256362915
plain_jit_clean,0.5,20,1281167,185.47422039601952,6907.520609950467,1,job.log,5.728218078613281,5.176008701324463,4.727071762084961,4.387390613555908,4.028339385986328,3.596590757369995,3.2313568592071533,2.9263594150543213,2.949829339981079,3.1084234714508057,3.523531913757324
plain_jit_clean,0.5,21,1281167,184.80731388181448,6932.447494038655,1,job.log,5.7166361808776855,5.162863731384277,4.714090347290039,4.374232769012451,4.015685081481934,3.5840609073638916,3.219508647918701,2.9151997566223145,2.9380130767822266,3.0958287715911865,3.5081729888916016
plain_jit_clean,0.5,22,1281167,184.327085073106,6950.50865417785,1,job.log,5.706753253936768,5.151797771453857,4.702949047088623,4.36281156539917,4.003561973571777,3.572141170501709,3.2080886363983154,2.9038259983062744,2.926478624343872,3.083129644393921,3.4950151443481445
plain_jit_clean,0.5,23,1281167,184.10789574077353,6958.783570064268,1,job.log,5.695133686065674,5.13930082321167,4.690995216369629,4.350600242614746,3.9914753437042236,3.560497999191284,3.1959471702575684,2.8917791843414307,2.9138524532318115,3.0694665908813477,3.4805333614349365
plain_jit_clean,0.5,24,1281167,185.06684506405145,6922.725675453047,1,job.log,5.685484409332275,5.129186153411865,4.680993556976318,4.34033203125,3.9808220863342285,3.5494980812072754,3.185438394546509,2.8812968730926514,2.9035115242004395,3.058741807937622,3.4681665897369385
plain_jit_clean,0.5,25,1281167,184.5077623897232,6943.702440517804,1,job.log,5.676567554473877,5.119462490081787,4.672401428222656,4.331491947174072,3.9716103076934814,3.5398519039154053,3.177164077758789,2.872143030166626,2.8937594890594482,3.0479815006256104,3.456411600112915
plain_jit_clean,0.5,26,1281167,184.33188467100263,6950.327678180254,1,job.log,5.667757511138916,5.109968662261963,4.663167953491211,4.322335720062256,3.9628303050994873,3.5314810276031494,3.1684987545013428,2.863632917404175,2.8850882053375244,3.038484811782837,3.445962429046631
plain_jit_clean,0.5,27,1281167,184.28917656699196,6951.938382199434,1,job.log,5.65925407409668,5.100883960723877,4.653891086578369,4.312606334686279,3.952296495437622,3.5218214988708496,3.1592490673065186,2.8543131351470947,2.875877857208252,3.0292038917541504,3.435483455657959
plain_jit_clean,0.5,28,1281167,183.8738890402019,6967.639650673226,1,job.log,5.650569438934326,5.091543674468994,4.645818710327148,4.304122447967529,3.944112539291382,3.5136609077453613,3.151650905609131,2.846575975418091,2.8680336475372314,3.019737720489502,3.424717426300049
plain_jit_clean,0.5,29,1281167,183.93949819309637,6965.154371874245,1,job.log,5.643589496612549,5.083642959594727,4.6382341384887695,4.296666622161865,3.9370431900024414,3.5057215690612793,3.1442081928253174,2.8386192321777344,2.8591740131378174,3.01054310798645,3.4156932830810547
plain_jit_clean,0.5,30,1281167,184.38269811822101,6948.412259259552,1,job.log,5.636239051818848,5.076436519622803,4.631431579589844,4.290038585662842,3.9299368858337402,3.498880624771118,3.1381020545959473,2.832688808441162,2.85364031791687,3.003807544708252,3.407426118850708
plain_jit_clean,0.5,31,1281167,184.51441854983568,6943.451953886023,1,job.log,5.6300201416015625,5.069648742675781,4.625154495239258,4.284124851226807,3.924149990081787,3.4934637546539307,3.1325697898864746,2.8271377086639404,2.8476784229278564,2.99763560295105,3.4006779193878174
plain_jit_clean,0.5,32,1281167,184.69464950589463,6936.676311021727,1,job.log,5.624521732330322,5.063639163970947,4.619826793670654,4.27875280380249,3.918722152709961,3.4883790016174316,3.1272895336151123,2.8213467597961426,2.8416504859924316,2.991175889968872,3.3934013843536377
plain_jit_clean,0.5,33,1281167,184.68132615229115,6937.1767394800345,1,job.log,5.619011878967285,5.05801248550415,4.614979267120361,4.273731231689453,3.9136221408843994,3.4834365844726562,3.1220946311950684,2.8164565563201904,2.8366000652313232,2.984532117843628,3.3873958587646484
plain_jit_clean,0.5,34,1281167,184.70347987813875,6936.344679836415,1,job.log,5.615060329437256,5.053643226623535,4.611108303070068,4.269830703735352,3.9093496799468994,3.4792919158935547,3.1181094646453857,2.8118247985839844,2.8323066234588623,2.9800877571105957,3.381621837615967
plain_jit_clean,0.5,35,1281167,184.38393613882363,6948.365605100234,1,job.log,5.61033821105957,5.049130439758301,4.606940746307373,4.265951156616211,3.9057881832122803,3.4760916233062744,3.1154229640960693,2.808915615081787,2.82893705368042,2.9769675731658936,3.3779985904693604
plain_jit_clean,0.5,36,1281167,184.71080777281895,6936.069499386,1,job.log,5.606949329376221,5.045273303985596,4.603335380554199,4.2625651359558105,3.902472734451294,3.473090887069702,3.1117424964904785,2.805093288421631,2.8257901668548584,2.9729421138763428,3.373765468597412
plain_jit_clean,0.5,37,1281167,184.2492384458892,6953.445294029025,1,job.log,5.605129241943359,5.043082237243652,4.60174560546875,4.260758876800537,3.9002151489257812,3.470402717590332,3.10961651802063,2.802957534790039,2.823341131210327,2.970369338989258,3.371175527572632
plain_jit_clean,0.5,38,1281167,184.61516556609422,6939.662817361169,1,job.log,5.602912902832031,5.040801525115967,4.599551200866699,4.258524417877197,3.8981385231018066,3.4688210487365723,3.10801362991333,2.8009912967681885,2.82063889503479,2.967296600341797,3.3680734634399414
plain_jit_clean,0.5,39,1281167,184.69081452582031,6936.820346422204,1,job.log,5.60142183303833,5.039692401885986,4.598133563995361,4.257429122924805,3.896772623062134,3.467247724533081,3.10636830329895,2.799992561340332,2.819505214691162,2.9661803245544434,3.3662354946136475
plain_jit_clean,0.5,40,1281167,183.3205554378219,6988.6707300237385,1,job.log,5.601353168487549,5.039305686950684,4.597945213317871,4.256741046905518,3.8966691493988037,3.467226028442383,3.1066935062408447,2.800283670425415,2.8191494941711426,2.9657697677612305,3.3667244911193848
plain_jit_clean,0.75,1,1281167,194.66647543106228,6581.343794112628,1,job.log,6.4976725578308105,6.2081146240234375,5.914201259613037,5.716930389404297,5.434793472290039,5.133455276489258,4.803322792053223,4.553745746612549,4.556535720825195,4.668882369995117,5.044098377227783
plain_jit_clean,0.75,2,1281167,180.01939483033493,7116.827612977352,1,job.log,6.30462121963501,5.924499034881592,5.557608127593994,5.281790256500244,4.974091529846191,4.606546401977539,4.2809576988220215,4.031469345092773,4.022897243499756,4.151173114776611,4.534762382507324
plain_jit_clean,0.75,3,1281167,180.20053667994216,7109.673609216307,1,job.log,6.227907180786133,5.832661151885986,5.452436447143555,5.154077529907227,4.847109794616699,4.462333679199219,4.146373748779297,3.89687442779541,3.8887104988098145,4.016728401184082,4.3889641761779785
plain_jit_clean,0.75,4,1281167,180.4597570640035,7099.460959296369,1,job.log,6.176769256591797,5.776233673095703,5.387948513031006,5.0777058601379395,4.770578861236572,4.3781914710998535,4.067357063293457,3.8174386024475098,3.808091640472412,3.936048984527588,4.2998223304748535
plain_jit_clean,0.75,5,1281167,180.32770369108766,7104.659870757946,1,job.log,6.137213706970215,5.73335599899292,5.340858459472656,5.024415969848633,4.715819358825684,4.318823337554932,4.011444568634033,3.7619638442993164,3.752115488052368,3.878514528274536,4.232494831085205
plain_jit_clean,0.75,6,1281167,180.10171346226707,7113.57474268792,1,job.log,6.107626438140869,5.702016353607178,5.305150032043457,4.984936714172363,4.675417900085449,4.274688720703125,3.9704902172088623,3.722209930419922,3.712153434753418,3.8374500274658203,4.184571743011475
plain_jit_clean,0.75,7,1281167,180.9324427577667,7080.9136298194635,1,job.log,6.08189058303833,5.674654960632324,5.274211406707764,4.950986385345459,4.640422344207764,4.240095138549805,3.938598155975342,3.6889917850494385,3.67811918258667,3.8020122051239014,4.143207550048828
plain_jit_clean,0.75,8,1281167,180.659934818279,7091.594499293336,1,job.log,6.060204982757568,5.65184211730957,5.249311923980713,4.923914432525635,4.612634181976318,4.211304187774658,3.911774158477783,3.664283275604248,3.652599811553955,3.775574207305908,4.110873699188232
plain_jit_clean,0.75,9,1281167,180.85350614693016,7084.004215871525,1,job.log,6.039819240570068,5.631020545959473,5.2264604568481445,4.898500442504883,4.5853400230407715,4.183403968811035,3.885807514190674,3.6390669345855713,3.6271581649780273,3.748077630996704,4.077455520629883
plain_jit_clean,0.75,10,1281167,181.42249036068097,7061.78708854094,1,job.log,6.023569107055664,5.6132049560546875,5.206157684326172,4.878019332885742,4.564776420593262,4.161967754364014,3.8653464317321777,3.6194710731506348,3.606154680252075,3.726123809814453,4.052255153656006
plain_jit_clean,0.75,11,1281167,180.73136015003547,7088.791889445361,1,job.log,6.006824016571045,5.596502780914307,5.18878173828125,4.8595123291015625,4.544236660003662,4.1425299644470215,3.8460896015167236,3.6003217697143555,3.587657928466797,3.7061920166015625,4.027318477630615
plain_jit_clean,0.75,12,1281167,180.44543950399384,7100.024270614185,1,job.log,5.98873233795166,5.578239440917969,5.170379161834717,4.840174198150635,4.524619102478027,4.122835636138916,3.8282768726348877,3.582852602005005,3.5693585872650146,3.685896396636963,4.002831935882568
plain_jit_clean,0.75,13,1281167,180.87101434078068,7083.318488976581,1,job.log,5.976059436798096,5.563815116882324,5.154719352722168,4.823394298553467,4.507142543792725,4.106026649475098,3.8117318153381348,3.567162036895752,3.5522570610046387,3.6679258346557617,3.9831364154815674
plain_jit_clean,0.75,14,1281167,180.54500644281507,7096.108750068313,1,job.log,5.96099853515625,5.548863887786865,5.138880252838135,4.807514190673828,4.491516590118408,4.0900139808654785,3.7967469692230225,3.552194118499756,3.5374715328216553,3.652121067047119,3.9631550312042236
plain_jit_clean,0.75,15,1281167,180.5148638621904,7097.293666509785,1,job.log,5.947760581970215,5.535118103027344,5.125648021697998,4.793920516967773,4.476662635803223,4.075166702270508,3.7826621532440186,3.5370962619781494,3.522594928741455,3.6369175910949707,3.9451260566711426
plain_jit_clean,0.75,16,1281167,180.07952589541674,7114.451204986249,1,job.log,5.934925079345703,5.520894527435303,5.111415863037109,4.77972412109375,4.462316989898682,4.062255382537842,3.7691452503204346,3.5250720977783203,3.5098721981048584,3.6226084232330322,3.9279823303222656
plain_jit_clean,0.75,17,1281167,180.77503053611144,7087.079427952719,1,job.log,5.921642303466797,5.507523059844971,5.0992631912231445,4.767992973327637,4.449235916137695,4.048153400421143,3.7564809322357178,3.5123231410980225,3.496537446975708,3.608419179916382,3.910132646560669
plain_jit_clean,0.75,18,1281167,180.35621837200597,7103.536609741073,1,job.log,5.909214973449707,5.495348930358887,5.085721969604492,4.7536540031433105,4.435210227966309,4.0341339111328125,3.743293285369873,3.49853253364563,3.481870412826538,3.59313702583313,3.8934099674224854
plain_jit_clean,0.75,19,1281167,180.68449572985992,7090.6305204817545,1,job.log,5.898950576782227,5.484744548797607,5.076025485992432,4.743842601776123,4.424499034881592,4.02401065826416,3.7319252490997314,3.4874329566955566,3.4712815284729004,3.5808801651000977,3.880319595336914
plain_jit_clean,0.75,20,1281167,180.42760694306344,7100.726001449939,1,job.log,5.887754917144775,5.472666263580322,5.06408166885376,4.731168746948242,4.41132926940918,4.012184143066406,3.7209489345550537,3.4763169288635254,3.4601073265075684,3.568791151046753,3.866633176803589
plain_jit_clean,0.75,21,1281167,180.5064045181498,7097.626277693541,1,job.log,5.876293182373047,5.460216045379639,5.051653861999512,4.719400405883789,4.399353504180908,4.000621795654297,3.7104101181030273,3.4648077487945557,3.447923183441162,3.5557358264923096,3.849928617477417
plain_jit_clean,0.75,22,1281167,180.3025910560973,7105.649411335372,1,job.log,5.86653470993042,5.450656414031982,5.042568683624268,4.710163593292236,4.3901567459106445,3.9911844730377197,3.700545310974121,3.455148220062256,3.438491106033325,3.545488119125366,3.8388538360595703
plain_jit_clean,0.75,23,1281167,180.78541382215917,7086.672386414424,1,job.log,5.855442047119141,5.438665390014648,5.031259536743164,4.698489665985107,4.378320217132568,3.9791111946105957,3.688430070877075,3.442800521850586,3.425812005996704,3.5313193798065186,3.8241193294525146
plain_jit_clean,0.75,24,1281167,180.4273542612791,7100.735945752029,1,job.log,5.845551013946533,5.42897891998291,5.022258281707764,4.690018177032471,4.368948936462402,3.970334768295288,3.67977237701416,3.4331071376800537,3.4169628620147705,3.5217080116271973,3.812560796737671
plain_jit_clean,0.75,25,1281167,180.60489589022473,7093.755646462203,1,job.log,5.837152481079102,5.420717716217041,5.015225887298584,4.682779788970947,4.3609089851379395,3.960914134979248,3.669951915740967,3.4241585731506348,3.407506227493286,3.511615037918091,3.801938056945801
plain_jit_clean,0.75,26,1281167,180.5849216626957,7094.540276142317,1,job.log,5.828556537628174,5.411589622497559,5.006088733673096,4.6739044189453125,4.352291584014893,3.9536473751068115,3.663349151611328,3.417107105255127,3.40006422996521,3.5035147666931152,3.792618989944458
plain_jit_clean,0.75,27,1281167,180.30742154084146,7105.459049059734,1,job.log,5.820289611816406,5.403020858764648,4.998208999633789,4.665076732635498,4.343320846557617,3.944369316101074,3.6537656784057617,3.406543254852295,3.3898940086364746,3.493145704269409,3.7806711196899414
plain_jit_clean,0.75,28,1281167,180.19692221609876,7109.816217968349,1,job.log,5.8112101554870605,5.392940998077393,4.988616943359375,4.656565189361572,4.3348259925842285,3.93499755859375,3.6455187797546387,3.3976705074310303,3.380915880203247,3.482997417449951,3.7693850994110107
plain_jit_clean,0.75,29,1281167,180.12168800085783,7112.78588502845,1,job.log,5.804133892059326,5.38528299331665,4.982416152954102,4.649565696716309,4.327861785888672,3.929239511489868,3.6392812728881836,3.390465021133423,3.3731839656829834,3.4750988483428955,3.761753559112549
plain_jit_clean,0.75,30,1281167,180.72070644469932,7089.20978234466,1,job.log,5.796695232391357,5.378044128417969,4.975688457489014,4.643744468688965,4.321713447570801,3.9219675064086914,3.6325173377990723,3.383838176727295,3.367680788040161,3.468865156173706,3.753904342651367
plain_jit_clean,0.75,31,1281167,180.24043070618063,7108.099969470764,1,job.log,5.790877819061279,5.372516632080078,4.970246315002441,4.638002395629883,4.315340518951416,3.916017532348633,3.6258835792541504,3.3763346672058105,3.35986328125,3.460846185684204,3.7455694675445557
plain_jit_clean,0.75,32,1281167,180.21010195696726,7109.296238597836,1,job.log,5.785343647003174,5.366204738616943,4.964749813079834,4.631773948669434,4.308895111083984,3.9099299907684326,3.6197094917297363,3.3705551624298096,3.3544485569000244,3.4549028873443604,3.7384512424468994
plain_jit_clean,0.75,33,1281167,180.3827165546827,7102.493101724724,1,job.log,5.780208110809326,5.3610944747924805,4.96024227142334,4.627742290496826,4.304455280303955,3.9061086177825928,3.6158602237701416,3.366103172302246,3.350512742996216,3.4494924545288086,3.732520818710327
plain_jit_clean,0.75,34,1281167,180.4975460190326,7097.974616590672,1,job.log,5.77596378326416,5.356670379638672,4.956462383270264,4.623735427856445,4.300539016723633,3.9014763832092285,3.6099040508270264,3.3600385189056396,3.344526767730713,3.443789482116699,3.7273006439208984
plain_jit_clean,0.75,35,1281167,180.2313106423244,7108.459653508944,1,job.log,5.770914077758789,5.351940631866455,4.952182292938232,4.619820594787598,4.297023773193359,3.8976552486419678,3.607160806655884,3.3566880226135254,3.340580463409424,3.4393508434295654,3.7223949432373047
plain_jit_clean,0.75,36,1281167,180.6207030620426,7093.134830506797,1,job.log,5.768032073974609,5.3486480712890625,4.948978424072266,4.616909503936768,4.294165134429932,3.8951470851898193,3.6038777828216553,3.3527026176452637,3.3370964527130127,3.4360811710357666,3.7173779010772705
plain_jit_clean,0.75,37,1281167,180.56415149196982,7095.3563562531235,1,job.log,5.766113758087158,5.3461012840271,4.9474568367004395,4.614998817443848,4.290603160858154,3.891880989074707,3.60152530670166,3.3510799407958984,3.3358893394470215,3.433567523956299,3.715865135192871
plain_jit_clean,0.75,38,1281167,180.62641280703247,7092.910610856794,1,job.log,5.763372898101807,5.343231201171875,4.9443864822387695,4.612337589263916,4.28865909576416,3.8901591300964355,3.6000313758850098,3.3486289978027344,3.3328065872192383,3.4311745166778564,3.7129573822021484
plain_jit_clean,0.75,39,1281167,180.48668172908947,7098.401875009436,1,job.log,5.762198448181152,5.342206954956055,4.942795276641846,4.610687732696533,4.287001609802246,3.888509511947632,3.5989625453948975,3.3476028442382812,3.331738233566284,3.429628610610962,3.7115983963012695
plain_jit_clean,0.75,40,1281167,180.56243428587914,7095.423835345321,1,job.log,5.7615647315979,5.341619968414307,4.942229747772217,4.609933853149414,4.2866082191467285,3.8882620334625244,3.598759412765503,3.346932888031006,3.3320178985595703,3.430119514465332,3.7111778259277344
plain_jit_velocity,0.25,1,1281167,194.54072144581005,6585.598071593835,1,job.log,6.730679035186768,6.542937278747559,6.396483898162842,6.261546611785889,6.145962238311768,6.049911975860596,5.986837863922119,5.973119735717773,5.959993362426758,6.045347213745117,6.19118070602417
plain_jit_velocity,0.25,2,1281167,181.1617775261402,7071.94982018289,1,job.log,6.648901462554932,6.392485618591309,6.203115463256836,6.012749671936035,5.924846649169922,5.873532295227051,5.804807662963867,5.7878217697143555,5.7880024909973145,5.865769863128662,6.012516975402832
plain_jit_velocity,0.25,3,1281167,180.73808757774532,7088.528030644898,1,job.log,6.615099906921387,6.339371204376221,6.1347737312316895,5.930469036102295,5.86437463760376,5.820001602172852,5.759655475616455,5.740034103393555,5.741699695587158,5.82258415222168,5.9644856452941895
plain_jit_velocity,0.25,4,1281167,181.11671650316566,7073.709289432745,1,job.log,6.592382431030273,6.304388999938965,6.09140157699585,5.880611419677734,5.8256402015686035,5.7830810546875,5.729062080383301,5.7069854736328125,5.708400249481201,5.79429817199707,5.933571815490723
plain_jit_velocity,0.25,5,1281167,180.85018495609984,7084.134308798161,1,job.log,6.57258939743042,6.278162956237793,6.0603556632995605,5.846305847167969,5.796854019165039,5.755010604858398,5.705111980438232,5.6813201904296875,5.682224273681641,5.772668838500977,5.910688877105713
plain_jit_velocity,0.25,6,1281167,180.768319406081,7087.342539939008,1,job.log,6.558911323547363,6.2593817710876465,6.0377326011657715,5.8221540451049805,5.776168346405029,5.734554767608643,5.6875691413879395,5.6617560386657715,5.662116050720215,5.755998134613037,5.893801212310791
plain_jit_velocity,0.25,7,1281167,182.30999901005998,7027.409395846162,1,job.log,6.547490119934082,6.2423553466796875,6.01786470413208,5.801822662353516,5.757058620452881,5.715291976928711,5.670854091644287,5.6433916091918945,5.643343448638916,5.740596771240234,5.8784499168396
plain_jit_velocity,0.25,8,1281167,181.55989002715796,7056.442917036144,1,job.log,6.537430763244629,6.228613376617432,6.002161979675293,5.785928249359131,5.741873741149902,5.699609756469727,5.657097816467285,5.628697395324707,5.628121852874756,5.727678298950195,5.866008281707764
plain_jit_velocity,0.25,9,1281167,182.03066315688193,7038.19333392108,1,job.log,6.525427341461182,6.21433162689209,5.986059188842773,5.770016193389893,5.726726055145264,5.6841654777526855,5.6431097984313965,5.613743305206299,5.613028049468994,5.714393138885498,5.853030681610107
plain_jit_velocity,0.25,10,1281167,181.7823631754145,7047.806935834102,1,job.log,6.518737316131592,6.205074310302734,5.975159168243408,5.759420394897461,5.716558933258057,5.673439979553223,5.633599758148193,5.603213787078857,5.601861953735352,5.704756259918213,5.844015121459961
plain_jit_velocity,0.25,11,1281167,181.4303476656787,7061.4812597989585,1,job.log,6.508534908294678,6.193548202514648,5.962939739227295,5.7479729652404785,5.7048540115356445,5.661187171936035,5.622030258178711,5.590666770935059,5.589303493499756,5.694345951080322,5.833867073059082
plain_jit_velocity,0.25,12,1281167,181.20709890732542,7070.181067548717,1,job.log,6.497687339782715,6.181529521942139,5.949833869934082,5.73532772064209,5.69256591796875,5.648046016693115,5.609874725341797,5.578331470489502,5.576639175415039,5.682794570922852,5.823311805725098
plain_jit_velocity,0.25,13,1281167,180.98865799466148,7078.714291797168,1,job.log,6.491767406463623,6.172616958618164,5.940608024597168,5.726298809051514,5.683342456817627,5.638107776641846,5.600632190704346,5.568243503570557,5.566498756408691,5.673610687255859,5.814568519592285
plain_jit_velocity,0.25,14,1281167,181.09540040325373,7074.541910767278,1,job.log,6.481420040130615,6.163173675537109,5.930215835571289,5.716634273529053,5.673721790313721,5.627761363983154,5.591081142425537,5.55853796005249,5.556621551513672,5.665132522583008,5.806970596313477
plain_jit_velocity,0.25,15,1281167,180.95144863892347,7080.169899918752,1,job.log,6.472277641296387,6.152791500091553,5.920044898986816,5.706743240356445,5.663631916046143,5.617462158203125,5.5814032554626465,5.548367977142334,5.546547889709473,5.655625820159912,5.797542095184326
plain_jit_velocity,0.25,16,1281167,180.60200672689825,7093.869128139579,1,job.log,6.463315963745117,6.144964694976807,5.911473751068115,5.698563575744629,5.655571937561035,5.608117580413818,5.572735786437988,5.539554119110107,5.537590503692627,5.648010730743408,5.790536403656006
plain_jit_velocity,0.25,17,1281167,181.5591769577004,7056.470631052078,1,job.log,6.4551777839660645,6.1358442306518555,5.902502059936523,5.689616680145264,5.647058010101318,5.599222183227539,5.56425142288208,5.530735015869141,5.528903484344482,5.639920234680176,5.78328800201416
plain_jit_velocity,0.25,18,1281167,181.02451204601675,7077.312268486187,1,job.log,6.447052955627441,6.127312660217285,5.893326282501221,5.681449890136719,5.638540744781494,5.590120315551758,5.555327415466309,5.521600246429443,5.5197858810424805,5.63182258605957,5.775784969329834
plain_jit_velocity,0.25,19,1281167,181.0733569902368,7075.403147626399,1,job.log,6.439571380615234,6.120022773742676,5.8856730461120605,5.674227714538574,5.631382942199707,5.582708358764648,5.548315048217773,5.514646053314209,5.512671947479248,5.624821662902832,5.768620014190674
plain_jit_velocity,0.25,20,1281167,181.20115999691188,7070.412794387377,1,job.log,6.431224822998047,6.11185359954834,5.877220630645752,5.665802955627441,5.622797966003418,5.573272705078125,5.539425849914551,5.505402565002441,5.503400802612305,5.616078853607178,5.761274814605713
plain_jit_velocity,0.25,21,1281167,180.6988033973612,7090.069086858764,1,job.log,6.4217729568481445,6.10376501083374,5.868567943572998,5.657522201538086,5.614663124084473,5.565001010894775,5.5311479568481445,5.497407913208008,5.495721340179443,5.60916805267334,5.75493860244751
plain_jit_velocity,0.25,22,1281167,181.18853638507426,7070.905398105189,1,job.log,6.414793014526367,6.096806049346924,5.861632823944092,5.6508636474609375,5.60800313949585,5.5577712059021,5.524035930633545,5.4901533126831055,5.488101959228516,5.6023125648498535,5.748361587524414
plain_jit_velocity,0.25,23,1281167,181.2195986090228,7069.69339869298,1,job.log,6.406682014465332,6.088687419891357,5.85400390625,5.643409252166748,5.600674152374268,5.5498738288879395,5.516179084777832,5.482252597808838,5.480642795562744,5.595029830932617,5.741910934448242
plain_jit_velocity,0.25,24,1281167,181.0836703586392,7075.000177888086,1,job.log,6.397769451141357,6.081023693084717,5.845423698425293,5.635131359100342,5.592602729797363,5.541125774383545,5.507952690124512,5.474430561065674,5.472611427307129,5.58755350112915,5.7347822189331055
plain_jit_velocity,0.25,25,1281167,181.56166423298419,7056.37396204948,1,job.log,6.390940189361572,6.074997901916504,5.83932638168335,5.629162311553955,5.586846351623535,5.535165309906006,5.502098560333252,5.468327045440674,5.46652364730835,5.582024574279785,5.72993278503418
plain_jit_velocity,0.25,26,1281167,181.02612063195556,7077.249379965128,1,job.log,6.383659839630127,6.068650722503662,5.833203315734863,5.623212814331055,5.580526351928711,5.528838157653809,5.495666980743408,5.462421417236328,5.460453510284424,5.575981616973877,5.724531173706055
plain_jit_velocity,0.25,27,1281167,181.27180458325893,7067.657338908183,1,job.log,6.376842498779297,6.062807083129883,5.825809478759766,5.6162238121032715,5.57435417175293,5.522157669067383,5.489347457885742,5.455939292907715,5.454288959503174,5.570168495178223,5.718630313873291
plain_jit_velocity,0.25,28,1281167,181.12674619397148,7073.317590699598,1,job.log,6.36950159072876,6.055972099304199,5.8196187019348145,5.610424041748047,5.568139553070068,5.515611171722412,5.4830427169799805,5.449766159057617,5.448134899139404,5.564707279205322,5.7135009765625
plain_jit_velocity,0.25,29,1281167,180.83737901691347,7084.635969426289,1,job.log,6.363895893096924,6.050876140594482,5.813989162445068,5.60489559173584,5.562926292419434,5.5099663734436035,5.477435111999512,5.444364547729492,5.442788600921631,5.559076309204102,5.708077907562256
plain_jit_velocity,0.25,30,1281167,181.58654225291684,7055.407213027762,1,job.log,6.356856822967529,6.0445051193237305,5.808492183685303,5.599323749542236,5.5572919845581055,5.503918647766113,5.4713053703308105,5.438558578491211,5.436853408813477,5.553661346435547,5.703835964202881
plain_jit_velocity,0.25,31,1281167,181.0829012193717,7075.030228546751,1,job.log,6.351572513580322,6.039750576019287,5.803504943847656,5.594945430755615,5.5532989501953125,5.4994120597839355,5.467085361480713,5.434628486633301,5.432938575744629,5.5494704246521,5.699284076690674
plain_jit_velocity,0.25,32,1281167,180.76042447192594,7087.652088352886,1,job.log,6.345785617828369,6.035012722015381,5.7982940673828125,5.589637756347656,5.547979831695557,5.494645595550537,5.462274074554443,5.429745674133301,5.42808723449707,5.54538106918335,5.695927619934082
plain_jit_velocity,0.25,33,1281167,181.28975637396798,7066.957480803186,1,job.log,6.3409295082092285,6.030873775482178,5.7940545082092285,5.585338115692139,5.544102191925049,5.49033784866333,5.457854270935059,5.426095485687256,5.42436408996582,5.5413923263549805,5.692315578460693
plain_jit_velocity,0.25,34,1281167,181.44444177905098,7060.932743038258,1,job.log,6.338042259216309,6.027461528778076,5.79056453704834,5.58204984664917,5.54068660736084,5.4863810539245605,5.454416751861572,5.42258358001709,5.421332359313965,5.538167953491211,5.689209938049316
plain_jit_velocity,0.25,35,1281167,181.10984624922276,7073.977624811208,1,job.log,6.334094047546387,6.02415132522583,5.787189483642578,5.578577041625977,5.537421703338623,5.483281135559082,5.451037406921387,5.419332027435303,5.417880058288574,5.534791469573975,5.686384201049805
plain_jit_velocity,0.25,36,1281167,180.78839193936437,7086.555648051219,1,job.log,6.329697608947754,6.021674633026123,5.783754825592041,5.575674057006836,5.534658908843994,5.48030424118042,5.448266983032227,5.416751861572266,5.415289402008057,5.532516002655029,5.6835808753967285
plain_jit_velocity,0.25,37,1281167,181.02036128705367,7077.474549773906,1,job.log,6.327826499938965,6.019428253173828,5.781776428222656,5.573920249938965,5.532999515533447,5.4784770011901855,5.446378231048584,5.414617538452148,5.413142681121826,5.530384063720703,5.681905269622803
plain_jit_velocity,0.25,38,1281167,181.28256484912708,7067.23782877992,1,job.log,6.32605504989624,6.018075466156006,5.780449867248535,5.5720438957214355,5.531067848205566,5.476439952850342,5.444172382354736,5.412725925445557,5.411189079284668,5.528359889984131,5.680480480194092
plain_jit_velocity,0.25,39,1281167,181.32485628919676,7065.589496216969,1,job.log,6.3242902755737305,6.016627311706543,5.779656410217285,5.57118558883667,5.5303239822387695,5.475704193115234,5.443636894226074,5.412261009216309,5.410944938659668,5.527921199798584,5.679568290710449
plain_jit_velocity,0.25,40,1281167,181.29583511082456,7066.720530103926,1,job.log,6.324356555938721,6.016609191894531,5.779205322265625,5.571042060852051,5.530125141143799,5.475559711456299,5.443515300750732,5.411921501159668,5.410556793212891,5.528004169464111,5.67939567565918
plain_jit_velocity,0.5,1,1281167,194.52558976970613,6586.1103493722385,1,job.log,6.7232794761657715,6.588408946990967,6.442633628845215,6.328841686248779,6.18963623046875,6.09329891204834,6.0209431648254395,6.010912895202637,5.991891860961914,6.067502975463867,6.2162699699401855
plain_jit_velocity,0.5,2,1281167,180.7226045532152,7089.135325198073,1,job.log,6.67484188079834,6.463634014129639,6.2803544998168945,6.107516765594482,5.983755111694336,5.94210958480835,5.857949733734131,5.8428144454956055,5.837759017944336,5.900230407714844,6.056615829467773
plain_jit_velocity,0.5,3,1281167,180.62121514836326,7093.114720480882,1,job.log,6.65795373916626,6.4235944747924805,6.224399566650391,6.036427021026611,5.936463356018066,5.899712562561035,5.821025371551514,5.803194999694824,5.798964500427246,5.863003253936768,6.022073745727539
plain_jit_velocity,0.5,4,1281167,180.92590231308714,7081.169603802649,1,job.log,6.644735336303711,6.397558212280273,6.187649726867676,5.993738651275635,5.906718730926514,5.868146896362305,5.796642303466797,5.7760748863220215,5.771162033081055,5.838931560516357,6.000328063964844
plain_jit_velocity,0.5,5,1281167,180.7189571801573,7089.278402170143,1,job.log,6.634532928466797,6.378499507904053,6.161738872528076,5.96483850479126,5.884416103363037,5.843188762664795,5.777485370635986,5.754775524139404,5.7490034103393555,5.820644855499268,5.984355926513672
plain_jit_velocity,0.5,6,1281167,180.84927288396284,7084.170036016827,1,job.log,6.626949310302734,6.364593505859375,6.141843795776367,5.943930149078369,5.868179798126221,5.824024200439453,5.7634077072143555,5.738419055938721,5.731904029846191,5.806584358215332,5.972262382507324
plain_jit_velocity,0.5,7,1281167,181.95211981516331,7041.231513551355,1,job.log,6.618608474731445,6.351494312286377,6.124464511871338,5.925750255584717,5.852202415466309,5.805227279663086,5.749260425567627,5.722397327423096,5.715213298797607,5.793030738830566,5.960905075073242
plain_jit_velocity,0.5,8,1281167,181.4763127118349,7059.692699588607,1,job.log,6.612687587738037,6.340814113616943,6.110671043395996,5.911931037902832,5.839955806732178,5.790512561798096,5.738607883453369,5.710501194000244,5.702583312988281,5.782411098480225,5.952434062957764
plain_jit_velocity,0.5,9,1281167,181.79846171103418,7047.18284160399,1,job.log,6.604927062988281,6.329633712768555,6.096654415130615,5.898298263549805,5.827572822570801,5.7760539054870605,5.72749662399292,5.698242664337158,5.68979549407959,5.7715888023376465,5.942846775054932
plain_jit_velocity,0.5,10,1281167,182.2667529140599,7029.076776300939,1,job.log,6.600882530212402,6.322602272033691,6.086454391479492,5.888698101043701,5.818979740142822,5.765200138092041,5.719738483428955,5.68933629989624,5.680062770843506,5.7632293701171875,5.936696529388428
plain_jit_velocity,0.5,11,1281167,181.66305794008076,7052.435506301873,1,job.log,6.593811511993408,6.312853813171387,6.075881481170654,5.8784990310668945,5.80913782119751,5.753279685974121,5.709993839263916,5.678471565246582,5.668862819671631,5.754310131072998,5.928462505340576
plain_jit_velocity,0.5,12,1281167,181.14926206693053,7072.438415601373,1,job.log,6.586121559143066,6.303152084350586,6.064211845397949,5.867486953735352,5.798354625701904,5.740753650665283,5.699860095977783,5.6678361892700195,5.657917499542236,5.744636535644531,5.92031192779541
plain_jit_velocity,0.5,13,1281167,181.31707356777042,7065.89277441179,1,job.log,6.580986499786377,6.295157432556152,6.055142402648926,5.858982563018799,5.79053258895874,5.730911731719971,5.69171142578125,5.659132480621338,5.648776054382324,5.736258506774902,5.913410663604736
plain_jit_velocity,0.5,14,1281167,181.13183679664508,7073.118799310546,1,job.log,6.575051307678223,6.287993907928467,6.045673847198486,5.850255966186523,5.782037258148193,5.72098970413208,5.683783531188965,5.650635242462158,5.6399030685424805,5.729421615600586,5.907586097717285
plain_jit_velocity,0.5,15,1281167,180.83797527384013,7084.612610044703,1,job.log,6.567722797393799,6.278865814208984,6.036508560180664,5.841384410858154,5.773581027984619,5.711462020874023,5.675836563110352,5.642280101776123,5.631328582763672,5.721380710601807,5.900197982788086
plain_jit_velocity,0.5,16,1281167,180.58806601492688,7094.416747860307,1,job.log,6.562341213226318,6.272453784942627,6.028774261474609,5.83430814743042,5.766567230224609,5.702667713165283,5.668059349060059,5.634457588195801,5.623189926147461,5.714811325073242,5.8944411277771
plain_jit_velocity,0.5,17,1281167,181.0688279112801,7075.580124855863,1,job.log,6.556902885437012,6.264806270599365,6.020597457885742,5.826160907745361,5.759026527404785,5.6942138671875,5.660730361938477,5.6264567375183105,5.61527156829834,5.707545280456543,5.888357162475586
plain_jit_velocity,0.5,18,1281167,180.79053446883336,7086.471666031064,1,job.log,6.550236701965332,6.257370948791504,6.01215934753418,5.81829309463501,5.751038074493408,5.685156345367432,5.652561187744141,5.61819314956665,5.606779098510742,5.700223445892334,5.881852626800537
plain_jit_velocity,0.5,19,1281167,181.14543153019622,7072.587970767756,1,job.log,6.544887542724609,6.2510247230529785,6.005288600921631,5.8121771812438965,5.745437145233154,5.6785688400268555,5.6468706130981445,5.61248779296875,5.600768566131592,5.694380283355713,5.8759918212890625
plain_jit_velocity,0.5,20,1281167,180.25251072272658,7107.623604592976,1,job.log,6.538240909576416,6.243658065795898,5.9971513748168945,5.804027557373047,5.737194538116455,5.669406414031982,5.638890743255615,5.604084491729736,5.592051982879639,5.6866350173950195,5.869367599487305
plain_jit_velocity,0.5,21,1281167,182.08303082967177,7036.169126591803,1,job.log,6.53193473815918,6.236687660217285,5.989402770996094,5.796530246734619,5.730100154876709,5.661624431610107,5.6316237449646,5.597039699554443,5.5850911140441895,5.680295467376709,5.864161491394043
plain_jit_velocity,0.5,22,1281167,180.74914103280753,7088.094541857087,1,job.log,6.526256561279297,6.230674743652344,5.982789993286133,5.790360450744629,5.7240309715271,5.6545209884643555,5.625263214111328,5.590375900268555,5.578227519989014,5.674026012420654,5.858397006988525
plain_jit_velocity,0.5,23,1281167,181.06671901699156,7075.662534536639,1,job.log,6.520176887512207,6.223349094390869,5.975700855255127,5.7833733558654785,5.717433929443359,5.647491931915283,5.6180500984191895,5.5830583572387695,5.571002960205078,5.66754674911499,5.852907657623291
plain_jit_velocity,0.5,24,1281167,181.35692594200373,7064.340076042673,1,job.log,6.513449192047119,6.216629981994629,5.9679107666015625,5.775855541229248,5.710103988647461,5.639102458953857,5.6107892990112305,5.575967788696289,5.563694000244141,5.66083288192749,5.846825122833252
plain_jit_velocity,0.5,25,1281167,181.20071502402425,7070.430157133421,1,job.log,6.508225440979004,6.211135387420654,5.961873531341553,5.770047187805176,5.704695701599121,5.6333441734313965,5.605389595031738,5.570552349090576,5.558156967163086,5.655768871307373,5.842227935791016
plain_jit_velocity,0.5,26,1281167,181.02194905094802,7077.412472447857,1,job.log,6.503074645996094,6.205687522888184,5.956409454345703,5.764887809753418,5.699467658996582,5.627844333648682,5.599690914154053,5.565189361572266,5.5526442527771,5.650424003601074,5.837552070617676
plain_jit_velocity,0.5,27,1281167,181.0206672810018,7077.462586143383,1,job.log,6.497885227203369,6.200648784637451,5.95005464553833,5.758630752563477,5.693550109863281,5.621288776397705,5.593840599060059,5.559196949005127,5.546920299530029,5.644937038421631,5.832345485687256
plain_jit_velocity,0.5,28,1281167,180.7653982755728,7087.457069891714,1,job.log,6.492182731628418,6.194007873535156,5.9432830810546875,5.752622127532959,5.687522888183594,5.614971160888672,5.587892055511475,5.553163528442383,5.540737628936768,5.63969087600708,5.8272552490234375
plain_jit_velocity,0.5,29,1281167,180.8017650670372,7086.031486058625,1,job.log,6.488024711608887,6.1897664070129395,5.9385175704956055,5.747879505157471,5.683238983154297,5.609787464141846,5.582937240600586,5.548535346984863,5.535999298095703,5.634542465209961,5.822456359863281
plain_jit_velocity,0.5,30,1281167,181.38559034792706,7063.2236967805065,1,job.log,6.482766628265381,6.183900833129883,5.933056354522705,5.7423295974731445,5.677700519561768,5.604142665863037,5.577164173126221,5.542891979217529,5.530273914337158,5.629566669464111,5.818574905395508
plain_jit_velocity,0.5,31,1281167,180.85708899004385,7083.863879234106,1,job.log,6.478704452514648,6.179850101470947,5.928593635559082,5.738553524017334,5.674014568328857,5.599708080291748,5.572795867919922,5.538928031921387,5.526102066040039,5.625209331512451,5.814506530761719
plain_jit_velocity,0.5,32,1281167,181.1534129162319,7072.276361651719,1,job.log,6.4743547439575195,6.175424098968506,5.924017906188965,5.7334513664245605,5.6692023277282715,5.59505033493042,5.56861686706543,5.53487491607666,5.5221428871154785,5.621859550476074,5.8112664222717285
plain_jit_velocity,0.5,33,1281167,181.11236351216212,7073.879304291486,1,job.log,6.470750331878662,6.171485424041748,5.919549465179443,5.7293572425842285,5.6653876304626465,5.59094762802124,5.564558029174805,5.531133651733398,5.518303871154785,5.618013858795166,5.807823181152344
plain_jit_velocity,0.5,34,1281167,181.83828416699544,7045.639513532862,1,job.log,6.46804141998291,6.168291091918945,5.9165496826171875,5.726579189300537,5.6623005867004395,5.5875396728515625,5.5611772537231445,5.528221607208252,5.515809535980225,5.614694118499756,5.805093765258789
plain_jit_velocity,0.5,35,1281167,181.42272555083036,7061.777933884293,1,job.log,6.465109348297119,6.165653228759766,5.913551330566406,5.7233452796936035,5.659466743469238,5.5844645500183105,5.55825138092041,5.5251288414001465,5.512406349182129,5.612001895904541,5.802717685699463
plain_jit_velocity,0.5,36,1281167,181.61380013963208,7054.3482874923975,1,job.log,6.462211608886719,6.163232803344727,5.910125732421875,5.720426082611084,5.656768321990967,5.581429958343506,5.555520057678223,5.5225324630737305,5.509833335876465,5.609714508056641,5.799881935119629
plain_jit_velocity,0.5,37,1281167,181.39098438201472,7063.013657293049,1,job.log,6.460598468780518,6.161196231842041,5.908285617828369,5.719100475311279,5.655333995819092,5.579852104187012,5.553852081298828,5.520799160003662,5.5081095695495605,5.607967853546143,5.798614501953125
plain_jit_velocity,0.5,38,1281167,181.7717021550052,7048.220293978924,1,job.log,6.45916748046875,6.160092830657959,5.906946182250977,5.717189311981201,5.653366565704346,5.577600955963135,5.551499366760254,5.518396377563477,5.505636692047119,5.605628490447998,5.796813488006592
plain_jit_velocity,0.5,39,1281167,181.67806719476357,7051.8528724028965,1,job.log,6.458104133605957,6.158525466918945,5.90598201751709,5.716249942779541,5.652831077575684,5.577291011810303,5.5513763427734375,5.518326759338379,5.505760669708252,5.60543966293335,5.796520233154297
plain_jit_velocity,0.5,40,1281167,181.2027232949622,7070.3517955108955,1,job.log,6.45768928527832,6.158631801605225,5.905402183532715,5.715913772583008,5.652352809906006,5.576672554016113,5.550955295562744,5.51772403717041,5.504975318908691,5.604981422424316,5.795837879180908
plain_jit_velocity,0.75,1,1281167,196.40432917280123,6523.109777650566,1,job.log,6.719484329223633,6.64567756652832,6.500383377075195,6.43259334564209,6.311494827270508,6.226861476898193,6.147597312927246,6.142037391662598,6.121154308319092,6.184876441955566,6.318427085876465
plain_jit_velocity,0.75,2,1281167,181.87893737480044,7044.064686610091,1,job.log,6.680886268615723,6.548192501068115,6.374250411987305,6.262678623199463,6.136209487915039,6.100315570831299,6.005640983581543,5.997860908508301,5.991473197937012,6.03952693939209,6.175803184509277
plain_jit_velocity,0.75,3,1281167,181.81008858280256,7046.732169741574,1,job.log,6.672679424285889,6.514537334442139,6.337347030639648,6.211679935455322,6.10162878036499,6.070402145385742,5.977804183959961,5.970186710357666,5.963877201080322,6.011141300201416,6.152177810668945
plain_jit_velocity,0.75,4,1281167,182.5594845628366,7017.805747359158,1,job.log,6.665271282196045,6.491257667541504,6.312819957733154,6.180630683898926,6.0809149742126465,6.047327041625977,5.959453105926514,5.951225757598877,5.943561553955078,5.9925713539123535,6.1371846199035645
plain_jit_velocity,0.75,5,1281167,182.11110747931525,7035.084337980422,1,job.log,6.660243034362793,6.47401762008667,6.295677661895752,6.1592116355896,6.066176414489746,6.0291523933410645,5.945742607116699,5.936206340789795,5.927224159240723,5.9788665771484375,6.126802444458008
plain_jit_velocity,0.75,6,1281167,181.9703477108851,7040.526196254354,1,job.log,6.65597677230835,6.46091365814209,6.2825117111206055,6.143499851226807,6.054971694946289,6.014193058013916,5.935245037078857,5.924438953399658,5.914153575897217,5.967989444732666,6.118663311004639
plain_jit_velocity,0.75,7,1281167,182.69621954020113,7012.553424610341,1,job.log,6.650062084197998,6.448544025421143,6.270380973815918,6.129274845123291,6.044494152069092,5.999703884124756,5.925302982330322,5.913018703460693,5.901763916015625,5.9579081535339355,6.1110992431640625
plain_jit_velocity,0.75,8,1281167,182.19874615594745,7031.700420723117,1,job.log,6.646813869476318,6.4387054443359375,6.261080265045166,6.118391513824463,6.035494804382324,5.987362384796143,5.917222023010254,5.904227256774902,5.891861438751221,5.949594974517822,6.1051249504089355
plain_jit_velocity,0.75,9,1281167,182.4965501157567,7020.225857351067,1,job.log,6.641422748565674,6.428339004516602,6.250705242156982,6.107536315917969,6.026628494262695,5.975846290588379,5.9093122482299805,5.895421504974365,5.88208532333374,5.9413604736328125,6.098293781280518
plain_jit_velocity,0.75,10,1281167,182.70951421186328,7012.043163304597,1,job.log,6.638378143310547,6.421753883361816,6.243612289428711,6.0999908447265625,6.021032810211182,5.967369556427002,5.903911590576172,5.88909912109375,5.8747944831848145,5.935237884521484,6.093881607055664
plain_jit_velocity,0.75,11,1281167,182.9820887511596,7001.597854434159,1,job.log,6.632590293884277,6.412749767303467,6.235633850097656,6.091291427612305,6.013312816619873,5.95686149597168,5.896652698516846,5.880654335021973,5.865625381469727,5.9279093742370605,6.087705135345459
plain_jit_velocity,0.75,12,1281167,182.62201168062165,7015.4029528519695,1,job.log,6.627238750457764,6.403862953186035,6.22653865814209,6.082093238830566,6.00541877746582,5.946489334106445,5.888777256011963,5.872631072998047,5.856988430023193,5.920156955718994,6.081223011016846
plain_jit_velocity,0.75,13,1281167,182.29862206894904,7027.847964289256,1,job.log,6.6228508949279785,6.396286487579346,6.21928071975708,6.074445724487305,5.998421669006348,5.937160015106201,5.881582260131836,5.864818096160889,5.848419189453125,5.912337779998779,6.075152397155762
plain_jit_velocity,0.75,14,1281167,182.1690693036653,7032.8459430418925,1,job.log,6.618695259094238,6.390224933624268,6.211740016937256,6.0667314529418945,5.991926193237305,5.928962230682373,5.8754658699035645,5.858505725860596,5.841552257537842,5.90741491317749,6.071168422698975
plain_jit_velocity,0.75,15,1281167,182.17862858530134,7032.4769153705665,1,job.log,6.612915992736816,6.381703853607178,6.204118728637695,6.058974266052246,5.984692096710205,5.920588970184326,5.868982315063477,5.852145195007324,5.834500789642334,5.900665760040283,6.064858913421631
plain_jit_velocity,0.75,16,1281167,182.21357255103067,7031.128263736758,1,job.log,6.608710765838623,6.375953197479248,6.197612762451172,6.053046703338623,5.9790472984313965,5.912599563598633,5.862443923950195,5.845342636108398,5.827302932739258,5.894865989685059,6.060015678405762
plain_jit_velocity,0.75,17,1281167,182.34746890701354,7025.965359866441,1,job.log,6.60466194152832,6.369253158569336,6.190934181213379,6.045694828033447,5.97276496887207,5.905184745788574,5.856585502624512,5.838901042938232,5.820886611938477,5.888961315155029,6.055364608764648
plain_jit_velocity,0.75,18,1281167,181.85590654285625,7044.956770200255,1,job.log,6.5988078117370605,6.36238956451416,6.183681964874268,6.038670063018799,5.96602725982666,5.897152423858643,5.849792003631592,5.832192897796631,5.813568592071533,5.882530689239502,6.049549102783203
plain_jit_velocity,0.75,19,1281167,182.04395336890593,7037.679507013113,1,job.log,6.594507694244385,6.356549263000488,6.177555084228516,6.032783031463623,5.96074914932251,5.8904008865356445,5.844210624694824,5.826478481292725,5.807473659515381,5.8767313957214355,6.044168472290039
plain_jit_velocity,0.75,20,1281167,182.1265543657355,7034.487664150491,1,job.log,6.589277267456055,6.349839687347412,6.170586585998535,6.026218891143799,5.9542951583862305,5.88271427154541,5.837460517883301,5.819805145263672,5.800437927246094,5.870573043823242,6.038578987121582
plain_jit_velocity,0.75,21,1281167,182.49902808573097,7020.130536794735,1,job.log,6.584560871124268,6.3436784744262695,6.163721084594727,6.019172668457031,5.947738170623779,5.875449180603027,5.8317694664001465,5.813981533050537,5.794342517852783,5.864938259124756,6.0344438552856445
plain_jit_velocity,0.75,22,1281167,181.7691396009177,7048.319658732278,1,job.log,6.579987525939941,6.338227272033691,6.158132076263428,6.0136332511901855,5.9426727294921875,5.8691792488098145,5.826023578643799,5.808014392852783,5.7881317138671875,5.859014987945557,6.02906608581543
plain_jit_velocity,0.75,23,1281167,182.1986571517773,7031.70385571364,1,job.log,6.575023174285889,6.331519603729248,6.151465892791748,6.007665634155273,5.936973571777344,5.862619400024414,5.819894790649414,5.8021016120910645,5.782058238983154,5.853775501251221,6.024487018585205
plain_jit_velocity,0.75,24,1281167,182.36195234395564,7025.407348039198,1,job.log,6.569473743438721,6.325464725494385,6.144735336303711,6.000351428985596,5.929842948913574,5.854827404022217,5.812841415405273,5.795135021209717,5.77498722076416,5.847108840942383,6.018312931060791
plain_jit_velocity,0.75,25,1281167,182.71885001193732,7011.684891385313,1,job.log,6.565125942230225,6.320352554321289,6.138834476470947,5.994900703430176,5.92496395111084,5.849113941192627,5.807486534118652,5.789852619171143,5.7692179679870605,5.842170238494873,6.014161586761475
plain_jit_velocity,0.75,26,1281167,181.96282031014562,7040.817447302264,1,job.log,6.561252117156982,6.315945148468018,6.134459972381592,5.990830421447754,5.9211578369140625,5.84474515914917,5.803501129150391,5.785935878753662,5.765214443206787,5.837980270385742,6.01033878326416
plain_jit_velocity,0.75,27,1281167,181.96879175771028,7040.586397396438,1,job.log,6.556999683380127,6.311038970947266,6.129051685333252,5.984854221343994,5.915038108825684,5.838442325592041,5.797851085662842,5.780531406402588,5.759964942932129,5.83277702331543,6.005718231201172
plain_jit_velocity,0.75,28,1281167,182.02690694993362,7038.338570200416,1,job.log,6.552227020263672,6.304997444152832,6.122193813323975,5.978778839111328,5.9094557762146,5.832179546356201,5.792069911956787,5.774629592895508,5.753927230834961,5.827616214752197,6.000718116760254
plain_jit_velocity,0.75,29,1281167,182.04633214417845,7037.587546588587,1,job.log,6.54901123046875,6.30134391784668,6.118148326873779,5.975046634674072,5.906002521514893,5.827891826629639,5.787967681884766,5.770747661590576,5.749728202819824,5.822940349578857,5.9962544441223145
plain_jit_velocity,0.75,30,1281167,182.216208265163,7031.026560138009,1,job.log,6.544863224029541,6.296228885650635,6.112645149230957,5.969205379486084,5.900175094604492,5.821804523468018,5.782292366027832,5.765097618103027,5.744096279144287,5.818297386169434,5.993012428283691
plain_jit_velocity,0.75,31,1281167,182.52346716076136,7019.190572747478,1,job.log,6.5415263175964355,6.292152404785156,6.1084980964660645,5.96619987487793,5.8970866203308105,5.818394184112549,5.778916835784912,5.761893272399902,5.740540027618408,5.814609527587891,5.9896955490112305
plain_jit_velocity,0.75,32,1281167,182.4875176148489,7020.5733342484355,1,job.log,6.5381760597229,6.288473129272461,6.104935646057129,5.961540222167969,5.892769813537598,5.81350040435791,5.774141788482666,5.757367134094238,5.736187934875488,5.810742378234863,5.985371112823486
plain_jit_velocity,0.75,33,1281167,182.32975771697238,7026.6478497094,1,job.log,6.535412311553955,6.284779071807861,6.100740909576416,5.958065032958984,5.8894782066345215,5.8099894523620605,5.771076202392578,5.754820823669434,5.733550548553467,5.807738780975342,5.9831085205078125
plain_jit_velocity,0.75,34,1281167,182.3240944519639,7026.866108130011,1,job.log,6.5331010818481445,6.281941890716553,6.097950458526611,5.955170631408691,5.886425495147705,5.806704044342041,5.76750373840332,5.751613616943359,5.730501651763916,5.804228782653809,5.980123519897461
plain_jit_velocity,0.75,35,1281167,182.16650460101664,7032.944957724407,1,job.log,6.53057861328125,6.2794575691223145,6.094657897949219,5.95218563079834,5.88399600982666,5.803648471832275,5.764307498931885,5.748226165771484,5.726912021636963,5.801417350769043,5.977747440338135
plain_jit_velocity,0.75,36,1281167,182.40438788291067,7023.772919445386,1,job.log,6.528901100158691,6.277627944946289,6.092205047607422,5.949594497680664,5.8812432289123535,5.801406383514404,5.762349605560303,5.746142864227295,5.724809646606445,5.799747467041016,5.975666522979736
plain_jit_velocity,0.75,37,1281167,182.34098922275007,7026.215035144457,1,job.log,6.527299404144287,6.275534629821777,6.090457439422607,5.948216438293457,5.879730701446533,5.799413204193115,5.760306358337402,5.7443952560424805,5.722990989685059,5.797844886779785,5.9741010665893555
plain_jit_velocity,0.75,38,1281167,182.66013532318175,7013.938743301723,1,job.log,6.52607536315918,6.274490833282471,6.088778495788574,5.946290969848633,5.878046989440918,5.797856330871582,5.759095668792725,5.743083953857422,5.721492290496826,5.796432018280029,5.973147869110107
plain_jit_velocity,0.75,39,1281167,182.38103766413406,7024.672172111161,1,job.log,6.525341033935547,6.273392677307129,6.08804988861084,5.9458818435668945,5.877659320831299,5.797129154205322,5.758645534515381,5.742650032043457,5.721215724945068,5.795774459838867,5.972164154052734
plain_jit_velocity,0.75,40,1281167,182.160108754877,7033.191892325872,1,job.log,6.524927616119385,6.273388862609863,6.087851524353027,5.945309638977051,5.8772382736206055,5.796904563903809,5.758388042449951,5.742080211639404,5.72064733505249,5.795358180999756,5.971741199493408
sihc_sublayer_p4,0.25,1,1281167,255.29296032898128,5018.418832814795,1,job.log,5.985902786254883,5.689385414123535,5.563064098358154,5.381662845611572,5.07043981552124,4.8979268074035645,4.682424068450928,4.641104698181152,4.864968299865723,5.080370903015137,5.11944580078125
sihc_sublayer_p4,0.25,2,1281167,238.5610507428646,5370.3946893699695,1,job.log,5.6997389793396,5.2158026695251465,5.0349040031433105,4.793869495391846,4.384498119354248,4.1505913734436035,3.9494175910949707,3.932101011276245,4.230738162994385,4.498869895935059,4.5469560623168945
sihc_sublayer_p4,0.25,3,1281167,234.5911271101795,5461.276459097617,1,job.log,5.614063262939453,5.063261032104492,4.857176303863525,4.595582008361816,4.159405708312988,3.9133102893829346,3.723853588104248,3.714138984680176,4.026668071746826,4.30816125869751,4.354715824127197
sihc_sublayer_p4,0.25,4,1281167,233.73133747279644,5481.365972798203,1,job.log,5.561071872711182,4.968066692352295,4.745039463043213,4.471334934234619,4.022521018981934,3.7707340717315674,3.589367389678955,3.5838582515716553,3.900028705596924,4.187609672546387,4.234124183654785
sihc_sublayer_p4,0.25,5,1281167,235.5566475316882,5438.891296105967,1,job.log,5.524920463562012,4.900903701782227,4.665387153625488,4.382801532745361,3.9266200065612793,3.6721343994140625,3.496398448944092,3.4937169551849365,3.810528516769409,4.100966453552246,4.147146701812744
sihc_sublayer_p4,0.25,6,1281167,241.2789705870673,5309.899146546969,1,job.log,5.496814727783203,4.8480329513549805,4.603320598602295,4.314666271209717,3.853524923324585,3.5967137813568115,3.4255144596099854,3.424856424331665,3.740950107574463,4.033438205718994,4.079409599304199
sihc_sublayer_p4,0.25,7,1281167,238.3581425291486,5374.966369539178,1,job.log,5.473835468292236,4.80434513092041,4.552304744720459,4.258372783660889,3.794588327407837,3.537686586380005,3.3697330951690674,3.370121955871582,3.6848742961883545,3.9778237342834473,4.023825168609619
sihc_sublayer_p4,0.25,8,1281167,238.63964549312368,5368.625977266282,1,job.log,5.455868721008301,4.768080711364746,4.510019779205322,4.212090015411377,3.7463176250457764,3.4893290996551514,3.324125051498413,3.325204610824585,3.637528896331787,3.931565046310425,3.9781076908111572
sihc_sublayer_p4,0.25,9,1281167,235.95586243504658,5429.689208729353,1,job.log,5.437214374542236,4.734963893890381,4.472105503082275,4.170708179473877,3.703230619430542,3.4460248947143555,3.283019542694092,3.28523325920105,3.5956194400787354,3.8898282051086426,3.9364242553710938
sihc_sublayer_p4,0.25,10,1281167,246.48629009723663,5197.721136922427,1,job.log,5.4231743812561035,4.707237720489502,4.440106391906738,4.136018753051758,3.6678874492645264,3.410825729370117,3.2497305870056152,3.2529373168945312,3.5610172748565674,3.8546934127807617,3.9021103382110596
sihc_sublayer_p4,0.25,11,1281167,242.0962102431804,5291.974619152838,1,job.log,5.40886926651001,4.681807518005371,4.411123275756836,4.1046905517578125,3.636229991912842,3.3796496391296387,3.2195911407470703,3.2221317291259766,3.528028726577759,3.8218982219696045,3.8697924613952637
sihc_sublayer_p4,0.25,12,1281167,235.58358703600243,5438.269346854835,1,job.log,5.395467281341553,4.659245014190674,4.385458946228027,4.076632976531982,3.6082215309143066,3.3521742820739746,3.1932075023651123,3.195692777633667,3.499925136566162,3.793440341949463,3.8416688442230225
sihc_sublayer_p4,0.25,13,1281167,240.25258862087503,5332.583541989284,1,job.log,5.383777618408203,4.638260364532471,4.361857891082764,4.051300048828125,3.5828857421875,3.3271431922912598,3.1689236164093018,3.1719157695770264,3.474513530731201,3.767771005630493,3.8158814907073975
sihc_sublayer_p4,0.25,14,1281167,233.50093152420595,5486.774684953183,1,job.log,5.372502326965332,4.6190385818481445,4.3401947021484375,4.0280609130859375,3.5600178241729736,3.3052029609680176,3.1467435359954834,3.1496405601501465,3.450317144393921,3.743187665939331,3.7912325859069824
sihc_sublayer_p4,0.25,15,1281167,238.53457470890135,5370.990773825925,1,job.log,5.36188268661499,4.601668357849121,4.320713043212891,4.006871223449707,3.538695812225342,3.284444570541382,3.1267433166503906,3.1290206909179688,3.4278688430786133,3.720621347427368,3.769190549850464
sihc_sublayer_p4,0.25,16,1281167,237.64217769075185,5391.159988725597,1,job.log,5.351569175720215,4.585602283477783,4.302969932556152,3.988352060317993,3.520108222961426,3.26600980758667,3.1085383892059326,3.110807180404663,3.407942771911621,3.700700283050537,3.7493343353271484
sihc_sublayer_p4,0.25,17,1281167,236.66936589591205,5413.3199501766585,1,job.log,5.342623710632324,4.571352481842041,4.286904811859131,3.970761299133301,3.5030410289764404,3.2499186992645264,3.092573642730713,3.0944526195526123,3.390592336654663,3.682359457015991,3.731248140335083
sihc_sublayer_p4,0.25,18,1281167,236.4538829419762,5418.253166577889,1,job.log,5.332444190979004,4.556071758270264,4.270164966583252,3.952928304672241,3.4853200912475586,3.2330100536346436,3.0758490562438965,3.077317714691162,3.371774673461914,3.6638474464416504,3.712724447250366
sihc_sublayer_p4,0.25,19,1281167,235.59796657273546,5437.937426359192,1,job.log,5.323803901672363,4.543111801147461,4.256439208984375,3.9381399154663086,3.4708807468414307,3.2191665172576904,3.0619828701019287,3.062805414199829,3.3563876152038574,3.6480863094329834,3.697169065475464
sihc_sublayer_p4,0.25,20,1281167,238.5078687532805,5371.592168832285,1,job.log,5.314425945281982,4.530280113220215,4.24250602722168,3.9231667518615723,3.456455707550049,3.2055742740631104,3.0478382110595703,3.048792600631714,3.3404359817504883,3.6318583488464355,3.6808042526245117
sihc_sublayer_p4,0.25,21,1281167,234.37852473696694,5466.23032736382,1,job.log,5.306351184844971,4.519500255584717,4.23026704788208,3.910365581512451,3.4439697265625,3.1938719749450684,3.035979986190796,3.035869598388672,3.327038049697876,3.6177659034729004,3.6667072772979736
sihc_sublayer_p4,0.25,22,1281167,235.98961992003024,5428.912510788182,1,job.log,5.298382759094238,4.508368968963623,4.218756198883057,3.897914409637451,3.4311323165893555,3.182171106338501,3.024144172668457,3.0233380794525146,3.3132808208465576,3.6041531562805176,3.6530096530914307
sihc_sublayer_p4,0.25,23,1281167,242.0045056878589,5293.979946193517,1,job.log,5.290200710296631,4.498152256011963,4.207451820373535,3.8860385417938232,3.4195666313171387,3.1711273193359375,3.012486696243286,3.0111184120178223,3.300384998321533,3.59104323387146,3.6396067142486572
sihc_sublayer_p4,0.25,24,1281167,239.98980598989874,5338.422583057235,1,job.log,5.282975673675537,4.48895788192749,4.197495937347412,3.8755486011505127,3.4097158908843994,3.1616671085357666,3.002910852432251,3.0002646446228027,3.2886743545532227,3.5792176723480225,3.627793550491333
sihc_sublayer_p4,0.25,25,1281167,240.07539578294381,5336.519370599412,1,job.log,5.275920867919922,4.480015754699707,4.188185214996338,3.86529803276062,3.3991730213165283,3.1526548862457275,2.9938206672668457,2.9910378456115723,3.2784714698791504,3.5687432289123535,3.616948127746582
sihc_sublayer_p4,0.25,26,1281167,240.21833376772702,5333.3439621589905,1,job.log,5.269643306732178,4.472622871398926,4.180519104003906,3.8566510677337646,3.3907175064086914,3.144876480102539,2.9857590198516846,2.982274293899536,3.2691540718078613,3.5593738555908203,3.607999086380005
sihc_sublayer_p4,0.25,27,1281167,241.44911439483985,5306.157379003335,1,job.log,5.263254165649414,4.464953422546387,4.1721272468566895,3.847823143005371,3.3820769786834717,3.1365554332733154,2.977348566055298,2.973616600036621,3.259413003921509,3.549854040145874,3.598127603530884
sihc_sublayer_p4,0.25,28,1281167,241.17315544281155,5312.228874095393,1,job.log,5.256764888763428,4.457845687866211,4.164914131164551,3.839984893798828,3.374000072479248,3.130025863647461,2.9700124263763428,2.965574026107788,3.251131057739258,3.5413432121276855,3.5894570350646973
sihc_sublayer_p4,0.25,29,1281167,240.13423836277798,5335.211707980196,1,job.log,5.251454830169678,4.452206134796143,4.158742904663086,3.833087682723999,3.3675894737243652,3.123690366744995,2.9626433849334717,2.957885503768921,3.242737293243408,3.53306245803833,3.5808568000793457
sihc_sublayer_p4,0.25,30,1281167,244.34776489716023,5243.211455358352,1,job.log,5.246396541595459,4.446696758270264,4.152719497680664,3.826761484146118,3.3606860637664795,3.118032932281494,2.956930160522461,2.9514000415802,3.2352306842803955,3.5253725051879883,3.5735411643981934
sihc_sublayer_p4,0.25,31,1281167,256.96992989769205,4985.668947763941,1,job.log,5.24152135848999,4.441380500793457,4.147517204284668,3.821232795715332,3.3554129600524902,3.1131935119628906,2.9518067836761475,2.9454686641693115,3.2292935848236084,3.5194239616394043,3.566868305206299
sihc_sublayer_p4,0.25,32,1281167,317.47778869094327,4035.4539613074608,1,job.log,5.237505912780762,4.436986446380615,4.142951488494873,3.81628155708313,3.350616216659546,3.1088945865631104,2.946798801422119,2.9397075176239014,3.223079204559326,3.5134451389312744,3.5606839656829834
sihc_sublayer_p4,0.25,33,1281167,325.03749457234517,3941.5975737988115,1,job.log,5.233096599578857,4.432791709899902,4.138514041900635,3.8116626739501953,3.3463704586029053,3.1046080589294434,2.9423627853393555,2.9353244304656982,3.2181236743927,3.5083231925964355,3.555352210998535
sihc_sublayer_p4,0.25,34,1281167,308.28091726917773,4155.842701354556,1,job.log,5.229872703552246,4.429515361785889,4.135066032409668,3.8079400062561035,3.34262752532959,3.1013126373291016,2.9388842582702637,2.9314486980438232,3.214315414428711,3.504267454147339,3.5513415336608887
sihc_sublayer_p4,0.25,35,1281167,321.3438322758302,3986.9039680223004,1,job.log,5.227142333984375,4.426735877990723,4.132190704345703,3.804325580596924,3.3391129970550537,3.0983545780181885,2.935426712036133,2.927725076675415,3.210775375366211,3.5008394718170166,3.5477137565612793
sihc_sublayer_p4,0.25,36,1281167,321.16758431494236,3989.0918715621874,1,job.log,5.224733352661133,4.424488544464111,4.130019187927246,3.8019602298736572,3.336026906967163,3.0961222648620605,2.933314323425293,2.9247941970825195,3.2072699069976807,3.497748851776123,3.544377088546753
sihc_sublayer_p4,0.25,37,1281167,277.0628513782285,4624.102414405,1,job.log,5.222670555114746,4.422504425048828,4.127992630004883,3.7997446060180664,3.33423113822937,3.0945494174957275,2.931147813796997,2.922769546508789,3.2046945095062256,3.4949357509613037,3.541630268096924
sihc_sublayer_p4,0.25,38,1281167,242.18945810804144,5289.937101343477,1,job.log,5.221199989318848,4.421416759490967,4.126981735229492,3.7983291149139404,3.33217453956604,3.0928397178649902,2.929713726043701,2.920835018157959,3.2032644748687744,3.4933767318725586,3.5401625633239746
sihc_sublayer_p4,0.25,39,1281167,246.9327548868023,5188.323438854057,1,job.log,5.220293045043945,4.4200849533081055,4.125679016113281,3.797480583190918,3.331718921661377,3.0925629138946533,2.9290175437927246,2.9201247692108154,3.201735496520996,3.4920098781585693,3.5385141372680664
sihc_sublayer_p4,0.25,40,1281167,251.07368946401402,5102.7529118443435,1,job.log,5.219843864440918,4.41998291015625,4.125673770904541,3.796973705291748,3.3312389850616455,3.0917139053344727,2.928312301635742,2.919548273086548,3.20153546333313,3.4919238090515137,3.5384769439697266
sihc_sublayer_p4,0.5,1,1281167,255.44468906288967,5015.437998339362,1,job.log,6.059232711791992,5.646219253540039,5.445854187011719,5.177611827850342,4.7368483543396,4.469604969024658,4.263120651245117,4.2819504737854,4.5743536949157715,4.849545001983643,4.906586647033691
sihc_sublayer_p4,0.5,2,1281167,240.64710652502254,5323.841281535559,1,job.log,5.770931243896484,5.170712471008301,4.888620376586914,4.5660295486450195,4.037921905517578,3.731294870376587,3.5589239597320557,3.5912094116210938,3.9162352085113525,4.228466510772705,4.284668445587158
sihc_sublayer_p4,0.5,3,1281167,238.84262588294223,5364.06345083438,1,job.log,5.684168815612793,5.023927688598633,4.713971138000488,4.373088836669922,3.833693027496338,3.5275917053222656,3.36464262008667,3.3992538452148438,3.7210028171539307,4.035553455352783,4.090028285980225
sihc_sublayer_p4,0.5,4,1281167,236.53573624510318,5416.378177513221,1,job.log,5.631255626678467,4.932888507843018,4.607176780700684,4.25570011138916,3.715702533721924,3.4107673168182373,3.2528088092803955,3.2883901596069336,3.6048495769500732,3.9175145626068115,3.9716644287109375
sihc_sublayer_p4,0.5,5,1281167,242.15289374208078,5290.735866095338,1,job.log,5.595366954803467,4.869107723236084,4.533115386962891,4.174449920654297,3.634571075439453,3.3319430351257324,3.176321506500244,3.2126593589782715,3.5236315727233887,3.8333241939544678,3.8872861862182617
sihc_sublayer_p4,0.5,6,1281167,242.41160014923662,5285.089489163353,1,job.log,5.5673089027404785,4.818823337554932,4.476008415222168,4.112845420837402,3.574434518814087,3.2716948986053467,3.118182897567749,3.154913902282715,3.461311101913452,3.7686851024627686,3.8225347995758057
sihc_sublayer_p4,0.5,7,1281167,245.13116393378004,5226.455010616665,1,job.log,5.544447898864746,4.777566432952881,4.429843425750732,4.0630340576171875,3.527360439300537,3.2258901596069336,3.073082208633423,3.1097304821014404,3.4119017124176025,3.715937852859497,3.7698071002960205
sihc_sublayer_p4,0.5,8,1281167,250.24321108777076,5119.687341090908,1,job.log,5.526332378387451,4.744287490844727,4.392229080200195,4.02317476272583,3.488961935043335,3.188516616821289,3.036628007888794,3.072951316833496,3.370810031890869,3.6719541549682617,3.726163387298584
sihc_sublayer_p4,0.5,9,1281167,242.41957417503,5284.915644126086,1,job.log,5.508462905883789,4.713171005249023,4.358180999755859,3.986407995223999,3.4542601108551025,3.154442071914673,3.0026638507843018,3.039095640182495,3.33416748046875,3.633312463760376,3.688180446624756
sihc_sublayer_p4,0.5,10,1281167,245.41284675896168,5220.456129007501,1,job.log,5.494370460510254,4.687533855438232,4.330211162567139,3.956918954849243,3.4269840717315674,3.1278953552246094,2.977182626724243,3.0138320922851562,3.304757595062256,3.600590944290161,3.6557743549346924
sihc_sublayer_p4,0.5,11,1281167,240.87071066675708,5318.899074335714,1,job.log,5.480752944946289,4.664200782775879,4.30446720123291,3.929835319519043,3.402085781097412,3.103753089904785,2.9522364139556885,2.987217903137207,3.2755448818206787,3.570514678955078,3.626023292541504
sihc_sublayer_p4,0.5,12,1281167,240.13731280434877,5335.14340207441,1,job.log,5.46832275390625,4.643903732299805,4.281911373138428,3.906179904937744,3.380289077758789,3.083112955093384,2.9319257736206055,2.9663245677948,3.251429796218872,3.543936014175415,3.5998291969299316
sihc_sublayer_p4,0.5,13,1281167,245.9353382368572,5209.365230653125,1,job.log,5.456439971923828,4.623899936676025,4.26119327545166,3.8845720291137695,3.359901189804077,3.062088966369629,2.911674976348877,2.9459924697875977,3.2294771671295166,3.5197346210479736,3.575758218765259
sihc_sublayer_p4,0.5,14,1281167,237.5334754199721,5393.627141331667,1,job.log,5.445542335510254,4.606466770172119,4.241782188415527,3.8643243312835693,3.341344118118286,3.04508638381958,2.893333911895752,2.926748514175415,3.2079100608825684,3.497077226638794,3.553088665008545
sihc_sublayer_p4,0.5,15,1281167,239.9015158098191,5340.387265479555,1,job.log,5.435644626617432,4.591021537780762,4.225277900695801,3.84688401222229,3.3244404792785645,3.0288116931915283,2.878237009048462,2.9099855422973633,3.189305543899536,3.477156639099121,3.5334296226501465
sihc_sublayer_p4,0.5,16,1281167,246.22812672285363,5203.1708036427535,1,job.log,5.4255523681640625,4.576028823852539,4.209282875061035,3.8305742740631104,3.3100571632385254,3.0145633220672607,2.8625638484954834,2.8946926593780518,3.1716203689575195,3.458261489868164,3.5143988132476807
sihc_sublayer_p4,0.5,17,1281167,238.67315490264446,5367.872228959273,1,job.log,5.417390823364258,4.562780380249023,4.195248603820801,3.8156039714813232,3.2953853607177734,3.00117564201355,2.8489787578582764,2.8801991939544678,3.155489683151245,3.440519332885742,3.4971697330474854
sihc_sublayer_p4,0.5,18,1281167,240.42639985494316,5328.7284623193145,1,job.log,5.4073486328125,4.548727989196777,4.179886817932129,3.799168109893799,3.2812578678131104,2.9874579906463623,2.8354012966156006,2.8657405376434326,3.1391029357910156,3.423865556716919,3.4810235500335693
sihc_sublayer_p4,0.5,19,1281167,237.16635365225375,5401.976208979951,1,job.log,5.399704933166504,4.536972522735596,4.167962551116943,3.7868847846984863,3.2683026790618896,2.975322961807251,2.822990655899048,2.8531079292297363,3.1252715587615967,3.4098494052886963,3.4674081802368164
sihc_sublayer_p4,0.5,20,1281167,238.1003706427291,5380.785408026089,1,job.log,5.39068603515625,4.5249481201171875,4.155780792236328,3.7742576599121094,3.256898880004883,2.9641432762145996,2.8108766078948975,2.8404431343078613,3.1105029582977295,3.393975019454956,3.451467752456665
sihc_sublayer_p4,0.5,21,1281167,236.58919754996896,5415.154255846404,1,job.log,5.383155822753906,4.515059471130371,4.144343376159668,3.7627134323120117,3.247032642364502,2.9552361965179443,2.8007655143737793,2.8292107582092285,3.098971128463745,3.3812403678894043,3.4383647441864014
sihc_sublayer_p4,0.5,22,1281167,239.84742545196787,5341.591628868946,1,job.log,5.375773906707764,4.504693031311035,4.134308338165283,3.751570701599121,3.2359111309051514,2.9450783729553223,2.7910282611846924,2.818507432937622,3.0870680809020996,3.3685731887817383,3.4264912605285645
sihc_sublayer_p4,0.5,23,1281167,245.06380626093596,5227.891541992354,1,job.log,5.3683366775512695,4.495103359222412,4.123560428619385,3.740856170654297,3.2253808975219727,2.9351561069488525,2.7794275283813477,2.8065857887268066,3.0737287998199463,3.3551554679870605,3.412980079650879
sihc_sublayer_p4,0.5,24,1281167,239.5026823747903,5349.280380898372,1,job.log,5.361507415771484,4.486757755279541,4.115139961242676,3.7314999103546143,3.2165699005126953,2.9264047145843506,2.7709717750549316,2.796830177307129,3.0636062622070312,3.344170570373535,3.4016060829162598
sihc_sublayer_p4,0.5,25,1281167,246.93445284897462,5188.287763083279,1,job.log,5.354972839355469,4.4786810874938965,4.107158660888672,3.72281551361084,3.207559108734131,2.9196059703826904,2.763418197631836,2.7887213230133057,3.0545244216918945,3.3353586196899414,3.3928112983703613
sihc_sublayer_p4,0.5,26,1281167,247.40295300120488,5178.462845565795,1,job.log,5.349685192108154,4.472402572631836,4.100333213806152,3.715118169784546,3.2001569271087646,2.9123570919036865,2.7556424140930176,2.7805697917938232,3.0458922386169434,3.326406717300415,3.3841798305511475
sihc_sublayer_p4,0.5,27,1281167,246.57054206402972,5195.945100641037,1,job.log,5.3436689376831055,4.464203357696533,4.091706275939941,3.7063419818878174,3.19244647026062,2.9046783447265625,2.7479631900787354,2.772447109222412,3.036452293395996,3.3168962001800537,3.374579906463623
sihc_sublayer_p4,0.5,28,1281167,249.3308840347454,5138.420797567394,1,job.log,5.337210655212402,4.457454681396484,4.084865570068359,3.699042797088623,3.184577226638794,2.897922992706299,2.7403619289398193,2.764503240585327,3.0285892486572266,3.3080976009368896,3.366135597229004
sihc_sublayer_p4,0.5,29,1281167,251.66909245681018,5090.680732755714,1,job.log,5.332790851593018,4.452349662780762,4.079468250274658,3.6928117275238037,3.179016590118408,2.8921940326690674,2.733501672744751,2.756925582885742,3.0201849937438965,3.300286293029785,3.358686923980713
sihc_sublayer_p4,0.5,30,1281167,247.2715860530734,5181.213986005717,1,job.log,5.328249454498291,4.44741678237915,4.0743865966796875,3.6874072551727295,3.172468900680542,2.886590003967285,2.7283947467803955,2.7516708374023438,3.013348340988159,3.293292284011841,3.3517184257507324
sihc_sublayer_p4,0.5,31,1281167,294.904426174704,4344.346460371624,1,job.log,5.3233537673950195,4.442378044128418,4.069183349609375,3.6815083026885986,3.1673097610473633,2.8822991847991943,2.723092555999756,2.7452542781829834,3.0074081420898438,3.287374973297119,3.34617018699646
sihc_sublayer_p4,0.5,32,1281167,331.1786974570714,3868.506669774766,1,job.log,5.31973934173584,4.437602519989014,4.064246654510498,3.6766932010650635,3.1627070903778076,2.8783581256866455,2.7181894779205322,2.7399978637695312,3.0015835762023926,3.281445026397705,3.3399014472961426
sihc_sublayer_p4,0.5,33,1281167,318.725166820921,4019.660614751005,1,job.log,5.315865516662598,4.433976650238037,4.060960292816162,3.673013210296631,3.1596574783325195,2.875342607498169,2.7148666381835938,2.736360549926758,2.9968557357788086,3.276641845703125,3.334517240524292
sihc_sublayer_p4,0.5,34,1281167,327.5849034739658,3910.9464032484584,1,job.log,5.313266277313232,4.431233882904053,4.05776309967041,3.669930934906006,3.155471086502075,2.8716049194335938,2.710221290588379,2.7312397956848145,2.992863655090332,3.2724945545196533,3.3305888175964355
sihc_sublayer_p4,0.5,35,1281167,319.269283415284,4012.810083999043,1,job.log,5.310638904571533,4.428128719329834,4.054687976837158,3.665778160095215,3.1520323753356934,2.868185520172119,2.70635724067688,2.727783203125,2.9885759353637695,3.2685673236846924,3.326598644256592
sihc_sublayer_p4,0.5,36,1281167,320.849882398732,3993.0418251107426,1,job.log,5.308440208435059,4.4259419441223145,4.052515506744385,3.6638615131378174,3.1489665508270264,2.8657267093658447,2.705336332321167,2.7252960205078125,2.985704183578491,3.2657063007354736,3.323587417602539
sihc_sublayer_p4,0.5,37,1281167,253.2707570218481,5058.487663814585,1,job.log,5.3063836097717285,4.424068450927734,4.050477504730225,3.6614668369293213,3.1471166610717773,2.864271640777588,2.7028751373291016,2.72281551361084,2.9834847450256348,3.263366460800171,3.3214175701141357
sihc_sublayer_p4,0.5,38,1281167,252.89278440643102,5066.048060671438,1,job.log,5.30491304397583,4.422636985778809,4.049288272857666,3.6597542762756348,3.1460328102111816,2.8626136779785156,2.7008070945739746,2.720768451690674,2.9810781478881836,3.2610650062561035,3.319873094558716
sihc_sublayer_p4,0.5,39,1281167,250.01246355567127,5124.412526396779,1,job.log,5.304414749145508,4.421507835388184,4.048523902893066,3.659335136413574,3.1446006298065186,2.86134672164917,2.7001538276672363,2.719987392425537,2.9801418781280518,3.2595572471618652,3.317901134490967
sihc_sublayer_p4,0.5,40,1281167,256.31753571983427,4998.358759973289,1,job.log,5.304352283477783,4.421700954437256,4.048135757446289,3.6587133407592773,3.1444647312164307,2.8612396717071533,2.69911527633667,2.71852707862854,2.9789345264434814,3.2594919204711914,3.317657947540283
sihc_sublayer_p4,0.75,1,1281167,303.7786239730194,4217.436313470789,1,job.log,6.187539100646973,5.756473064422607,5.526639461517334,5.249505996704102,4.809610843658447,4.576710224151611,4.4373087882995605,4.491400718688965,4.727343559265137,4.971646785736084,5.001529693603516
sihc_sublayer_p4,0.75,2,1281167,309.3423889898695,4141.582419995975,1,job.log,5.938354015350342,5.375240802764893,5.07706356048584,4.772461891174316,4.2847137451171875,4.032618045806885,3.9188625812530518,3.965055227279663,4.193368911743164,4.441837310791016,4.475827217102051
sihc_sublayer_p4,0.75,3,1281167,279.78754843585193,4579.070824139047,1,job.log,5.865873336791992,5.265353679656982,4.951694965362549,4.634679317474365,4.147788047790527,3.8986434936523438,3.788506507873535,3.8303792476654053,4.050642013549805,4.291032791137695,4.325478553771973
sihc_sublayer_p4,0.75,4,1281167,302.3348799268715,4237.575896998347,1,job.log,5.822703838348389,5.1971330642700195,4.875532150268555,4.551982879638672,4.069159030914307,3.8200621604919434,3.711667060852051,3.750793933868408,3.96449875831604,4.198522090911865,4.232609272003174
sihc_sublayer_p4,0.75,5,1281167,294.4289758708328,4351.361805374934,1,job.log,5.794431686401367,5.149446964263916,4.823409080505371,4.494519233703613,4.0152482986450195,3.7671802043914795,3.659060001373291,3.6954081058502197,3.904052972793579,4.13266134262085,4.166868209838867
sihc_sublayer_p4,0.75,6,1281167,50.74355285009369,25247.877376359833,6,distributed.log,5.773313045501709,5.1122822761535645,4.7837066650390625,4.4525837898254395,3.9762473106384277,3.728322982788086,3.6198008060455322,3.6551873683929443,3.859985828399658,4.083895206451416,4.11838436126709
sihc_sublayer_p4,0.75,7,1281167,48.440842282027006,26448.074386091983,6,distributed.log,5.755858898162842,5.081761837005615,4.751136302947998,4.418331146240234,3.9453442096710205,3.698451519012451,3.590043306350708,3.6233370304107666,3.8243484497070312,4.044926643371582,4.078737735748291
sihc_sublayer_p4,0.75,8,1281167,48.57723408797756,26373.81530779822,6,distributed.log,5.742035388946533,5.05679178237915,4.724043846130371,4.389826774597168,3.9192769527435303,3.671938419342041,3.5638701915740967,3.5961055755615234,3.7933921813964844,4.010281562805176,4.044735431671143
sihc_sublayer_p4,0.75,9,1281167,48.59501638729125,26364.164378285004,6,distributed.log,5.728352069854736,5.032901287078857,4.699642658233643,4.3635735511779785,3.894721746444702,3.6490163803100586,3.5408217906951904,3.570584774017334,3.7657787799835205,3.980522394180298,4.015453815460205
sihc_sublayer_p4,0.75,10,1281167,48.35531564615667,26494.853417461425,6,distributed.log,5.717998504638672,5.013728141784668,4.6798834800720215,4.343254566192627,3.8766722679138184,3.6298601627349854,3.5220580101013184,3.551276922225952,3.7436485290527344,3.9561800956726074,3.990889072418213
sihc_sublayer_p4,0.75,11,1281167,48.61475966637954,26353.457443625197,6,distributed.log,5.707531452178955,4.996107578277588,4.661044120788574,4.324063777923584,3.860325813293457,3.6137287616729736,3.5053915977478027,3.533153772354126,3.7223057746887207,3.9328696727752686,3.968223810195923
sihc_sublayer_p4,0.75,12,1281167,48.53321766899899,26397.73461421159,6,distributed.log,5.6980509757995605,4.97929048538208,4.643111228942871,4.304959297180176,3.842456817626953,3.596454620361328,3.4877288341522217,3.5145046710968018,3.702576160430908,3.911332368850708,3.9466209411621094
sihc_sublayer_p4,0.75,13,1281167,48.395077356137335,26473.085073755457,6,distributed.log,5.68881893157959,4.9649739265441895,4.628381729125977,4.289506435394287,3.826740026473999,3.5815329551696777,3.473233222961426,3.4991023540496826,3.6850461959838867,3.89241099357605,3.9282541275024414
sihc_sublayer_p4,0.75,14,1281167,48.33975814236328,26503.38043121548,6,distributed.log,5.6804890632629395,4.951272487640381,4.614003658294678,4.274377346038818,3.8139352798461914,3.5691158771514893,3.460068702697754,3.4843974113464355,3.668865203857422,3.874391794204712,3.9104297161102295
sihc_sublayer_p4,0.75,15,1281167,48.452054149936885,26441.954267519304,6,distributed.log,5.672674179077148,4.938896656036377,4.6006693840026855,4.260203838348389,3.8008499145507812,3.5567100048065186,3.445815086364746,3.4690725803375244,3.651656150817871,3.8564109802246094,3.8926732540130615
sihc_sublayer_p4,0.75,16,1281167,48.78248341893777,26262.84908452693,6,distributed.log,5.664687156677246,4.926143646240234,4.588160991668701,4.247550010681152,3.7897279262542725,3.545407295227051,3.4346747398376465,3.458284378051758,3.6382622718811035,3.8423514366149902,3.8780345916748047
sihc_sublayer_p4,0.75,17,1281167,48.670909316278994,26323.05453088149,6,distributed.log,5.659182071685791,4.916312217712402,4.577576637268066,4.23499059677124,3.7783782482147217,3.5353660583496094,3.424299716949463,3.4460268020629883,3.626243829727173,3.8293137550354004,3.8652825355529785
sihc_sublayer_p4,0.75,18,1281167,48.53876746771857,26394.716364647273,6,distributed.log,5.650423049926758,4.905435085296631,4.566370487213135,4.223640441894531,3.7669055461883545,3.524841785430908,3.4132912158966064,3.434264659881592,3.612553119659424,3.8151278495788574,3.8518130779266357
sihc_sublayer_p4,0.75,19,1281167,48.37435008632019,26484.428167279955,6,distributed.log,5.644048690795898,4.894765377044678,4.5556840896606445,4.213833808898926,3.7576634883880615,3.5155715942382812,3.4020307064056396,3.4224414825439453,3.600242853164673,3.802908182144165,3.839094400405884
sihc_sublayer_p4,0.75,20,1281167,48.343325566034764,26501.424653750488,6,distributed.log,5.637096405029297,4.88543176651001,4.546050548553467,4.201964855194092,3.7462351322174072,3.5058445930480957,3.391075849533081,3.4103777408599854,3.5871872901916504,3.7889556884765625,3.8253633975982666
sihc_sublayer_p4,0.75,21,1281167,48.70101551292464,26306.78203537654,6,distributed.log,5.630666732788086,4.877236366271973,4.537076473236084,4.1923346519470215,3.7364449501037598,3.4959969520568848,3.381896734237671,3.4010777473449707,3.5768895149230957,3.778306007385254,3.8149502277374268
sihc_sublayer_p4,0.75,22,1281167,48.28045426355675,26535.935080607884,6,distributed.log,5.6252970695495605,4.868574619293213,4.528120040893555,4.182884216308594,3.727762222290039,3.4878921508789062,3.372945547103882,3.3912010192871094,3.5660057067871094,3.768059730529785,3.8040318489074707
sihc_sublayer_p4,0.75,23,1281167,48.45983732305467,26437.707404157696,6,distributed.log,5.618592739105225,4.860415935516357,4.519690036773682,4.174147605895996,3.7176928520202637,3.4783806800842285,3.3626716136932373,3.380997896194458,3.55538272857666,3.756845474243164,3.7935895919799805
sihc_sublayer_p4,0.75,24,1281167,48.315948341973126,26516.4411331035,6,distributed.log,5.613207817077637,4.853334903717041,4.512230396270752,4.166020393371582,3.709777355194092,3.4711103439331055,3.3557677268981934,3.371877670288086,3.545928716659546,3.7467312812805176,3.7839784622192383
sihc_sublayer_p4,0.75,25,1281167,48.15040847705677,26607.60397516595,6,distributed.log,5.607546806335449,4.845571041107178,4.505316734313965,4.157470703125,3.702449321746826,3.464566946029663,3.346796751022339,3.362886667251587,3.537158727645874,3.737227439880371,3.7742581367492676
sihc_sublayer_p4,0.75,26,1281167,48.099233142100275,26635.913221631403,6,distributed.log,5.603301525115967,4.839802265167236,4.498611927032471,4.150312900543213,3.6950974464416504,3.457789897918701,3.3403799533843994,3.356577157974243,3.5291635990142822,3.7305831909179688,3.767474412918091
sihc_sublayer_p4,0.75,27,1281167,47.82900037476793,26786.405527218096,6,distributed.log,5.597504615783691,4.832535743713379,4.491261005401611,4.142624855041504,3.685828685760498,3.448387622833252,3.3303534984588623,3.3458478450775146,3.5185554027557373,3.719632863998413,3.7564704418182373
sihc_sublayer_p4,0.75,28,1281167,47.87617225013673,26760.013171193757,6,distributed.log,5.592906951904297,4.8285064697265625,4.486958980560303,4.136847019195557,3.680711030960083,3.4446001052856445,3.3256824016571045,3.3401379585266113,3.5127007961273193,3.7137691974639893,3.751163959503174
sihc_sublayer_p4,0.75,29,1281167,47.30734817311168,27081.775865174863,6,distributed.log,5.588764667510986,4.822048187255859,4.480307579040527,4.1298136711120605,3.6727521419525146,3.438262462615967,3.318598985671997,3.3324553966522217,3.5042471885681152,3.7056379318237305,3.7429354190826416
sihc_sublayer_p4,0.75,30,1281167,47.519709252752364,26960.749973986723,6,distributed.log,5.584508895874023,4.816565036773682,4.474909782409668,4.124014377593994,3.667468786239624,3.432799816131592,3.3120803833007812,3.326552629470825,3.498591899871826,3.699803352355957,3.737071990966797
sihc_sublayer_p4,0.75,31,1281167,47.724194632377476,26845.23038825299,6,distributed.log,5.5804643630981445,4.81305456161499,4.471409797668457,4.119328022003174,3.6629698276519775,3.4278790950775146,3.3073678016662598,3.3205654621124268,3.492262125015259,3.6937947273254395,3.7312097549438477
sihc_sublayer_p4,0.75,32,1281167,47.255972765851766,27111.21843471605,6,distributed.log,5.577452659606934,4.809118747711182,4.467328071594238,4.114469051361084,3.6572554111480713,3.4234673976898193,3.302644729614258,3.31563138961792,3.4874460697174072,3.6894772052764893,3.7266757488250732
sihc_sublayer_p4,0.75,33,1281167,47.395556720905006,27031.37358517215,6,distributed.log,5.57426643371582,4.805081844329834,4.462764739990234,4.11012601852417,3.651852607727051,3.4173085689544678,3.29722261428833,3.3093342781066895,3.481729030609131,3.683673858642578,3.7209556102752686
sihc_sublayer_p4,0.75,34,1281167,47.77636082703248,26815.918538422862,6,distributed.log,5.571346282958984,4.801866054534912,4.459589958190918,4.106772422790527,3.6483681201934814,3.4151546955108643,3.292475938796997,3.30472993850708,3.476520538330078,3.6785852909088135,3.7163305282592773
sihc_sublayer_p4,0.75,35,1281167,47.65568996127695,26883.820191062674,6,distributed.log,5.569674491882324,4.799479961395264,4.456907749176025,4.102930545806885,3.6449623107910156,3.412546396255493,3.2899789810180664,3.301771402359009,3.4729719161987305,3.6758625507354736,3.7133102416992188
sihc_sublayer_p4,0.75,36,1281167,48.42022577021271,26459.335528091484,6,distributed.log,5.568093776702881,4.797243595123291,4.455471515655518,4.099671840667725,3.6414008140563965,3.4087305068969727,3.286038398742676,3.2975451946258545,3.469815731048584,3.6722655296325684,3.709794521331787
sihc_sublayer_p4,0.75,37,1281167,47.38138455990702,27039.45889086771,6,distributed.log,5.5659990310668945,4.795438766479492,4.453724384307861,4.098390579223633,3.639216661453247,3.407259225845337,3.2849128246307373,3.2967658042907715,3.4676754474639893,3.6703755855560303,3.708568811416626
sihc_sublayer_p4,0.75,38,1281167,47.392082719132304,27033.35507731948,6,distributed.log,5.563622951507568,4.793548107147217,4.452210903167725,4.097100734710693,3.6384401321411133,3.4064621925354004,3.2836191654205322,3.294600486755371,3.4661808013916016,3.668752431869507,3.7064874172210693
sihc_sublayer_p4,0.75,39,1281167,47.06989959394559,27218.39245573388,6,distributed.log,5.564126014709473,4.793303489685059,4.450867652893066,4.095675945281982,3.636810302734375,3.4052605628967285,3.282372236251831,3.2931039333343506,3.4647746086120605,3.666862964630127,3.7046711444854736
sihc_sublayer_p4,0.75,40,1281167,47.386288444977254,27036.66064683735,6,distributed.log,5.563137054443359,4.793179512023926,4.45131254196167,4.095685958862305,3.6378605365753174,3.406136989593506,3.282517433166504,3.2945950031280518,3.4658443927764893,3.6683316230773926,3.706005096435547
