source,label,component,eigenvalue,share,mean_snr_proxy,q_snr_ge_1,q_snr_ge_10,q_snr_ge_0.1
rgb_patch16,Pixel RGB p16,1,168.3437377740394,0.7123656742006356,168.3437377740394,0.9284422903846162,0.804035740294345,0.9762073085860241
rgb_patch16,Pixel RGB p16,2,16.86610700055195,0.07137085016322525,16.86610700055195,0.8041840624726976,0.5649707048898087,0.9285048241180457
rgb_patch16,Pixel RGB p16,3,9.385644648591898,0.039716422875652795,9.385644648591898,0.753912783613764,0.49207519668840277,0.9064367202519421
rgb_patch16,Pixel RGB p16,4,7.944276417323335,0.03361710926045191,7.944276417323335,0.7381211272209923,0.47126502668878545,0.8991230468510394
rgb_patch16,Pixel RGB p16,5,3.780085855565052,0.015995863253614573,3.780085855565052,0.660354270291447,0.38073747814936704,0.8601054300557258
rgb_patch16,Pixel RGB p16,6,2.8705195117977533,0.01214692981376363,2.8705195117977533,0.6288406764260548,0.3488618047033809,0.8427109817146943
rgb_patch16,Pixel RGB p16,7,2.3197695845299964,0.009816368852947484,2.3197695845299964,0.6036588599688477,0.3250721552543556,0.8280723069126585
rgb_patch16,Pixel RGB p16,8,2.1858746956464654,0.00924977740111954,2.1858746956464654,0.5965253392476857,0.3185844985273824,0.8237989130011001
rgb_patch16,Pixel RGB p16,9,1.2738942704102771,0.005390628500949726,1.2738942704102771,0.5302229309971249,0.26303500645383204,0.7811416571262585
rgb_patch16,Pixel RGB p16,10,1.069943488510475,0.0045275875695025905,1.069943488510475,0.5084499244908801,0.24647722821731938,0.7658627443569965
rgb_patch16,Pixel RGB p16,11,1.0021902917967491,0.004240882211201673,1.0021902917967491,0.5002734870482861,0.24045281014910655,0.7599465499669726
rgb_patch16,Pixel RGB p16,12,0.96792387040983,0.00409587995156015,0.96792387040983,0.49592486010313785,0.23729025185015892,0.7567589091733108
rgb_patch16,Pixel RGB p16,13,0.7143095914640104,0.0030226822835206823,0.7143095914640104,0.45804404056201375,0.21089950356270423,0.7277175691046966
rgb_patch16,Pixel RGB p16,14,0.6392942520505542,0.0027052463423727895,0.6392942520505542,0.4443082338538368,0.2018151927154509,0.7165875807661447
rgb_patch16,Pixel RGB p16,15,0.5873826686622755,0.002485576572720589,0.5873826686622755,0.43387967792784266,0.19508019366491386,0.7079096217227568
rgb_patch16,Pixel RGB p16,16,0.56317947684959,0.0023831580136376633,0.56317947684959,0.42871925900377494,0.19179773468015027,0.7035403457181039
rgb_patch16,Pixel RGB p16,17,0.5585433900257539,0.002363539884923261,0.5585433900257539,0.4277073009935298,0.191157884165522,0.7026775898018198
rgb_patch16,Pixel RGB p16,18,0.5415046346001682,0.0022914384533120704,0.5415046346001682,0.42391998898029515,0.1887742722594831,0.6994311928174922
rgb_patch16,Pixel RGB p16,19,0.5083924919746734,0.002151320655539876,0.5083924919746734,0.41623445234283574,0.18399028543073656,0.6927573128228347
rgb_patch16,Pixel RGB p16,20,0.444909385825627,0.0018826846711534706,0.444909385825627,0.4001254751136922,0.17418758285267258,0.6783829117344655
rgb_patch16,Pixel RGB p16,21,0.3674165345245196,0.0015547648566549954,0.3674165345245196,0.37739273326096595,0.16084934172230375,0.6571598515172087
rgb_patch16,Pixel RGB p16,22,0.3516747877998017,0.001488151864886325,0.3516747877998017,0.37226217763450764,0.15791596872177024,0.6522101328149943
rgb_patch16,Pixel RGB p16,23,0.3497902066822312,0.0014801770455306687,0.3497902066822312,0.37163457059245364,0.15755903125383014,0.6516004671789603
rgb_patch16,Pixel RGB p16,24,0.3349549685198608,0.001417400047851972,0.3349549685198608,0.3665886706886764,0.1547041454663454,0.646665271120424
rgb_patch16,Pixel RGB p16,25,0.3126909691123306,0.0013231874019997327,0.3126909691123306,0.3586404311081232,0.150260102050526,0.6387683896993669
rgb_patch16,Pixel RGB p16,26,0.3013516692284257,0.0012752038647825452,0.3013516692284257,0.35440348195874005,0.14791717744052943,0.6344960247289759
rgb_patch16,Pixel RGB p16,27,0.2492214218072374,0.0010546087934037301,0.2492214218072374,0.3329868487617474,0.13634330810379153,0.6122039163430908
rgb_patch16,Pixel RGB p16,28,0.2373208319228993,0.0010042500937072743,0.2373208319228993,0.32757552392221,0.13348807624508463,0.6063801205552277
rgb_patch16,Pixel RGB p16,29,0.2356624566062491,0.0009972324899273884,0.2356624566062491,0.3268036775905377,0.13308303650026254,0.6055429337773369
rgb_patch16,Pixel RGB p16,30,0.2302104360145571,0.0009741616446680921,0.2302104360145571,0.32423414468701894,0.13173858789283222,0.6027440403269216
rgb_patch16,Pixel RGB p16,31,0.2219433181690806,0.0009391783951836723,0.2219433181690806,0.3202405340663317,0.12966102997221599,0.5983574778710823
rgb_patch16,Pixel RGB p16,32,0.2128830036054579,0.0009008386435663701,0.2128830036054579,0.31572111784612134,0.12732739076145486,0.593339068618416
rgb_patch16,Pixel RGB p16,33,0.2062684671060156,0.0008728484800161547,0.2062684671060156,0.3123214927145889,0.1255840517139928,0.589525504333502
rgb_patch16,Pixel RGB p16,34,0.1906222335249706,0.000806639662978824,0.1906222335249706,0.30391349800867135,0.12131634679816153,0.5799484368127596
rgb_patch16,Pixel RGB p16,35,0.1757505877318667,0.0007437086022695896,0.1757505877318667,0.2953906741602826,0.11705311408923111,0.5700236991162897
rgb_patch16,Pixel RGB p16,36,0.1691751594667588,0.0007158839296612222,0.1691751594667588,0.29143798901362317,0.11509699080937434,0.5653446727062958
rgb_patch16,Pixel RGB p16,37,0.1678474371544489,0.000710265521678447,0.1678474371544489,0.2906251262039918,0.11469635338682115,0.5643763501590997
rgb_patch16,Pixel RGB p16,38,0.1645652262933747,0.0006963764730934848,0.1645652262933747,0.2885936509726383,0.11369752193350047,0.5619471913298022
rgb_patch16,Pixel RGB p16,39,0.1635653174248701,0.0006921452449844384,0.1635653174248701,0.28796842128785455,0.11339080567925103,0.5611969193372403
rgb_patch16,Pixel RGB p16,40,0.1617271974465545,0.0006843670312241379,0.1617271974465545,0.28681117087851254,0.11282395902007082,0.5598049219950635
rgb_patch16,Pixel RGB p16,41,0.1556756524069317,0.0006587592300721119,0.1556756524069317,0.28292668370843,0.11092938464564568,0.5551008675621033
rgb_patch16,Pixel RGB p16,42,0.1536110993265429,0.000650022838885359,0.1536110993265429,0.28157436767747346,0.11027274671525815,0.553451707505074
rgb_patch16,Pixel RGB p16,43,0.1528923455562139,0.0006469813505534797,0.1528923455562139,0.28110023715330523,0.11004288124825733,0.5528720813456285
rgb_patch16,Pixel RGB p16,44,0.1520101353397002,0.0006432481776776522,0.1520101353397002,0.2805158958240379,0.10975983765763579,0.5521567044239883
rgb_patch16,Pixel RGB p16,45,0.1449355947752123,0.0006133114546042601,0.1449355947752123,0.27573184134582623,0.10745301722228905,0.5462572576226996
rgb_patch16,Pixel RGB p16,46,0.1382253130830313,0.0005849161343806891,0.1382253130830313,0.2710236682690414,0.10520087279904028,0.5403762498621083
rgb_patch16,Pixel RGB p16,47,0.129087004170844,0.0005462463408061766,0.129087004170844,0.26432008278539626,0.10202476866737199,0.5318712841436001
rgb_patch16,Pixel RGB p16,48,0.1259130298871746,0.0005328153076095837,0.1259130298871746,0.2619066963717901,0.10089000903229113,0.5287708383807223
rgb_patch16,Pixel RGB p16,49,0.1248930012964945,0.0005284989406076874,0.1248930012964945,0.2611212551401413,0.10052168269065874,0.5277573316439501
rgb_patch16,Pixel RGB p16,50,0.1224150469714762,0.000518013195033062,0.1224150469714762,0.2591926510659372,0.09961931925094503,0.5252593671966439
rgb_patch16,Pixel RGB p16,51,0.1205337284932383,0.000510052181906842,0.1205337284932383,0.2577085175231997,0.09892688359679816,0.5233279802773646
rgb_patch16,Pixel RGB p16,52,0.1189321330144748,0.0005032748484692451,0.1189321330144748,0.2564311551406383,0.09833228344816411,0.5216592910465881
rgb_patch16,Pixel RGB p16,53,0.1157648669390961,0.0004898722018190417,0.1157648669390961,0.25386629603977573,0.09714216123043908,0.5182907019269574
rgb_patch16,Pixel RGB p16,54,0.1115821531021014,0.0004721725724661609,0.1115821531021014,0.25039681128730357,0.09554029777128913,0.5136954400003821
rgb_patch16,Pixel RGB p16,55,0.1053876197554641,0.0004459597000291791,0.1053876197554641,0.2450748271456604,0.09310087852052447,0.5065589966826083
rgb_patch16,Pixel RGB p16,56,0.097217724998546,0.00041138786110237526,0.097217724998546,0.23768726025038764,0.08974980385848336,0.4964729166064949
rgb_patch16,Pixel RGB p16,57,0.0964688913380318,0.0004082190862938205,0.0964688913380318,0.23698744044371262,0.08943445347723869,0.49550642109031423
rgb_patch16,Pixel RGB p16,58,0.095523002173522,0.0004042164487065552,0.095523002173522,0.23609771785123243,0.08903404940783871,0.4942748618440805
rgb_patch16,Pixel RGB p16,59,0.0945640951540446,0.00040015872458531326,0.0945640951540446,0.23518910592091383,0.08862574368847387,0.49301391393969896
rgb_patch16,Pixel RGB p16,60,0.092084969722312,0.0003896680233394219,0.092084969722312,0.23280822224971218,0.08755870083270684,0.48969415341866984
rgb_patch16,Pixel RGB p16,61,0.0905014233645007,0.0003829670668100833,0.0905014233645007,0.23126272747556723,0.08686826386911918,0.4875270123342316
rgb_patch16,Pixel RGB p16,62,0.0894062901338736,0.00037833288598167414,0.0894062901338736,0.23018230176858323,0.08638662118627333,0.48600626212195747
rgb_patch16,Pixel RGB p16,63,0.0875218654270797,0.00037035872849600977,0.0875218654270797,0.22830035355773348,0.08554968173216049,0.4833459712550677
rgb_patch16,Pixel RGB p16,64,0.082881714301645,0.0003507234012271099,0.082881714301645,0.22353728378780158,0.08344281183411613,0.4765477558493743
rgb_patch16,Pixel RGB p16,65,0.079380416347774,0.00033590726068950057,0.079380416347774,0.2198137985376811,0.08180703408968912,0.4711672116144831
rgb_patch16,Pixel RGB p16,66,0.0788878151873058,0.00033382276284937325,0.0788878151873058,0.21928049141932038,0.08157354723804074,0.47039175555272283
rgb_patch16,Pixel RGB p16,67,0.0764438930546088,0.0003234810283674564,0.0764438930546088,0.21659863760420497,0.08040243655435352,0.46647373882917303
rgb_patch16,Pixel RGB p16,68,0.0762229653814868,0.0003225461477898113,0.0762229653814868,0.21635318505599035,0.08029550423881619,0.46611360202421487
rgb_patch16,Pixel RGB p16,69,0.0736517918369264,0.00031166593448472173,0.0736517918369264,0.21345844098456435,0.07903756880813843,0.46184659780560094
rgb_patch16,Pixel RGB p16,70,0.0732353856962996,0.0003099038645376528,0.0732353856962996,0.21298286876073547,0.078831462335126,0.46114208161177667
rgb_patch16,Pixel RGB p16,71,0.0722464596274472,0.0003057191113945438,0.0722464596274472,0.21184565424139107,0.0783392447479451,0.4594533743723958
rgb_patch16,Pixel RGB p16,72,0.0704287753063362,0.000298027373442104,0.0704287753063362,0.20972618634423576,0.07742426580437016,0.4562908214484375
rgb_patch16,Pixel RGB p16,73,0.0698487197587484,0.00029557280241561385,0.0698487197587484,0.20904165597966357,0.0771294136224051,0.4552651379965062
rgb_patch16,Pixel RGB p16,74,0.0688758880184144,0.00029145615425423704,0.0688758880184144,0.20788450301403363,0.07663171732715285,0.45352652505565255
rgb_patch16,Pixel RGB p16,75,0.0680154227218127,0.00028781499748033504,0.0680154227218127,0.20685132375462706,0.07618811781262369,0.45196910164920145
rgb_patch16,Pixel RGB p16,76,0.0660439492370608,0.0002794724831896102,0.0660439492370608,0.2044488325034705,0.07515941597210661,0.44832890902767814
rgb_patch16,Pixel RGB p16,77,0.0650183072911266,0.00027513236263647996,0.0650183072911266,0.20317891878954775,0.07461724837291372,0.44639415314931014
rgb_patch16,Pixel RGB p16,78,0.0647758126881716,0.00027410621914217357,0.0647758126881716,0.2028766132353923,0.07448834536483086,0.4459324922315904
rgb_patch16,Pixel RGB p16,79,0.0630293421410584,0.00026671583037442633,0.0630293421410584,0.20067555838796186,0.07355167816642233,0.4425584990420327
rgb_patch16,Pixel RGB p16,80,0.0617631477176536,0.00026135778465187883,0.0617631477176536,0.19905291276720183,0.07286324503955538,0.44005677122065706
rgb_patch16,Pixel RGB p16,81,0.0609574386549251,0.00025794833510971323,0.0609574386549251,0.19800823918349156,0.07242096065666478,0.43843963231002553
rgb_patch16,Pixel RGB p16,82,0.0601294599597541,0.0002544446490848671,0.0601294599597541,0.1969246008655572,0.07196295128430624,0.4367567623404732
rgb_patch16,Pixel RGB p16,83,0.0596743122669543,0.00025251863985322354,0.0596743122669543,0.19632447831284552,0.0717096414569152,0.43582240132681355
rgb_patch16,Pixel RGB p16,84,0.0575564532825096,0.00024355667867032005,0.0575564532825096,0.1934893690673264,0.07051619035382617,0.4313851606196327
rgb_patch16,Pixel RGB p16,85,0.0571031551076016,0.00024163849588400405,0.0571031551076016,0.1928731764778702,0.07025750663005774,0.43041567625014754
rgb_patch16,Pixel RGB p16,86,0.0543535936621685,0.00023000341388611535,0.0543535936621685,0.18906112997651192,0.06866273701804505,0.4243772429304574
rgb_patch16,Pixel RGB p16,87,0.054320463477091,0.00022986321973965528,0.054320463477091,0.18901439444435292,0.06864324445366318,0.42430277350190493
rgb_patch16,Pixel RGB p16,88,0.052757485138303,0.00022324929912226834,0.052757485138303,0.18678689799474543,0.06771585131872705,0.4207409988754105
rgb_patch16,Pixel RGB p16,89,0.0524873139301026,0.00022210603892486433,0.0524873139301026,0.18639727833473255,0.06755397023339878,0.42011548289766093
rgb_patch16,Pixel RGB p16,90,0.050492039956266,0.00021366281015745435,0.050492039956266,0.18347639656999343,0.0663435291466387,0.415402112213489
rgb_patch16,Pixel RGB p16,91,0.0500778438026059,0.00021191009202160406,0.0500778438026059,0.18286019454544333,0.06608887504779973,0.41440230881615947
rgb_patch16,Pixel RGB p16,92,0.049891179075201,0.0002111201989959083,0.049891179075201,0.18258135418521348,0.06597372095653115,0.4139492555079209
rgb_patch16,Pixel RGB p16,93,0.0493087317645419,0.00020865550695193727,0.0493087317645419,0.18170668985116117,0.0656128317958669,0.4125255765611005
rgb_patch16,Pixel RGB p16,94,0.0484680300412387,0.0002050979819864029,0.0484680300412387,0.18043169837369974,0.06508764851566043,0.4104433516730428
rgb_patch16,Pixel RGB p16,95,0.0482371418688127,0.00020412095242302244,0.0482371418688127,0.18007890586090694,0.06494251378337734,0.40986573659839504
rgb_patch16,Pixel RGB p16,96,0.0479681923000732,0.00020298286173194938,0.0479681923000732,0.17966650533874612,0.06477295820998899,0.40918972277849436
rgb_patch16,Pixel RGB p16,97,0.0455829364031609,0.00019288938009959008,0.0455829364031609,0.17593846285554965,0.06324513262481307,0.40303901986761365
rgb_patch16,Pixel RGB p16,98,0.0452183888201377,0.00019134675553753415,0.0452183888201377,0.1753571371123477,0.06300769147255361,0.4020734409023733
rgb_patch16,Pixel RGB p16,99,0.0448813109859931,0.00018992037234233142,0.0448813109859931,0.17481679281716758,0.06278718134998851,0.4011743522376817
rgb_patch16,Pixel RGB p16,100,0.0427923355087392,0.00018108063500538334,0.0427923355087392,0.17140559415226897,0.0613993595631153,0.39546301368868825
rgb_patch16,Pixel RGB p16,101,0.0423847119962309,0.00017935572974815445,0.0423847119962309,0.17072697874594372,0.06112414386720291,0.39431947551361907
rgb_patch16,Pixel RGB p16,102,0.0420093166699168,0.00017776720172651544,0.0420093166699168,0.17009813411708777,0.060869370953393835,0.3932576161014175
rgb_patch16,Pixel RGB p16,103,0.0417140012675631,0.00017651754101159238,0.0417140012675631,0.16960078399139306,0.060668047829341744,0.39241630037302255
rgb_patch16,Pixel RGB p16,104,0.0411365513031009,0.00017407399580646337,0.0411365513031009,0.16862142920475792,0.06027206575534117,0.3907557507967286
rgb_patch16,Pixel RGB p16,105,0.0409647130159323,0.00017334684254902144,0.0409647130159323,0.1683282176739463,0.060153628247997054,0.39025759166837043
rgb_patch16,Pixel RGB p16,106,0.0407618863263473,0.0001724885583420613,0.0407618863263473,0.16798107028847792,0.06001347369115846,0.38966719780018505
rgb_patch16,Pixel RGB p16,107,0.0404943909860227,0.00017135662138393316,0.0404943909860227,0.16752147073359447,0.05982803417881483,0.38888455549060313
rgb_patch16,Pixel RGB p16,108,0.0404218523758106,0.0001710496660041098,0.0404218523758106,0.16739648866749454,0.05977762910003871,0.3886715286616542
rgb_patch16,Pixel RGB p16,109,0.0400033505663167,0.0001692787279958634,0.0400033505663167,0.16667248345966723,0.059485830198437145,0.38743582610442184
rgb_patch16,Pixel RGB p16,110,0.0388998870863916,0.00016460929677004777,0.0388998870863916,0.1647389837664423,0.05870815936702536,0.38412182552616714
rgb_patch16,Pixel RGB p16,111,0.0382207269274617,0.00016173535330827368,0.0382207269274617,0.16353075724912203,0.058223375258028225,0.3820405433218177
rgb_patch16,Pixel RGB p16,112,0.0372692385494923,0.0001577090220123865,0.0372692385494923,0.16181386535440306,0.05753604548352127,0.3790691803941712
rgb_patch16,Pixel RGB p16,113,0.0371992471717432,0.00015741284553645845,0.0371992471717432,0.16168642989176044,0.057485101100789075,0.3788479807372799
rgb_patch16,Pixel RGB p16,114,0.0367712378980388,0.00015560167561200417,0.0367712378980388,0.16090366906405562,0.05717239865538745,0.37748729797125563
rgb_patch16,Pixel RGB p16,115,0.0362277178359146,0.00015330170864788473,0.0362277178359146,0.15990093078843992,0.056772367266066215,0.37573922510520413
rgb_patch16,Pixel RGB p16,116,0.0356386044581966,0.00015080880838293996,0.0356386044581966,0.1588028023329416,0.05633498699075009,0.37381838513576304
rgb_patch16,Pixel RGB p16,117,0.0350820381831811,0.00014845363488506425,0.0350820381831811,0.1577543015212884,0.055918060303095846,0.37197800592852764
rgb_patch16,Pixel RGB p16,118,0.0348315174660514,0.00014739352797571862,0.0348315174660514,0.15727877868020787,0.055729193815794255,0.37114129280165276
rgb_patch16,Pixel RGB p16,119,0.03467725092429,0.00014674073155761862,0.03467725092429,0.15698484014083194,0.05561251715218832,0.37062344652833934
rgb_patch16,Pixel RGB p16,120,0.0346542521862004,0.0001466434097814623,0.0346542521862004,0.1569409449350153,0.05559509779347163,0.37054607196419204
rgb_patch16,Pixel RGB p16,121,0.034375468681324,0.0001454637056710911,0.034375468681324,0.156407332801545,0.05538343296761843,0.3696045902423052
rgb_patch16,Pixel RGB p16,122,0.0336073677204918,0.00014221339908973294,0.0336073677204918,0.15492228632608193,0.05479527763152914,0.36697587280532623
rgb_patch16,Pixel RGB p16,123,0.0328186546988264,0.00013887587022849522,0.0328186546988264,0.15337407316156654,0.054183525768997334,0.3642218444435997
rgb_patch16,Pixel RGB p16,124,0.0326174507158074,0.00013802445268893952,0.0326174507158074,0.15297523101787602,0.05402616395020968,0.3635101223118633
rgb_patch16,Pixel RGB p16,125,0.0324237407678523,0.00013720474701114577,0.0324237407678523,0.1525897233678365,0.05387415428758863,0.3628213179279814
rgb_patch16,Pixel RGB p16,126,0.0318668298843241,0.000134848115263152,0.0318668298843241,0.15147296156045778,0.053434308125681916,0.36082106538341235
rgb_patch16,Pixel RGB p16,127,0.0310901256948808,0.00013156140314137468,0.0310901256948808,0.1498940208948694,0.052813706058013075,0.3579805464078777
rgb_patch16,Pixel RGB p16,128,0.0308186891374321,0.0001304127884747027,0.0308186891374321,0.14933618151251773,0.05259480427119932,0.35697348673057416
rgb_patch16,Pixel RGB p16,129,0.0304991930713503,0.00012906080453084905,0.0304991930713503,0.1486754705297563,0.05233577510604594,0.3557783361604097
rgb_patch16,Pixel RGB p16,130,0.0302701485879671,0.0001280915767473587,0.0302701485879671,0.148199043257123,0.052149155258131,0.35491492897186777
rgb_patch16,Pixel RGB p16,131,0.029083770861902,0.0001230712844581417,0.029083770861902,0.14569318227967226,0.051169815307836264,0.35035140356089345
rgb_patch16,Pixel RGB p16,132,0.0288286627067589,0.00012199176528305647,0.0288286627067589,0.14514574995546542,0.05095636383109467,0.34934944259938655
rgb_patch16,Pixel RGB p16,133,0.0285867101356692,0.00012096791545824005,0.0285867101356692,0.14462365268193572,0.05075295605680905,0.3483921687075392
rgb_patch16,Pixel RGB p16,134,0.028529330333471,0.0001207251062987257,0.028529330333471,0.14449941807112962,0.050704578303327814,0.3481641399601131
rgb_patch16,Pixel RGB p16,135,0.0280395671495,0.00011865261767894436,0.0280395671495,0.1434324085423323,0.050289453199513695,0.34620182686686896
rgb_patch16,Pixel RGB p16,136,0.0280265004257946,0.00011859732435134529,0.0280265004257946,0.14340377734839269,0.050278323350400354,0.3461490766670344
rgb_patch16,Pixel RGB p16,137,0.027342858166313,0.00011570441437128212,0.027342858166313,0.1418936808929923,0.0496919851689327,0.3433597867929974
rgb_patch16,Pixel RGB p16,138,0.0271885187765504,0.00011505130968857912,0.0271885187765504,0.14154941390060574,0.049558501305994936,0.3427219411481126
rgb_patch16,Pixel RGB p16,139,0.0265000535415163,0.00011213799073888905,0.0265000535415163,0.13999827875354687,0.048957936147794805,0.33983901174158165
rgb_patch16,Pixel RGB p16,140,0.0261906450452925,0.00011082869349427328,0.0261906450452925,0.13929276269050545,0.04868524182846555,0.33852282700841224
rgb_patch16,Pixel RGB p16,141,0.025012382340825,0.00010584274084196801,0.025012382340825,0.13655624933959798,0.04763027724444218,0.3333883546051966
rgb_patch16,Pixel RGB p16,142,0.0248923937339424,0.00010533499540415998,0.0248923937339424,0.13627300266720987,0.047521330286017904,0.33285422345224697
rgb_patch16,Pixel RGB p16,143,0.0247337452039993,0.00010466365610465155,0.0247337452039993,0.13589715808559796,0.04737683863260289,0.33214469553759296
rgb_patch16,Pixel RGB p16,144,0.0246793251928938,0.0001044333716377995,0.0246793251928938,0.1357678818761455,0.04732715793389647,0.3319004389193668
rgb_patch16,Pixel RGB p16,145,0.0245771438838111,0.00010400097980607538,0.0245771438838111,0.1355246569541451,0.047233713115090656,0.3314405994492083
rgb_patch16,Pixel RGB p16,146,0.0240776621994425,0.00010188736624645666,0.0240776621994425,0.13432638827438861,0.04677384875986268,0.32916968854402345
rgb_patch16,Pixel RGB p16,147,0.0238986817068914,0.00010112998993456757,0.0238986817068914,0.13389317323701333,0.04660779625668138,0.3283464306815046
rgb_patch16,Pixel RGB p16,148,0.0238247642209885,0.00010081719968542203,0.0238247642209885,0.1337136588126553,0.046539019618605654,0.3280049408084854
rgb_patch16,Pixel RGB p16,149,0.0236524816931679,0.0001000881665731322,0.0236524816931679,0.1332938828928693,0.04637826507426301,0.3272055987917214
rgb_patch16,Pixel RGB p16,150,0.0233633370327128,9.886461805442764e-05,0.0233633370327128,0.13258499260878676,0.046107023646033786,0.3258531616120874
rgb_patch16,Pixel RGB p16,151,0.0232815267769974,9.851842865207844e-05,0.0232815267769974,0.1323834133785867,0.04602994654047883,0.3254679955023136
rgb_patch16,Pixel RGB p16,152,0.0228117033139733,9.653031722947432e-05,0.0228117033139733,0.13121701764091276,0.04558441440233637,0.32323417768290147
rgb_patch16,Pixel RGB p16,153,0.0220852002935137,9.345603706424971e-05,0.0220852002935137,0.1293831549351602,0.04488550415748647,0.31970425968111804
rgb_patch16,Pixel RGB p16,154,0.0219266670807302,9.278518574241857e-05,0.0219266670807302,0.12897794761154785,0.044731333388358795,0.31892134201469063
rgb_patch16,Pixel RGB p16,155,0.0219098777245502,9.271413967208232e-05,0.0219098777245502,0.12893492659721179,0.04471497052138936,0.31883815635237744
rgb_patch16,Pixel RGB p16,156,0.0218727596335144,9.255707024796599e-05,0.0218727596335144,0.12883974162886702,0.04467877105948969,0.31865406317353717
rgb_patch16,Pixel RGB p16,157,0.0218463756595018,9.244542346095688e-05,0.0218463756595018,0.1287720212592713,0.04465301970872387,0.3185230520139019
rgb_patch16,Pixel RGB p16,158,0.0213524136400119,9.035516699109195e-05,0.0213524136400119,0.1274945538452371,0.044167739376762674,0.31604604117038587
rgb_patch16,Pixel RGB p16,159,0.0211788284739349,8.962062161685503e-05,0.0211788284739349,0.12704123230019287,0.043995756191889564,0.31516446948186316
rgb_patch16,Pixel RGB p16,160,0.0209156256246537,8.850684882281504e-05,0.0209156256246537,0.12634940646247292,0.04373351311844538,0.3138164634103771
rgb_patch16,Pixel RGB p16,161,0.0208265479482984,8.812990650341469e-05,0.0208265479482984,0.12611403210828678,0.04364435416518423,0.31335711965729673
rgb_patch16,Pixel RGB p16,162,0.0206184224927149,8.724919996543786e-05,0.0206184224927149,0.12556162452705888,0.04343522747467363,0.3122776269070898
rgb_patch16,Pixel RGB p16,163,0.0204879593831765,8.669713047824743e-05,0.0204879593831765,0.12521356790933266,0.04330355130247659,0.31159642647068914
rgb_patch16,Pixel RGB p16,164,0.02044781228796,8.652724347841447e-05,0.02044781228796,0.12510618254926725,0.04326293929562197,0.3113860938677197
rgb_patch16,Pixel RGB p16,165,0.0202389809114803,8.564354975587227e-05,0.0202389809114803,0.12454546467940257,0.04305098762280839,0.3102865820124214
rgb_patch16,Pixel RGB p16,166,0.0201688875721485,8.534694181790968e-05,0.0201688875721485,0.12435645245461978,0.04297958092529078,0.30991547436043865
rgb_patch16,Pixel RGB p16,167,0.0197768880008781,8.36881510451325e-05,0.0197768880008781,0.12329176329559331,0.04257772986125443,0.3078205836898308
rgb_patch16,Pixel RGB p16,168,0.019690581493684,8.332293524323702e-05,0.019690581493684,0.12305558699573592,0.042488675210187864,0.30735484894281145
rgb_patch16,Pixel RGB p16,169,0.0195409022329453,8.268955042655262e-05,0.0195409022329453,0.12264445834366396,0.04233372642793515,0.3065432148986274
rgb_patch16,Pixel RGB p16,170,0.0193031349275965,8.168341102976072e-05,0.0193031349275965,0.12198732515703613,0.042086259260315936,0.30524355722206076
rgb_patch16,Pixel RGB p16,171,0.0192690991965674,8.153938496260757e-05,0.0192690991965674,0.12189284708320937,0.04205070008685259,0.3050564610790138
rgb_patch16,Pixel RGB p16,172,0.0191798158028252,8.11615721266858e-05,0.0191798158028252,0.12164451560567865,0.041957258253754064,0.3045643984511233
rgb_patch16,Pixel RGB p16,173,0.0190826194241444,8.075027459495493e-05,0.0190826194241444,0.12137335673338359,0.04185526648229847,0.30402662584200435
rgb_patch16,Pixel RGB p16,174,0.0190635895959474,8.066974771244225e-05,0.0190635895959474,0.1213201668279074,0.041835264847625814,0.3039210789866237
rgb_patch16,Pixel RGB p16,175,0.0186377223627253,7.88676420759295e-05,0.0186377223627253,0.12012110526009613,0.04138478805423813,0.30153661894988737
rgb_patch16,Pixel RGB p16,176,0.0183106308126959,7.748351697782348e-05,0.0183106308126959,0.11918856652020153,0.04103499747170107,0.2996753716537327
rgb_patch16,Pixel RGB p16,177,0.0182689479643086,7.730713126376812e-05,0.0182689479643086,0.11906898943772248,0.04099017983792522,0.2994362768401599
rgb_patch16,Pixel RGB p16,178,0.0179845371643587,7.610361461423167e-05,0.0179845371643587,0.11824854792305407,0.040682892411936865,0.29779314559140296
rgb_patch16,Pixel RGB p16,179,0.0174677691646187,7.391685204493302e-05,0.0174677691646187,0.11673705506933889,0.04011776021717656,0.29475383065864535
rgb_patch16,Pixel RGB p16,180,0.0174531669621923,7.385506116447712e-05,0.0174531669621923,0.11669394669401384,0.04010166104170288,0.29466691551966534
rgb_patch16,Pixel RGB p16,181,0.0170883408288944,7.231125788525085e-05,0.0170883408288944,0.11560961644989426,0.03969704801866516,0.29247642426225545
rgb_patch16,Pixel RGB p16,182,0.0170301952735003,7.206520835398948e-05,0.0170301952735003,0.11543548387819239,0.03963213192571221,0.29212388729704625
rgb_patch16,Pixel RGB p16,183,0.0168325126732254,7.122869194604573e-05,0.0168325126732254,0.11484071888872627,0.03941053185400556,0.29091816283145505
rgb_patch16,Pixel RGB p16,184,0.0168190253096846,7.117161863313861e-05,0.0168190253096846,0.11479998344451589,0.03939536162573234,0.29083549187367347
rgb_patch16,Pixel RGB p16,185,0.0164650918167071,6.967390880038245e-05,0.0164650918167071,0.1137237541601239,0.03899489654252703,0.288647093492796
rgb_patch16,Pixel RGB p16,186,0.016448518911544,6.960377866714387e-05,0.016448518911544,0.11367301316512891,0.03897603158593542,0.2885437152305963
rgb_patch16,Pixel RGB p16,187,0.016166480162871,6.841029962238828e-05,0.016166480162871,0.11280464801344361,0.038653402610815284,0.2867717061657993
rgb_patch16,Pixel RGB p16,188,0.0160210645484202,6.779495690992822e-05,0.0160210645484202,0.11235329886297886,0.038485874037286164,0.28584855651490665
rgb_patch16,Pixel RGB p16,189,0.0159024117221017,6.729286397951199e-05,0.0159024117221017,0.11198315538757507,0.03834857038120065,0.28509041515634664
rgb_patch16,Pixel RGB p16,190,0.0155052878366661,6.56123890884933e-05,0.0155052878366661,0.110731872348875,0.03788496730529223,0.28252024190428016
rgb_patch16,Pixel RGB p16,191,0.0153337519376968,6.488651542111105e-05,0.0153337519376968,0.11018533031395317,0.037682741508093795,0.2813941036524162
rgb_patch16,Pixel RGB p16,192,0.0152241858508425,6.442287406228455e-05,0.0152241858508425,0.10983427927924974,0.037552935451410745,0.2806696359993998
rgb_patch16,Pixel RGB p16,193,0.0151479650409214,6.410033703557053e-05,0.0151479650409214,0.10958915719830008,0.03746233805592726,0.2801632478447975
rgb_patch16,Pixel RGB p16,194,0.0147756328076179,6.252477084040922e-05,0.0147756328076179,0.10838082324633512,0.03701621584737718,0.27766064212334124
rgb_patch16,Pixel RGB p16,195,0.0146001951166854,6.178238629653576e-05,0.0146001951166854,0.10780504673200242,0.03680391659475027,0.2764644086208231
rgb_patch16,Pixel RGB p16,196,0.0145863789563782,6.172392164271351e-05,0.0145863789563782,0.10775952460975892,0.0367871394597843,0.27636972879653493
rgb_patch16,Pixel RGB p16,197,0.0145434615186874,6.154231162359532e-05,0.0145434615186874,0.10761795090458134,0.03673496981029181,0.2760751781052969
rgb_patch16,Pixel RGB p16,198,0.014480107789327,6.127422311180569e-05,0.014480107789327,0.10740849837554615,0.03665780693328731,0.2756391339368372
rgb_patch16,Pixel RGB p16,199,0.0144043971276293,6.095384483532445e-05,0.0144043971276293,0.1071574614692631,0.03656535568183624,0.2751160957607522
rgb_patch16,Pixel RGB p16,200,0.0142280116869095,6.020744978042676e-05,0.0142280116869095,0.10656948965627325,0.03634895286447679,0.2738892437457536
rgb_patch16,Pixel RGB p16,201,0.0139458647585142,5.901351296087164e-05,0.0139458647585142,0.10561970429291481,0.03599978087218838,0.271902073227825
rgb_patch16,Pixel RGB p16,202,0.0138359037330934,5.854820037457976e-05,0.0138359037330934,0.10524639365150752,0.03586267352776759,0.2711192008068636
rgb_patch16,Pixel RGB p16,203,0.0136833330596235,5.790258021604725e-05,0.0136833330596235,0.10472543981231218,0.03567146667392865,0.27002498231824534
rgb_patch16,Pixel RGB p16,204,0.0136361250537764,5.770281416975644e-05,0.0136361250537764,0.10456353647582578,0.035612072812488474,0.2696845088384796
rgb_patch16,Pixel RGB p16,205,0.0133738181945211,5.6592832859423026e-05,0.0133738181945211,0.10365770668787708,0.03528003238338609,0.26777600779526406
rgb_patch16,Pixel RGB p16,206,0.0133219484466593,5.637334012155959e-05,0.0133219484466593,0.1034773163314636,0.035213961452900226,0.2673952122555038
rgb_patch16,Pixel RGB p16,207,0.0133127820595123,5.633455151174078e-05,0.0133127820595123,0.10344539381793239,0.03520227113466568,0.26732780005297124
rgb_patch16,Pixel RGB p16,208,0.0132598008313045,5.611035541837088e-05,0.0132598008313045,0.10326062301699943,0.03513461715441975,0.26693746181789796
rgb_patch16,Pixel RGB p16,209,0.013190765260016,5.581822354619653e-05,0.013190765260016,0.10301919359190777,0.03504624528645372,0.26642704479808804
rgb_patch16,Pixel RGB p16,210,0.0130831765007968,5.5362949474163805e-05,0.0130831765007968,0.1026414132389712,0.034908027033664545,0.26562748689569254
rgb_patch16,Pixel RGB p16,211,0.0129756601846229,5.4907981953117114e-05,0.0129756601846229,0.10226201228756147,0.03476929312470226,0.26482342243778634
rgb_patch16,Pixel RGB p16,212,0.0128499778935754,5.4376143043152385e-05,0.0128499778935754,0.1018160997172468,0.03460633710066851,0.2638770177441323
rgb_patch16,Pixel RGB p16,213,0.0127092736639827,5.3780737091603286e-05,0.0127092736639827,0.10131376512079722,0.03442288987874396,0.26280906977533586
rgb_patch16,Pixel RGB p16,214,0.0124214905255896,5.2562950008366796e-05,0.0124214905255896,0.10027582548269,0.034044274019533145,0.2605964022538274
rgb_patch16,Pixel RGB p16,215,0.0122961275110379,5.20324621532093e-05,0.0122961275110379,0.09981916685383618,0.03387787844762705,0.2596203151604173
rgb_patch16,Pixel RGB p16,216,0.0120919563429172,5.11684886324012e-05,0.0120919563429172,0.0990694185855703,0.033604929695570086,0.2580143193851929
rgb_patch16,Pixel RGB p16,217,0.0120665962931808,5.106117469743035e-05,0.0120665962931808,0.09897576433157854,0.03357085559260698,0.25781340624735666
rgb_patch16,Pixel RGB p16,218,0.0119706070936704,5.0654985481666425e-05,0.0119706070936704,0.09862020624553822,0.0334415359739198,0.25705002947048783
rgb_patch16,Pixel RGB p16,219,0.0118092100356054,4.9972015472786154e-05,0.0118092100356054,0.09801850028998141,0.033222843735342004,0.2557559713257854
rgb_patch16,Pixel RGB p16,220,0.0117713839949029,4.981195027913134e-05,0.0117713839949029,0.09787677017066083,0.03317135946716829,0.25545075522278987
rgb_patch16,Pixel RGB p16,221,0.0117197840922496,4.95935994219605e-05,0.0117197840922496,0.09768299110822531,0.0331009854301819,0.2550332016681487
rgb_patch16,Pixel RGB p16,222,0.0116640230330352,4.9357640157501697e-05,0.0116640230330352,0.09747301104728925,0.033024750292070144,0.2545804120776508
rgb_patch16,Pixel RGB p16,223,0.0115942801327445,4.906251514220128e-05,0.0115942801327445,0.09720953348141809,0.03292912557957916,0.2540117827577014
rgb_patch16,Pixel RGB p16,224,0.011274400565409,4.770890836917226e-05,0.011274400565409,0.09598879581157213,0.03248656076915787,0.2513702218131673
rgb_patch16,Pixel RGB p16,225,0.0111137491472157,4.7029093620219914e-05,0.0111137491472157,0.09536791382397444,0.032261770159982675,0.2500222564481365
rgb_patch16,Pixel RGB p16,226,0.0110996533913913,4.696944582616479e-05,0.0110996533913913,0.09531318248181156,0.03224196444465012,0.2499032880851253
rgb_patch16,Pixel RGB p16,227,0.011067234158533,4.683226015488565e-05,0.011067234158533,0.09518714708986165,0.03219636185251182,0.24962923880990198
rgb_patch16,Pixel RGB p16,228,0.0109948445245084,4.6525935184744564e-05,0.0109948445245084,0.09490492453689581,0.03209427752764236,0.24901512927005087
rgb_patch16,Pixel RGB p16,229,0.0109553835645287,4.635895164420875e-05,0.0109553835645287,0.09475061394181793,0.03203847877943108,0.24867909004939023
rgb_patch16,Pixel RGB p16,230,0.0109417862545552,4.6301413080466096e-05,0.0109417862545552,0.09469736560454313,0.032019227089762126,0.2485630889706619
rgb_patch16,Pixel RGB p16,231,0.0108627612895193,4.5967009952432645e-05,0.0108627612895193,0.09438711483656766,0.03190708716517521,0.24788676895459955
rgb_patch16,Pixel RGB p16,232,0.0106194081612295,4.4937233510521364e-05,0.0106194081612295,0.0934232036383819,0.031559006388910175,0.24578070915473527
rgb_patch16,Pixel RGB p16,233,0.0104662294592809,4.428904041032266e-05,0.0104662294592809,0.09280973005608671,0.03133772828961928,0.24443651661930246
rgb_patch16,Pixel RGB p16,234,0.010310009440651,4.362797763266057e-05,0.010310009440651,0.09217856912821562,0.031110277197953094,0.24305046572372177
rgb_patch16,Pixel RGB p16,235,0.0102220258967963,4.32556652593857e-05,0.0102220258967963,0.09182060168891062,0.030981369775572105,0.2422629542412774
rgb_patch16,Pixel RGB p16,236,0.0101089471268144,4.277715958236397e-05,0.0101089471268144,0.09135784446960722,0.030814826322915996,0.24124340154713883
rgb_patch16,Pixel RGB p16,237,0.0100933274384812,4.271106309456222e-05,0.0100933274384812,0.0912936830901484,0.030791743913987688,0.24110190585854166
rgb_patch16,Pixel RGB p16,238,0.0099609635961123,4.215095044020574e-05,0.0099609635961123,0.09074759704222546,0.030595373855664118,0.2398962887802721
rgb_patch16,Pixel RGB p16,239,0.009904544083602,4.1912204855731324e-05,0.009904544083602,0.09051352710603076,0.03051125123447636,0.23937879370916704
rgb_patch16,Pixel RGB p16,240,0.0099000512148637,4.1893192770635826e-05,0.0099000512148637,0.09049485354461231,0.030504541361450265,0.23933749027229134
rgb_patch16,Pixel RGB p16,241,0.0098887631316212,4.1845425962462246e-05,0.0098887631316212,0.09044791516740473,0.030487676046754456,0.23923365649833003
rgb_patch16,Pixel RGB p16,242,0.0098613884541461,4.1729586901066625e-05,0.0098613884541461,0.09033395358803617,0.030446733589081093,0.23898148533920108
rgb_patch16,Pixel RGB p16,243,0.0097845042312461,4.140424256687425e-05,0.0097845042312461,0.09001288012732589,0.030331419552075377,0.23827046307829763
rgb_patch16,Pixel RGB p16,244,0.0097744150671333,4.1361549121365856e-05,0.0097744150671333,0.08997063677002617,0.030316251800175047,0.23817685297254892
rgb_patch16,Pixel RGB p16,245,0.0096969871456899,4.1033904064945544e-05,0.0096969871456899,0.08964558633236486,0.03019957155420462,0.23745607106112857
rgb_patch16,Pixel RGB p16,246,0.0095829841695651,4.055148750450877e-05,0.0095829841695651,0.08916419252931912,0.030026871699505884,0.23638704559067167
rgb_patch16,Pixel RGB p16,247,0.0095289791045996,4.032295892944508e-05,0.0095289791045996,0.08893497029049378,0.029944680847638832,0.23587735850093658
rgb_patch16,Pixel RGB p16,248,0.0094216337220292,3.986871473338399e-05,0.0094216337220292,0.08847706521199651,0.029780574662511036,0.23485791387262317
rgb_patch16,Pixel RGB p16,249,0.0093679958180824,3.964173984193267e-05,0.0093679958180824,0.08824711019831737,0.02969820354934472,0.23434532028855434
rgb_patch16,Pixel RGB p16,250,0.0091107643812709,3.8553235758960594e-05,0.0091107643812709,0.08713341175786726,0.029299660565338562,0.23185670171337747
rgb_patch16,Pixel RGB p16,251,0.0089818710469081,3.800780895397561e-05,0.0089818710469081,0.08656840890664022,0.029097717937481036,0.23059031251953033
rgb_patch16,Pixel RGB p16,252,0.0089531936665273,3.7886457357062056e-05,0.0089531936665273,0.08644205599040197,0.029052579722782083,0.23030675023162775
rgb_patch16,Pixel RGB p16,253,0.0089251342898483,3.776772091310584e-05,0.0089251342898483,0.08631819607480527,0.02900834015073769,0.2300286560225138
rgb_patch16,Pixel RGB p16,254,0.0088335838583637,3.7380314849118935e-05,0.0088335838583637,0.08591247852931073,0.028863484041108677,0.229116846443299
rgb_patch16,Pixel RGB p16,255,0.0088294271434124,3.736272523700805e-05,0.0088294271434124,0.08589399915683694,0.028856888257522955,0.22907528377669065
rgb_patch16,Pixel RGB p16,256,0.0088149562294346,3.730148991855544e-05,0.0088149562294346,0.08582962649610101,0.028833913311471924,0.2289304788746822
rgb_patch16,Pixel RGB p16,257,0.0085244890561849,3.6072345036534855e-05,0.0085244890561849,0.08452419613449674,0.02836846141083773,0.22598658791952095
rgb_patch16,Pixel RGB p16,258,0.0084214508379069,3.563632709608398e-05,0.0084214508379069,0.08405487637013426,0.028201340644808993,0.22492478270051752
rgb_patch16,Pixel RGB p16,259,0.00835993303571,3.537600751890934e-05,0.00835993303571,0.08377307366178363,0.028101047773140812,0.22428634585404003
rgb_patch16,Pixel RGB p16,260,0.0082786164493214,3.503190713446758e-05,0.0082786164493214,0.0833987121259021,0.027967876841542904,0.22343719328331824
rgb_patch16,Pixel RGB p16,261,0.0082388438897137,3.486360502466381e-05,0.0082388438897137,0.08321482756555218,0.027902490404950176,0.22301966698581882
rgb_patch16,Pixel RGB p16,262,0.0081180684030398,3.435252981551736e-05,0.0081180684030398,0.08265324035654437,0.027702906776651062,0.22174278936656253
rgb_patch16,Pixel RGB p16,263,0.008081811825651,3.4199105984388884e-05,0.008081811825651,0.08248370374669112,0.02764268673535322,0.22135679779086728
rgb_patch16,Pixel RGB p16,264,0.0080195719962678,3.393573106705036e-05,0.0080195719962678,0.08219163276885398,0.02753897672109587,0.22069126317806814
rgb_patch16,Pixel RGB p16,265,0.0079250085496336,3.353557508675053e-05,0.0079250085496336,0.08174534107058115,0.027380589991636357,0.21967293004736796
rgb_patch16,Pixel RGB p16,266,0.0077491031269506,3.2791211282773935e-05,0.0077491031269506,0.08090684260435729,0.02708328774227276,0.21775514916335384
rgb_patch16,Pixel RGB p16,267,0.0077073796292054,3.261465355633707e-05,0.0077073796292054,0.08070633789917547,0.02701224923842457,0.2172956854580108
rgb_patch16,Pixel RGB p16,268,0.0075571494336252,3.197893739620625e-05,0.0075571494336252,0.07997913143180528,0.026754774015333632,0.215626415892802
rgb_patch16,Pixel RGB p16,269,0.0074839342988573,3.1669119225775504e-05,0.0074839342988573,0.07962168443996413,0.026628315353849144,0.21480427078269465
rgb_patch16,Pixel RGB p16,270,0.0072582955793754,3.071430331961306e-05,0.0072582955793754,0.07850716384325174,0.02623443630720955,0.21223384538193638
rgb_patch16,Pixel RGB p16,271,0.0072074600535283,3.0499187009839655e-05,0.0072074600535283,0.07825330869155704,0.02614481088274939,0.21164689616103374
rgb_patch16,Pixel RGB p16,272,0.0071855645892207,3.0406533862180818e-05,0.0071855645892207,0.07814365125461485,0.026106105686106416,0.21139318208545668
rgb_patch16,Pixel RGB p16,273,0.0071487349536074,3.0250685069994392e-05,0.0071487349536074,0.07795876350338946,0.026040860732740295,0.21096517471864484
rgb_patch16,Pixel RGB p16,274,0.0071206774505612,3.013195655452849e-05,0.0071206774505612,0.07781754279467115,0.025991037158882038,0.21063805739691813
rgb_patch16,Pixel RGB p16,275,0.0070520670819704,2.9841623975933e-05,0.0070520670819704,0.0774708490530376,0.025868764468001775,0.20983426587004375
rgb_patch16,Pixel RGB p16,276,0.0070065933224792,2.964919659035441e-05,0.0070065933224792,0.0772399919067382,0.025787379221888618,0.20929846275280253
rgb_patch16,Pixel RGB p16,277,0.006922254791529,2.9292308503777215e-05,0.006922254791529,0.07680952923158216,0.025635698447002808,0.20829816415902308
rgb_patch16,Pixel RGB p16,278,0.0068887408521124,2.915049045718215e-05,0.0068887408521124,0.07663763480705744,0.02557515487772571,0.20789827381303524
rgb_patch16,Pixel RGB p16,279,0.0068776733285223,2.910365697226467e-05,0.0068776733285223,0.07658076311302059,0.02555512719506839,0.2077659129585797
rgb_patch16,Pixel RGB p16,280,0.0068601531394918,2.9029518299594903e-05,0.0068601531394918,0.07649062569972963,0.02552338817163481,0.20755607360934308
rgb_patch16,Pixel RGB p16,281,0.0068181444171911,2.8851753613009337e-05,0.0068181444171911,0.0762739583560723,0.02544711254292443,0.20705138610890744
rgb_patch16,Pixel RGB p16,282,0.0067317181040686,2.8486030838700833e-05,0.0067317181040686,0.07582576770219826,0.025289407038585905,0.2060061173898609
rgb_patch16,Pixel RGB p16,283,0.0066981656993947,2.8344050021994378e-05,0.0066981656993947,0.07565087859819354,0.02522789620076038,0.20559776934932905
rgb_patch16,Pixel RGB p16,284,0.006586306816373,2.7870706435397524e-05,0.006586306816373,0.07506415329743427,0.025021650342444822,0.20422588520921658
rgb_patch16,Pixel RGB p16,285,0.0065679906922081,2.7793199672675024e-05,0.0065679906922081,0.07496753632108534,0.024987704239743985,0.20399968765608598
rgb_patch16,Pixel RGB p16,286,0.006513107213008,2.7560953987864735e-05,0.006513107213008,0.07467709675415356,0.024885687575735047,0.20331922692319498
rgb_patch16,Pixel RGB p16,287,0.0064939497233951,2.747988689155015e-05,0.0064939497233951,0.07457538560607722,0.024849971711235184,0.20308075741959375
rgb_patch16,Pixel RGB p16,288,0.00636959610321,2.6953670403465798e-05,0.00636959610321,0.07391093613211511,0.02461677905056054,0.20152068001841672
rgb_patch16,Pixel RGB p16,289,0.0062352956966264,2.638536295736548e-05,0.0062352956966264,0.0731849224963716,0.024362235079844922,0.19981162973978175
rgb_patch16,Pixel RGB p16,290,0.0062101033520252,2.6278758685749405e-05,0.0062101033520252,0.0730477396347852,0.024314167970986105,0.19948817807942001
rgb_patch16,Pixel RGB p16,291,0.0061385091126436,2.5975799518510216e-05,0.0061385091126436,0.07265612943090306,0.02417700500352206,0.19856392168282008
rgb_patch16,Pixel RGB p16,292,0.0061339258700694,2.595640500624878e-05,0.0061339258700694,0.07263097086527752,0.02416819576235509,0.19850449760345634
rgb_patch16,Pixel RGB p16,293,0.0060465491497134,2.5586660475630183e-05,0.0060465491497134,0.07214926478652867,0.023999588455313876,0.1973656378093371
rgb_patch16,Pixel RGB p16,294,0.0058524717155792,2.476539973827082e-05,0.0058524717155792,0.07106488260756026,0.023620458983634397,0.1947943930869695
rgb_patch16,Pixel RGB p16,295,0.0057736061151202,2.4431670979571028e-05,0.0057736061151202,0.07061836563776411,0.023464516229255272,0.19373258898680415
rgb_patch16,Pixel RGB p16,296,0.0057298384183349,2.424646299238401e-05,0.0057298384183349,0.07036906109926008,0.023377491979580754,0.1931389760283771
rgb_patch16,Pixel RGB p16,297,0.0057194854076987,2.4202653050301325e-05,0.0057194854076987,0.07030993073583883,0.02335685603170927,0.19299810065463904
rgb_patch16,Pixel RGB p16,298,0.0056677744545492,2.398383227032467e-05,0.0056677744545492,0.07001367019899812,0.02325349024307544,0.19229180245984404
rgb_patch16,Pixel RGB p16,299,0.0056392504106881,2.3863129534335076e-05,0.0056392504106881,0.06984959157114905,0.023196261863292836,0.19190029349661605
rgb_patch16,Pixel RGB p16,300,0.0055706305907495,2.3572756961286354e-05,0.0055706305907495,0.0694529231389985,0.023057965035444997,0.19095280288364766
rgb_patch16,Pixel RGB p16,301,0.0055468055561205,2.3471938617338675e-05,0.0055468055561205,0.06931454810372017,0.02300973967294634,0.19062194479774222
rgb_patch16,Pixel RGB p16,302,0.0055230919571361,2.3371591825996075e-05,0.0055230919571361,0.06917648386757107,0.02296163217440399,0.19029165819256424
rgb_patch16,Pixel RGB p16,303,0.0053639765291103,2.269827679414461e-05,0.0053639765291103,0.06824124134784008,0.02263600445493904,0.18804978301474218
rgb_patch16,Pixel RGB p16,304,0.0052653612450594,2.228097500295057e-05,0.0052653612450594,0.06765366872649899,0.02243164992478702,0.1866372634401774
rgb_patch16,Pixel RGB p16,305,0.0051830245712811,2.1932558002692175e-05,0.0051830245712811,0.06715828433738433,0.022259491677565076,0.18544392852311373
rgb_patch16,Pixel RGB p16,306,0.0050004773609908,2.1160088719002858e-05,0.0050004773609908,0.06604382678973429,0.02187263678755637,0.1827511267201625
rgb_patch16,Pixel RGB p16,307,0.0049518014324414,2.0954110990832308e-05,0.0049518014324414,0.06574278122148161,0.021768242569600155,0.1820217777892126
rgb_patch16,Pixel RGB p16,308,0.0049003946442712,2.0736577319561995e-05,0.0049003946442712,0.06542302281725015,0.02165740853422744,0.18124618188508654
rgb_patch16,Pixel RGB p16,309,0.0048503329469535,2.0524735553227805e-05,0.0048503329469535,0.06510980304061768,0.021548890084150087,0.18048553436517303
rgb_patch16,Pixel RGB p16,310,0.004812606318571,2.036509103411246e-05,0.004812606318571,0.06487255064294967,0.021466723746831954,0.1799087705710009
rgb_patch16,Pixel RGB p16,311,0.0048064461719241,2.033902367290664e-05,0.0048064461719241,0.06483371150552934,0.021453275455935256,0.1798143026653773
rgb_patch16,Pixel RGB p16,312,0.0048023304096471,2.0321607356695103e-05,0.0048023304096471,0.0648077463462988,0.021444285276253437,0.17975114019992347
rgb_patch16,Pixel RGB p16,313,0.0047991696530538,2.0308232255658722e-05,0.0047991696530538,0.06478779750930272,0.02143737841556322,0.1797026087259361
rgb_patch16,Pixel RGB p16,314,0.004770023672038,2.018489772185843e-05,0.004770023672038,0.0646034944997415,0.021373576740679596,0.17925406313612802
rgb_patch16,Pixel RGB p16,315,0.004749997396322,2.010015425833082e-05,0.004749997396322,0.06447649063771412,0.021329620569040107,0.1789447861650284
rgb_patch16,Pixel RGB p16,316,0.0046873719188205,1.9835147427115192e-05,0.0046873719188205,0.06407736684021169,0.021191535370675814,0.17797187764572367
rgb_patch16,Pixel RGB p16,317,0.0046353660267028,1.961507857934755e-05,0.0046353660267028,0.06374363146868912,0.021076133157613183,0.17715722769040307
rgb_patch16,Pixel RGB p16,318,0.0044679162298199,1.8906495717706695e-05,0.0044679162298199,0.06265449203936295,0.020699902910277984,0.17449142845376245
rgb_patch16,Pixel RGB p16,319,0.0044200176916969,1.870380760554766e-05,0.0044200176916969,0.06233873422483045,0.020590937578665803,0.1737165044846171
rgb_patch16,Pixel RGB p16,320,0.0043803462351324,1.8535933324770884e-05,0.0043803462351324,0.06207575122471554,0.02050022189130261,0.17307038690392887
rgb_patch16,Pixel RGB p16,321,0.004322197638483,1.8289870924091797e-05,0.004322197638483,0.06168785222810269,0.020366478745971483,0.17211618233537443
rgb_patch16,Pixel RGB p16,322,0.0042148337873101,1.7835548576038563e-05,0.0042148337873101,0.06096387005697713,0.020117055994420627,0.17033145346204345
rgb_patch16,Pixel RGB p16,323,0.0041997661337158,1.7771788086024184e-05,0.0041997661337158,0.060861440323610405,0.02008178821670081,0.17007854947090298
rgb_patch16,Pixel RGB p16,324,0.0041051811710888,1.737154105835354e-05,0.0041051811710888,0.06021369470430416,0.0198588809953258,0.1684769386731551
rgb_patch16,Pixel RGB p16,325,0.0040802110378006,1.7265877099183263e-05,0.0040802110378006,0.06004129976802408,0.01979958981307831,0.16805000722968894
rgb_patch16,Pixel RGB p16,326,0.0040588327213706,1.717541232159009e-05,0.0040588327213706,0.059893232815860564,0.019748677303728326,0.1676830984347827
rgb_patch16,Pixel RGB p16,327,0.0040458735150944,1.712057396622197e-05,0.0040458735150944,0.059803264244835355,0.01971774705005184,0.16746005538321349
rgb_patch16,Pixel RGB p16,328,0.0040356188945489,1.7077180372999203e-05,0.0040356188945489,0.05973195771296311,0.019693235428692158,0.1672832232061067
rgb_patch16,Pixel RGB p16,329,0.0040300739859137,1.7053716461418504e-05,0.0040300739859137,0.05969335838343416,0.01967996794817844,0.1671874810637439
rgb_patch16,Pixel RGB p16,330,0.0040233096945904,1.702509259329767e-05,0.0040233096945904,0.059646230392925166,0.01966376995995084,0.16707056515663665
rgb_patch16,Pixel RGB p16,331,0.004000319647842,1.6927807595540222e-05,0.004000319647842,0.05948572244738953,0.019608611210125713,0.16667221596055196
rgb_patch16,Pixel RGB p16,332,0.0039853225131804,1.686434551441055e-05,0.0039853225131804,0.05938073972708845,0.01957254059768075,0.16641153691677352
rgb_patch16,Pixel RGB p16,333,0.0039242210145509,1.66057875731327e-05,0.0039242210145509,0.05895071777246385,0.019424847314633384,0.16534266835910646
rgb_patch16,Pixel RGB p16,334,0.0038708264505352,1.637984240227789e-05,0.0038708264505352,0.05857186126199232,0.01929480204081435,0.16439951545189285
rgb_patch16,Pixel RGB p16,335,0.003711700745972,1.570648388408954e-05,0.003711700745972,0.05742517323609487,0.018901620336199194,0.16153649061719752
rgb_patch16,Pixel RGB p16,336,0.0035539912684885,1.5039118291873919e-05,0.0035539912684885,0.05626132198975628,0.018503209330431054,0.15861766977769384
rgb_patch16,Pixel RGB p16,337,0.003550635799744,1.5024919244222717e-05,0.003550635799744,0.05623625035713586,0.018494634034207907,0.1585546485481883
rgb_patch16,Pixel RGB p16,338,0.0035470607249432,1.5009790908565777e-05,0.0035470607249432,0.0562095233506927,0.018485492884176728,0.15848745958436503
rgb_patch16,Pixel RGB p16,339,0.0035181200114919,1.488732498781228e-05,0.0035181200114919,0.0559926108942032,0.01841131750524316,0.15794190758161208
rgb_patch16,Pixel RGB p16,340,0.0033911019365881,1.4349833556524448e-05,0.0033911019365881,0.05502867460625135,0.018081966430870768,0.1555119995152213
rgb_patch16,Pixel RGB p16,341,0.0033720600615644,1.4269255696494336e-05,0.0033720600615644,0.05488244857041016,0.018032044336163285,0.15514259930050409
rgb_patch16,Pixel RGB p16,342,0.0033707580136308,1.4263745932565335e-05,0.0033707580136308,0.05487243318850099,0.018028625428282402,0.1551172905274921
rgb_patch16,Pixel RGB p16,343,0.0033361745948086,1.4117402262220393e-05,0.0033361745948086,0.05460562703478243,0.017937564866446185,0.15444271301823168
rgb_patch16,Pixel RGB p16,344,0.0032802280148812,1.3880657945762974e-05,0.0032802280148812,0.054170739236320695,0.017789212231861914,0.15334167406348082
rgb_patch16,Pixel RGB p16,345,0.0032512369483722,1.3757978950318547e-05,0.0032512369483722,0.05394376599455231,0.017711821566510196,0.15276629192890276
rgb_patch16,Pixel RGB p16,346,0.0032169752327399,1.3612996603612936e-05,0.0032169752327399,0.05367407826266323,0.017619899034848004,0.15208196977618532
rgb_patch16,Pixel RGB p16,347,0.0032132271511496,1.3597136170048033e-05,0.0032132271511496,0.05364447927945809,0.017609812423000974,0.15200681995257428
rgb_patch16,Pixel RGB p16,348,0.0032030580050318,1.3554104271588138e-05,0.0032030580050318,0.053564076079374176,0.017582415111898963,0.1518026381307272
rgb_patch16,Pixel RGB p16,349,0.0031699055660686,1.3413815955279546e-05,0.0031699055660686,0.05330096787724039,0.01749278310633616,0.15113403674108938
rgb_patch16,Pixel RGB p16,350,0.003123998735127,1.3219555978600029e-05,0.003123998735127,0.05293411049384958,0.017367863142790835,0.1502006521010652
rgb_patch16,Pixel RGB p16,351,0.0030699866875453,1.2990997855801664e-05,0.0030699866875453,0.052498644027313024,0.017219665224343747,0.1490909811873081
rgb_patch16,Pixel RGB p16,352,0.0030142671241899,1.2755214185790058e-05,0.0030142671241899,0.052044951963917,0.017065362108595186,0.1479328692520106
rgb_patch16,Pixel RGB p16,353,0.0029919161088178,1.2660633321986343e-05,0.0029919161088178,0.051861660105463676,0.01700305170967336,0.1474644119077042
rgb_patch16,Pixel RGB p16,354,0.0029878635992094,1.2643484666636493e-05,0.0029878635992094,0.05182834622953689,0.016991728336253516,0.1473792324419956
rgb_patch16,Pixel RGB p16,355,0.0029788507893789,1.2605345936700698e-05,0.0029788507893789,0.05175416643611714,0.01696651657465823,0.14718952422514453
rgb_patch16,Pixel RGB p16,356,0.0029458665058848,1.2465769189385996e-05,0.0029458665058848,0.05148162871939382,0.01687391093095182,0.1464920630878035
rgb_patch16,Pixel RGB p16,357,0.0029351616287948,1.2420470284381948e-05,0.0029351616287948,0.051392816567157544,0.0168437411603425,0.1462646208698053
rgb_patch16,Pixel RGB p16,358,0.0029198804439117,1.2355806212431463e-05,0.0029198804439117,0.051265727441852156,0.01680057518521278,0.14593901700351536
rgb_patch16,Pixel RGB p16,359,0.0028701908783003,1.2145539163739615e-05,0.0028701908783003,0.050849920513146254,0.016659400174233178,0.1448725879847056
rgb_patch16,Pixel RGB p16,360,0.0028140213015517,1.1907851210869109e-05,0.0028140213015517,0.05037508487890581,0.016498285385481527,0.14365265183728113
rgb_patch16,Pixel RGB p16,361,0.0027892775305054,1.18031451292724e-05,0.0027892775305054,0.05016425572468548,0.016426784425623297,0.14311027023242615
rgb_patch16,Pixel RGB p16,362,0.0027691881730431,1.1718134728160252e-05,0.0027691881730431,0.04999232641682546,0.016368491826742458,0.14266763248149775
rgb_patch16,Pixel RGB p16,363,0.0026421728205327,1.1180654816989741e-05,0.0026421728205327,0.04888907075038016,0.015994770639796037,0.13982018088178927
rgb_patch16,Pixel RGB p16,364,0.0026289157504307,1.1124556016963024e-05,0.0026289157504307,0.048772255801733895,0.015955234432656975,0.13951796742593275
rgb_patch16,Pixel RGB p16,365,0.0025590225585265,1.0828795025605565e-05,0.0025590225585265,0.04815097933264318,0.01574507214740562,0.13790833177265674
rgb_patch16,Pixel RGB p16,366,0.0025573609576947,1.0821763772691445e-05,0.0025573609576947,0.048136096928692064,0.015740040066913964,0.137869725621472
rgb_patch16,Pixel RGB p16,367,0.0025487089450305,1.078515179700276e-05,0.0025487089450305,0.04805851795386526,0.01571381055940776,0.1376684430826003
rgb_patch16,Pixel RGB p16,368,0.0025369984122116,1.073559734539624e-05,0.0025369984122116,0.04795328427001542,0.01567823557307799,0.13739531122638696
rgb_patch16,Pixel RGB p16,369,0.0025202242449045,1.0664615548503294e-05,0.0025202242449045,0.04780208279819015,0.015627130118464866,0.13700267370724267
rgb_patch16,Pixel RGB p16,370,0.0024795881019985,1.0492659087746782e-05,0.0024795881019985,0.047433490080411124,0.015502593110597932,0.13604454243008024
rgb_patch16,Pixel RGB p16,371,0.0024544577535259,1.0386317159800464e-05,0.0024544577535259,0.04720388652111268,0.015425049380253365,0.13544700336475538
rgb_patch16,Pixel RGB p16,372,0.0024218611628632,1.024838097879892e-05,0.0024218611628632,0.046904142785849784,0.015323855149078245,0.134666115116916
rgb_patch16,Pixel RGB p16,373,0.0024140206937785,1.0215203142073753e-05,0.0024140206937785,0.04683171661662073,0.015299410322243186,0.13447729358077812
rgb_patch16,Pixel RGB p16,374,0.0023765421197999,1.0056608293382797e-05,0.0023765421197999,0.04648371936902408,0.015181991345028038,0.13356928402413615
rgb_patch16,Pixel RGB p16,375,0.0023699753448175,1.002882023812445e-05,0.0023699753448175,0.04642243724125774,0.015161319902776959,0.13340925543147825
rgb_patch16,Pixel RGB p16,376,0.002351341692401,9.9499698184889e-06,0.002351341692401,0.04624803834835562,0.015102502155467193,0.1329536292973132
rgb_patch16,Pixel RGB p16,377,0.0023156356697224,9.798875722238016e-06,0.0023156356697224,0.04591173142400278,0.014989120218815427,0.13207412742432859
rgb_patch16,Pixel RGB p16,378,0.0022894778287962,9.6881858431049e-06,0.0022894778287962,0.04566355613085076,0.014905485344780816,0.13142435876600325
rgb_patch16,Pixel RGB p16,379,0.0022765744674826,9.63358380204796e-06,0.0022765744674826,0.04554056413813111,0.014864047999623932,0.13110210778899226
rgb_patch16,Pixel RGB p16,380,0.0022242412553636,9.412129862464677e-06,0.0022242412553636,0.045037795965924075,0.014694734693494058,0.12978318207987044
rgb_patch16,Pixel RGB p16,381,0.002207552187126,9.341508171963682e-06,0.002207552187126,0.04487610937711395,0.014640310286914517,0.12935846966227946
rgb_patch16,Pixel RGB p16,382,0.0021884727241674,9.260771254311704e-06,0.0021884727241674,0.04469044613589852,0.01457783054617407,0.1288704422375898
rgb_patch16,Pixel RGB p16,383,0.0021623720846228,9.150323429331047e-06,0.0021623720846228,0.04443502569386731,0.014491902718217297,0.12819846945099891
rgb_patch16,Pixel RGB p16,384,0.00213513713853,9.035075657173007e-06,0.00213513713853,0.044166709015503014,0.014401669707187537,0.12749183888590446
rgb_patch16,Pixel RGB p16,385,0.0021056532544726,8.910311248218306e-06,0.0021056532544726,0.04387412800205327,0.01430331567436824,0.12672045297232368
rgb_patch16,Pixel RGB p16,386,0.0020722143285939,8.768810629941083e-06,0.0020722143285939,0.043539589944079,0.014190907064127548,0.12583735477943944
rgb_patch16,Pixel RGB p16,387,0.0020316840407354,8.597302106858268e-06,0.0020316840407354,0.04313014872983026,0.014053402251268247,0.12475494028478692
rgb_patch16,Pixel RGB p16,388,0.0020218202220572,8.555562236187698e-06,0.0020218202220572,0.043029833619106644,0.014019724994644732,0.1244894759842125
rgb_patch16,Pixel RGB p16,389,0.0020137893023058,8.521578485804085e-06,0.0020137893023058,0.0429479626586688,0.013992243237813956,0.12427274242017937
rgb_patch16,Pixel RGB p16,390,0.0019872100163802,8.40910521421987e-06,0.0019872100163802,0.042675729457550035,0.013900885072608454,0.12355156568938391
rgb_patch16,Pixel RGB p16,391,0.0019793137984548,8.375691469934276e-06,0.0019793137984548,0.04259447366895746,0.01387362340273588,0.12333615920465185
rgb_patch16,Pixel RGB p16,392,0.0019413232678208,8.21493021842485e-06,0.0019413232678208,0.042201052772393874,0.013741673098257134,0.12229223209893371
rgb_patch16,Pixel RGB p16,393,0.0019371710663968,8.19735970581811e-06,0.0019371710663968,0.0421578013675313,0.01372717137381982,0.12217736686195338
rgb_patch16,Pixel RGB p16,394,0.0019114194507046,8.08838881496767e-06,0.0019114194507046,0.041888430197017865,0.013636874033298425,0.12146153897139311
rgb_patch16,Pixel RGB p16,395,0.0018999060076074,8.03966837093597e-06,0.0018999060076074,0.04176735930464333,0.013596300370145586,0.12113955563533953
rgb_patch16,Pixel RGB p16,396,0.0018847219583298,7.975415339348588e-06,0.0018847219583298,0.041607080372476034,0.013542597819679066,0.1207130621288537
rgb_patch16,Pixel RGB p16,397,0.0018631394477804,7.88408649111366e-06,0.0018631394477804,0.04137805269584695,0.013465881555043255,0.12010316107734792
rgb_patch16,Pixel RGB p16,398,0.0018015679255694,7.623539591589119e-06,0.0018015679255694,0.04071666694467469,0.013244479196998211,0.11833877319228996
rgb_patch16,Pixel RGB p16,399,0.0017749482645073,7.510895468022441e-06,0.0017749482645073,0.04042694234070933,0.013147557230153208,0.11756440912654814
rgb_patch16,Pixel RGB p16,400,0.0017601140304913,7.448122719503325e-06,0.0017601140304913,0.04026446897867553,0.013093222076384047,0.11712976637742857
rgb_patch16,Pixel RGB p16,401,0.0017542949255025,7.423498514864629e-06,0.0017542949255025,0.040200532712048195,0.013071843594294629,0.11695864939582659
rgb_patch16,Pixel RGB p16,402,0.0017443860397582,7.381567937777824e-06,0.0017443860397582,0.040091396600528184,0.013035356000719667,0.11666646040472191
rgb_patch16,Pixel RGB p16,403,0.0017008181959764,7.197205651306862e-06,0.0017008181959764,0.03960752414802863,0.012873649825495374,0.11536946358250594
rgb_patch16,Pixel RGB p16,404,0.001681582292303,7.115806736976274e-06,0.001681582292303,0.039391758702395405,0.012801578246857827,0.11479030843040347
rgb_patch16,Pixel RGB p16,405,0.0016719384861012,7.074997874124323e-06,0.0016719384861012,0.03928308482308582,0.012765286464740068,0.11449841862574443
rgb_patch16,Pixel RGB p16,406,0.001660107047898,7.0249317976320775e-06,0.001660107047898,0.03914929622208967,0.01272061519994442,0.11413889889028596
rgb_patch16,Pixel RGB p16,407,0.0016503038809116,6.983448581494023e-06,0.0016503038809116,0.03903805313610379,0.012683478150282961,0.11383981791447562
rgb_patch16,Pixel RGB p16,408,0.0016172392493605,6.8435318322371515e-06,0.0016172392493605,0.038660196808889685,0.012557379087814244,0.11282294631770284
rgb_patch16,Pixel RGB p16,409,0.0016013879933801,6.7764554395972235e-06,0.0016013879933801,0.03847757569048211,0.012496458345375125,0.11233093392368185
rgb_patch16,Pixel RGB p16,410,0.0015988858763895,6.765867446954871e-06,0.0015988858763895,0.03844866017299327,0.012486813824889524,0.11225299769712722
rgb_patch16,Pixel RGB p16,411,0.0015835720882238,6.7010654105056895e-06,0.0015835720882238,0.0382711543207338,0.012427616865986117,0.11177436752456252
rgb_patch16,Pixel RGB p16,412,0.0015722115892338,6.652992166859825e-06,0.0015722115892338,0.03813887422047176,0.012383511973398577,0.11141746421465482
rgb_patch16,Pixel RGB p16,413,0.0015631381111989,6.61459671251657e-06,0.0015631381111989,0.038032853959645674,0.012348168562418275,0.11113127606006577
rgb_patch16,Pixel RGB p16,414,0.0015204973054785,6.434157293045895e-06,0.0015204973054785,0.037530121809455357,0.012180647014585272,0.1097725626122556
rgb_patch16,Pixel RGB p16,415,0.0015145476415779,6.4089806135218424e-06,0.0015145476415779,0.0374593759063865,0.012157082391311956,0.10958114124885288
rgb_patch16,Pixel RGB p16,416,0.0015018335301338,6.355179404813413e-06,0.0015018335301338,0.03730769341999895,0.012106566635059126,0.10917054234159472
rgb_patch16,Pixel RGB p16,417,0.0014903331343904,6.3065141721433525e-06,0.0014903331343904,0.03716989543683796,0.012060684241397442,0.10879731215955242
rgb_patch16,Pixel RGB p16,418,0.0014800761042415,6.263110382409725e-06,0.0014800761042415,0.03704651278248051,0.012019609226297006,0.10846295161724018
rgb_patch16,Pixel RGB p16,419,0.0014716923591458,6.227633611450529e-06,0.0014716923591458,0.036945322544723984,0.011985927540790954,0.10818860805584232
rgb_patch16,Pixel RGB p16,420,0.0014652728286064,6.2004686378006645e-06,0.0014652728286064,0.03686763058875434,0.011960070622817714,0.10797789678672423
rgb_patch16,Pixel RGB p16,421,0.0014578360811022,6.168999194863618e-06,0.0014578360811022,0.03677739901440532,0.011930043889859687,0.10773309403639565
rgb_patch16,Pixel RGB p16,422,0.0014448695441622,6.1141298189578215e-06,0.0014448695441622,0.036619480476541386,0.011877501832822959,0.10730444016559727
rgb_patch16,Pixel RGB p16,423,0.0014424290913209,6.103802765177057e-06,0.0014424290913209,0.03658967344237858,0.011867585855118946,0.10722350155741726
rgb_patch16,Pixel RGB p16,424,0.001384305250822,5.857845122964634e-06,0.001384305250822,0.03587160484587317,0.011628829479158343,0.10527071775797821
rgb_patch16,Pixel RGB p16,425,0.0013702499294688,5.798368431973501e-06,0.0013702499294688,0.035695548979071824,0.011570327938966481,0.10479107542044151
rgb_patch16,Pixel RGB p16,426,0.0013547490211838,5.732774575456023e-06,0.0013547490211838,0.035500260320664806,0.011505452428496765,0.10425863898504716
rgb_patch16,Pixel RGB p16,427,0.0013512283316526,5.717876377253303e-06,0.0013512283316526,0.035455738284239945,0.011490664552591732,0.1041371953164553
rgb_patch16,Pixel RGB p16,428,0.0013464130072837,5.697499784480065e-06,0.0013464130072837,0.03539474382236286,0.011470406902348719,0.10397078421533183
rgb_patch16,Pixel RGB p16,429,0.0013435273247618,5.685288690664379e-06,0.0013435273247618,0.0353581356522997,0.011458249326668028,0.10387088661693057
rgb_patch16,Pixel RGB p16,430,0.0013295043414284,5.625948841682231e-06,0.0013295043414284,0.03517963597739097,0.01139897850697181,0.10338358019243213
rgb_patch16,Pixel RGB p16,431,0.0013088831659464,5.538687992129501e-06,0.0013088831659464,0.03491530726880185,0.011311235381689778,0.10266131693307899
rgb_patch16,Pixel RGB p16,432,0.001299227743422,5.497829973487201e-06,0.001299227743422,0.03479077528888859,0.011269908622228673,0.1023207742397479
rgb_patch16,Pixel RGB p16,433,0.0012660710920238,5.357523831780773e-06,0.0012660710920238,0.03435932300851525,0.011126784077308636,0.10113961304859771
rgb_patch16,Pixel RGB p16,434,0.0012658505924311,5.3565907626741246e-06,0.0012658505924311,0.03435643365911318,0.011125825892438905,0.101131696133858
rgb_patch16,Pixel RGB p16,435,0.0012573319394101,5.3205431134842785e-06,0.0012573319394101,0.03424460162841044,0.011088742404889433,0.10082520182979053
rgb_patch16,Pixel RGB p16,436,0.0012292646412022,5.201773148677519e-06,0.0012292646412022,0.033873245055265885,0.01096564226076984,0.09980644651725636
rgb_patch16,Pixel RGB p16,437,0.0012200312523239,5.162701013411783e-06,0.0012200312523239,0.03375009067906948,0.010924832227346236,0.09946825617730827
rgb_patch16,Pixel RGB p16,438,0.0012140958736327,5.1375847833761395e-06,0.0012140958736327,0.03367066210587883,0.0108985154756933,0.09925005082319369
rgb_patch16,Pixel RGB p16,439,0.0011998977467124,5.077503794384784e-06,0.0011998977467124,0.033479814828518126,0.010835294769798836,0.09872547143902557
rgb_patch16,Pixel RGB p16,440,0.0011901119805133,5.036094211657398e-06,0.0011901119805133,0.03334757502764147,0.010791498475513838,0.09836174879555355
rgb_patch16,Pixel RGB p16,441,0.0011880500082891,5.02736874165716e-06,0.0011880500082891,0.03331963670177674,0.01078224666180759,0.09828488022287282
rgb_patch16,Pixel RGB p16,442,0.0011717000683469,4.958182111111398e-06,0.0011717000683469,0.03309718461351036,0.01070859426168271,0.09767252376883223
rgb_patch16,Pixel RGB p16,443,0.001151354790397,4.872088753346979e-06,0.001151354790397,0.03281804975900824,0.010616207001289547,0.09690335530185906
rgb_patch16,Pixel RGB p16,444,0.0011421610177348,4.833184258605711e-06,0.0011421610177348,0.032691050216885904,0.01057418499384041,0.0965531154024317
rgb_patch16,Pixel RGB p16,445,0.0011419442589346,4.832267019088013e-06,0.0011419442589346,0.03268804942800574,0.010573192173667421,0.09654483764089947
rgb_patch16,Pixel RGB p16,446,0.0011397317774981,4.822904652236658e-06,0.0011397317774981,0.03265740266824665,0.010563052838140609,0.09646029193680741
rgb_patch16,Pixel RGB p16,447,0.0011370595681046,4.811596894244728e-06,0.0011370595681046,0.032620345587053755,0.010550793258604498,0.09635804799706726
rgb_patch16,Pixel RGB p16,448,0.001129752354966,4.780675590709259e-06,0.001129752354966,0.0325187747357528,0.010517193871609052,0.09607772606972291
rgb_patch16,Pixel RGB p16,449,0.0011283741217247,4.77484343998523e-06,0.0011283741217247,0.032499578002935875,0.010510844176063365,0.09602473273518473
rgb_patch16,Pixel RGB p16,450,0.0011264763564638,4.766812830427481e-06,0.0011264763564638,0.03247312452006604,0.010502094447567266,0.09595170012190828
rgb_patch16,Pixel RGB p16,451,0.0011149900925429,4.7182073981717155e-06,0.0011149900925429,0.0323125053921666,0.01044897516882293,0.09550809616132791
rgb_patch16,Pixel RGB p16,452,0.0011034956148784,4.6695672085256566e-06,0.0011034956148784,0.032150887228599746,0.010395537534886378,0.0950614422313371
rgb_patch16,Pixel RGB p16,453,0.0010801074294396,4.570597441614556e-06,0.0010801074294396,0.031819248673990524,0.010285921949820385,0.0941439990607576
rgb_patch16,Pixel RGB p16,454,0.0010758519873323,4.5525900543135944e-06,0.0010758519873323,0.03175849818927439,0.010265847765207418,0.09397580580775794
rgb_patch16,Pixel RGB p16,455,0.0010703752911502,4.529414791486827e-06,0.0010703752911502,0.03168012478893689,0.01023995284213285,0.09375876081755162
rgb_patch16,Pixel RGB p16,456,0.0010509722247413,4.447308509027491e-06,0.0010509722247413,0.03140073084567291,0.010147662908015323,0.09298445494036953
rgb_patch16,Pixel RGB p16,457,0.0010398553190846,4.400266058278359e-06,0.0010398553190846,0.03123941688753627,0.010094393784962746,0.09253699412431855
rgb_patch16,Pixel RGB p16,458,0.0010319246231109,4.366706416209771e-06,0.0010319246231109,0.031123776365044733,0.010056214340530148,0.09221604461292986
rgb_patch16,Pixel RGB p16,459,0.0010117254511914,4.281231322731431e-06,0.0010117254511914,0.030827095070013664,0.00995829135899381,0.09139194504071298
rgb_patch16,Pixel RGB p16,460,0.0010110912659739,4.278547695849873e-06,0.0010110912659739,0.030817729599949124,0.00995520084159561,0.09136591418396027
rgb_patch16,Pixel RGB p16,461,0.0010029690350282,4.244177551761631e-06,0.0010029690350282,0.030697505986940016,0.00991553176613721,0.09103167084543956
rgb_patch16,Pixel RGB p16,462,0.0009898838851788,4.1888062518383995e-06,0.0009898838851788,0.030502730481541295,0.009851277628604212,0.09048981378282442
rgb_patch16,Pixel RGB p16,463,0.0009832514418121,4.1607403133426145e-06,0.0009832514418121,0.030403483257887956,0.009818543864385885,0.09021354757740345
rgb_patch16,Pixel RGB p16,464,0.0009795781145998,4.145196211430953e-06,0.0009795781145998,0.03034836311998129,0.009800366075132445,0.09006006619423682
rgb_patch16,Pixel RGB p16,465,0.0009765298694105,4.132297215197905e-06,0.0009765298694105,0.030302539371611557,0.009785255159925572,0.08993244436210468
rgb_patch16,Pixel RGB p16,466,0.0009667624826859,4.090965407307389e-06,0.0009667624826859,0.030155194783732818,0.009736673117279581,0.08952192011580641
rgb_patch16,Pixel RGB p16,467,0.0009632618444467,4.076152058427448e-06,0.0009632618444467,0.03010219437212994,0.009719200415032206,0.08937419291451108
rgb_patch16,Pixel RGB p16,468,0.0009623755992719,4.072401811166686e-06,0.0009623755992719,0.030088760240317734,0.009714771775873963,0.08933674312298272
rgb_patch16,Pixel RGB p16,469,0.0009433877571886,3.99205259766971e-06,0.0009433877571886,0.02979934255011489,0.009619383730628468,0.08852944866293681
rgb_patch16,Pixel RGB p16,470,0.0009345574109982,3.95468598338084e-06,0.0009345574109982,0.029663696758801872,0.009574690027421486,0.08815075489038689
rgb_patch16,Pixel RGB p16,471,0.0009245391460049,3.912292555560839e-06,0.0009245391460049,0.02950897837422898,0.009523722457330476,0.08771855962709733
rgb_patch16,Pixel RGB p16,472,0.0009220882409249,3.901921271943153e-06,0.0009220882409249,0.029470992511379697,0.00951121077824785,0.08761240714239006
rgb_patch16,Pixel RGB p16,473,0.0009122884360194,3.860452282832839e-06,0.0009122884360194,0.029318571456745126,0.009461013420303041,0.08718629761666978
rgb_patch16,Pixel RGB p16,474,0.0008970796830933,3.796094714946979e-06,0.0008970796830933,0.029080296164499676,0.009382562775509928,0.08651964384766038
rgb_patch16,Pixel RGB p16,475,0.0008916804882045,3.7732474076579894e-06,0.0008916804882045,0.028995193504050405,0.009354549579483371,0.0862813844013165
rgb_patch16,Pixel RGB p16,476,0.0008914119919373,3.7721112351639403e-06,0.0008914119919373,0.028990954332647492,0.009353154260728176,0.08626951395879028
rgb_patch16,Pixel RGB p16,477,0.0008789611405358,3.7194240412695837e-06,0.0008789611405358,0.028793626142844392,0.009288213028731769,0.08571673281657277
rgb_patch16,Pixel RGB p16,478,0.0008747205785175,3.7014796207577225e-06,0.0008747205785175,0.028726082169972546,0.009265988234235563,0.08552741790984138
rgb_patch16,Pixel RGB p16,479,0.0008658262115402,3.6638420952272105e-06,0.0008658262115402,0.02858384743763358,0.009219193900310957,0.08512858649490616
rgb_patch16,Pixel RGB p16,480,0.0008574570751281,3.6284271425742937e-06,0.0008574570751281,0.02844930497315308,0.009174938817410275,0.08475111178600585
rgb_patch16,Pixel RGB p16,481,0.0008497560447801,3.5958393567235592e-06,0.0008497560447801,0.02832488857699034,0.00913402189396486,0.0844018627771661
rgb_patch16,Pixel RGB p16,482,0.0008439170957568,3.5711311797957702e-06,0.0008439170957568,0.028230158033982863,0.009102872541903765,0.08413582610764647
rgb_patch16,Pixel RGB p16,483,0.0008430987744666,3.5676683601785153e-06,0.0008430987744666,0.028216854039355505,0.009098498244194711,0.08409845558743152
rgb_patch16,Pixel RGB p16,484,0.0008418895384951,3.5625513406237903e-06,0.0008418895384951,0.02819718219144512,0.009092030371706132,0.08404319424552197
rgb_patch16,Pixel RGB p16,485,0.0008387225083978,3.5491496925416673e-06,0.0008387225083978,0.028145590114329218,0.009075068345644111,0.08389824286382329
rgb_patch16,Pixel RGB p16,486,0.0008333356232654,3.526354475387024e-06,0.0008333356232654,0.02805759889563852,0.009046142119140193,0.08365095531941079
rgb_patch16,Pixel RGB p16,487,0.0008283193137415,3.505127391069884e-06,0.0008283193137415,0.027975390307214555,0.009019120080545357,0.083419838907588
rgb_patch16,Pixel RGB p16,488,0.000821917070351,3.478035569956872e-06,0.000821917070351,0.02787008591436363,0.008984510954049223,0.08312367909237536
rgb_patch16,Pixel RGB p16,489,0.0008191507187943,3.466329438693411e-06,0.0008191507187943,0.027824450891969225,0.008969514218844468,0.08299529488993271
rgb_patch16,Pixel RGB p16,490,0.0008161986866259,3.453837578801795e-06,0.0008161986866259,0.027775662987090926,0.008953482427929404,0.08285801430357259
rgb_patch16,Pixel RGB p16,491,0.0008057073057609,3.4094421073573923e-06,0.0008057073057609,0.02760151524437768,0.00889626606599946,0.08236777026419409
rgb_patch16,Pixel RGB p16,492,0.0007862843805922,3.3272517902971804e-06,0.0007862843805922,0.02727592509225901,0.0087893304432453,0.08145026480398453
rgb_patch16,Pixel RGB p16,493,0.00077996128198,3.3004948793156567e-06,0.00077996128198,0.027169016414077846,0.008754228333700742,0.08114873253462107
rgb_patch16,Pixel RGB p16,494,0.0007745575812853,3.2776285051965e-06,0.0007745575812853,0.027077289944030487,0.008724115277502649,0.08088991619219256
rgb_patch16,Pixel RGB p16,495,0.000773249833984,3.2720946237448173e-06,0.000773249833984,0.027055040609536687,0.008716811581411512,0.08082712262667575
rgb_patch16,Pixel RGB p16,496,0.0007685382356808,3.2521569596166347e-06,0.0007685382356808,0.026974715038094125,0.00869044532577937,0.08060037489632892
rgb_patch16,Pixel RGB p16,497,0.000765324205021,3.2385564233083397e-06,0.000765324205021,0.026919771727571006,0.00867241230289722,0.08044523483067702
rgb_patch16,Pixel RGB p16,498,0.0007634803731746,3.230754039128559e-06,0.0007634803731746,0.0268881968413525,0.0086620496886877,0.08035606299298409
rgb_patch16,Pixel RGB p16,499,0.0007612925789618,3.221496139072274e-06,0.0007612925789618,0.02685067957233639,0.008649737426604184,0.08025009408535445
rgb_patch16,Pixel RGB p16,500,0.0007518195278394,3.1814098457608856e-06,0.0007518195278394,0.026687572343082097,0.008596217050630933,0.07978920275936278
rgb_patch16,Pixel RGB p16,501,0.0007405797180739,3.133847312295967e-06,0.0007405797180739,0.02649263455128317,0.008532268060895182,0.07923796461657658
rgb_patch16,Pixel RGB p16,502,0.000736525796955,3.116692683978888e-06,0.000736525796955,0.026421943414812483,0.008509082251043762,0.07903795813027227
rgb_patch16,Pixel RGB p16,503,0.0007266462696616,3.0748863405163644e-06,0.0007266462696616,0.026248804487490136,0.008452304486207696,0.07854785163339097
rgb_patch16,Pixel RGB p16,504,0.0007183126793256,3.0396218051275584e-06,0.0007183126793256,0.026101792492441114,0.008404105319445014,0.07813143027531644
rgb_patch16,Pixel RGB p16,505,0.0007109528188704,3.0084777184836676e-06,0.0007109528188704,0.025971210008062334,0.00836130098451181,0.07776133639789225
rgb_patch16,Pixel RGB p16,506,0.0007097310400441,3.0033076224122027e-06,0.0007097310400441,0.025949463867186787,0.008354173455906241,0.077699684763231
rgb_patch16,Pixel RGB p16,507,0.0007067745982277,2.990797102593511e-06,0.0007067745982277,0.02589676128450193,0.008336900519947819,0.07755024695223468
rgb_patch16,Pixel RGB p16,508,0.000705433333447,2.9851213881153914e-06,0.000705433333447,0.025872813193468736,0.00832905210434929,0.07748233164644545
rgb_patch16,Pixel RGB p16,509,0.0007000725979877,2.9624368262767957e-06,0.0007000725979877,0.025776858122129383,0.008297607743033985,0.07721014216883215
rgb_patch16,Pixel RGB p16,510,0.0006934841135773,2.9345569051045883e-06,0.0006934841135773,0.025658396110450104,0.008258793677587042,0.07687396111930196
rgb_patch16,Pixel RGB p16,511,0.0006870305754694,2.9072480245605173e-06,0.0006870305754694,0.02554178551326191,0.00822059247838043,0.07654287475913711
rgb_patch16,Pixel RGB p16,512,0.0006774328011221,2.866633950736654e-06,0.0006774328011221,0.02536729111684064,0.008163440340455536,0.07604714632572762
rgb_patch16,Pixel RGB p16,513,0.0006709852887913,2.8393505689537673e-06,0.0006709852887913,0.025249340379619484,0.008124815804302863,0.07571185421568648
rgb_patch16,Pixel RGB p16,514,0.0006695149189684,2.8331285318048692e-06,0.0006695149189684,0.025222358183000382,0.00811598101649075,0.07563513060721584
rgb_patch16,Pixel RGB p16,515,0.0006687830780032,2.830031663519325e-06,0.0006687830780032,0.025208916847315858,0.008111580040156448,0.07559690713447814
rgb_patch16,Pixel RGB p16,516,0.0006663541779709,2.8197534967638873e-06,0.0006663541779709,0.025164251073731422,0.008096956116602515,0.07546987478750586
rgb_patch16,Pixel RGB p16,517,0.0006615215259266,2.799303579961305e-06,0.0006615215259266,0.025075126978665364,0.008067778906935061,0.07521633054415958
rgb_patch16,Pixel RGB p16,518,0.0006570679954562,2.7804579592208532e-06,0.0006570679954562,0.024992691481572668,0.008040794613603132,0.07498173179015882
rgb_patch16,Pixel RGB p16,519,0.0006414141141476,2.714216779954503e-06,0.0006414141141476,0.024700583933618563,0.00794520154170879,0.07414979950498804
rgb_patch16,Pixel RGB p16,520,0.0006392142590177,2.7049078427556724e-06,0.0006392142590177,0.024659235217958188,0.00793167318859578,0.07403195633733649
rgb_patch16,Pixel RGB p16,521,0.0006371702902287,2.6962585563392366e-06,0.0006371702902287,0.024620749595008665,0.00791908227299638,0.07392225496043024
rgb_patch16,Pixel RGB p16,522,0.0006319306311115,2.6740863428137434e-06,0.0006319306311115,0.024521795911833972,0.007886711785186042,0.07364011274633021
rgb_patch16,Pixel RGB p16,523,0.0006294857546194,2.6637405698514613e-06,0.0006294857546194,0.024475475900329877,0.007871560758535066,0.07350800316685246
rgb_patch16,Pixel RGB p16,524,0.0006264289056271,2.650805165647402e-06,0.0006264289056271,0.024417428674512725,0.007852575201131317,0.07334241084217887
rgb_patch16,Pixel RGB p16,525,0.00062502564657,2.644867115337322e-06,0.00062502564657,0.024390732112677175,0.007843844047620488,0.07326623984267161
rgb_patch16,Pixel RGB p16,526,0.0006241050546087,2.640971525742802e-06,0.0006241050546087,0.02437320106353648,0.00783811066611719,0.07321621546672934
rgb_patch16,Pixel RGB p16,527,0.0006215398394461,2.6301165260086987e-06,0.0006215398394461,0.024324279410449845,0.00782211199209514,0.0730765997927292
rgb_patch16,Pixel RGB p16,528,0.0006193640139215,2.620909272817878e-06,0.0006193640139215,0.02428270082860189,0.0078085155521434805,0.0729579181730765
rgb_patch16,Pixel RGB p16,529,0.0006189868151985,2.6193131135180404e-06,0.0006189868151985,0.024275485026846327,0.007806156022733832,0.07293731937317553
rgb_patch16,Pixel RGB p16,530,0.0005978481915754,2.5298626233004864e-06,0.0005978481915754,0.023867355233780058,0.007672738247020901,0.07177124470186626
rgb_patch16,Pixel RGB p16,531,0.0005965413545474,2.52433259377381e-06,0.0005965413545474,0.02384187739933896,0.007664412044100007,0.07169838663817084
rgb_patch16,Pixel RGB p16,532,0.0005963591713702,2.5235616649375483e-06,0.0005963591713702,0.023838323271162882,0.007663250571947053,0.07168822241655101
rgb_patch16,Pixel RGB p16,533,0.0005889024445052,2.492007677062777e-06,0.0005889024445052,0.023692362309301135,0.007615556181905835,0.07127066971502678
rgb_patch16,Pixel RGB p16,534,0.0005866239127624,2.482365810827598e-06,0.0005866239127624,0.02364756856127007,0.007600921260177584,0.07114247728865078
rgb_patch16,Pixel RGB p16,535,0.0005860057824499,2.4797501221026694e-06,0.0005860057824499,0.023635401008138983,0.0075969460594859746,0.07110765164891782
rgb_patch16,Pixel RGB p16,536,0.0005806161924499,2.4569434589931195e-06,0.0005806161924499,0.02352902390080569,0.007562194987616891,0.07080310771943632
rgb_patch16,Pixel RGB p16,537,0.0005800827563922,2.4546861636406986e-06,0.0005800827563922,0.02351846713322544,0.007558746603034538,0.07077287778448153
rgb_patch16,Pixel RGB p16,538,0.0005787069563785,2.4488643093960213e-06,0.0005787069563785,0.02349121639567897,0.007549845341021557,0.07069483759776941
rgb_patch16,Pixel RGB p16,539,0.0005755750751693,2.4356113978318107e-06,0.0005755750751693,0.02342905587150512,0.007529542303962639,0.07051679061682485
rgb_patch16,Pixel RGB p16,540,0.0005618754595253,2.3776399160079548e-06,0.0005618754595253,0.023155047118510328,0.007440065733569978,0.06973140144190426
rgb_patch16,Pixel RGB p16,541,0.0005597435762278,2.3686186093492e-06,0.0005597435762278,0.023112093840818734,0.00742604258431794,0.06960820443032206
rgb_patch16,Pixel RGB p16,542,0.0005582024197992,2.3620970306268487e-06,0.0005582024197992,0.023080989234483797,0.007415888246430601,0.06951897773528713
rgb_patch16,Pixel RGB p16,543,0.0005558649298871,2.3522056761922375e-06,0.0005558649298871,0.02303372665773953,0.007400459854881859,0.0693833783913849
rgb_patch16,Pixel RGB p16,544,0.0005532406998607,2.341100948349475e-06,0.0005532406998607,0.02298054234692436,0.0073830995844361156,0.06923075764253403
rgb_patch16,Pixel RGB p16,545,0.0005488925287406,2.3227011676836364e-06,0.0005488925287406,0.022892128324146097,0.007354242570963617,0.06897696567330174
rgb_patch16,Pixel RGB p16,546,0.0005427133858686,2.2965534217906312e-06,0.0005427133858686,0.022765851635441814,0.007313033896128415,0.06861432875385105
rgb_patch16,Pixel RGB p16,547,0.0005359193059667,2.2678034999112306e-06,0.0005359193059667,0.022626137492231628,0.007267448514094695,0.06821288262844506
rgb_patch16,Pixel RGB p16,548,0.0005259568595938,2.2256462749323925e-06,0.0005259568595938,0.02241958423204776,0.007200071332451678,0.06761896122622109
rgb_patch16,Pixel RGB p16,549,0.0005247648173832,2.2206020127325747e-06,0.0005247648173832,0.02239473294501231,0.007191966204405809,0.06754746995412916
rgb_patch16,Pixel RGB p16,550,0.0005192436857598,2.197238716281756e-06,0.0005192436857598,0.02227924385189813,0.007154303661126809,0.06721513897744288
rgb_patch16,Pixel RGB p16,551,0.0005183829738059,2.193596515749441e-06,0.0005183829738059,0.022261182094435585,0.007148414025801595,0.06716315021301814
rgb_patch16,Pixel RGB p16,552,0.0005158539869535,2.182894820230641e-06,0.0005158539869535,0.022208021332221363,0.007131080052585166,0.06701011037321594
rgb_patch16,Pixel RGB p16,553,0.0005091747863613,2.1546310232168765e-06,0.0005091747863613,0.022066962802208087,0.007085091714748144,0.06660386661571849
rgb_patch16,Pixel RGB p16,554,0.000507010349768,2.1454719635842555e-06,0.000507010349768,0.022021044869783162,0.007070123351731814,0.06647157350099638
rgb_patch16,Pixel RGB p16,555,0.0005012024809419,2.1208953060460528e-06,0.0005012024809419,0.021897324431746162,0.007029797617150632,0.06611500051387327
rgb_patch16,Pixel RGB p16,556,0.000500512176106,2.117974202616058e-06,0.000500512176106,0.021882569766024595,0.0070249889084986255,0.06607246413559847
rgb_patch16,Pixel RGB p16,557,0.0004994469363112,2.1134665192615006e-06,0.0004994469363112,0.021859780337235287,0.0070175617753138065,0.06600675916300616
rgb_patch16,Pixel RGB p16,558,0.0004985099475186,2.1095015446103207e-06,0.0004985099475186,0.021839713695344758,0.007011022199895084,0.06594889922991465
rgb_patch16,Pixel RGB p16,559,0.0004970398434459,2.1032806320136214e-06,0.0004970398434459,0.021808190099048174,0.007000749252666653,0.06585799475838457
rgb_patch16,Pixel RGB p16,560,0.0004938873856206,2.089940648157951e-06,0.0004938873856206,0.021740427183385858,0.006978668114541208,0.0656625470355623
rgb_patch16,Pixel RGB p16,561,0.0004934500418978,2.0880899784504265e-06,0.0004934500418978,0.021731008558421732,0.006975599137720161,0.06563537668418251
rgb_patch16,Pixel RGB p16,562,0.0004925318715591,2.0842046362273794e-06,0.0004925318715591,0.021711220681795373,0.006969151561362187,0.0655782902204877
rgb_patch16,Pixel RGB p16,563,0.000486556355242,2.058918559262393e-06,0.000486556355242,0.02158196695691891,0.00692704057215171,0.06520528860438422
rgb_patch16,Pixel RGB p16,564,0.0004829172132941,2.0435191161853523e-06,0.0004829172132941,0.02150284431270616,0.006901266065496131,0.06497685742429736
rgb_patch16,Pixel RGB p16,565,0.0004818895456272,2.039170423563545e-06,0.0004818895456272,0.02148044438251642,0.0068939697158910416,0.06491217409714513
rgb_patch16,Pixel RGB p16,566,0.0004749456142473,2.00978638811053e-06,0.0004749456142473,0.021328431217868832,0.006844460322247852,0.06447305388966111
rgb_patch16,Pixel RGB p16,567,0.000474183282497,2.0065604945997426e-06,0.000474183282497,0.021311672228404528,0.006839002701255309,0.06442462533246811
rgb_patch16,Pixel RGB p16,568,0.0004672705719028,1.977308573452542e-06,0.0004672705719028,0.021159058599203924,0.006789309402548094,0.06398346232419387
rgb_patch16,Pixel RGB p16,569,0.0004659172800639,1.9715819651096632e-06,0.0004659172800639,0.021129044203109144,0.006779537500957039,0.06389666639544392
rgb_patch16,Pixel RGB p16,570,0.0004639866180603,1.963412149243426e-06,0.0004639866180603,0.021086145677181502,0.006765571570503917,0.0637725933067576
rgb_patch16,Pixel RGB p16,571,0.0004534754945221,1.9189331344317997e-06,0.0004534754945221,0.020850943962425445,0.006689014694600238,0.06309194068106402
rgb_patch16,Pixel RGB p16,572,0.0004522978613663,1.9139498457862874e-06,0.0004522978613663,0.0208244165595701,0.006680381737172738,0.06301513118775724
rgb_patch16,Pixel RGB p16,573,0.0004489601807071,1.8998260704412914e-06,0.0004489601807071,0.020749035795428736,0.006655851897879652,0.0627968218648847
rgb_patch16,Pixel RGB p16,574,0.0004478533323368,1.895142315666849e-06,0.0004478533323368,0.0207239734752659,0.006647696875001513,0.06272422409357155
rgb_patch16,Pixel RGB p16,575,0.0004445193159047,1.8810340459156045e-06,0.0004445193159047,0.02064828597165632,0.006623070655664612,0.06250493514076116
rgb_patch16,Pixel RGB p16,576,0.0004392921557228,1.858914723056491e-06,0.0004392921557228,0.02052902367946611,0.006584271882430329,0.062159257747147735
rgb_patch16,Pixel RGB p16,577,0.0004379898865192,1.8534040227983179e-06,0.0004379898865192,0.020499196468875044,0.006574569406427459,0.06207277798052979
rgb_patch16,Pixel RGB p16,578,0.0004372942066283,1.8504601742117193e-06,0.0004372942066283,0.020483243679368986,0.006569380297545723,0.0620265207456511
rgb_patch16,Pixel RGB p16,579,0.0004367851970125,1.8483062421265195e-06,0.0004367851970125,0.020471563097377965,0.006565580921253844,0.06199264940671413
rgb_patch16,Pixel RGB p16,580,0.0004365391817299,1.8472652004758452e-06,0.0004365391817299,0.020465915081582634,0.0065637437970888154,0.06197627070899253
rgb_patch16,Pixel RGB p16,581,0.0004319083029862,1.8276691103449178e-06,0.0004319083029862,0.02035928872929996,0.006529064255631016,0.06166699273419249
rgb_patch16,Pixel RGB p16,582,0.0004298183944314,1.818825424584203e-06,0.0004298183944314,0.020310973627431915,0.006513351764982827,0.06152680607154933
rgb_patch16,Pixel RGB p16,583,0.0004261712660607,1.8033921860506896e-06,0.0004261712660607,0.02022636458685221,0.006485838706285686,0.06128124464638488
rgb_patch16,Pixel RGB p16,584,0.0004219521341035,1.7855384492798782e-06,0.0004219521341035,0.020128014437987354,0.006453861388498537,0.060995694090393446
rgb_patch16,Pixel RGB p16,585,0.0004211763139733,1.7822554781553439e-06,0.0004211763139733,0.020109874076234477,0.006447963753671059,0.06094301251507977
rgb_patch16,Pixel RGB p16,586,0.0004206793264616,1.7801524189710654e-06,0.0004206793264616,0.020098244293504382,0.00644418285905808,0.060909236282869324
rgb_patch16,Pixel RGB p16,587,0.000417324262529,1.7659550843274634e-06,0.000417324262529,0.020019546295834103,0.006418599388619037,0.06068063188568792
rgb_patch16,Pixel RGB p16,588,0.0004140593043374,1.75213904237574e-06,0.0004140593043374,0.019942645355300978,0.006393602809493142,0.06045717558581597
rgb_patch16,Pixel RGB p16,589,0.0004130747650965,1.7479728525940797e-06,0.0004130747650965,0.019919394258611743,0.006386045586871159,0.06038959926386433
rgb_patch16,Pixel RGB p16,590,0.0003993625157253,1.6899479097165877e-06,0.0003993625157253,0.01959251854005146,0.00627982809627764,0.059438887027855394
rgb_patch16,Pixel RGB p16,591,0.000394427415065,1.6690644699426564e-06,0.000394427415065,0.019473450200487675,0.006241149078356486,0.05909225843513107
rgb_patch16,Pixel RGB p16,592,0.0003937827290188,1.6663364076100652e-06,0.0003937827290188,0.019457838941504317,0.006236078277741014,0.059046798651446256
rgb_patch16,Pixel RGB p16,593,0.0003921676344087,1.6595019510627951e-06,0.0003921676344087,0.019418670568531783,0.0062233562115452876,0.058932727891756624
rgb_patch16,Pixel RGB p16,594,0.0003915356768981,1.6568277509763684e-06,0.0003915356768981,0.019403321885629786,0.006218371077668377,0.05888802258832489
rgb_patch16,Pixel RGB p16,595,0.000390748995794,1.6534988204054237e-06,0.000390748995794,0.019384197360051352,0.006212159727582839,0.05883231560092008
rgb_patch16,Pixel RGB p16,596,0.0003900662690296,1.6506097844469287e-06,0.0003900662690296,0.019367583790360014,0.006206764030755407,0.058783919076932215
rgb_patch16,Pixel RGB p16,597,0.0003888753106778,1.6455701087189035e-06,0.0003888753106778,0.019338566650610567,0.006197340243979666,0.05869938205541766
rgb_patch16,Pixel RGB p16,598,0.0003870950809016,1.6380368639334219e-06,0.0003870950809016,0.01929510600113491,0.006183226401999787,0.05857274701781404
rgb_patch16,Pixel RGB p16,599,0.0003868587646798,1.6370368649617166e-06,0.0003868587646798,0.019289329029250103,0.006181350394910059,0.05855591243690496
rgb_patch16,Pixel RGB p16,600,0.0003855082756918,1.631322117201224e-06,0.0003855082756918,0.019256279841836716,0.00617061832919008,0.05845959656895191
rgb_patch16,Pixel RGB p16,601,0.0003827597600272,1.61969146054388e-06,0.0003827597600272,0.0191888319360728,0.006148717489520369,0.05826299085731826
rgb_patch16,Pixel RGB p16,602,0.0003747145838252,1.5856473823679916e-06,0.0003747145838252,0.01898994714063945,0.006084150023647243,0.05768293553412645
rgb_patch16,Pixel RGB p16,603,0.0003655743757143,1.546969552118107e-06,0.0003655743757143,0.0187612836337514,0.006009936955733654,0.057015436924554894
rgb_patch16,Pixel RGB p16,604,0.0003636517425765,1.538833711310724e-06,0.0003636517425765,0.018712808222602892,0.005994207211774484,0.05687384937498087
rgb_patch16,Pixel RGB p16,605,0.0003605734440445,1.5258075409397038e-06,0.0003605734440445,0.01863491733769677,0.005968934678415843,0.056646285009204614
rgb_patch16,Pixel RGB p16,606,0.0003573498239718,1.51216642594e-06,0.0003573498239718,0.01855297876468501,0.005942351772039477,0.0564068154620506
rgb_patch16,Pixel RGB p16,607,0.0003563830806653,1.5080755416789044e-06,0.0003563830806653,0.018528331255054875,0.005934356098542329,0.05633476592963304
rgb_patch16,Pixel RGB p16,608,0.0003555048971804,1.5043594083759101e-06,0.0003555048971804,0.018505911545769776,0.005927083362476734,0.05626922228380664
rgb_patch16,Pixel RGB p16,609,0.0003536317307157,1.4964328914222048e-06,0.0003536317307157,0.01845799413150025,0.005911540175553753,0.05612911603538411
rgb_patch16,Pixel RGB p16,610,0.0003524964722683,1.4916289161750852e-06,0.0003524964722683,0.01842888905372932,0.005902099734291048,0.05604400175225515
rgb_patch16,Pixel RGB p16,611,0.0003510047647681,1.4853165862176951e-06,0.0003510047647681,0.018390571570496794,0.005889671763346606,0.05593193119120927
rgb_patch16,Pixel RGB p16,612,0.0003504694898002,1.4830515093076015e-06,0.0003504694898002,0.01837680138995312,0.005885205675897209,0.0558916519531809
rgb_patch16,Pixel RGB p16,613,0.0003496150316728,1.4794357725534462e-06,0.0003496150316728,0.018354797473254594,0.005878069314722404,0.055827283375233586
rgb_patch16,Pixel RGB p16,614,0.0003492934117374,1.4780748012149986e-06,0.0003492934117374,0.01834650793013866,0.005875380887315543,0.055803032250885475
rgb_patch16,Pixel RGB p16,615,0.0003489443829071,1.47659784602023e-06,0.0003489443829071,0.01833750746291504,0.0058724619311415855,0.05577670036554373
rgb_patch16,Pixel RGB p16,616,0.0003480717552294,1.472905222747333e-06,0.0003480717552294,0.018314984422615574,0.0058651576067289815,0.05571080234208683
rgb_patch16,Pixel RGB p16,617,0.0003459730206899,1.464024188828472e-06,0.0003459730206899,0.018260694702268543,0.005847552139913283,0.05555193582808238
rgb_patch16,Pixel RGB p16,618,0.0003452361351036,1.4609059736549564e-06,0.0003452361351036,0.018241592598829737,0.005841357885159804,0.055496029334656534
rgb_patch16,Pixel RGB p16,619,0.0003390811022727,1.434860252143198e-06,0.0003390811022727,0.018081204835807645,0.005789355276650136,0.05502644405813218
rgb_patch16,Pixel RGB p16,620,0.0003381285197868,1.4308292910051563e-06,0.0003381285197868,0.0180562480687153,0.005781264569283014,0.05495334714358755
rgb_patch16,Pixel RGB p16,621,0.0003336137636074,1.411724586713116e-06,0.0003336137636074,0.01793746729063812,0.005742760988785103,0.054605341084801126
rgb_patch16,Pixel RGB p16,622,0.0003333602302725,1.4106517315690133e-06,0.0003333602302725,0.017930772347788657,0.0057405909669689704,0.05458572099772448
rgb_patch16,Pixel RGB p16,623,0.0003215550435666,1.3606967412734983e-06,0.0003215550435666,0.01761606542365939,0.005638608172792897,0.053662828745283886
rgb_patch16,Pixel RGB p16,624,0.0003194077628787,1.3516102788059306e-06,0.0003194077628787,0.01755818308015191,0.005619855865450822,0.05349295441199531
rgb_patch16,Pixel RGB p16,625,0.0003165511255447,1.3395220930065095e-06,0.0003165511255447,0.017480866160919418,0.00559480962701537,0.0532659791535096
rgb_patch16,Pixel RGB p16,626,0.0003147542247093,1.3319183027378178e-06,0.0003147542247093,0.017432046649388272,0.005578996291383195,0.05312262458395033
rgb_patch16,Pixel RGB p16,627,0.0003130362402809,1.324648456221483e-06,0.0003130362402809,0.017385236162886886,0.005563834710989916,0.05298514196177624
rgb_patch16,Pixel RGB p16,628,0.0003125073760214,1.3224105069531533e-06,0.0003125073760214,0.017370799280703855,0.0055591589067153415,0.05294273535785878
rgb_patch16,Pixel RGB p16,629,0.0003117164393158,1.3190635683204194e-06,0.0003117164393158,0.017349184763577184,0.005552158591201993,0.05287924054483477
rgb_patch16,Pixel RGB p16,630,0.0003100205438735,1.3118871938612196e-06,0.0003100205438735,0.01730274392100483,0.005537118456864006,0.052742796558046416
rgb_patch16,Pixel RGB p16,631,0.0003087673781283,1.306584280472408e-06,0.0003087673781283,0.01726834241020127,0.005525977952673764,0.05264170730129508
rgb_patch16,Pixel RGB p16,632,0.0003083112618836,1.3046541727032334e-06,0.0003083112618836,0.017255803327999218,0.005521917457731021,0.05260485745083714
rgb_patch16,Pixel RGB p16,633,0.000306605862193,1.2974375799363167e-06,0.000306605862193,0.017208835006791337,0.005506708467537304,0.05246680984121732
rgb_patch16,Pixel RGB p16,634,0.0003032822390911,1.2833732907439752e-06,0.0003032822390911,0.01711690942009204,0.005476944555210533,0.0521965471973457
rgb_patch16,Pixel RGB p16,635,0.0002992914764156,1.2664859245639326e-06,0.0002992914764156,0.017005840897732844,0.005440987542298428,0.051869865781160415
rgb_patch16,Pixel RGB p16,636,0.000298801305126,1.2644117089987633e-06,0.000298801305126,0.016992146070641763,0.005436554399931751,0.05182957525092444
rgb_patch16,Pixel RGB p16,637,0.0002951395831729,1.2489167160614161e-06,0.0002951395831729,0.016889472148624882,0.005403320575957759,0.05152743262711432
rgb_patch16,Pixel RGB p16,638,0.0002942019394355,1.2449489699368201e-06,0.0002942019394355,0.016863075072121234,0.0053947770485513235,0.051449731986060586
rgb_patch16,Pixel RGB p16,639,0.0002902803249832,1.2283542123283285e-06,0.0002902803249832,0.01675219751114173,0.005358894456250474,0.05112326684116018
rgb_patch16,Pixel RGB p16,640,0.0002886604737494,1.2214996275868425e-06,0.0002886604737494,0.016706172937141085,0.0053440014356692786,0.05098770885289076
rgb_patch16,Pixel RGB p16,641,0.0002864639069719,1.2122046054252174e-06,0.0002864639069719,0.016643548534019885,0.005323738424911768,0.050803216907482254
rgb_patch16,Pixel RGB p16,642,0.0002831755982702,1.1982897531340646e-06,0.0002831755982702,0.01654933291773685,0.005293256937323106,0.050525566141800676
rgb_patch16,Pixel RGB p16,643,0.0002807828846323,1.188164713222455e-06,0.0002807828846323,0.01648042189011551,0.005270964734059346,0.0503224181194324
rgb_patch16,Pixel RGB p16,644,0.0002802254543056,1.185805883391597e-06,0.0002802254543056,0.016464324179453642,0.00526575755091166,0.05027495403942314
rgb_patch16,Pixel RGB p16,645,0.0002798926080019,1.1843974063987746e-06,0.0002798926080019,0.01645470421529131,0.005262645802576123,0.05024658806384933
rgb_patch16,Pixel RGB p16,646,0.000278871636173,1.1800770479770648e-06,0.000278871636173,0.016425159050575094,0.00525308915293241,0.05015946237963371
rgb_patch16,Pixel RGB p16,647,0.0002784859613104,1.1784450209284134e-06,0.0002784859613104,0.01641398375146702,0.0052494745035687,0.050126504757585365
rgb_patch16,Pixel RGB p16,648,0.0002783168879576,1.1777295678052422e-06,0.0002783168879576,0.016409082169118818,0.005247889104881159,0.05011204877567342
rgb_patch16,Pixel RGB p16,649,0.000277606623372,1.1747240024241238e-06,0.000277606623372,0.0163884741689204,0.005241223640996144,0.05005126743469648
rgb_patch16,Pixel RGB p16,650,0.0002748969498988,1.1632577109176902e-06,0.0002748969498988,0.016309603093433975,0.005215715288056314,0.04981859634909577
rgb_patch16,Pixel RGB p16,651,0.0002721673773046,1.1517072140173731e-06,0.0002721673773046,0.016229745922048372,0.005189890848203125,0.049582938149661686
rgb_patch16,Pixel RGB p16,652,0.0002713419178692,1.1482141885267944e-06,0.0002713419178692,0.016205514692815736,0.005182055448137293,0.049511416338343
rgb_patch16,Pixel RGB p16,653,0.0002639647179876,1.116996728127865e-06,0.0002639647179876,0.01598724639511493,0.005111488135830184,0.048866840862561475
rgb_patch16,Pixel RGB p16,654,0.0002632396031863,1.1139283223699138e-06,0.0002632396031863,0.015965623522383288,0.005104498504367285,0.04880295361026225
rgb_patch16,Pixel RGB p16,655,0.0002630703387158,1.113212060510457e-06,0.0002630703387158,0.015960571645031525,0.005102865506283843,0.04878802642821654
rgb_patch16,Pixel RGB p16,656,0.0002626500810549,1.111433692417271e-06,0.0002626500810549,0.015948021354147697,0.005098808726963417,0.04875094172557189
rgb_patch16,Pixel RGB p16,657,0.0002545627695466,1.077211313900206e-06,0.0002545627695466,0.015704458333548436,0.005020092901162837,0.048030854831252016
rgb_patch16,Pixel RGB p16,658,0.0002520304037398,1.0664953199515322e-06,0.0002520304037398,0.015627373634842595,0.004995185832064176,0.04780280334655481
rgb_patch16,Pixel RGB p16,659,0.00025137865749,1.0637373815643635e-06,0.00025137865749,0.015607470065900608,0.004988755161071997,0.04774390762074533
rgb_patch16,Pixel RGB p16,660,0.0002510937864999,1.0625319175678638e-06,0.0002510937864999,0.015598762082743401,0.004985941742659176,0.0477181386903862
rgb_patch16,Pixel RGB p16,661,0.000251008493056,1.0621709886585253e-06,0.000251008493056,0.015596153827971948,0.004985099061354622,0.04771042008031337
rgb_patch16,Pixel RGB p16,662,0.0002501488055693,1.0585331232756926e-06,0.0002501488055693,0.015569839217212843,0.004976597442761582,0.04763254252377151
rgb_patch16,Pixel RGB p16,663,0.000245279901043,1.0379297999720853e-06,0.000245279901043,0.015419916695698773,0.0049281669766504995,0.04718868623972192
rgb_patch16,Pixel RGB p16,664,0.0002429336348469,1.0280013076934927e-06,0.0002429336348469,0.015347123157049416,0.004904655616244039,0.04697307534233026
rgb_patch16,Pixel RGB p16,665,0.0002408409529819,1.0191458863552237e-06,0.0002408409529819,0.01528189084346898,0.004883588442058748,0.04677980460286463
rgb_patch16,Pixel RGB p16,666,0.0002404514181744,1.017497525510689e-06,0.0002404514181744,0.01526971620598096,0.004879656778810057,0.04674372766020484
rgb_patch16,Pixel RGB p16,667,0.0002361841090493,9.994399215741253e-07,0.0002361841090493,0.01513567326313455,0.004836373480127736,0.04634639837334676
rgb_patch16,Pixel RGB p16,668,0.0002358869678203,9.981825346660743e-07,0.0002358869678203,0.015126293298676442,0.004833344931491783,0.04631858598948264
rgb_patch16,Pixel RGB p16,669,0.0002351165215692,9.949223037221893e-07,0.0002351165215692,0.015101943955261992,0.004825483339625741,0.04624638303842843
rgb_patch16,Pixel RGB p16,670,0.0002334255277273,9.877666709426017e-07,0.0002334255277273,0.015048356931336186,0.004808182806278141,0.04608745584765522
rgb_patch16,Pixel RGB p16,671,0.0002320020523563,9.81743073000803e-07,0.0002320020523563,0.015003092279319188,0.004793570142909518,0.04595318316784967
rgb_patch16,Pixel RGB p16,672,0.0002309731182175,9.773890211590995e-07,0.0002309731182175,0.014970284397173388,0.004782979435617676,0.04585584623046818
rgb_patch16,Pixel RGB p16,673,0.0002301606454278,9.739509501369318e-07,0.0002301606454278,0.014944325236636379,0.00477459990328173,0.04577881912453796
rgb_patch16,Pixel RGB p16,674,0.0002280792849046,9.651434363442055e-07,0.0002280792849046,0.014877608017175038,0.0047530651812468586,0.04558081456854116
rgb_patch16,Pixel RGB p16,675,0.0002271486915905,9.61205524887735e-07,0.0002271486915905,0.014847676808035394,0.004743404748135155,0.04549196620486798
rgb_patch16,Pixel RGB p16,676,0.0002230251081648,9.437561125958788e-07,0.0002230251081648,0.014714281729053202,0.004700355740159778,0.04509585821733427
rgb_patch16,Pixel RGB p16,677,0.0002224027873912,9.411226914581725e-07,0.0002224027873912,0.014694040168221923,0.004693824115075074,0.04503573286988791
rgb_patch16,Pixel RGB p16,678,0.0002221487117289,9.40047541393991e-07,0.0002221487117289,0.014685767741813835,0.004691154789120943,0.0450111590616461
rgb_patch16,Pixel RGB p16,679,0.0002208058977151,9.343652711597952e-07,0.0002208058977151,0.014641966081672156,0.004677021486846722,0.044881029034165944
rgb_patch16,Pixel RGB p16,680,0.0002144287212708,9.073795236808014e-07,0.0002144287212708,0.014432050822926519,0.0046093008577391655,0.044257061570663586
rgb_patch16,Pixel RGB p16,681,0.0002131795576946,9.020935459253294e-07,0.0002131795576946,0.014390557983790332,0.0045959172030954525,0.044133660197710485
rgb_patch16,Pixel RGB p16,682,0.0002115839208492,8.95341427122559e-07,0.0002115839208492,0.014337374181319886,0.004578763710494355,0.04397545802281832
rgb_patch16,Pixel RGB p16,683,0.0002103558062173,8.901445203690483e-07,0.0002103558062173,0.01429629953474785,0.004565516673720848,0.0438532519600251
rgb_patch16,Pixel RGB p16,684,0.0002090437404304,8.84592364754355e-07,0.0002090437404304,0.014252280619696368,0.004551320911308824,0.04372226267736901
rgb_patch16,Pixel RGB p16,685,0.0002086765377876,8.830385050048608e-07,0.0002086765377876,0.01423993579111556,0.004547339953735705,0.04368552321146303
rgb_patch16,Pixel RGB p16,686,0.0002082138897167,8.810807570701757e-07,0.0002082138897167,0.014224366309180083,0.004542319207440722,0.04363918413573606
rgb_patch16,Pixel RGB p16,687,0.0002073143771561,8.772743673573379e-07,0.0002073143771561,0.014194044038575273,0.0045325413866772425,0.04354892800021481
rgb_patch16,Pixel RGB p16,688,0.0002050746818848,8.677968420686626e-07,0.0002050746818848,0.01411824944396754,0.004508102198995129,0.043323270414348046
rgb_patch16,Pixel RGB p16,689,0.0001991730755176,8.428235234633684e-07,0.0001991730755176,0.013916467855671176,0.004443052268051609,0.04272217112663359
rgb_patch16,Pixel RGB p16,690,0.0001989581379401,8.419139906566752e-07,0.0001989581379401,0.01390906132325385,0.0044406649102644614,0.042700097673992736
rgb_patch16,Pixel RGB p16,691,0.000196238257378,8.304045066925834e-07,0.000196238257378,0.01381497937780172,0.004410341471820058,0.042419648503082025
rgb_patch16,Pixel RGB p16,692,0.0001957179771112,8.28202881565727e-07,0.0001957179771112,0.013796906453653385,0.004404516860389633,0.0423657621794909
rgb_patch16,Pixel RGB p16,693,0.0001947324252577,8.240324067986728e-07,0.0001947324252577,0.01376260364218441,0.004393462018201941,0.042263473492115365
rgb_patch16,Pixel RGB p16,694,0.0001919217506365,8.121387174463711e-07,0.0001919217506365,0.013664283314651573,0.004361779011396416,0.041970207194365096
rgb_patch16,Pixel RGB p16,695,0.0001916918658821,8.111659339604989e-07,0.0001916918658821,0.013656209081983948,0.004359177340012307,0.04194611828515207
rgb_patch16,Pixel RGB p16,696,0.0001911131503738,8.087170334626742e-07,0.0001911131503738,0.013635860833787832,0.004352620875925544,0.04188540708382805
rgb_patch16,Pixel RGB p16,697,0.0001890006509953,7.997777520619398e-07,0.0001890006509953,0.013561313207346526,0.004328602256772561,0.04166294183140864
rgb_patch16,Pixel RGB p16,698,0.0001848360224906,7.821546528497321e-07,0.0001848360224906,0.013413084437962002,0.004280851534417354,0.041220390015547496
rgb_patch16,Pixel RGB p16,699,0.0001838223173478,7.77865044236784e-07,0.0001838223173478,0.013376745541898183,0.0042691467382759505,0.041111854525876894
rgb_patch16,Pixel RGB p16,700,0.0001816891985711,7.688385095072679e-07,0.0001816891985711,0.01329994083093027,0.00424440979262589,0.0408824028858653
rgb_patch16,Pixel RGB p16,701,0.0001793963471893,7.591360480909116e-07,0.0001793963471893,0.013216866870283908,0.00421765662447547,0.040634138648305757
rgb_patch16,Pixel RGB p16,702,0.000178219937028,7.541579346857321e-07,0.000178219937028,0.013174031946310094,0.004203863248572031,0.04050609377504326
rgb_patch16,Pixel RGB p16,703,0.0001772347174248,7.499888658736134e-07,0.0001772347174248,0.013138046794749622,0.004192276214377958,0.04039850684952474
rgb_patch16,Pixel RGB p16,704,0.0001770185763708,7.490742404192242e-07,0.0001770185763708,0.013130138522157562,0.004189729868292195,0.04037486083943775
rgb_patch16,Pixel RGB p16,705,0.0001763692333424,7.463264715367575e-07,0.0001763692333424,0.013106350199197972,0.004182070549818043,0.0403037281859321
rgb_patch16,Pixel RGB p16,706,0.0001758610490191,7.441760317706421e-07,0.0001758610490191,0.013087701783195972,0.004176066344503219,0.040247960081259866
rgb_patch16,Pixel RGB p16,707,0.0001757135100343,7.435517037750323e-07,0.0001757135100343,0.013082282490739474,0.004174321531203699,0.04023175286214242
rgb_patch16,Pixel RGB p16,708,0.0001698495175182,7.187375524589549e-07,0.0001698495175182,0.012864968384193915,0.004104365114152176,0.03958153740974033
rgb_patch16,Pixel RGB p16,709,0.0001692484607768,7.161941124921238e-07,0.0001692484607768,0.012842477782790499,0.004097126276121818,0.03951421037475852
rgb_patch16,Pixel RGB p16,710,0.0001658919267274,7.019905568820679e-07,0.0001658919267274,0.012716121562686184,0.004056461365227134,0.039135836570861456
rgb_patch16,Pixel RGB p16,711,0.0001629826919972,6.896797992180759e-07,0.0001629826919972,0.01260553927583394,0.0040208787562738485,0.03880453267308732
rgb_patch16,Pixel RGB p16,712,0.0001628759486833,6.892281027440743e-07,0.0001628759486833,0.012601462712116351,0.004019567123954147,0.03879231636387706
rgb_patch16,Pixel RGB p16,713,0.0001606714514799,6.798995220832281e-07,0.0001606714514799,0.012516963970648175,0.003992381357342653,0.0385390502999033
rgb_patch16,Pixel RGB p16,714,0.0001597096042318,6.758293560501412e-07,0.0001597096042318,0.012479910084105017,0.0039804610156987845,0.03842796114570833
rgb_patch16,Pixel RGB p16,715,0.0001574402382653,6.662262758399129e-07,0.0001574402382653,0.012392029973494648,0.003952192167656471,0.03816442345732426
rgb_patch16,Pixel RGB p16,716,0.00015716189704,6.650484432858751e-07,0.00015716189704,0.012381206773641028,0.003948710850164012,0.03813195975271795
rgb_patch16,Pixel RGB p16,717,0.0001543326205609,6.530760380560509e-07,0.0001543326205609,0.012270629219435924,0.003913146197084666,0.03780020250279121
rgb_patch16,Pixel RGB p16,718,0.0001526501594798,6.459565126243245e-07,0.0001526501594798,0.012204380160070239,0.003891841353115183,0.03760136655163806
rgb_patch16,Pixel RGB p16,719,0.0001506219080855,6.37373736151295e-07,0.0001506219080855,0.01212401597759468,0.0038659998799356245,0.03736009180544803
rgb_patch16,Pixel RGB p16,720,0.0001502567834361,6.358286696672286e-07,0.0001502567834361,0.012109490120736732,0.0038613293293205666,0.037316472582750615
rgb_patch16,Pixel RGB p16,721,0.0001473769106506,6.236421604119307e-07,0.0001473769106506,0.011994280004798097,0.003824288722759798,0.036970417278725215
rgb_patch16,Pixel RGB p16,722,0.0001453899843294,6.152342556861341e-07,0.0001453899843294,0.011914119132454016,0.0037985200877942446,0.03672953982439676
rgb_patch16,Pixel RGB p16,723,0.0001448394685804,6.129046856772939e-07,0.0001448394685804,0.01189180996331693,0.0037913490552263277,0.03666248795077357
rgb_patch16,Pixel RGB p16,724,0.0001441987117708,6.101932503562959e-07,0.0001441987117708,0.011865789122457164,0.003782985226019254,0.03658427240217375
rgb_patch16,Pixel RGB p16,725,0.0001423264570579,6.022705915840372e-07,0.0001423264570579,0.011789416746764625,0.003758438731763848,0.03635465657352529
rgb_patch16,Pixel RGB p16,726,0.000142200349752,6.017369541753819e-07,0.000142200349752,0.01178425418886141,0.0037567795510140395,0.03633913252054735
rgb_patch16,Pixel RGB p16,727,0.0001377372507536,5.828508431203518e-07,0.0001377372507536,0.011600011948581354,0.00369757415756572,0.03578488614353529
rgb_patch16,Pixel RGB p16,728,0.000136772651477,5.787690315656449e-07,0.000136772651477,0.011559792442629125,0.003684651804424907,0.03566383859902938
rgb_patch16,Pixel RGB p16,729,0.0001367061985951,5.784878286373791e-07,0.0001367061985951,0.011557016317872657,0.003683759873990993,0.035655482614618296
rgb_patch16,Pixel RGB p16,730,0.0001296353665542,5.485667986033653e-07,0.0001296353665542,0.011257576801749611,0.003587574139628634,0.03475361099180996
rgb_patch16,Pixel RGB p16,731,0.000128948169612,5.456588465790613e-07,0.000128948169612,0.011228034421635698,0.0035780867098689838,0.03466457151492222
rgb_patch16,Pixel RGB p16,732,0.0001280897868228,5.420265021720988e-07,0.0001280897868228,0.011191019526307883,0.0035662000537209568,0.03455299451902002
rgb_patch16,Pixel RGB p16,733,0.0001252420541452,5.299759974390707e-07,0.0001252420541452,0.01106730368025872,0.0035264753737910947,0.03417994124810919
rgb_patch16,Pixel RGB p16,734,0.0001250627921989,5.292174301236299e-07,0.0001250627921989,0.011059468023183612,0.0035239596026356273,0.034156307011599406
rgb_patch16,Pixel RGB p16,735,0.0001246400836644,5.274286908800376e-07,0.0001246400836644,0.01104096840010765,0.0035180200913445888,0.03410050457157576
rgb_patch16,Pixel RGB p16,736,0.0001226633326305,5.190638440398118e-07,0.0001226633326305,0.010954028293808218,0.0034901090236172114,0.03383819919693063
rgb_patch16,Pixel RGB p16,737,0.0001218902905445,5.157926285252909e-07,0.0001218902905445,0.010919834317718225,0.0034791323779919787,0.03373500679035486
rgb_patch16,Pixel RGB p16,738,0.0001209872973763,5.119715102255014e-07,0.0001209872973763,0.01087975160722592,0.003466266041693387,0.03361402406564324
rgb_patch16,Pixel RGB p16,739,0.0001173248725009,4.964735427924898e-07,0.0001173248725009,0.010715592986040797,0.0034135794130651406,0.0331183258139095
rgb_patch16,Pixel RGB p16,740,0.0001133737546837,4.797539383396424e-07,0.0001133737546837,0.01053553193969256,0.0033558026096375472,0.032574212451995814
rgb_patch16,Pixel RGB p16,741,0.0001125358789803,4.762083719987664e-07,0.0001125358789803,0.010496938337520058,0.003343420813453544,0.03245753534160471
rgb_patch16,Pixel RGB p16,742,0.0001121620871771,4.7462662946757316e-07,0.0001121620871771,0.010479673709828542,0.0033378821006715817,0.03240533433764858
rgb_patch16,Pixel RGB p16,743,0.0001083692631638,4.585768632506354e-07,0.0001083692631638,0.010302803111485676,0.0032811473423154085,0.03187033212324989
rgb_patch16,Pixel RGB p16,744,0.0001075589702669,4.5514801669279703e-07,0.0001075589702669,0.01026460916609038,0.0032688976898959912,0.0317547496490217
rgb_patch16,Pixel RGB p16,745,0.000106335575556,4.4997108282185283e-07,0.000106335575556,0.010206664008682545,0.0032503146123551755,0.03157936041412598
rgb_patch16,Pixel RGB p16,746,0.0001035264118464,4.380837870638412e-07,0.0001035264118464,0.010072309301513307,0.0032072326106178926,0.03117252816616943
rgb_patch16,Pixel RGB p16,747,0.0001013459702671,4.2885700051251704e-07,0.0001013459702671,0.009966737688598619,0.003173385749379271,0.030852690109676156
rgb_patch16,Pixel RGB p16,748,9.960490392851368e-05,4.214894802678386e-07,9.960490392851368e-05,0.009881604997558165,0.003146095306375362,0.030594669352892446
rgb_patch16,Pixel RGB p16,749,9.929416499856962e-05,4.201745531416089e-07,9.929416499856962e-05,0.00986633125791752,0.003141199439648577,0.03054836775540661
rgb_patch16,Pixel RGB p16,750,9.711743144561534e-05,4.109634575255263e-07,9.711743144561534e-05,0.009758647980314844,0.0031066854066662945,0.030221846151062756
rgb_patch16,Pixel RGB p16,751,9.404937507864296e-05,3.979806280407881e-07,9.404937507864296e-05,0.009604759652367265,0.00305737087326211,0.029754961168126814
rgb_patch16,Pixel RGB p16,752,9.280067364246929e-05,3.9269660588340235e-07,9.280067364246929e-05,0.009541395401599992,0.003037068415859448,0.029562630574136602
rgb_patch16,Pixel RGB p16,753,9.127944368549994e-05,3.862593482922394e-07,9.127944368549994e-05,0.0094636120054599,0.0030121483597953286,0.029326462689552867
rgb_patch16,Pixel RGB p16,754,8.599710955703415e-05,3.6390655060261933e-07,8.599710955703415e-05,0.009188255705821366,0.002923951811850137,0.028489793079651046
rgb_patch16,Pixel RGB p16,755,8.571773734547768e-05,3.627243553129705e-07,8.571773734547768e-05,0.009173455995784554,0.0029192124151707372,0.028444796523287297
rgb_patch16,Pixel RGB p16,756,8.364256018176538e-05,3.539430071092261e-07,8.364256018176538e-05,0.009062746131797651,0.0028837622171526134,0.028108108266007795
rgb_patch16,Pixel RGB p16,757,8.304621039618235e-05,3.5141948516131456e-07,8.304621039618235e-05,0.009030673103997345,0.0028734931819469223,0.02801053898432225
rgb_patch16,Pixel RGB p16,758,8.2835130056952e-05,3.5052627469709074e-07,8.2835130056952e-05,0.009019292651844256,0.002869849535621,0.02797591534720038
rgb_patch16,Pixel RGB p16,759,7.639699106218313e-05,3.2328255725176506e-07,7.639699106218313e-05,0.008664802203363426,0.002756381920728573,0.026896583889231006
rgb_patch16,Pixel RGB p16,760,7.286968859873895e-05,3.083563756740832e-07,7.286968859873895e-05,0.008464121530405756,0.0026921712683019737,0.026284842991185452
rgb_patch16,Pixel RGB p16,761,7.179265234220358e-05,3.0379877424993524e-07,7.179265234220358e-05,0.008401865026982164,0.0026722550114034976,0.02609495865762805
rgb_patch16,Pixel RGB p16,762,7.007559641917618e-05,2.965328568096951e-07,7.007559641917618e-05,0.008301622941171977,0.0026401905052460058,0.025789111545489865
rgb_patch16,Pixel RGB p16,763,6.38763466797548e-05,2.70300026420194e-07,6.38763466797548e-05,0.007928898053290003,0.0025210055017998332,0.024650752865618734
rgb_patch16,Pixel RGB p16,764,6.169286625066722e-05,2.610603806303478e-07,6.169286625066722e-05,0.007793268570879722,0.0024776508672701425,0.024236071950514696
rgb_patch16,Pixel RGB p16,765,6.041711542046763e-05,2.556618958854802e-07,6.041711542046763e-05,0.007712893619758497,0.0024519624316234005,0.02399021633364447
rgb_patch16,Pixel RGB p16,766,5.430843340587285e-05,2.2981231312496731e-07,5.430843340587285e-05,0.007315514442535582,0.002324998771927421,0.0227734534573855
rgb_patch16,Pixel RGB p16,767,5.3698719695824766e-05,2.2723224021063788e-07,5.3698719695824766e-05,0.007274632945822947,0.002311940963342435,0.02264815877919129
rgb_patch16,Pixel RGB p16,768,4.885481689033917e-05,2.0673471453241082e-07,4.885481689033917e-05,0.006941106374534766,0.002205437870161142,0.02162514252711896
vae_latent_patch2,VAE latent p2,1,4.254253995409884,0.38423169130720186,4.254253995409884,0.6734783757833511,0.39476340539557575,0.8670648385769917
vae_latent_patch2,VAE latent p2,2,1.1343472907966885,0.10245090644395363,1.1343472907966885,0.5157519620507699,0.25194534944513153,0.7710626516117061
vae_latent_patch2,VAE latent p2,3,1.0020152720727733,0.09049906825487358,1.0020152720727733,0.5002516554957644,0.24043686166143713,0.7599306188733321
vae_latent_patch2,VAE latent p2,4,0.7102893692078308,0.06415124389439654,0.7102893692078308,0.4573435889794415,0.21043024521514134,0.7271580435057385
vae_latent_patch2,VAE latent p2,5,0.571159839820837,0.05158547456214274,0.571159839820837,0.43044321214393083,0.19289066198651586,0.7050056174967368
vae_latent_patch2,VAE latent p2,6,0.5371368800235881,0.04851262103711141,0.5371368800235881,0.422931399911299,0.18815494468069116,0.6985792260738551
vae_latent_patch2,VAE latent p2,7,0.5152533752412408,0.04653616733610468,0.5152533752412408,0.41786395679900445,0.18499871651501174,0.6941820577487315
vae_latent_patch2,VAE latent p2,8,0.4775765847920292,0.04313331058778944,0.4775765847920292,0.40865812985456024,0.1793425800425639,0.6860630091810257
vae_latent_patch2,VAE latent p2,9,0.4511617095847739,0.04074759685572195,0.4511617095847739,0.40180143513761035,0.1751935674184815,0.6799033824861098
vae_latent_patch2,VAE latent p2,10,0.3235950797972229,0.02922615456042995,0.3235950797972229,0.3625921313789238,0.152461560092203,0.6427135736887849
vae_latent_patch2,VAE latent p2,11,0.2667335025812118,0.02409058437405277,0.2667335025812118,0.3405705665454864,0.14039113068305673,0.6202336173649712
vae_latent_patch2,VAE latent p2,12,0.2237136867684803,0.02020516131109398,0.2237136867684803,0.32110591331764315,0.13010998409525598,0.5993118009478011
vae_latent_patch2,VAE latent p2,13,0.2203895616874771,0.019904936123935756,0.2203895616874771,0.31947635964907906,0.12926514558659988,0.5975130052935642
vae_latent_patch2,VAE latent p2,14,0.1467912218226115,0.013257750827949452,0.1467912218226115,0.2770039524161009,0.1080645985314078,0.5478334088291479
vae_latent_patch2,VAE latent p2,15,0.1410051156382763,0.012735166758524145,0.1410051156382763,0.27299506371248505,0.1061417158510774,0.5428478951625165
vae_latent_patch2,VAE latent p2,16,0.0966834645178498,0.008732165764718074,0.0966834645178498,0.23718837724753686,0.08952496205879223,0.4957841254253881
dino_rae_patch,RAE-DINO patch,1,11.87245345536069,0.014960674827697293,11.87245345536069,0.7750606441571396,0.5214413160318965,0.9159386877262814
dino_rae_patch,RAE-DINO patch,2,7.874344141476333,0.009922591200289666,7.874344141476333,0.7372656731414333,0.47016359071328206,0.8987213584933309
dino_rae_patch,RAE-DINO patch,3,7.189066561314664,0.009059061595220474,7.189066561314664,0.7283526592728449,0.45884038268669713,0.8945018180977422
dino_rae_patch,RAE-DINO patch,4,6.851991166347111,0.00863430731882024,6.851991166347111,0.7235759957907972,0.45288447643928753,0.8922143806248559
dino_rae_patch,RAE-DINO patch,5,6.204198650594693,0.007818013262968455,6.204198650594693,0.7135345926764017,0.4406118139575652,0.8873451871048006
dino_rae_patch,RAE-DINO patch,6,5.832312310344082,0.007349393139059723,5.832312310344082,0.7071757813378199,0.4330087896690835,0.8842184906676457
dino_rae_patch,RAE-DINO patch,7,5.5326320042208215,0.006971761032180372,5.5326320042208215,0.7016844172543661,0.4265452143514231,0.8814908420344858
dino_rae_patch,RAE-DINO patch,8,5.195181828478163,0.00654653448833103,5.195181828478163,0.695056328026674,0.41886686977796767,0.8781640933569987
dino_rae_patch,RAE-DINO patch,9,4.582819500690895,0.005774886597926326,4.582819500690895,0.6816049238847458,0.40368472164776725,0.871294115192883
dino_rae_patch,RAE-DINO patch,10,4.4082095203968645,0.005554857675793967,4.4082095203968645,0.6773749837054135,0.39901805039163524,0.8691002647604028
dino_rae_patch,RAE-DINO patch,11,4.284921585717722,0.005399500511594665,4.284921585717722,0.674267654184772,0.39562180863351537,0.8674782518414308
dino_rae_patch,RAE-DINO patch,12,4.221235430465272,0.005319248534752597,4.221235430465272,0.6726210926685128,0.3938329852483841,0.8666151540070565
dino_rae_patch,RAE-DINO patch,13,4.121547189403941,0.005193629734538199,4.121547189403941,0.6699843579184781,0.39098392074366395,0.8652277976128705
dino_rae_patch,RAE-DINO patch,14,4.03236211286506,0.005081246145535454,4.03236211286506,0.6675613952429277,0.3883825071498384,0.8639472122943709
dino_rae_patch,RAE-DINO patch,15,3.940471903384666,0.004965453773802512,3.940471903384666,0.6649986044144091,0.38564816946026476,0.8625867353179584
dino_rae_patch,RAE-DINO patch,16,3.866479092161489,0.0048722142094227245,3.866479092161489,0.6628838259174544,0.38340503239004636,0.861459422797385
dino_rae_patch,RAE-DINO patch,17,3.735088684601869,0.004706646985228592,3.735088684601869,0.6590100502688263,0.37932675939035226,0.8593834254060398
dino_rae_patch,RAE-DINO patch,18,3.5872013928098028,0.004520291764551699,3.5872013928098028,0.6544564074305803,0.37458272932489584,0.856924667213388
dino_rae_patch,RAE-DINO patch,19,3.547131031840054,0.004469798440408475,3.547131031840054,0.6531851490496604,0.3732678522884718,0.8562346621898302
dino_rae_patch,RAE-DINO patch,20,3.477732375477387,0.004382348046500873,3.477732375477387,0.6509437690020461,0.3709596018321254,0.855014263058046
dino_rae_patch,RAE-DINO patch,21,3.4161161110105502,0.004304704373249029,3.4161161110105502,0.648910159819118,0.3688763256612934,0.8539027330051728
dino_rae_patch,RAE-DINO patch,22,3.3572002680823863,0.004230463545810791,3.3572002680823863,0.6469258719302721,0.36685358993790906,0.8528142330100753
dino_rae_patch,RAE-DINO patch,23,3.338659323881949,0.0042070997955780225,3.338659323881949,0.646293134566103,0.366210660702112,0.8524663196647121
dino_rae_patch,RAE-DINO patch,24,3.22786686630654,0.004067488388603103,3.22786686630654,0.6424263334909404,0.36230313335330455,0.8503314840360401
dino_rae_patch,RAE-DINO patch,25,3.1651298777519754,0.003988432472404922,3.1651298777519754,0.640168842894003,0.36003885640182026,0.8490782157781228
dino_rae_patch,RAE-DINO patch,26,3.1078434356652456,0.003916244879897806,3.1078434356652456,0.6380624612860079,0.35793732594283134,0.8479042003304688
dino_rae_patch,RAE-DINO patch,27,3.044541407997008,0.0038364769485734855,3.044541407997008,0.6356828839265526,0.3555761101502447,0.8465724983122016
dino_rae_patch,RAE-DINO patch,28,2.9873122671338344,0.003764361562285251,2.9873122671338344,0.6334827163959278,0.3534049807741036,0.8453360555637053
dino_rae_patch,RAE-DINO patch,29,2.970883320759752,0.0037436591754206935,2.970883320759752,0.6328422669000648,0.35277514795210646,0.8449752044930356
dino_rae_patch,RAE-DINO patch,30,2.924889911217688,0.003685702119875006,2.924889911217688,0.631027754648688,0.3509959834890398,0.8439505512190786
dino_rae_patch,RAE-DINO patch,31,2.9037009083446805,0.003659001507141665,2.9037009083446805,0.6301809222487474,0.3501683029740563,0.8434711810520112
dino_rae_patch,RAE-DINO patch,32,2.8781267469194023,0.0036267750836384526,2.8781267469194023,0.6291494843287828,0.349162464187296,0.8428863058017544
dino_rae_patch,RAE-DINO patch,33,2.8491184766342057,0.0035902212828017076,2.8491184766342057,0.6279669445597345,0.34801233318164154,0.8422143870206363
dino_rae_patch,RAE-DINO patch,34,2.818782586578384,0.003551994526349022,2.818782586578384,0.6267156675659167,0.3467988927501471,0.8415018230797825
dino_rae_patch,RAE-DINO patch,35,2.768682835005227,0.0034888630013400947,2.768682835005227,0.6246155988823069,0.3447704727341659,0.8403022113917552
dino_rae_patch,RAE-DINO patch,36,2.724922125750459,0.0034337194083286283,2.724922125750459,0.622745975247886,0.34297317242478875,0.8392303290630878
dino_rae_patch,RAE-DINO patch,37,2.7114839972765563,0.0034167858005324995,2.7114839972765563,0.6221650715230862,0.34241636851856083,0.8388965360995473
dino_rae_patch,RAE-DINO patch,38,2.6816457580359314,0.0033791861420972443,2.6816457580359314,0.6208635929743258,0.3411716742828976,0.8381473943605239
dino_rae_patch,RAE-DINO patch,39,2.657679112050176,0.0033489853753684833,2.657679112050176,0.6198064092579312,0.3401634461353308,0.8375375445516368
dino_rae_patch,RAE-DINO patch,40,2.637452981781062,0.0033234980943177214,2.637452981781062,0.618905881232956,0.3393066124610033,0.8370171231029091
dino_rae_patch,RAE-DINO patch,41,2.621629829160951,0.0033035590781751384,2.621629829160951,0.6181959827532025,0.3386324472304161,0.8366062564363369
dino_rae_patch,RAE-DINO patch,42,2.580482471433405,0.0032517086126167497,2.580482471433405,0.6163272727426438,0.33686320825789506,0.8355221213285009
dino_rae_patch,RAE-DINO patch,43,2.559295687292654,0.0032250107957445956,2.559295687292654,0.6153520515536043,0.33594299759002066,0.8349548523482795
dino_rae_patch,RAE-DINO patch,44,2.515714412157982,0.00317009331063356,2.515714412157982,0.6133174071148781,0.33402992893454214,0.8337680242755429
dino_rae_patch,RAE-DINO patch,45,2.4637105166065965,0.003104562342325866,2.4637105166065965,0.6108375724176622,0.3317106313757991,0.8323154281572503
dino_rae_patch,RAE-DINO patch,46,2.4393956870086915,0.003073922823672636,2.4393956870086915,0.6096580722041237,0.33061222195727785,0.831622162076257
dino_rae_patch,RAE-DINO patch,47,2.421534517578071,0.0030514156688626697,2.421534517578071,0.6087832928418372,0.32979954409382933,0.8311070135324925
dino_rae_patch,RAE-DINO patch,48,2.3958444852069025,0.00301904323446542,2.3958444852069025,0.6075124581575652,0.32862189016355037,0.8303571313879824
dino_rae_patch,RAE-DINO patch,49,2.367512682143103,0.0029833418611550466,2.367512682143103,0.6060933229255487,0.32731094023222795,0.8295176334445994
dino_rae_patch,RAE-DINO patch,50,2.3406020634890585,0.002949431345808824,2.3406020634890585,0.6047278708121588,0.3260536758515073,0.828707784481756
dino_rae_patch,RAE-DINO patch,51,2.3349688818772387,0.0029423328805542183,2.3349688818772387,0.6044398457765406,0.32578898272590934,0.8285366922337587
dino_rae_patch,RAE-DINO patch,52,2.329112652561072,0.00293495334920082,2.329112652561072,0.6041396015326052,0.32551324933406445,0.828358243182299
dino_rae_patch,RAE-DINO patch,53,2.311661461100656,0.0029129628144072476,2.311661461100656,0.6032399265221219,0.32468817435701464,0.8278229226258035
dino_rae_patch,RAE-DINO patch,54,2.285437994133057,0.002879918190258398,2.285437994133057,0.6018738229618432,0.32343864498364494,0.8270083394677729
dino_rae_patch,RAE-DINO patch,55,2.2744807474317468,0.0028661107825880697,2.2744807474317468,0.6012978826470888,0.3229130395561219,0.826664289583635
dino_rae_patch,RAE-DINO patch,56,2.253867911913693,0.002840136207861633,2.253867911913693,0.6002060938138766,0.3219185958113147,0.8260110633548651
dino_rae_patch,RAE-DINO patch,57,2.245346834269922,0.002829398657085853,2.245346834269922,0.5997515484957745,0.32150532033108764,0.8257387092541288
dino_rae_patch,RAE-DINO patch,58,2.211072198276125,0.0027862086217769035,2.211072198276125,0.5979038648551406,0.31982986806987007,0.8246292119932995
dino_rae_patch,RAE-DINO patch,59,2.187304961342873,0.002756259133691046,2.187304961342873,0.596604053045425,0.31865550236679346,0.8238463812513915
dino_rae_patch,RAE-DINO patch,60,2.160300054070156,0.002722229803698026,2.160300054070156,0.5951082472635095,0.3173084141112873,0.8229431288993557
dino_rae_patch,RAE-DINO patch,61,2.158606161728167,0.0027200953019611354,2.158606161728167,0.5950137404440374,0.3172234594780327,0.822885974499675
dino_rae_patch,RAE-DINO patch,62,2.132236353012125,0.0026868662701563274,2.132236353012125,0.5935319408999046,0.31589384776792256,0.821988496592644
dino_rae_patch,RAE-DINO patch,63,2.128839536043573,0.0026825858849514675,2.128839536043573,0.5933396069953618,0.31572159989169124,0.8218718214760525
dino_rae_patch,RAE-DINO patch,64,2.091994510586616,0.0026361568593964444,2.091994510586616,0.5912315707021659,0.3138386970344736,0.8205902360407041
dino_rae_patch,RAE-DINO patch,65,2.0768026139116778,0.0026170132993038084,2.0768026139116778,0.5903505582344756,0.31305447170861367,0.8200531018715276
dino_rae_patch,RAE-DINO patch,66,2.0695308121342637,0.0026078499816953285,2.0695308121342637,0.5899263595564601,0.3126774399016133,0.8197941563976509
dino_rae_patch,RAE-DINO patch,67,2.062302320052751,0.002598741239350479,2.062302320052751,0.5895030741907905,0.3123015850908317,0.8195355602812059
dino_rae_patch,RAE-DINO patch,68,2.051170853641147,0.0025847142945436964,2.051170853641147,0.5888480675696572,0.31172069203888814,0.8191349891549757
dino_rae_patch,RAE-DINO patch,69,2.039091000352676,0.0025694922717583806,2.039091000352676,0.5881328617207315,0.31108740526574663,0.8186970325801997
dino_rae_patch,RAE-DINO patch,70,2.014480516808491,0.002538480194680858,2.014480516808491,0.5866613919485362,0.30978772947106975,0.817794099468377
dino_rae_patch,RAE-DINO patch,71,2.011949532986984,0.0025352908601351297,2.011949532986984,0.5865089563525645,0.30965334031797254,0.8177004161150192
dino_rae_patch,RAE-DINO patch,72,1.99312010336974,0.0025115635846605392,1.99312010336974,0.5853683207621869,0.30864922402687006,0.8169985430837514
dino_rae_patch,RAE-DINO patch,73,1.9739850467436024,0.0024874511835406205,1.9739850467436024,0.5841971259811787,0.30762091996087837,0.816276274121457
dino_rae_patch,RAE-DINO patch,74,1.9639102348588036,0.002474755746567512,1.9639102348588036,0.5835755217543743,0.30707626734304666,0.8158922774394242
dino_rae_patch,RAE-DINO patch,75,1.9598292768290588,0.0024696132639039203,1.9598292768290588,0.5833227473197968,0.30685500544534655,0.8157359952031674
dino_rae_patch,RAE-DINO patch,76,1.9501006950708837,0.002457354117235882,1.9501006950708837,0.5827178523420855,0.30632603687694415,0.8153617013652649
dino_rae_patch,RAE-DINO patch,77,1.930860617124804,0.002433109377014906,1.930860617124804,0.5815118825125345,0.30527360814028126,0.8146141831128486
dino_rae_patch,RAE-DINO patch,78,1.919168810526939,0.0024183763382780808,1.919168810526939,0.5807726725407735,0.3046299357380355,0.8141551307980736
dino_rae_patch,RAE-DINO patch,79,1.9107143994989468,0.0024077227952067136,1.9107143994989468,0.580235106831495,0.30416252394584625,0.813820891599526
dino_rae_patch,RAE-DINO patch,80,1.9027361418788948,0.0023976692609145827,1.9027361418788948,0.5797254551791201,0.30371990904679785,0.8135036899581273
dino_rae_patch,RAE-DINO patch,81,1.8915441954827104,0.0023835661042796133,1.8915441954827104,0.5790066110158619,0.3030964857603985,0.8130557614364068
dino_rae_patch,RAE-DINO patch,82,1.8806683636862171,0.0023698612888764753,1.8806683636862171,0.5783036601586388,0.30248782640241983,0.8126171380229479
dino_rae_patch,RAE-DINO patch,83,1.870040986172837,0.0023564695548219552,1.870040986172837,0.5776125206685387,0.30189033689663225,0.8121853065673408
dino_rae_patch,RAE-DINO patch,84,1.852109170157768,0.0023338733770832745,1.852109170157768,0.5764366949468475,0.3008759784129276,0.8114493176649035
dino_rae_patch,RAE-DINO patch,85,1.8477759308136792,0.0023284129905657576,1.8477759308136792,0.5761507164247093,0.30062967804583574,0.8112700621437772
dino_rae_patch,RAE-DINO patch,86,1.84314581809338,0.0023225785090001377,1.84314581809338,0.5758443466296619,0.3003659918812078,0.8110779155197604
dino_rae_patch,RAE-DINO patch,87,1.8161611462886669,0.0022885746780548027,1.8161611462886669,0.5740421692253292,0.29881857622259317,0.8099453406433663
dino_rae_patch,RAE-DINO patch,88,1.8072322598385508,0.0022773232406618597,1.8072322598385508,0.5734395095673835,0.2983025102648504,0.8095657211249597
dino_rae_patch,RAE-DINO patch,89,1.804194944314607,0.002273495869169212,1.804194944314607,0.5732337755125665,0.2981264974502449,0.8094360266596604
dino_rae_patch,RAE-DINO patch,90,1.7971836092894624,0.002264660770020276,1.7971836092894624,0.5727574365641909,0.2977192849226409,0.8091355453969011
dino_rae_patch,RAE-DINO patch,91,1.7928414681308114,0.0022591891661791,1.7928414681308114,0.5724614376738585,0.2974664610477469,0.8089486858190643
dino_rae_patch,RAE-DINO patch,92,1.7746006210696883,0.0022362035733116035,1.7746006210696883,0.5712095268978447,0.2963990137074649,0.8081571902032075
dino_rae_patch,RAE-DINO patch,93,1.763674721339796,0.0022224356664780637,1.763674721339796,0.5704530377590866,0.2957554421288138,0.8076779850889394
dino_rae_patch,RAE-DINO patch,94,1.7595015487490566,0.002217176982722035,1.7595015487490566,0.5701627699201985,0.2955087908813147,0.8074939258269623
dino_rae_patch,RAE-DINO patch,95,1.7560830764145932,0.002212869309232669,1.7560830764145932,0.5699244462760914,0.2953063984576211,0.8073427270804567
dino_rae_patch,RAE-DINO patch,96,1.7458337196778442,0.002199953925406731,1.7458337196778442,0.56920691200536,0.29469769636404824,0.8068870828265255
dino_rae_patch,RAE-DINO patch,97,1.7350167168130497,0.0021863232413127545,1.7350167168130497,0.5684447365939296,0.2940521942267244,0.806402396138724
dino_rae_patch,RAE-DINO patch,98,1.7301560736591648,0.0021801982645375533,1.7301560736591648,0.5681005963820908,0.29376109528258265,0.8061833137127177
dino_rae_patch,RAE-DINO patch,99,1.7252280807597555,0.002173988419234856,1.7252280807597555,0.5677506318849173,0.29346529938132826,0.8059603733970943
dino_rae_patch,RAE-DINO patch,100,1.7081324429565103,0.0021524459234812964,1.7081324429565103,0.566528249400372,0.2924339342503458,0.8051804807080639
dino_rae_patch,RAE-DINO patch,101,1.70165416833194,0.0021442825425535775,1.70165416833194,0.5660616224559376,0.2920409672555286,0.8048822789948566
dino_rae_patch,RAE-DINO patch,102,1.694785465390348,0.0021356271764505583,1.694785465390348,0.565564800161903,0.29162302086901304,0.8045644831497402
dino_rae_patch,RAE-DINO patch,103,1.6852891078258043,0.0021236606593271297,1.6852891078258043,0.5648743711714883,0.29104297318285244,0.8041223350547843
dino_rae_patch,RAE-DINO patch,104,1.6710348309947534,0.0021056986094968107,1.6710348309947534,0.5638302053203033,0.2901674350499308,0.8034525250627285
dino_rae_patch,RAE-DINO patch,105,1.665230681383223,0.0020983847046400004,1.665230681383223,0.5634023169572625,0.2898092360231324,0.8031776499986504
dino_rae_patch,RAE-DINO patch,106,1.6595885087808089,0.0020912749096895435,1.6595885087808089,0.5629848468027003,0.28946008685750246,0.8029092464999412
dino_rae_patch,RAE-DINO patch,107,1.6528380722788216,0.0020827685730817848,1.6528380722788216,0.5624833883033826,0.2890411226585892,0.8025865554428554
dino_rae_patch,RAE-DINO patch,108,1.6468446268674624,0.0020752161334589183,1.6468446268674624,0.5620363360658386,0.2886680078652161,0.8022986087483571
dino_rae_patch,RAE-DINO patch,109,1.636670440370816,0.002062395472894952,1.636670440370816,0.5612734710707529,0.2880321670170213,0.8018066660946905
dino_rae_patch,RAE-DINO patch,110,1.6321126484022697,0.002056652123903937,1.6321126484022697,0.5609300917596122,0.2877463147553487,0.8015849944661348
dino_rae_patch,RAE-DINO patch,111,1.6191068608111834,0.0020402633159999997,1.6191068608111834,0.5599446286264133,0.28692715617627323,0.8009479929646824
dino_rae_patch,RAE-DINO patch,112,1.61751171121622,0.002038253241630662,1.61751171121622,0.5598231848782438,0.28682633079565373,0.8008694069580693
dino_rae_patch,RAE-DINO patch,113,1.6055207724021514,0.0020231432614441235,1.6055207724021514,0.55890619462056,0.28606589942330757,0.8002754211064445
dino_rae_patch,RAE-DINO patch,114,1.5959732778890463,0.0020111123058066185,1.5959732778890463,0.5581708619444509,0.2854572251985377,0.799798333917878
dino_rae_patch,RAE-DINO patch,115,1.5882001489760056,0.002001317257588572,1.5882001489760056,0.5575687420244373,0.28495955494980696,0.7994071635522471
dino_rae_patch,RAE-DINO patch,116,1.5831802677726663,0.001994991622315357,1.5831802677726663,0.557178234713406,0.28463714279774316,0.7991532214576285
dino_rae_patch,RAE-DINO patch,117,1.578682988208986,0.0019893245260058667,1.578682988208986,0.5568272683910833,0.2843476138670917,0.7989248263597466
dino_rae_patch,RAE-DINO patch,118,1.5719163532546725,0.0019807977774606027,1.5719163532546725,0.5562972064715941,0.28391076553710276,0.7985795845764401
dino_rae_patch,RAE-DINO patch,119,1.564263988427816,0.0019711549060635524,1.564263988427816,0.5556948494337577,0.28341495544463,0.7981868189312584
dino_rae_patch,RAE-DINO patch,120,1.557182651384884,0.001962231596215006,1.557182651384884,0.5551346631060764,0.2829544475541866,0.797821133317554
dino_rae_patch,RAE-DINO patch,121,1.5492749189137485,0.001952266931828668,1.5492749189137485,0.5545059172778116,0.2824382563119931,0.7974102127159967
dino_rae_patch,RAE-DINO patch,122,1.5447458840878248,0.0019465598201883721,1.5447458840878248,0.5541442864543678,0.28214168634084985,0.7971736364805893
dino_rae_patch,RAE-DINO patch,123,1.537608248076753,0.0019375655670795598,1.537608248076753,0.5535720914038589,0.28167291678472806,0.7967989666361432
dino_rae_patch,RAE-DINO patch,124,1.5238990328941862,0.001920290358441306,1.5238990328941862,0.5524651893474971,0.2807677628959285,0.7960729748087212
dino_rae_patch,RAE-DINO patch,125,1.5174603667292998,0.001912176888788286,1.5174603667292998,0.5519416990569135,0.28034045244177164,0.7957290776279864
dino_rae_patch,RAE-DINO patch,126,1.5155567399847325,0.0019097780972642038,1.5155567399847325,0.5517864786302443,0.28021384478480005,0.7956270402298888
dino_rae_patch,RAE-DINO patch,127,1.5047884598868997,0.0018962088095341686,1.5047884598868997,0.5509045623865698,0.2794953162131413,0.7950467007808321
dino_rae_patch,RAE-DINO patch,128,1.5004020789832784,0.001890681458459158,1.5004020789832784,0.550543417190613,0.27920147943833395,0.7948087598350069
dino_rae_patch,RAE-DINO patch,129,1.4949950912090015,0.0018838680237977853,1.4949950912090015,0.5500967127487043,0.2788383513289119,0.7945142132696495
dino_rae_patch,RAE-DINO patch,130,1.4933445000984338,0.0018817880866582935,1.4933445000984338,0.5499600091901934,0.27872729542111885,0.7944240221666051
dino_rae_patch,RAE-DINO patch,131,1.4851103530355878,0.0018714121018499424,1.4851103530355878,0.5492756712261844,0.2781718494282429,0.7939721591456651
dino_rae_patch,RAE-DINO patch,132,1.4822793463514192,0.0018678447035361794,1.4822793463514192,0.5490394667138128,0.2779803261792118,0.7938160532110352
dino_rae_patch,RAE-DINO patch,133,1.4733053500204778,0.0018565364224368297,1.4733053500204778,0.5482875837420113,0.27737133093002464,0.7933186531693847
dino_rae_patch,RAE-DINO patch,134,1.4707330643604233,0.001853295042761709,1.4707330643604233,0.5480711800978848,0.277196238207496,0.7931753565082278
dino_rae_patch,RAE-DINO patch,135,1.4688302373589697,0.0018508972590071426,1.4688302373589697,0.5479108418802452,0.27706656160035664,0.7930691452734155
dino_rae_patch,RAE-DINO patch,136,1.4642911187305745,0.0018451774406006865,1.4642911187305745,0.5475274808630175,0.2767566952734575,0.7928150625830461
dino_rae_patch,RAE-DINO patch,137,1.459563274889791,0.001839219806434839,1.459563274889791,0.5471268548243273,0.2764331511770435,0.792549330852675
dino_rae_patch,RAE-DINO patch,138,1.453182670119781,0.0018311795009051447,1.453182670119781,0.5465840181314572,0.2759952098760976,0.7921889353930447
dino_rae_patch,RAE-DINO patch,139,1.448837475217995,0.0018257040489917716,1.448837475217995,0.5462129162741419,0.2756961167534983,0.7919423334101183
dino_rae_patch,RAE-DINO patch,140,1.442688957956736,0.00181795620076781,1.442688957956736,0.5456858071964866,0.27527170432596043,0.7915917505417132
dino_rae_patch,RAE-DINO patch,141,1.4416883156187283,0.0018166952748190123,1.4416883156187283,0.5455998004204698,0.2752025005558598,0.7915345122158978
dino_rae_patch,RAE-DINO patch,142,1.4332395563545963,0.0018060488536286979,1.4332395563545963,0.5448711187605053,0.2746167008237035,0.7910491754570644
dino_rae_patch,RAE-DINO patch,143,1.4209546421789498,0.0017905684302301937,1.4209546421789498,0.5438035332076837,0.2737601285432758,0.7903368432434457
dino_rae_patch,RAE-DINO patch,144,1.4162208858431098,0.0017846033456316033,1.4162208858431098,0.543389585310811,0.273428534762616,0.7900602352178182
dino_rae_patch,RAE-DINO patch,145,1.4140642364646034,0.0017818857161045218,1.4140642364646034,0.5432005160607501,0.27327717981584765,0.7899338197171961
dino_rae_patch,RAE-DINO patch,146,1.409152398453675,0.001775696227843808,1.409152398453675,0.5427687797447084,0.2729317967422516,0.7896449738674162
dino_rae_patch,RAE-DINO patch,147,1.4036562265414834,0.0017687704107762082,1.4036562265414834,0.5422838179024143,0.27254422047472493,0.7893202223643049
dino_rae_patch,RAE-DINO patch,148,1.398306985238624,0.0017620297433979055,1.398306985238624,0.5418099163544343,0.27216587792561514,0.7890025743222591
dino_rae_patch,RAE-DINO patch,149,1.3934735435129473,0.001755939043591976,1.3934735435129473,0.5413800834964239,0.27182305460933137,0.7887142053892401
dino_rae_patch,RAE-DINO patch,150,1.3846813037539194,0.0017448597969529776,1.3846813037539194,0.5405942035160821,0.2711970841040476,0.7881863303488867
dino_rae_patch,RAE-DINO patch,151,1.3819193183961045,0.0017413793735533414,1.3819193183961045,0.5403462555980956,0.27099980961084846,0.7880196122076049
dino_rae_patch,RAE-DINO patch,152,1.3791753088813667,0.0017379216018106724,1.3791753088813667,0.5400994103382117,0.2708035177781415,0.7878535535713166
dino_rae_patch,RAE-DINO patch,153,1.376322916780709,0.0017343272553801319,1.376322916780709,0.5398422731426932,0.2705991534718416,0.7876804843284054
dino_rae_patch,RAE-DINO patch,154,1.3736425150031288,0.0017309496367983678,1.3736425150031288,0.5396001349813309,0.2704068140235465,0.7875174291631857
dino_rae_patch,RAE-DINO patch,155,1.3688504176542882,0.0017249110357250314,1.3688504176542882,0.5391660070429592,0.2700622224514036,0.7872248912394129
dino_rae_patch,RAE-DINO patch,156,1.364046315758333,0.0017188573075234642,1.364046315758333,0.5387292034155313,0.26971583392774234,0.786930294255147
dino_rae_patch,RAE-DINO patch,157,1.3557569919348411,0.0017084117935670588,1.3557569919348411,0.5379717422684429,0.2691159375499973,0.7864188238101825
dino_rae_patch,RAE-DINO patch,158,1.3506263217517191,0.0017019465512692932,1.3506263217517191,0.5375004997731033,0.26874321725552985,0.7861002295599747
dino_rae_patch,RAE-DINO patch,159,1.3463920245244236,0.0016966108433484688,1.3463920245244236,0.5371101864128145,0.26843479374569307,0.7858361218577432
dino_rae_patch,RAE-DINO patch,160,1.343853985530023,0.0016934126184627693,1.343853985530023,0.5368756217377717,0.2682495671380862,0.7856773031233482
dino_rae_patch,RAE-DINO patch,161,1.3397015517733786,0.0016881800680543563,1.3397015517733786,0.5364908629983283,0.267945941324124,0.7854166296859162
dino_rae_patch,RAE-DINO patch,162,1.3360040008362728,0.0016835207230051737,1.3360040008362728,0.5361472112299446,0.26767496762272447,0.7851836363313236
dino_rae_patch,RAE-DINO patch,163,1.3315842027835794,0.0016779512624282968,1.3315842027835794,0.5357351382196373,0.2673503078844531,0.7849040423665324
dino_rae_patch,RAE-DINO patch,164,1.3301591757979887,0.0016761555623708256,1.3301591757979887,0.5356019759485732,0.26724545511463077,0.7848136416235648
dino_rae_patch,RAE-DINO patch,165,1.3273986901660595,0.0016726770288005655,1.3273986901660595,0.5353436003634643,0.267042094549029,0.784638167670267
dino_rae_patch,RAE-DINO patch,166,1.3245662311388884,0.0016691078003653805,1.3245662311388884,0.5350779093178804,0.26683309435016495,0.7844576306779891
dino_rae_patch,RAE-DINO patch,167,1.3159012975117357,0.0016581889742872814,1.3159012975117357,0.5342614533321554,0.26619159540531523,0.7839022467398137
dino_rae_patch,RAE-DINO patch,168,1.3135340013431738,0.0016552059052584685,1.3135340013431738,0.5340374267177909,0.2660157723566639,0.7837496963314459
dino_rae_patch,RAE-DINO patch,169,1.3054152218493669,0.0016449752970306654,1.3054152218493669,0.5332659314464008,0.2654109275973926,0.7832238231666339
dino_rae_patch,RAE-DINO patch,170,1.2967926922834745,0.0016341099050110172,1.2967926922834745,0.5324411191879589,0.2647653927397858,0.7826607055693224
dino_rae_patch,RAE-DINO patch,171,1.2932384870138445,0.001629631192206646,1.2932384870138445,0.5320994821475167,0.26449834758141083,0.7824271888446065
dino_rae_patch,RAE-DINO patch,172,1.2918239768311464,0.001627848744546322,1.2918239768311464,0.5319632470335447,0.2643919122727168,0.7823340242825373
dino_rae_patch,RAE-DINO patch,173,1.2875681988943308,0.001622485968428397,1.2875681988943308,0.5315524319640408,0.2640711467032112,0.7820529332466463
dino_rae_patch,RAE-DINO patch,174,1.279486272954514,0.0016123017999730945,1.279486272954514,0.5307684048172986,0.2634597611486279,0.7815158348456143
dino_rae_patch,RAE-DINO patch,175,1.277089689264728,0.0016092818252547215,1.277089689264728,0.5305349306528685,0.26327789642082083,0.7813557293029872
dino_rae_patch,RAE-DINO patch,176,1.2744725555127774,0.0016059839317577504,1.2744725555127774,0.5302794542840149,0.26307899745349855,0.7811804494027188
dino_rae_patch,RAE-DINO patch,177,1.2704473034440382,0.0016009116450963333,1.2704473034440382,0.5298854650086829,0.2627724740487229,0.7809099602082722
dino_rae_patch,RAE-DINO patch,178,1.2655479180784133,0.0015947378486197846,1.2655479180784133,0.5294041777814168,0.2623983841412479,0.780579245943817
dino_rae_patch,RAE-DINO patch,179,1.261614714297846,0.0015897815535276722,1.261614714297846,0.5290164125850719,0.2620972666631645,0.7803125613579593
dino_rae_patch,RAE-DINO patch,180,1.260357001541108,0.0015881966888953577,1.260357001541108,0.5288921551212115,0.26200082795828095,0.7802270594472053
dino_rae_patch,RAE-DINO patch,181,1.2567511692402185,0.0015836529200156017,1.2567511692402185,0.5285352035441968,0.26172393343687506,0.7799813207955789
dino_rae_patch,RAE-DINO patch,182,1.254296188455622,0.0015805593581528674,1.254296188455622,0.5282915747571384,0.26153506718303127,0.7798134960688655
dino_rae_patch,RAE-DINO patch,183,1.244182631679124,0.001567815098101351,1.244182631679124,0.5272827236371243,0.2607540316110136,0.7791176652620885
dino_rae_patch,RAE-DINO patch,184,1.2429654209276058,0.001566281270715233,1.2429654209276058,0.5271607362348847,0.2606597051986149,0.7790334312412536
dino_rae_patch,RAE-DINO patch,185,1.2414579997741444,0.0015643817444050126,1.2414579997741444,0.5270094941080165,0.2605427918113394,0.7789289675827615
dino_rae_patch,RAE-DINO patch,186,1.238615300119568,0.0015607996115859766,1.238615300119568,0.5267237673519626,0.26032202208086463,0.7787315275707059
dino_rae_patch,RAE-DINO patch,187,1.2329584319352107,0.0015536712984898235,1.2329584319352107,0.5261531733108028,0.259881549905089,0.7783368999305136
dino_rae_patch,RAE-DINO patch,188,1.232163975190477,0.0015526701904149574,1.232163975190477,0.5260728233610503,0.2598195665827891,0.7782812926366847
dino_rae_patch,RAE-DINO patch,189,1.227604260689258,0.0015469244188087464,1.227604260689258,0.5256106314866638,0.2594632303594294,0.7779612507253477
dino_rae_patch,RAE-DINO patch,190,1.2195659373027987,0.0015367951946515953,1.2195659373027987,0.5247915292808484,0.2588325897742853,0.7773933323572514
dino_rae_patch,RAE-DINO patch,191,1.2178107218096017,0.0015345834185983146,1.2178107218096017,0.5246119374426955,0.2586944662322142,0.777268687721049
dino_rae_patch,RAE-DINO patch,192,1.2155526666897176,0.001531738006020483,1.2155526666897176,0.5243805051154975,0.2585165503137193,0.7771079966051269
dino_rae_patch,RAE-DINO patch,193,1.2119197826098564,0.0015271601487469317,1.2119197826098564,0.5240072381936397,0.2582297825277699,0.7768486661727358
dino_rae_patch,RAE-DINO patch,194,1.2074453258078908,0.0015215218117766941,1.2074453258078908,0.523545924660164,0.2578756866644684,0.7765278933165707
dino_rae_patch,RAE-DINO patch,195,1.2024594978537682,0.0015152390875656514,1.2024594978537682,0.5230298234848391,0.2574799489664058,0.7761686681297402
dino_rae_patch,RAE-DINO patch,196,1.1977582078469542,0.001509314914324872,1.1977582078469542,0.5225411665207301,0.25710565556305237,0.7758281981722112
dino_rae_patch,RAE-DINO patch,197,1.1962986057865166,0.0015074756456441274,1.1962986057865166,0.5223890548742556,0.2569892230077075,0.7757221459829069
dino_rae_patch,RAE-DINO patch,198,1.1952491647445838,0.0015061532276419655,1.1952491647445838,0.5222795706332645,0.2569054425515244,0.7756457933291537
dino_rae_patch,RAE-DINO patch,199,1.191121268297845,0.0015009515971033188,1.191121268297845,0.5218479672412443,0.2565753573441561,0.7753446341936268
dino_rae_patch,RAE-DINO patch,200,1.1889187362267335,0.0014981761500369338,1.1889187362267335,0.5216170497341333,0.2563988787035185,0.7751833988175546
dino_rae_patch,RAE-DINO patch,201,1.1824937670361877,0.0014900799401676647,1.1824937670361877,0.52094093928342,0.2558826592594488,0.7747108773992408
dino_rae_patch,RAE-DINO patch,202,1.1803853513303444,0.0014874230906887149,1.1803853513303444,0.5207182494002559,0.2557127948027061,0.7745551011752098
dino_rae_patch,RAE-DINO patch,203,1.1779055394057831,0.0014842982386961004,1.1779055394057831,0.5204558126546603,0.2555127151349482,0.7743714305847319
dino_rae_patch,RAE-DINO patch,204,1.1749526610888286,0.0014805772679235623,1.1749526610888286,0.5201425752539829,0.2552740513452459,0.774152077902001
dino_rae_patch,RAE-DINO patch,205,1.1718069100665378,0.001476613255067219,1.1718069100665378,0.5198079934699712,0.25501929990067,0.773917623735149
dino_rae_patch,RAE-DINO patch,206,1.1661407922405225,0.001469473286344734,1.1661407922405225,0.5192030285722962,0.25455913684942977,0.7734932961206532
dino_rae_patch,RAE-DINO patch,207,1.1618128996883148,0.0014640196374080387,1.1618128996883148,0.5187389228175844,0.2542065173933816,0.7731674136529456
dino_rae_patch,RAE-DINO patch,208,1.1602528560902203,0.0014620538006855888,1.1602528560902203,0.5185711980058706,0.25407916830945626,0.773049565991836
dino_rae_patch,RAE-DINO patch,209,1.1575812658736953,0.001458687285697548,1.1575812658736953,0.5182834333882291,0.2538607815285732,0.7728472814486484
dino_rae_patch,RAE-DINO patch,210,1.1531987975093942,0.0014531648648780017,1.1531987975093942,0.5178099175202563,0.25350171629003515,0.7725141643075092
dino_rae_patch,RAE-DINO patch,211,1.1527554831704483,0.001452606237152371,1.1527554831704483,0.5177619164174602,0.25346533733436,0.7724803776946546
dino_rae_patch,RAE-DINO patch,212,1.1496397311493092,0.001448680026533204,1.1496397311493092,0.5174240187006208,0.2532093568270878,0.7722424474257119
dino_rae_patch,RAE-DINO patch,213,1.144934315548844,0.0014427506545636767,1.144934315548844,0.5169119547851362,0.25282178227808394,0.7718815653183644
dino_rae_patch,RAE-DINO patch,214,1.1415346510945958,0.001438466681195028,1.1415346510945958,0.5165406549377832,0.2525410126726491,0.7716196519690538
dino_rae_patch,RAE-DINO patch,215,1.137042543174027,0.0014328061017584996,1.137042543174027,0.5160483145226303,0.25216905431443304,0.7712720505919652
dino_rae_patch,RAE-DINO patch,216,1.1313981413099328,0.001425693497678554,1.1313981413099328,0.5154268721180831,0.2517001128197942,0.7708328011242949
dino_rae_patch,RAE-DINO patch,217,1.1276537737930832,0.001420975158283449,1.1276537737930832,0.5150128819335278,0.25138805652619434,0.7705398735876636
dino_rae_patch,RAE-DINO patch,218,1.1240549209053838,0.0014164401842776105,1.1240549209053838,0.5146136632271913,0.251087392806722,0.7702571628257153
dino_rae_patch,RAE-DINO patch,219,1.1226492488512565,0.0014146688736891755,1.1226492488512565,0.514457380495869,0.2509697605087071,0.7701464266991566
dino_rae_patch,RAE-DINO patch,220,1.120194319677686,0.0014115753768623482,1.120194319677686,0.514183964609628,0.2507640566222289,0.7699526091427469
dino_rae_patch,RAE-DINO patch,221,1.1189662463604737,0.001410027861377662,1.1189662463604737,0.5140469607369536,0.2506610266411481,0.7698554497699391
dino_rae_patch,RAE-DINO patch,222,1.1175309928518422,0.0014082192747094824,1.1175309928518422,0.5138866504804847,0.2505405075232955,0.7697417275324379
dino_rae_patch,RAE-DINO patch,223,1.115706562994751,0.0014059202804922795,1.115706562994751,0.5136825696883569,0.25038714122323263,0.7695969009420571
dino_rae_patch,RAE-DINO patch,224,1.1145226364476626,0.001404428395082287,1.1145226364476626,0.5135499545473503,0.25028751657576354,0.769502757715749
dino_rae_patch,RAE-DINO patch,225,1.1096505760435875,0.001398289031241416,1.1096505760435875,0.5130027138178322,0.24987670656524935,0.7691140018509294
dino_rae_patch,RAE-DINO patch,226,1.1091270792261825,0.0013976293642494182,1.1091270792261825,0.5129437687048826,0.2498324851065217,0.7690721016448846
dino_rae_patch,RAE-DINO patch,227,1.1046090975120075,0.0013919361808179234,1.1046090975120075,0.512433875300975,0.24945018489184606,0.7687094404602373
dino_rae_patch,RAE-DINO patch,228,1.102060225529807,0.001388724305105249,1.102060225529807,0.5121452804994074,0.24923398842376995,0.7685040095220792
dino_rae_patch,RAE-DINO patch,229,1.100470928916672,0.0013867216061750514,1.100470928916672,0.5119649909945381,0.24909899386999743,0.7683756119780939
dino_rae_patch,RAE-DINO patch,230,1.096059972547703,0.0013811632871499713,1.096059972547703,0.5114632292359481,0.24872356144439872,0.7680180199237638
dino_rae_patch,RAE-DINO patch,231,1.0912019543787026,0.0013750416181616087,1.0912019543787026,0.5109082437722473,0.2483087666837999,0.7676220673751867
dino_rae_patch,RAE-DINO patch,232,1.090476713136768,0.001374127729685818,1.090476713136768,0.5108251771506407,0.2482467245218744,0.7675627649174191
dino_rae_patch,RAE-DINO patch,233,1.0834962663825782,0.0013653315533576358,1.0834962663825782,0.5100227942172235,0.24764798472275965,0.7669894106243158
dino_rae_patch,RAE-DINO patch,234,1.0829247952447318,0.0013646114331315273,1.0829247952447318,0.5099568740878853,0.2475988398270523,0.7669422643853089
dino_rae_patch,RAE-DINO patch,235,1.0788902942820993,0.0013595274917860489,1.0788902942820993,0.5094904859675659,0.24725133151636478,0.7666085197728991
dino_rae_patch,RAE-DINO patch,236,1.078314320118232,0.0013588016972224254,1.078314320118232,0.5094237597841934,0.2472016412873634,0.766560744714544
dino_rae_patch,RAE-DINO patch,237,1.0738359731348046,0.0013531584581702306,1.0738359731348046,0.5089037160871607,0.2468146089702479,0.7661881754377703
dino_rae_patch,RAE-DINO patch,238,1.0723463487849425,0.001351281357906372,1.0723463487849425,0.50873024977094,0.24668560394168673,0.766063812101563
dino_rae_patch,RAE-DINO patch,239,1.0703319179364688,0.0013487429402995806,1.0703319179364688,0.5084952828937256,0.24651093642267494,0.7658952862624115
dino_rae_patch,RAE-DINO patch,240,1.0687285496907284,0.0013467225094725601,1.0687285496907284,0.5083079441248011,0.24637173588548933,0.7657608623909793
dino_rae_patch,RAE-DINO patch,241,1.065760266446428,0.0013429821266964603,1.065760266446428,0.5079603785350623,0.24611362484696497,0.7655113312068837
dino_rae_patch,RAE-DINO patch,242,1.064413767968881,0.0013412853817098985,1.064413767968881,0.5078023909638283,0.24599636139264472,0.7653978465359534
dino_rae_patch,RAE-DINO patch,243,1.0590939367575207,0.0013345817744739854,1.0590939367575207,0.5071762279319902,0.24553198455430797,0.7649477011813239
dino_rae_patch,RAE-DINO patch,244,1.0560549409051263,0.001330752285571684,1.0560549409051263,0.5068171039515738,0.24526592458136737,0.7646892663826282
dino_rae_patch,RAE-DINO patch,245,1.0536282371183008,0.0013276943560212046,1.0536282371183008,0.5065295877339279,0.24505305989980405,0.7644822242889346
dino_rae_patch,RAE-DINO patch,246,1.0513952462752771,0.0013248805273529088,1.0513952462752771,0.5062644331959614,0.24485686430992407,0.7642911760384873
dino_rae_patch,RAE-DINO patch,247,1.0480840317282332,0.0013207080111742333,1.0480840317282332,0.5058702009712158,0.24456536143941002,0.7640069317478818
dino_rae_patch,RAE-DINO patch,248,1.0442417385308314,0.001315866274010543,1.0442417385308314,0.5054111653498442,0.24422624430286952,0.7636756719644859
dino_rae_patch,RAE-DINO patch,249,1.0426966469278456,0.0013139192785442573,1.0426966469278456,0.5052260955546332,0.24408961414506145,0.7635420287720501
dino_rae_patch,RAE-DINO patch,250,1.0385555108455586,0.001308700964522031,1.0385555108455586,0.504728710986092,0.24372267524032162,0.7631826024059583
dino_rae_patch,RAE-DINO patch,251,1.0361164168060175,0.0013056274218093177,1.0361164168060175,0.5044348223176146,0.24350604182334434,0.7629700550402122
dino_rae_patch,RAE-DINO patch,252,1.0340556827140703,0.0013030306567201229,1.0340556827140703,0.5041859804966429,0.2433227175612389,0.7627899855969205
dino_rae_patch,RAE-DINO patch,253,1.0313202054709167,0.001299583636633899,1.0313202054709167,0.5038548904158655,0.24307894774377622,0.7625502550481311
dino_rae_patch,RAE-DINO patch,254,1.0278853670699766,0.0012952553399936666,1.0278853670699766,0.5034379020937874,0.24277217359497202,0.7622480948033657
dino_rae_patch,RAE-DINO patch,255,1.026102292694934,0.0012930084585029188,1.026102292694934,0.5032208857297997,0.24261262234360445,0.7620907360356514
dino_rae_patch,RAE-DINO patch,256,1.02384882608418,0.0012901688279812814,1.02384882608418,0.5029460765235576,0.24241068513605846,0.761891370110643
dino_rae_patch,RAE-DINO patch,257,1.0210725747692349,0.0012866704278132767,1.0210725747692349,0.5026066787217142,0.24216144607541715,0.7616449903722973
dino_rae_patch,RAE-DINO patch,258,1.0186452725481026,0.0012836117441658364,1.0186452725481026,0.5023091811240585,0.24194312162644335,0.7614288847681987
dino_rae_patch,RAE-DINO patch,259,1.0145963111036604,0.001278509580928226,1.0145963111036604,0.5018113433672967,0.24157807609326254,0.7610669515437326
dino_rae_patch,RAE-DINO patch,260,1.0143664370604215,0.0012782199128469692,1.0143664370604215,0.501783019649362,0.24155731876064962,0.761046348670229
dino_rae_patch,RAE-DINO patch,261,1.0125505409871682,0.0012759316721918275,1.0125505409871682,0.5015590494194687,0.24139322293323906,0.7608833884984181
dino_rae_patch,RAE-DINO patch,262,1.0090225308781775,0.0012714859683423331,1.0090225308781775,0.5011227569917843,0.24107378496185453,0.7605657257182095
dino_rae_patch,RAE-DINO patch,263,1.00788918566413,0.0012700578213061166,1.00788918566413,0.500982277329916,0.24097099239335304,0.7604633818041557
dino_rae_patch,RAE-DINO patch,264,1.0028706936047822,0.0012637339365162055,1.0028706936047822,0.5003583225677374,0.24051479145975696,0.7600084499566906
dino_rae_patch,RAE-DINO patch,265,1.0001599507479395,0.0012603180846389834,1.0001599507479395,0.5000199922446371,0.24026767051558465,0.7597615232050972
dino_rae_patch,RAE-DINO patch,266,0.9959517925754569,0.0012550153149731562,0.9959517925754569,0.49949294722412396,0.2398830558010856,0.759376519025026
dino_rae_patch,RAE-DINO patch,267,0.9922874425846564,0.00125039780698516,0.9922874425846564,0.49903219458368886,0.23954716314214694,0.7590395953701427
dino_rae_patch,RAE-DINO patch,268,0.9894056070638718,0.0012467663584142753,0.9894056070638718,0.49866863901286745,0.2392823546621779,0.758773518710528
dino_rae_patch,RAE-DINO patch,269,0.9885660296126464,0.0012457083929914015,0.9885660296126464,0.49856252385854194,0.23920509962049877,0.7586958178946588
dino_rae_patch,RAE-DINO patch,270,0.9865057501672908,0.001243112200809891,0.9865057501672908,0.49830174094565755,0.23901531401966544,0.758504791615677
dino_rae_patch,RAE-DINO patch,271,0.9823976333996552,0.001237935494971802,0.9823976333996552,0.4977801232619464,0.23863601295397804,0.7581223897500141
dino_rae_patch,RAE-DINO patch,272,0.9797308857858084,0.0012345750822274348,0.9797308857858084,0.4974403534394894,0.2383891654519651,0.7578730784047882
dino_rae_patch,RAE-DINO patch,273,0.9777911404538252,0.0012321307770743798,0.9777911404538252,0.49719263080507153,0.2382093010485193,0.757691196826113
dino_rae_patch,RAE-DINO patch,274,0.976121653350638,0.0012300270287822742,0.976121653350638,0.49697902982225933,0.23805428551527597,0.7575342924564331
dino_rae_patch,RAE-DINO patch,275,0.975067774439343,0.0012286990185475797,0.975067774439343,0.49684400464457656,0.23795632977166326,0.7574350712855672
dino_rae_patch,RAE-DINO patch,276,0.9728011607288752,0.001225842821148297,0.9728011607288752,0.4965531077817938,0.23774538797429895,0.7572212152739376
dino_rae_patch,RAE-DINO patch,277,0.971238415527248,0.0012238735800905833,0.971238415527248,0.4963521516290805,0.23759974023208508,0.7570734043752447
dino_rae_patch,RAE-DINO patch,278,0.9674464879692763,0.0012190953095015853,0.9674464879692763,0.4958631987452986,0.23724561295730331,0.7567135020119656
dino_rae_patch,RAE-DINO patch,279,0.9657748604933588,0.001216988864090426,0.9657748604933588,0.49564704302888574,0.23708917496133602,0.7565542797081347
dino_rae_patch,RAE-DINO patch,280,0.9633420300478992,0.0012139232142361401,0.9633420300478992,0.49533179079104245,0.2368611433778521,0.7563219331498764
dino_rae_patch,RAE-DINO patch,281,0.9629126482014464,0.0012133821430745768,0.9629126482014464,0.4952760681520268,0.2368208529487105,0.7562808486571841
dino_rae_patch,RAE-DINO patch,282,0.9620771859857612,0.0012123293633280242,0.9620771859857612,0.4951675758950391,0.2367424205988878,0.7562008432274976
dino_rae_patch,RAE-DINO patch,283,0.9586952641305886,0.001208067747701721,0.9586952641305886,0.494727443098374,0.2364244156060483,0.755876090134589
dino_rae_patch,RAE-DINO patch,284,0.9537852071833334,0.0012018805037887796,0.9537852071833334,0.4940856780375036,0.23596124519657102,0.7554020265938428
dino_rae_patch,RAE-DINO patch,285,0.9520493800584972,0.0011996931593389224,0.9520493800584972,0.4938580119960895,0.23579708306038777,0.7552336997449668
dino_rae_patch,RAE-DINO patch,286,0.9499958001917131,0.001197105409407101,0.9499958001917131,0.4935881371012202,0.23560258550396318,0.7550340615778761
dino_rae_patch,RAE-DINO patch,287,0.9476651277074596,0.0011941684904882037,0.9476651277074596,0.4932811444631087,0.23538146905368978,0.754806828737337
dino_rae_patch,RAE-DINO patch,288,0.9462460077612576,0.0011923802339886978,0.9462460077612576,0.49309385257779537,0.2352466378063308,0.7546681254717625
dino_rae_patch,RAE-DINO patch,289,0.9432291969702608,0.0011885787008489397,0.9432291969702608,0.4926947729945417,0.2349595145120211,0.7543723965751363
dino_rae_patch,RAE-DINO patch,290,0.9410519707220673,0.0011858351420682696,0.9410519707220673,0.49240597004465997,0.23475187859858448,0.7541582315125112
dino_rae_patch,RAE-DINO patch,291,0.9391591736349822,0.001183449997174574,0.9391591736349822,0.49215435648513883,0.23457108088102396,0.7539715390319521
dino_rae_patch,RAE-DINO patch,292,0.9374264314342334,0.0011812665400885473,0.9374264314342334,0.4919235778590082,0.23440533659128499,0.7538002191277752
dino_rae_patch,RAE-DINO patch,293,0.9312737019971302,0.0011735133840321856,0.9312737019971302,0.49110068269563223,0.23381497763598966,0.7531886629370761
dino_rae_patch,RAE-DINO patch,294,0.9284173626435764,0.0011699140636030304,0.9284173626435764,0.4907168290009648,0.2335399364574187,0.752903030809516
dino_rae_patch,RAE-DINO patch,295,0.92723723254701,0.0011684269621630885,0.92723723254701,0.4905578936510608,0.23342611873564248,0.7527846969283274
dino_rae_patch,RAE-DINO patch,296,0.926672494000537,0.0011677153257866465,0.926672494000537,0.49048176594991766,0.23337161490071037,0.7527280027539736
dino_rae_patch,RAE-DINO patch,297,0.9249757246073396,0.0011655771986299759,0.9249757246073396,0.4902527618590005,0.23320771025581205,0.7525574031455069
dino_rae_patch,RAE-DINO patch,298,0.921759846061889,0.001161524816922627,0.921759846061889,0.4898175879872429,0.2328964568058043,0.7522329885423832
dino_rae_patch,RAE-DINO patch,299,0.9203676881245884,0.0011597705356961676,0.9203676881245884,0.48962873433330245,0.23276146789643673,0.7520921091314651
dino_rae_patch,RAE-DINO patch,300,0.917230681560386,0.0011558175418759902,0.917230681560386,0.4892021444321529,0.23245674256639298,0.751773679503375
dino_rae_patch,RAE-DINO patch,301,0.9162229194551956,0.0011545476441908896,0.9162229194551956,0.48906479623206595,0.23235868767106785,0.751671094663696
dino_rae_patch,RAE-DINO patch,302,0.9128515345583882,0.001150299306359978,0.9128515345583882,0.48860422076878407,0.23203007796900732,0.7513268763638467
dino_rae_patch,RAE-DINO patch,303,0.9113840531423298,0.001148450108772985,0.9113840531423298,0.4884032179587695,0.23188676461996424,0.7511765492415441
dino_rae_patch,RAE-DINO patch,304,0.9092611194137468,0.0011457749648936262,0.9092611194137468,0.48811187017491786,0.23167914101448525,0.7509585415502271
dino_rae_patch,RAE-DINO patch,305,0.9060802623563596,0.0011417667143422232,0.9060802623563596,0.48767407440584065,0.23136738732683557,0.75063069938732
dino_rae_patch,RAE-DINO patch,306,0.9043970162723872,0.0011396456281310208,0.9043970162723872,0.48744178700600177,0.231202089507538,0.7504566288990953
dino_rae_patch,RAE-DINO patch,307,0.9034447950187212,0.0011384457183909085,0.9034447950187212,0.4873101916522496,0.23110848000437534,0.7503579767828233
dino_rae_patch,RAE-DINO patch,308,0.8986013935024771,0.001132342468088269,0.8986013935024771,0.4866387153255354,0.230631222751142,0.74985417016326
dino_rae_patch,RAE-DINO patch,309,0.8979219909794133,0.001131486341739752,0.8979219909794133,0.4865442392440834,0.23056412581078392,0.7497832278390838
dino_rae_patch,RAE-DINO patch,310,0.8945516163728697,0.0011272392769923001,0.8945516163728697,0.4860745180395557,0.23023072243863577,0.7494303032254164
dino_rae_patch,RAE-DINO patch,311,0.8930312782898914,0.0011253234738457032,0.8930312782898914,0.48586206060890197,0.23008002763385912,0.74927055869355
dino_rae_patch,RAE-DINO patch,312,0.8896346553069177,0.001121043333085277,0.8896346553069177,0.4853861134767357,0.22974267898034137,0.7489124390930214
dino_rae_patch,RAE-DINO patch,313,0.8891370106761574,0.0011204162428609568,0.8891370106761574,0.48531623133589297,0.22969317457951033,0.7488598269957183
dino_rae_patch,RAE-DINO patch,314,0.8846416508873759,0.0011147515656915465,0.8846416508873759,0.4846832150912313,0.22924506920578558,0.7483828950155215
dino_rae_patch,RAE-DINO patch,315,0.8831206673071783,0.001112834949143235,0.8831206673071783,0.484468319612107,0.22909307890013028,0.7482208418308374
dino_rae_patch,RAE-DINO patch,316,0.8820215683334409,0.0011114499563604572,0.8820215683334409,0.48431280411274996,0.22898312825079062,0.7481035213468996
dino_rae_patch,RAE-DINO patch,317,0.8795154739214448,0.0011082919853710276,0.8795154739214448,0.4839574932585969,0.22873205189571652,0.7478353310979158
dino_rae_patch,RAE-DINO patch,318,0.8785449730601664,0.0011070690411952363,0.8785449730601664,0.4838196292177478,0.22863468093955408,0.7477312164602126
dino_rae_patch,RAE-DINO patch,319,0.8738356148694116,0.0011011347011025217,0.8738356148694116,0.4831485092511482,0.22816107222096083,0.7472239544601926
dino_rae_patch,RAE-DINO patch,320,0.8732722320571861,0.0011004247731092125,0.8732722320571861,0.4830679847677206,0.22810428978107156,0.7471630421297245
dino_rae_patch,RAE-DINO patch,321,0.8711666962323638,0.001097771552615936,0.8711666962323638,0.4827665871370111,0.22789183984666747,0.7469349593264242
dino_rae_patch,RAE-DINO patch,322,0.870727716361959,0.0010972183868257544,0.870727716361959,0.48270365902860735,0.2278474994143509,0.7468873200940573
dino_rae_patch,RAE-DINO patch,323,0.8681815986827659,0.001094009981855823,0.8681815986827659,0.4823380551704064,0.22759000008992158,0.74661041701631
dino_rae_patch,RAE-DINO patch,324,0.8644817191024147,0.0010893477024447986,0.8644817191024147,0.48180489795394943,0.22721483500580905,0.7462062271067609
dino_rae_patch,RAE-DINO patch,325,0.8632960753916464,0.0010878536532084716,0.8632960753916464,0.4816335710934021,0.22709436455489582,0.746076246195512
dino_rae_patch,RAE-DINO patch,326,0.8620565463059248,0.0010862917021205454,0.8620565463059248,0.4814542105967896,0.22696829024458418,0.7459401198339254
dino_rae_patch,RAE-DINO patch,327,0.8607238745816034,0.0010846123804542527,0.8607238745816034,0.48126108973458626,0.226832595165017,0.7457934921388485
dino_rae_patch,RAE-DINO patch,328,0.8591504994837568,0.0010826297444886217,0.8591504994837568,0.48103270989266256,0.22667219451660364,0.7456200164756536
dino_rae_patch,RAE-DINO patch,329,0.858328969374583,0.0010815945208197547,0.858328969374583,0.4809132993669718,0.22658835726089468,0.745529279671986
dino_rae_patch,RAE-DINO patch,330,0.8561645497796327,0.0010788670999145056,0.8561645497796327,0.4805981604723767,0.2263671984721857,0.7452897038749077
dino_rae_patch,RAE-DINO patch,331,0.8533790167214478,0.0010753570036684352,0.8533790167214478,0.48019143601303793,0.2260819763459811,0.7449802658601192
dino_rae_patch,RAE-DINO patch,332,0.8518263247018508,0.0010734004307915576,0.8518263247018508,0.4799641573144357,0.22592269631893488,0.744807234758644
dino_rae_patch,RAE-DINO patch,333,0.8484058480852089,0.0010690902316730917,0.8484058480852089,0.47946204206124626,0.22557106816869457,0.7444246699470962
dino_rae_patch,RAE-DINO patch,334,0.8472279355912169,0.0010676059246708066,0.8472279355912169,0.4792886690634976,0.22544973956489164,0.7442924812096048
dino_rae_patch,RAE-DINO patch,335,0.8460424995550744,0.001066112137128708,0.8460424995550744,0.47911395022017106,0.2253275124029204,0.7441592170807044
dino_rae_patch,RAE-DINO patch,336,0.8443813795808013,0.0010640189323940395,0.8443813795808013,0.47886871766927314,0.22515602957543238,0.7439720862530774
dino_rae_patch,RAE-DINO patch,337,0.8415993788581202,0.0010605132873023203,0.8415993788581202,0.47845694891498525,0.22486828586097066,0.7436576564169369
dino_rae_patch,RAE-DINO patch,338,0.8408219659443498,0.0010595336564405526,0.8408219659443498,0.47834164455998945,0.22478775441258836,0.743569559784418
dino_rae_patch,RAE-DINO patch,339,0.8395725820443778,0.0010579592871383086,0.8395725820443778,0.4781561197189482,0.2246582188196325,0.7434277668672481
dino_rae_patch,RAE-DINO patch,340,0.8369267215741035,0.0010546251946287812,0.8369267215741035,0.47776233471572643,0.224383435320344,0.743126619450588
dino_rae_patch,RAE-DINO patch,341,0.8338935913544266,0.0010508030971072145,0.8338935913544266,0.4773094118619713,0.2240676570116685,0.7427799342442244
dino_rae_patch,RAE-DINO patch,342,0.8320848201846351,0.0010485238346606858,0.8320848201846351,0.47703854968477627,0.22387895030913185,0.7425724458144681
dino_rae_patch,RAE-DINO patch,343,0.8311914151888414,0.0010473980402592366,0.8311914151888414,0.4769045506032433,0.22378563297090537,0.7424697543195917
dino_rae_patch,RAE-DINO patch,344,0.8284798689101005,0.0010439811759768015,0.8284798689101005,0.47649699088574,0.2235019631286366,0.7421572368372059
dino_rae_patch,RAE-DINO patch,345,0.8266636711694657,0.0010416925551856064,0.8266636711694657,0.4762232776852061,0.22331158477952565,0.7419472007650569
dino_rae_patch,RAE-DINO patch,346,0.826020425091096,0.0010408819901706443,0.826020425091096,0.47612619537328793,0.22324408557887318,0.7418726744256885
dino_rae_patch,RAE-DINO patch,347,0.8246298334149322,0.0010391296826157308,0.8246298334149322,0.47591606701739164,0.22309803343927817,0.741711314197885
dino_rae_patch,RAE-DINO patch,348,0.8211278335881769,0.0010347167547527807,0.8211278335881769,0.4753853540721126,0.2227294321342219,0.7413034510728552
dino_rae_patch,RAE-DINO patch,349,0.8187520957638768,0.001031723048254048,0.8187520957638768,0.475024062848984,0.22247872764779977,0.7410255276210205
dino_rae_patch,RAE-DINO patch,350,0.8169089449335011,0.001029400463428988,0.8169089449335011,0.4747430601512938,0.222283863167917,0.7408092180173893
dino_rae_patch,RAE-DINO patch,351,0.8166054659252128,0.0010290180445147253,0.8166054659252128,0.4746967331621224,0.22225174784233775,0.7407735440796969
dino_rae_patch,RAE-DINO patch,352,0.8139353488642808,0.0010256533858743957,0.8139353488642808,0.4742884069421985,0.22196881350214928,0.7404589612800979
dino_rae_patch,RAE-DINO patch,353,0.8133397111223493,0.0010249028129110528,0.8133397111223493,0.4741971413174666,0.22190560637879048,0.7403886108894804
dino_rae_patch,RAE-DINO patch,354,0.8099241486481606,0.0010205988061847136,0.8099241486481606,0.4736725369636693,0.2215425115171573,0.7399839634551347
dino_rae_patch,RAE-DINO patch,355,0.808473568189182,0.001018770905773077,0.808473568189182,0.4734490868181997,0.22138797175153205,0.7398114700397481
dino_rae_patch,RAE-DINO patch,356,0.8081589992228689,0.0010183745122194117,0.8081589992228689,0.47340057852815837,0.22135443228565718,0.7397740129501688
dino_rae_patch,RAE-DINO patch,357,0.8045498666571002,0.0010138265846213346,0.8045498666571002,0.47284271147323825,0.2209689497515563,0.7393429603743745
dino_rae_patch,RAE-DINO patch,358,0.8034344949597358,0.001012421086310558,0.8034344949597358,0.4726698148206107,0.22084956748446238,0.7392092622362215
dino_rae_patch,RAE-DINO patch,359,0.8024313879609075,0.001011157054601924,0.8024313879609075,0.47251412109261287,0.22074209923408483,0.7390888245253155
dino_rae_patch,RAE-DINO patch,360,0.7995746293274222,0.0010075572058311972,0.7995746293274222,0.47206968011460054,0.2204355078715119,0.7387448040671917
dino_rae_patch,RAE-DINO patch,361,0.7991589881230208,0.0010070334494797892,0.7991589881230208,0.4720048880149695,0.22039083493178724,0.7386946242785398
dino_rae_patch,RAE-DINO patch,362,0.7981047025462905,0.0010057049267992583,0.7981047025462905,0.4718403940131393,0.22027744564745627,0.7385671967073284
dino_rae_patch,RAE-DINO patch,363,0.7968674808756845,0.0010041458833232565,0.7968674808756845,0.4716470880351389,0.22014424376102426,0.7384173921790469
dino_rae_patch,RAE-DINO patch,364,0.7946147992054622,0.0010013072419181564,0.7946147992054622,0.4712943745459562,0.21990133238692974,0.7381438932663612
dino_rae_patch,RAE-DINO patch,365,0.7924611692783227,0.0009985934172516478,0.7924611692783227,0.47095626079593556,0.21966863799326333,0.7378815211566755
dino_rae_patch,RAE-DINO patch,366,0.7900251495519267,0.0009955237485317415,0.7900251495519267,0.4705727356608581,0.21940488290799914,0.7375836801925378
dino_rae_patch,RAE-DINO patch,367,0.7892705494065735,0.000994572864416507,0.7892705494065735,0.4704536990881548,0.21932306142374083,0.7374911880372182
dino_rae_patch,RAE-DINO patch,368,0.7865290879193246,0.0009911183034853907,0.7865290879193246,0.47002030799200517,0.219025329696872,0.7371542409718864
dino_rae_patch,RAE-DINO patch,369,0.7853448436380878,0.000989626017693346,0.7853448436380878,0.4698326402242145,0.21889648604865355,0.7370082383712198
dino_rae_patch,RAE-DINO patch,370,0.7842783535778299,0.0009882821159414058,0.7842783535778299,0.4696633980003769,0.21878033426213306,0.7368765201420245
dino_rae_patch,RAE-DINO patch,371,0.7829582424275657,0.0009866186220620844,0.7829582424275657,0.46945359908805157,0.21863640317718197,0.7367131709479581
dino_rae_patch,RAE-DINO patch,372,0.7807703762702369,0.0009838616557560562,0.7807703762702369,0.469105135773303,0.2183974766925083,0.7364416952200917
dino_rae_patch,RAE-DINO patch,373,0.7791205119700111,0.000981782634482289,0.7791205119700111,0.46884173402928425,0.21821698452455948,0.7362363532039246
dino_rae_patch,RAE-DINO patch,374,0.7771900380077028,0.0009793500123353991,0.7771900380077028,0.46853284585833516,0.218005445321823,0.7359954029816896
dino_rae_patch,RAE-DINO patch,375,0.7751254698727872,0.0009767484159052904,0.7751254698727872,0.4682016783566078,0.21777879432451827,0.7357368959617202
dino_rae_patch,RAE-DINO patch,376,0.7740381899971054,0.000975378316563319,0.7740381899971054,0.4680269295016505,0.21765925707417383,0.7356004140707978
dino_rae_patch,RAE-DINO patch,377,0.7718987560920737,0.0009726823805389013,0.7718987560920737,0.4676823824167491,0.21742369208938525,0.7353311665792853
dino_rae_patch,RAE-DINO patch,378,0.7709361468094724,0.0009714693806718336,0.7709361468094724,0.4675270565714666,0.2173175499999521,0.7352097214278642
dino_rae_patch,RAE-DINO patch,379,0.7685786088523512,0.0009684986081265413,0.7685786088523512,0.4671458522714859,0.21705719403683596,0.7349114958929408
dino_rae_patch,RAE-DINO patch,380,0.7678867894677754,0.0009676268350856066,0.7678867894677754,0.467033773235277,0.21698068392067232,0.7348237671636739
dino_rae_patch,RAE-DINO patch,381,0.7663485603503684,0.0009656884871508222,0.7663485603503684,0.46678422024695576,0.21681038986630413,0.7346283560752968
dino_rae_patch,RAE-DINO patch,382,0.7650456557251668,0.0009640466754981227,0.7650456557251668,0.4665724657761525,0.21666595631662358,0.7344624605746441
dino_rae_patch,RAE-DINO patch,383,0.7627046071249058,0.0009610966814639473,0.7627046071249058,0.46619110975531974,0.21640599574604436,0.7341635027612924
dino_rae_patch,RAE-DINO patch,384,0.7604060644417695,0.0009582002498384807,0.7604060644417695,0.4658155759905805,0.21615019846425287,0.733868869174087
dino_rae_patch,RAE-DINO patch,385,0.7592489101816697,0.0009567421006298166,0.7592489101816697,0.46562610608101906,0.21602121294434004,0.7337201257356334
dino_rae_patch,RAE-DINO patch,386,0.7567430391304724,0.000953584411101021,0.7567430391304724,0.46521484273910735,0.2157414056575119,0.7333970541902916
dino_rae_patch,RAE-DINO patch,387,0.7555562095975612,0.0009520888675906125,0.7555562095975612,0.46501960142271687,0.21560865196998172,0.733243580358726
dino_rae_patch,RAE-DINO patch,388,0.7531227193845282,0.0009490223863523028,0.7531227193845282,0.4646183489815728,0.21533598479040075,0.7329279639076716
dino_rae_patch,RAE-DINO patch,389,0.7525087257603571,0.0009482486828383625,0.7525087257603571,0.46451691142563467,0.21526708861120167,0.7328481320625853
dino_rae_patch,RAE-DINO patch,390,0.7505073472681772,0.0009457267127214673,0.7505073472681772,0.4641857097188922,0.21504223458331803,0.7325873530285476
dino_rae_patch,RAE-DINO patch,391,0.7469863096682972,0.0009412897950459453,0.7469863096682972,0.4636009522741738,0.21464560469453947,0.7321264758500157
dino_rae_patch,RAE-DINO patch,392,0.7456286378042251,0.000939578970290349,0.7456286378042251,0.46337476661792454,0.2144923117768114,0.7319480512499362
dino_rae_patch,RAE-DINO patch,393,0.7451322228662377,0.0009389534296222163,0.7451322228662377,0.4632919657201308,0.21443621243648897,0.7318827126770338
dino_rae_patch,RAE-DINO patch,394,0.7433874806333575,0.0009367548510973634,0.7433874806333575,0.4630005244744016,0.21423882883177234,0.7316526420389171
dino_rae_patch,RAE-DINO patch,395,0.7421141315751405,0.0009351502829031173,0.7421141315751405,0.4627874085046309,0.2140945652183529,0.7314843114903584
dino_rae_patch,RAE-DINO patch,396,0.740705871077825,0.0009333757105746391,0.740705871077825,0.46255130250200854,0.21393481087058921,0.7312977316022081
dino_rae_patch,RAE-DINO patch,397,0.7398875264658549,0.0009323445010034485,0.7398875264658549,0.46241390197896903,0.21384187747368982,0.7311891086666281
dino_rae_patch,RAE-DINO patch,398,0.7386683917627329,0.0009308082492141156,0.7386683917627329,0.46220893709265554,0.21370329311432368,0.731027012261318
dino_rae_patch,RAE-DINO patch,399,0.7358725208427493,0.000927285126057528,0.7358725208427493,0.46173765441069603,0.21338485674733526,0.7306540258097866
dino_rae_patch,RAE-DINO patch,400,0.7341519147430691,0.0009251169618730438,0.7341519147430691,0.46144676568054804,0.21318845864718583,0.730423618323285
dino_rae_patch,RAE-DINO patch,401,0.7316403058619217,0.0009219520420098933,0.7316403058619217,0.46102096978331103,0.21290118158716415,0.7300860916732793
dino_rae_patch,RAE-DINO patch,402,0.7288514611123286,0.0009184377726467436,0.7288514611123286,0.4605465248141948,0.21258136945959583,0.7297096342964866
dino_rae_patch,RAE-DINO patch,403,0.7280533713451571,0.0009174320865402571,0.7280533713451571,0.4604104308984734,0.21248968766521614,0.7296015765540284
dino_rae_patch,RAE-DINO patch,404,0.7278997305234014,0.0009172384812013782,0.7278997305234014,0.4603842149169595,0.21247202971988097,0.7295807575629996
dino_rae_patch,RAE-DINO patch,405,0.7263907968931466,0.0009153370489941518,0.7263907968931466,0.46012646039180405,0.2122984666635579,0.729376003038729
dino_rae_patch,RAE-DINO patch,406,0.7240907651068051,0.0009124387409251246,0.7240907651068051,0.4597325806078716,0.2120334138841094,0.7290628925151661
dino_rae_patch,RAE-DINO patch,407,0.7204952478253797,0.0009079079701718828,0.7204952478253797,0.4591144372827192,0.2116178674203787,0.7285709664819524
dino_rae_patch,RAE-DINO patch,408,0.7193180142722736,0.0009064245187142296,0.7193180142722736,0.4589114034765952,0.21148148975509734,0.7284092456871764
dino_rae_patch,RAE-DINO patch,409,0.7179326249910278,0.0009046787667831378,0.7179326249910278,0.45867206118543324,0.2113207945554618,0.7282185128484455
dino_rae_patch,RAE-DINO patch,410,0.7175747767908929,0.000904227836351612,0.7175747767908929,0.4586101667418794,0.21127925089300212,0.7281691727851705
dino_rae_patch,RAE-DINO patch,411,0.7157794333355524,0.000901965494389997,0.7157794333355524,0.45829919176335676,0.2110706014292058,0.7279211741341396
dino_rae_patch,RAE-DINO patch,412,0.714406564374725,0.0009002355195216008,0.714406564374725,0.4580608896712647,0.21091079946357022,0.7277310178027538
dino_rae_patch,RAE-DINO patch,413,0.7118316793306809,0.0008969908643197519,0.7118316793306809,0.4576127566510256,0.210610493170055,0.7273731573007022
dino_rae_patch,RAE-DINO patch,414,0.7108313496688641,0.0008957303323793899,0.7108313496688641,0.45743824042990666,0.21049361749095521,0.7272337015341688
dino_rae_patch,RAE-DINO patch,415,0.7086268569091649,0.0008929524146169093,0.7086268569091649,0.4570528159715131,0.2102356377022634,0.7269255216214361
dino_rae_patch,RAE-DINO patch,416,0.7074456335287852,0.0008914639355119644,0.7074456335287852,0.45684582326649675,0.210097170941287,0.7267599065449801
dino_rae_patch,RAE-DINO patch,417,0.70553951868604,0.0008890620086942449,0.70553951868604,0.4565111051931603,0.20987338349206774,0.7264919404060532
dino_rae_patch,RAE-DINO patch,418,0.704974717873241,0.0008883502938549763,0.704974717873241,0.4564117587518006,0.2098069906190798,0.7264123687907044
dino_rae_patch,RAE-DINO patch,419,0.7044500375654239,0.0008876891355271495,0.7044500375654239,0.45631940113541114,0.20974528011294755,0.7263383794461055
dino_rae_patch,RAE-DINO patch,420,0.7028288023588908,0.0008856461902475279,0.7028288023588908,0.45603360462064463,0.20955439146096447,0.7261093284646988
dino_rae_patch,RAE-DINO patch,421,0.7003652829841667,0.0008825418687662473,0.7003652829841667,0.45559811885183854,0.20926373101926915,0.725760035157355
dino_rae_patch,RAE-DINO patch,422,0.699285822491896,0.0008811816227585516,0.699285822491896,0.4554068370330195,0.20913614141829537,0.7256065075638239
dino_rae_patch,RAE-DINO patch,423,0.6976939114770835,0.000879175629377589,0.6976939114770835,0.45512423291520193,0.20894772631188102,0.7253795652569488
dino_rae_patch,RAE-DINO patch,424,0.6951998436320544,0.0008760328132639704,0.6951998436320544,0.45468023270272057,0.20865192017493403,0.7250227330177158
dino_rae_patch,RAE-DINO patch,425,0.6929633245803919,0.0008732145386416543,0.6929633245803919,0.45428078679929507,0.20838602007859833,0.7247014126460841
dino_rae_patch,RAE-DINO patch,426,0.6917679692639976,0.000871708251650564,0.6917679692639976,0.45406678961203556,0.20824365472394088,0.7245291548323602
dino_rae_patch,RAE-DINO patch,427,0.6902442405796861,0.0008697881759511872,0.6902442405796861,0.45379349368792243,0.20806192768673337,0.7243090472887626
dino_rae_patch,RAE-DINO patch,428,0.6884348128479021,0.0008675080861600401,0.6884348128479021,0.453468206431437,0.20784575753681778,0.7240468956678284
dino_rae_patch,RAE-DINO patch,429,0.6872998750171798,0.0008660779322412288,0.6872998750171798,0.4532637583392912,0.20770996255689794,0.7238820339892728
dino_rae_patch,RAE-DINO patch,430,0.6858076007964662,0.0008641974928313129,0.6858076007964662,0.4529944492362608,0.20753117066462354,0.7236647576784941
dino_rae_patch,RAE-DINO patch,431,0.6840124688168087,0.0008619354173537013,0.6840124688168087,0.45266974279240546,0.20731572778414697,0.7234026172172716
dino_rae_patch,RAE-DINO patch,432,0.6822789678734231,0.0008597510041635373,0.6822789678734231,0.45235541284819486,0.20710730165710473,0.7231486766011371
dino_rae_patch,RAE-DINO patch,433,0.681276641108689,0.0008584879556407811,0.681276641108689,0.45217331705498504,0.20698661677599517,0.7230014853571293
dino_rae_patch,RAE-DINO patch,434,0.6800648972413749,0.0008569610171658059,0.6800648972413749,0.4519528349001947,0.2068405493596543,0.7228231872780848
dino_rae_patch,RAE-DINO patch,435,0.6783170738033701,0.0008547585559634493,0.6783170738033701,0.45163415106713994,0.20662953683790755,0.7225653240978444
dino_rae_patch,RAE-DINO patch,436,0.6777396590467765,0.0008540309460851211,0.6777396590467765,0.4515286982297963,0.20655974185245177,0.7224799572871958
dino_rae_patch,RAE-DINO patch,437,0.6764295369475265,0.0008523800395740824,0.6764295369475265,0.45128911421138374,0.20640122494856233,0.7222859345666185
dino_rae_patch,RAE-DINO patch,438,0.6758509545625045,0.0008516509583478731,0.6758509545625045,0.4511831674154318,0.20633115090935672,0.7222001030503866
dino_rae_patch,RAE-DINO patch,439,0.6750167270314477,0.0008505997344478275,0.6750167270314477,0.4510302563313176,0.2062300402065242,0.722076188880412
dino_rae_patch,RAE-DINO patch,440,0.6723302772482176,0.0008472144946741818,0.6723302772482176,0.4505366151526524,0.20590383418582242,0.7216758748391416
dino_rae_patch,RAE-DINO patch,441,0.6706614499219538,0.0008451115777778822,0.6706614499219538,0.4502290193612127,0.20570073083811782,0.7214262137162673
dino_rae_patch,RAE-DINO patch,442,0.6691362249289847,0.0008431896165552351,0.6691362249289847,0.44994725534825203,0.20551479232472714,0.7211973713198424
dino_rae_patch,RAE-DINO patch,443,0.6673625109844541,0.0008409545302976854,0.6673625109844541,0.44961881816831006,0.20529818435944003,0.7209304435682792
dino_rae_patch,RAE-DINO patch,444,0.6661531941526172,0.0008394306501702292,0.6661531941526172,0.44939441433761773,0.20515026830485122,0.7207479553206584
dino_rae_patch,RAE-DINO patch,445,0.6649816564728727,0.0008379543761767406,0.6649816564728727,0.4491766517682581,0.20500679248057257,0.7205707819467093
dino_rae_patch,RAE-DINO patch,446,0.6634222023764673,0.0008359892822951127,0.6634222023764673,0.44888621859470923,0.20481553258489724,0.7203343514204987
dino_rae_patch,RAE-DINO patch,447,0.6611960334950443,0.0008331840500933836,0.6611960334950443,0.44847049189000576,0.20454195339073417,0.7199956618811383
dino_rae_patch,RAE-DINO patch,448,0.6587724237986653,0.0008301300194574152,0.6587724237986653,0.4480163819252771,0.20424337138280302,0.7196253483367091
dino_rae_patch,RAE-DINO patch,449,0.6571375736941559,0.0008280699178198259,0.6571375736941559,0.44770916583587117,0.20404152516859278,0.7193746129468167
dino_rae_patch,RAE-DINO patch,450,0.6565469283634058,0.0008273256358763274,0.6565469283634058,0.44759799539405987,0.20396851440224356,0.7192838391245127
dino_rae_patch,RAE-DINO patch,451,0.6551474575483874,0.0008255621395717882,0.6551474575483874,0.4473342102042821,0.20379533846697265,0.7190683622602508
dino_rae_patch,RAE-DINO patch,452,0.6547932268267974,0.0008251157675847668,0.6547932268267974,0.44726735686408753,0.2037514633004567,0.7190137322651828
dino_rae_patch,RAE-DINO patch,453,0.6538160593605912,0.0008238844227099199,0.6538160593605912,0.4470827600174572,0.20363034427060134,0.7188628450740531
dino_rae_patch,RAE-DINO patch,454,0.6512225778768673,0.0008206163338270676,0.6512225778768673,0.44659155522329,0.20330826579772363,0.718461041839926
dino_rae_patch,RAE-DINO patch,455,0.6505542069640468,0.0008197741085929492,0.6505542069640468,0.44646466579887106,0.20322511618253813,0.7183571762993757
dino_rae_patch,RAE-DINO patch,456,0.6483679726423641,0.0008170191985899897,0.6483679726423641,0.446048748298454,0.20295271435278806,0.7180165229613918
dino_rae_patch,RAE-DINO patch,457,0.6473659701345394,0.0008157565586687244,0.6473659701345394,0.44585767993137604,0.20282765037464295,0.7178599256277315
dino_rae_patch,RAE-DINO patch,458,0.6442613744803593,0.0008118444063719554,0.6442613744803593,0.4452638945552016,0.20243928748406337,0.7173728455034437
dino_rae_patch,RAE-DINO patch,459,0.6436784528391687,0.0008111098571773286,0.6436784528391687,0.44515210331275906,0.20236622159121467,0.7172810722397206
dino_rae_patch,RAE-DINO patch,460,0.6427131938525712,0.0008098935183744608,0.6427131938525712,0.4449667778027779,0.2022451296385938,0.7171288823605798
dino_rae_patch,RAE-DINO patch,461,0.6416078595393873,0.0008085006683373882,0.6416078595393873,0.4447542351350143,0.202106308248349,0.7169542651223727
dino_rae_patch,RAE-DINO patch,462,0.6396597184855942,0.0008060457835965156,0.6396597184855942,0.44437878723411994,0.20186122758449807,0.7166456109394539
dino_rae_patch,RAE-DINO patch,463,0.6380140690487651,0.0008039720735417782,0.6380140690487651,0.4440607935120039,0.2016537925535661,0.7163839896313373
dino_rae_patch,RAE-DINO patch,464,0.6357272829879952,0.0008010904566304697,0.6357272829879952,0.44361762309969816,0.20136491769914702,0.7160190760724097
dino_rae_patch,RAE-DINO patch,465,0.6355420416574703,0.000800857030968196,0.6355420416574703,0.4435816581949562,0.2013414854691689,0.7159894463380791
dino_rae_patch,RAE-DINO patch,466,0.634279990867108,0.0007992666999080118,0.634279990867108,0.4433363654245026,0.2011817138693618,0.7157872988167483
dino_rae_patch,RAE-DINO patch,467,0.6336252895325928,0.0007984416999354478,0.6336252895325928,0.4432089359344675,0.20109874294280095,0.7156822400475527
dino_rae_patch,RAE-DINO patch,468,0.6326305907433579,0.0007971882635506939,0.6326305907433579,0.4430150922876896,0.20097256870753552,0.7155223696710007
dino_rae_patch,RAE-DINO patch,469,0.6302435867605969,0.0007941803603794768,0.6302435867605969,0.44254874589414583,0.2006692169427352,0.715137475140932
dino_rae_patch,RAE-DINO patch,470,0.6295712839540825,0.0007933331805011283,0.6295712839540825,0.442417098301726,0.2005836322391048,0.7150287492576664
dino_rae_patch,RAE-DINO patch,471,0.6291265617327481,0.0007927727786796302,0.6291265617327481,0.44232994178402174,0.20052698354000897,0.7149567505164377
dino_rae_patch,RAE-DINO patch,472,0.6277155824449306,0.0007909947803583043,0.6277155824449306,0.44205303372862276,0.20034706716744516,0.7147279086991271
dino_rae_patch,RAE-DINO patch,473,0.6258873733762245,0.0007886910238940824,0.6258873733762245,0.44169336996995845,0.20011352739138644,0.7144304668103031
dino_rae_patch,RAE-DINO patch,474,0.6255840182728551,0.000788308761114456,0.6255840182728551,0.44163359520002404,0.2000747299025697,0.7143810101486152
dino_rae_patch,RAE-DINO patch,475,0.6247391480272272,0.000787244126153876,0.6247391480272272,0.4414669733154405,0.19996660606903272,0.7142431154135488
dino_rae_patch,RAE-DINO patch,476,0.6215441745572977,0.0007832180872777116,0.6215441745572977,0.4408349499989432,0.19955679577769417,0.7137195962944725
dino_rae_patch,RAE-DINO patch,477,0.6201240788404765,0.000781428601193521,0.6201240788404765,0.44055304756023556,0.19937417086526327,0.7134858538441631
dino_rae_patch,RAE-DINO patch,478,0.6190490106866267,0.0007800738900440662,0.6190490106866267,0.44033923223515764,0.19923572201887665,0.7133084692141748
dino_rae_patch,RAE-DINO patch,479,0.6187119698898945,0.0007796491793654743,0.6187119698898945,0.4402721278529372,0.1991922827981364,0.7132527810163929
dino_rae_patch,RAE-DINO patch,480,0.6163892348003975,0.0007767222624888992,0.6163892348003975,0.43980873762988776,0.1988924682746783,0.712867999312009
dino_rae_patch,RAE-DINO patch,481,0.6156721958212926,0.0007758187098200674,0.6156721958212926,0.43966535537363294,0.19879975466438995,0.7127488600344138
dino_rae_patch,RAE-DINO patch,482,0.6129852457219996,0.0007724328395898816,0.6129852457219996,0.43912666188527955,0.19845165768956918,0.7123009098657943
dino_rae_patch,RAE-DINO patch,483,0.6118389581379085,0.0007709883836592608,0.6118389581379085,0.438896173107684,0.19830283065490809,0.7121090835398531
dino_rae_patch,RAE-DINO patch,484,0.6103586900908932,0.000769123073427261,0.6103586900908932,0.43859792893578586,0.1981103532826299,0.7118607215383629
dino_rae_patch,RAE-DINO patch,485,0.6091580170653268,0.0007676100855029517,0.6091580170653268,0.43835551842986786,0.19795399178574707,0.7116587337113338
dino_rae_patch,RAE-DINO patch,486,0.6081266054276829,0.0007663103866511255,0.6081266054276829,0.43814692277364,0.19781950104601262,0.7114848349664018
dino_rae_patch,RAE-DINO patch,487,0.6072059500739906,0.0007651502536232928,0.6072059500739906,0.4379604462370144,0.19769931783255773,0.7113293079325114
dino_rae_patch,RAE-DINO patch,488,0.6067922647381178,0.0007646289618941442,0.6067922647381178,0.43787656889113774,0.19764527355849643,0.7112593306999471
dino_rae_patch,RAE-DINO patch,489,0.604054852048078,0.0007611795029193099,0.604054852048078,0.4373201857991373,0.1972870058974907,0.7107948208530439
dino_rae_patch,RAE-DINO patch,490,0.6029738048303872,0.0007598172574526869,0.6029738048303872,0.4370998101274193,0.1971452085145567,0.7106106760401384
dino_rae_patch,RAE-DINO patch,491,0.6021678701374771,0.0007588016858256156,0.6021678701374771,0.436935276171459,0.19703938137088906,0.7104731334493742
dino_rae_patch,RAE-DINO patch,492,0.6005967105384179,0.0007568218416466244,0.6005967105384179,0.43661392527891324,0.19683278851514838,0.7102043541554062
dino_rae_patch,RAE-DINO patch,493,0.5996097750120608,0.0007555781878777343,0.5996097750120608,0.43641166344450333,0.19670282302533523,0.7100350829260731
dino_rae_patch,RAE-DINO patch,494,0.598331202231119,0.0007539670371841448,0.598331202231119,0.4361491696569496,0.19653423123306346,0.7098152904666335
dino_rae_patch,RAE-DINO patch,495,0.598267748581262,0.0007538870781911943,0.598267748581262,0.43613612881011204,0.19652585774154924,0.7098043676989265
dino_rae_patch,RAE-DINO patch,496,0.5969601685971717,0.0007522393750414846,0.5969601685971717,0.435867109374876,0.19635316856911894,0.7095789713391197
dino_rae_patch,RAE-DINO patch,497,0.5936997745208518,0.000748130898577932,0.5936997745208518,0.4351939119848858,0.1959214255144917,0.7090143448195284
dino_rae_patch,RAE-DINO patch,498,0.5933545334819361,0.0007476958546386305,0.5933545334819361,0.43512242518922417,0.19587561197444958,0.708954337415566
dino_rae_patch,RAE-DINO patch,499,0.5923595181620022,0.000746442019388311,0.5923595181620022,0.4349161761026425,0.1957434694331991,0.7087811543463645
dino_rae_patch,RAE-DINO patch,500,0.5913882112395379,0.0007452180594814967,0.5913882112395379,0.4347145286954789,0.19561432643456791,0.7086117582327864
dino_rae_patch,RAE-DINO patch,501,0.5887292747526709,0.0007418674896673397,0.5887292747526709,0.4341609347013127,0.1952600432734751,0.7081463138166436
dino_rae_patch,RAE-DINO patch,502,0.5882453293731146,0.0007412576620958835,0.5882453293731146,0.4340599254415402,0.19519544159439423,0.7080613264003256
dino_rae_patch,RAE-DINO patch,503,0.5852739126259411,0.0007375133307410223,0.5852739126259411,0.4334380238312132,0.19479797640849544,0.707537647097741
dino_rae_patch,RAE-DINO patch,504,0.5843126083990459,0.0007363019753962198,0.5843126083990459,0.4332361968410716,0.19466908946050823,0.7073675400994198
dino_rae_patch,RAE-DINO patch,505,0.5828390533985706,0.0007344451243851187,0.5828390533985706,0.43292621984449325,0.19447123619873244,0.7071061310777637
dino_rae_patch,RAE-DINO patch,506,0.5814352053891785,0.0007326761123056026,0.5814352053891785,0.4326302255860809,0.19428241905802313,0.7068563449571476
dino_rae_patch,RAE-DINO patch,507,0.5800911987624454,0.000730982507341437,0.5800911987624454,0.4323462234092169,0.19410135376662643,0.7066165234706251
dino_rae_patch,RAE-DINO patch,508,0.5785754828602346,0.0007290725286812211,0.5785754828602346,0.4320252003409069,0.19389680601460324,0.7063452568773276
dino_rae_patch,RAE-DINO patch,509,0.5783547725244528,0.0007287944079391892,0.5783547725244528,0.43197838933083216,0.19386698987359968,0.70630568500071
dino_rae_patch,RAE-DINO patch,510,0.5777519247133877,0.0007280347494485626,0.5777519247133877,0.43185044493241354,0.193785509867741,0.7061975055516062
dino_rae_patch,RAE-DINO patch,511,0.5751508103528141,0.0007247570422514352,0.5751508103528141,0.4312969717250735,0.19343326936341804,0.7057291765270901
dino_rae_patch,RAE-DINO patch,512,0.5744585423783928,0.0007238847039350219,0.5744585423783928,0.43114927598324065,0.19333933698875405,0.7056041036687678
dino_rae_patch,RAE-DINO patch,513,0.5736626232331697,0.0007228817530651286,0.5736626232331697,0.4309792612617284,0.19323124336705327,0.7054600792817097
dino_rae_patch,RAE-DINO patch,514,0.5728806627854764,0.0007218963917807028,0.5728806627854764,0.4308120142349191,0.19312494417905177,0.7053183459974864
dino_rae_patch,RAE-DINO patch,515,0.5720053772094709,0.0007207934299596076,0.5720053772094709,0.43062455444137415,0.19300583907916372,0.7051594203348672
dino_rae_patch,RAE-DINO patch,516,0.5714917408396596,0.0007201461882805967,0.5714917408396596,0.4305144246779861,0.19293588683165067,0.7050660228228258
dino_rae_patch,RAE-DINO patch,517,0.5697853297942684,0.0007179959115186389,0.5697853297942684,0.43014788742394566,0.19270317711846294,0.704755008365318
dino_rae_patch,RAE-DINO patch,518,0.5680614838847406,0.0007158236647962181,0.5680614838847406,0.4297765669520554,0.19246759904238928,0.7044396746950575
dino_rae_patch,RAE-DINO patch,519,0.5669029616676584,0.0007143637918023506,0.5669029616676584,0.42952642940519975,0.19230899892736367,0.7042271042870347
dino_rae_patch,RAE-DINO patch,520,0.565904328586401,0.0007131053977511928,0.565904328586401,0.4293104320477121,0.19217210724402278,0.7040434507472156
dino_rae_patch,RAE-DINO patch,521,0.5639041145358803,0.0007105848949664781,0.5639041145358803,0.4288767324437838,0.19189741615074668,0.703674425288846
dino_rae_patch,RAE-DINO patch,522,0.5627478633196209,0.0007091278836982827,0.5627478633196209,0.4286253741765952,0.19173831956669665,0.7034603856428545
dino_rae_patch,RAE-DINO patch,523,0.5607083327756824,0.000706557837550387,0.5607083327756824,0.42818082789170936,0.19145713442917556,0.7030815444161532
dino_rae_patch,RAE-DINO patch,524,0.5597659966567851,0.0007053703842319786,0.5597659966567851,0.42797492440440466,0.1913269779096114,0.702905945805369
dino_rae_patch,RAE-DINO patch,525,0.558892759445062,0.0007042700035885713,0.558892759445062,0.4277838319017475,0.19120623011467014,0.7027429056258196
dino_rae_patch,RAE-DINO patch,526,0.5572503462664722,0.0007022003715963303,0.5572503462664722,0.42742366722441605,0.19097876996743798,0.7024354226614352
dino_rae_patch,RAE-DINO patch,527,0.5556826034020995,0.0007002248329011895,0.5556826034020995,0.4270789574417195,0.19076121848435923,0.7021409007943942
dino_rae_patch,RAE-DINO patch,528,0.5541978501992861,0.0006983538708502375,0.5541978501992861,0.426751662837346,0.190554792001779,0.7018610472175576
dino_rae_patch,RAE-DINO patch,529,0.5536850243199507,0.0006977076504836712,0.5536850243199507,0.42663842817008,0.19048340465594463,0.7017641778306274
dino_rae_patch,RAE-DINO patch,530,0.5524960409586013,0.0006962093928984491,0.5524960409586013,0.42637552005537127,0.19031771777431764,0.7015391714265298
dino_rae_patch,RAE-DINO patch,531,0.5509119984413035,0.0006942133147412557,0.5509119984413035,0.4260244409741873,0.19009659588483047,0.7012384974428286
dino_rae_patch,RAE-DINO patch,532,0.5505736313088344,0.00069378693272508,0.5505736313088344,0.4259493258496871,0.1900493052039367,0.7011741358802526
dino_rae_patch,RAE-DINO patch,533,0.5503339365332834,0.000693484889376719,0.5503339365332834,0.42589608942502427,0.19001579297781462,0.7011285142488964
dino_rae_patch,RAE-DINO patch,534,0.5479142256184233,0.0006904357716597818,0.5479142256184233,0.42535746408442265,0.18967692286668555,0.7006666247038824
dino_rae_patch,RAE-DINO patch,535,0.5475769754143273,0.0006900107971035095,0.5475769754143273,0.4252822177780703,0.18962961051311544,0.7006020538185134
dino_rae_patch,RAE-DINO patch,536,0.5467078969691075,0.0006889156569905093,0.5467078969691075,0.4250881136642114,0.18950759604528086,0.7004354372940775
dino_rae_patch,RAE-DINO patch,537,0.5456784633998503,0.0006876184507353507,0.5456784633998503,0.4248578254324529,0.18936289533276557,0.7002376662345527
dino_rae_patch,RAE-DINO patch,538,0.544821820794158,0.0006865389812292794,0.544821820794158,0.4246658846960466,0.18924233918722577,0.70007274947142
dino_rae_patch,RAE-DINO patch,539,0.5431841317596844,0.0006844753022091201,0.5431841317596844,0.42429816349293326,0.18901150151479096,0.6997566015548995
dino_rae_patch,RAE-DINO patch,540,0.5405168618855147,0.0006811142313558881,0.5405168618855147,0.42369706449821576,0.18863451242598775,0.6992392423357633
dino_rae_patch,RAE-DINO patch,541,0.5400242053626624,0.0006804934267287864,0.5400242053626624,0.42358573912473657,0.1885647407721083,0.6991433487851475
dino_rae_patch,RAE-DINO patch,542,0.5387485439014806,0.000678885944637345,0.5387485439014806,0.4232970420218218,0.18838387346495264,0.6988945583090322
dino_rae_patch,RAE-DINO patch,543,0.5375235790013397,0.0006773423461203866,0.5375235790013397,0.4230192235012923,0.18820991639618026,0.698654989496169
dino_rae_patch,RAE-DINO patch,544,0.5369947391888648,0.0006766759463319919,0.5369947391888648,0.4228991034970557,0.1881347316131751,0.6985513609086489
dino_rae_patch,RAE-DINO patch,545,0.5349235347622608,0.0006740659874010418,0.5349235347622608,0.4224275993528104,0.18783977848244768,0.6981443181662782
dino_rae_patch,RAE-DINO patch,546,0.534403277558774,0.000673410402700087,0.534403277558774,0.4223088995497687,0.18776556701830058,0.6980417779796688
dino_rae_patch,RAE-DINO patch,547,0.5314025087653439,0.0006696290843466055,0.5314025087653439,0.4216221691931923,0.1873365534254017,0.697447997629609
dino_rae_patch,RAE-DINO patch,548,0.530985986869242,0.0006691042182210295,0.530985986869242,0.42152656515747255,0.18727687264247014,0.6973652605898263
dino_rae_patch,RAE-DINO patch,549,0.529475583307106,0.0006672009337283445,0.529475583307106,0.42117930247311736,0.1870601862405293,0.6970645840979449
dino_rae_patch,RAE-DINO patch,550,0.5292535828251305,0.0006669211872517703,0.5292535828251305,0.4211281845806201,0.18702830168966053,0.6970203038485523
dino_rae_patch,RAE-DINO patch,551,0.5284028800397239,0.0006658492026114147,0.5284028800397239,0.4209321185032212,0.18690603539732095,0.6968504164837175
dino_rae_patch,RAE-DINO patch,552,0.5273701090502574,0.0006645477908178893,0.5273701090502574,0.42069369913103105,0.18675741970880155,0.6966437291972521
dino_rae_patch,RAE-DINO patch,553,0.5266318082765058,0.000663617445810207,0.5266318082765058,0.42052299575498997,0.18665105570696158,0.6964956767772837
dino_rae_patch,RAE-DINO patch,554,0.5253543147067954,0.0006620076550485273,0.5253543147067954,0.42022710396553553,0.18646677027551725,0.6962389117790128
dino_rae_patch,RAE-DINO patch,555,0.5226758342608561,0.0006586324575685195,0.5226758342608561,0.41960456169154026,0.18607938394254275,0.6956981279295048
dino_rae_patch,RAE-DINO patch,556,0.5218707914971121,0.0006576180098761324,0.5218707914971121,0.4194168771658268,0.1859626851313581,0.6955349422096562
dino_rae_patch,RAE-DINO patch,557,0.5205614864114732,0.0006559681328974485,0.5205614864114732,0.4191110616395066,0.18577262456007745,0.6952688965002357
dino_rae_patch,RAE-DINO patch,558,0.5191628118815723,0.000654205640004947,0.5191628118815723,0.4187835900377469,0.18556922849626117,0.6949838062588924
dino_rae_patch,RAE-DINO patch,559,0.5184529610679379,0.000653311145262231,0.5184529610679379,0.4186170824748951,0.18546585783445255,0.6948387668276373
dino_rae_patch,RAE-DINO patch,560,0.5171359946004446,0.0006516516140496447,0.5171359946004446,0.41830761019740725,0.18527381988189795,0.6945690497120152
dino_rae_patch,RAE-DINO patch,561,0.5157637572188045,0.0006499224350446212,0.5157637572188045,0.41798437899300966,0.18507336555203002,0.694287138719514
dino_rae_patch,RAE-DINO patch,562,0.5143927453367179,0.0006481948003118402,0.5143927453367179,0.41766064709500894,0.18487272502940783,0.694004583493686
dino_rae_patch,RAE-DINO patch,563,0.5123791256423978,0.0006456574048538048,0.5123791256423978,0.4171837403345339,0.1845773771469357,0.6935879574342041
dino_rae_patch,RAE-DINO patch,564,0.511761418192346,0.00064487902148649,0.511761418192346,0.41703709756315005,0.18448661559131274,0.6934597593883022
dino_rae_patch,RAE-DINO patch,565,0.5106220418166336,0.0006434432744837761,0.5106220418166336,0.4167661850987188,0.18431900679457264,0.6932228098145234
dino_rae_patch,RAE-DINO patch,566,0.5103305795781701,0.0006430759980997836,0.5103305795781701,0.4166967943510088,0.18427608992431432,0.6931620947329412
dino_rae_patch,RAE-DINO patch,567,0.509650142378298,0.0006422185679379193,0.509650142378298,0.41653465571242054,0.18417583242866556,0.6930201903155341
dino_rae_patch,RAE-DINO patch,568,0.5088579885109556,0.0006412203617569164,0.5088579885109556,0.41634564643291755,0.184058998856561,0.6928547025032811
dino_rae_patch,RAE-DINO patch,569,0.5067508374758187,0.0006385651059104262,0.5067508374758187,0.41584156110972365,0.183747611560287,0.6924130003516685
dino_rae_patch,RAE-DINO patch,570,0.5055537941840074,0.0006370566918736138,0.5055537941840074,0.41555434148183085,0.18357032224135847,0.6921610988251669
dino_rae_patch,RAE-DINO patch,571,0.5037519046410045,0.0006347861010787414,0.5037519046410045,0.4151208183478879,0.18330290970148258,0.6917805718157628
dino_rae_patch,RAE-DINO patch,572,0.503054279814499,0.0006339070125044783,0.503054279814499,0.41495259307538374,0.1831992019591104,0.6916328100092385
dino_rae_patch,RAE-DINO patch,573,0.5017955846618707,0.0006323209099388652,0.5017955846618707,0.4146485305980474,0.1830118376028684,0.6913655908677634
dino_rae_patch,RAE-DINO patch,574,0.5014557387663171,0.0006318926645088854,0.5014557387663171,0.4145663145518377,0.1829611944640747,0.6912933051399451
dino_rae_patch,RAE-DINO patch,575,0.5003108246797615,0.0006304499393452105,0.5003108246797615,0.414288959663882,0.18279040902331467,0.6910493500593491
dino_rae_patch,RAE-DINO patch,576,0.4981951051196322,0.0006277838861587563,0.4981951051196322,0.4137748972577569,0.18247410625349794,0.690596784021769
dino_rae_patch,RAE-DINO patch,577,0.4974313289054827,0.0006268214391275691,0.4974313289054827,0.41358883015318726,0.18235969552197626,0.6904328448813496
dino_rae_patch,RAE-DINO patch,578,0.4959133561781167,0.0006249086166046742,0.4959133561781167,0.413218253597006,0.18213195272803193,0.6901061314633116
dino_rae_patch,RAE-DINO patch,579,0.4952297186678117,0.0006240471536787385,0.4952297186678117,0.41305102148178674,0.18202923065814988,0.6899586031406009
dino_rae_patch,RAE-DINO patch,580,0.4934613340976196,0.0006218187830538771,0.4934613340976196,0.4126174577192817,0.1817630671860404,0.6895758605770167
dino_rae_patch,RAE-DINO patch,581,0.4931068787012074,0.0006213721279503988,0.4931068787012074,0.41253038352041677,0.18170963910741328,0.6894989472486655
dino_rae_patch,RAE-DINO patch,582,0.4923077398658811,0.0006203651198957912,0.4923077398658811,0.4123338603091241,0.18158908649632804,0.6893253004673021
dino_rae_patch,RAE-DINO patch,583,0.4915187830692417,0.0006193709423964223,0.4915187830692417,0.4121395553420997,0.1814699389668988,0.6891535369943325
dino_rae_patch,RAE-DINO patch,584,0.4900229035016787,0.0006174859598293521,0.4900229035016787,0.4117703665382221,0.1812436743284327,0.688826967761638
dino_rae_patch,RAE-DINO patch,585,0.4887797607287069,0.0006159194550743948,0.4887797607287069,0.4114627714707004,0.18105528001773585,0.6885546711097296
dino_rae_patch,RAE-DINO patch,586,0.4879321916897898,0.0006148514193197853,0.4879321916897898,0.4112526454750954,0.18092664646623677,0.6883685481370116
dino_rae_patch,RAE-DINO patch,587,0.4856942216389041,0.0006120313162693657,0.4856942216389041,0.4106962141316318,0.180586262241723,0.6878752461308505
dino_rae_patch,RAE-DINO patch,588,0.4847675056511965,0.0006108635461364399,0.4847675056511965,0.4104651187648865,0.18044500073131256,0.6876701846174108
dino_rae_patch,RAE-DINO patch,589,0.484531702007891,0.0006105664060681344,0.484531702007891,0.4104062521634573,0.18040902730060432,0.6876179322313106
dino_rae_patch,RAE-DINO patch,590,0.4825184315418175,0.0006080294506783845,0.4825184315418175,0.40990258986436523,0.18010140332902225,0.6871705728385478
dino_rae_patch,RAE-DINO patch,591,0.4811560389306705,0.0006063126772313744,0.4811560389306705,0.4095606724671528,0.17989273669302283,0.6868665828856565
dino_rae_patch,RAE-DINO patch,592,0.4799915829327885,0.0006048453269822472,0.4799915829327885,0.4092677321905721,0.1797140677624329,0.6866059475566927
dino_rae_patch,RAE-DINO patch,593,0.4796319414210769,0.0006043921367691637,0.4796319414210769,0.4091771271465729,0.17965882642881525,0.6865252988088864
dino_rae_patch,RAE-DINO patch,594,0.4787668848581922,0.0006033020646965678,0.4787668848581922,0.40895893889173474,0.1795258373939862,0.6863310177387381
dino_rae_patch,RAE-DINO patch,595,0.4785155060213476,0.0006029852980694559,0.4785155060213476,0.4088954678500696,0.17948716117829994,0.6862744830374783
dino_rae_patch,RAE-DINO patch,596,0.4765665452281913,0.000600529380361463,0.4765665452281913,0.4084023409145802,0.17918683189122528,0.6858349660353494
dino_rae_patch,RAE-DINO patch,597,0.4753577612291588,0.0005990061716654303,0.4753577612291588,0.4080955725158036,0.17900014235320263,0.6855612965168177
dino_rae_patch,RAE-DINO patch,598,0.4734267082626052,0.000596572819905721,0.4734267082626052,0.40760403200997364,0.1787012327401273,0.6851223886058077
dino_rae_patch,RAE-DINO patch,599,0.472646079284183,0.0005955891364277303,0.472646079284183,0.407404809847942,0.17858016350736716,0.6849443572589329
dino_rae_patch,RAE-DINO patch,600,0.4709899768224381,0.0005935022543435283,0.4709899768224381,0.4069811700868453,0.17832286545617276,0.6845655079042355
dino_rae_patch,RAE-DINO patch,601,0.4706601067149433,0.0005930865795689619,0.4706601067149433,0.40689662622649725,0.17827154237452034,0.6844898584672074
dino_rae_patch,RAE-DINO patch,602,0.4691798833381219,0.0005912213256266117,0.4691798833381219,0.4065165905113888,0.17804093990721187,0.6841496225493938
dino_rae_patch,RAE-DINO patch,603,0.4686328736996966,0.000590532029740225,0.4686328736996966,0.40637587497296257,0.17795559700749208,0.6840235681457592
dino_rae_patch,RAE-DINO patch,604,0.4676847199352106,0.0005893372455104559,0.4676847199352106,0.4061316140529114,0.1778075086137357,0.6838046597614836
dino_rae_patch,RAE-DINO patch,605,0.4668350139294663,0.0005882665169286276,0.4668350139294663,0.40591233343839783,0.17767462338891107,0.683608034003792
dino_rae_patch,RAE-DINO patch,606,0.4650689667261018,0.0005860410916583376,0.4650689667261018,0.4054554168935572,0.1773979066543897,0.6831980043402093
dino_rae_patch,RAE-DINO patch,607,0.4629475930717519,0.0005833679136543049,0.4629475930717519,0.4049044878148523,0.17706457223251904,0.6827030348604759
dino_rae_patch,RAE-DINO patch,608,0.4623564868537453,0.0005826230509391571,0.4623564868537453,0.4047505681963602,0.1769715066835011,0.6825646369483589
dino_rae_patch,RAE-DINO patch,609,0.4621698877404528,0.0005823879143123762,0.4621698877404528,0.4047019422146204,0.17694211122895367,0.6825209043412374
dino_rae_patch,RAE-DINO patch,610,0.4612533100741372,0.0005812329196458033,0.4612533100741372,0.4044628324714882,0.17679760354381105,0.6823057855362045
dino_rae_patch,RAE-DINO patch,611,0.4596741059045462,0.0005792429383705239,0.4596741059045462,0.40404985197147064,0.17654816959159358,0.6819339615963379
dino_rae_patch,RAE-DINO patch,612,0.4588259295241225,0.0005781741372948436,0.4588259295241225,0.40382751407373046,0.1764139614665359,0.6817336345082075
dino_rae_patch,RAE-DINO patch,613,0.4578069562254369,0.0005768901121995202,0.4578069562254369,0.4035599123477088,0.17625250581991012,0.6814923881776113
dino_rae_patch,RAE-DINO patch,614,0.4558338395629152,0.0005744037552812903,0.4558338395629152,0.4030402010131652,0.17593917461181924,0.6810234356624232
dino_rae_patch,RAE-DINO patch,615,0.4542220218105467,0.0005723726770913138,0.4542220218105467,0.4026141446043266,0.1756825366774359,0.6806385707482873
dino_rae_patch,RAE-DINO patch,616,0.4538563305356587,0.000571911863471661,0.4538563305356587,0.4025172904562667,0.17562422471330902,0.680551027651239
dino_rae_patch,RAE-DINO patch,617,0.4528150896462664,0.000570599778617248,0.4528150896462664,0.40224112923367134,0.175458017709937,0.6803013074474686
dino_rae_patch,RAE-DINO patch,618,0.4518401665359939,0.0005693712618924081,0.4518401665359939,0.4019820371557128,0.17530216243558636,0.6800668770409742
dino_rae_patch,RAE-DINO patch,619,0.4508660444859338,0.0005681437545967818,0.4508660444859338,0.4017226538553281,0.1751462082428148,0.6798320423274901
dino_rae_patch,RAE-DINO patch,620,0.4485000694121514,0.0005651623503013358,0.4485000694121514,0.4010905462588218,0.1747664728108534,0.6792591679480663
dino_rae_patch,RAE-DINO patch,621,0.4478654137051665,0.0005643626101553379,0.4478654137051665,0.40092047681137183,0.17466438165783355,0.6791048920779271
dino_rae_patch,RAE-DINO patch,622,0.4474251758117717,0.0005638078591095937,0.4474251758117717,0.4008023781476516,0.17459350733934137,0.6789977249396273
dino_rae_patch,RAE-DINO patch,623,0.4461740068275354,0.0005622312403931642,0.4461740068275354,0.4004661659424343,0.1743918232849142,0.6786924728066513
dino_rae_patch,RAE-DINO patch,624,0.445243967616728,0.000561059282611884,0.445243967616728,0.40021569668992085,0.17424165694951133,0.6784649133450228
dino_rae_patch,RAE-DINO patch,625,0.444440450869551,0.0005600467578781949,0.444440450869551,0.3999989217304188,0.17411174884520378,0.6782678595485764
dino_rae_patch,RAE-DINO patch,626,0.4434364658989382,0.0005587816198228041,0.4434364658989382,0.399727567666512,0.17394920746591172,0.6780210523483409
dino_rae_patch,RAE-DINO patch,627,0.4420389983907891,0.0005570206479183616,0.4420389983907891,0.3993489427111074,0.17372254936602263,0.6776764183270824
dino_rae_patch,RAE-DINO patch,628,0.4412921956226576,0.0005560795894070398,0.4412921956226576,0.3991461649798847,0.17360122591884716,0.6774917203557808
dino_rae_patch,RAE-DINO patch,629,0.4399939950704372,0.0005544437054344531,0.4399939950704372,0.3987929319210114,0.1733899943867262,0.6771697740206116
dino_rae_patch,RAE-DINO patch,630,0.4394146162265451,0.0005537136205772576,0.4394146162265451,0.3986349837725903,0.17329558760021851,0.6770257302714552
dino_rae_patch,RAE-DINO patch,631,0.4381687262006754,0.0005521436539635168,0.4381687262006754,0.39829469890808483,0.17309229202283688,0.6767152215401818
dino_rae_patch,RAE-DINO patch,632,0.4375272573770392,0.000551335328496619,0.4375272573770392,0.39811915803107795,0.17298746987939395,0.6765549451034292
dino_rae_patch,RAE-DINO patch,633,0.4365832172391783,0.0005501457279157505,0.4365832172391783,0.3978603962837456,0.1728330164186515,0.6763185651356137
dino_rae_patch,RAE-DINO patch,634,0.4357378898798755,0.0005490805169386736,0.4357378898798755,0.3976282650574759,0.17269452244412195,0.6761063912367604
dino_rae_patch,RAE-DINO patch,635,0.4343396957245085,0.0005473186293740617,0.4343396957245085,0.39724342508399846,0.17246505246421293,0.6757543851898791
dino_rae_patch,RAE-DINO patch,636,0.432421635784569,0.0005449016503419384,0.432421635784569,0.3967136846666699,0.17214945321433728,0.6752693255895205
dino_rae_patch,RAE-DINO patch,637,0.4320073666094482,0.0005443796229073038,0.4320073666094482,0.3965989928387772,0.17208116548500355,0.6751642286347597
dino_rae_patch,RAE-DINO patch,638,0.4313015340042388,0.0005434901915754374,0.4313015340042388,0.39640335336114235,0.1719647152815456,0.6749848911625066
dino_rae_patch,RAE-DINO patch,639,0.4296648728105056,0.0005414278077543832,0.4296648728105056,0.3959486045309624,0.1716942008582509,0.6745677192499582
dino_rae_patch,RAE-DINO patch,640,0.4272988370418593,0.000538446326976336,0.4272988370418593,0.39528844687509046,0.17130190606123316,0.6739613247465664
dino_rae_patch,RAE-DINO patch,641,0.426879069070786,0.0005379173704180372,0.426879069070786,0.3951709838908248,0.17123215523136326,0.6738533301031263
dino_rae_patch,RAE-DINO patch,642,0.4255374421906693,0.0005362267642119155,0.4255374421906693,0.3947948641019303,0.17100891435741644,0.6735073291093643
dino_rae_patch,RAE-DINO patch,643,0.4251343705177258,0.0005357188469348475,0.4251343705177258,0.39468165725088894,0.17094175273552906,0.6734031281473798
dino_rae_patch,RAE-DINO patch,644,0.423484131515707,0.000533639353493158,0.423484131515707,0.3942171670004136,0.17066633611518697,0.6729753009576906
dino_rae_patch,RAE-DINO patch,645,0.4231675815616665,0.0005332404636641156,0.4231675815616665,0.3941278831735167,0.1706134232638159,0.6728930113017527
dino_rae_patch,RAE-DINO patch,646,0.4211102963442383,0.0005306480445587052,0.4211102963442383,0.3935461607015879,0.17026888972790793,0.672356438585227
dino_rae_patch,RAE-DINO patch,647,0.4195079575207851,0.0005286289109237232,0.4195079575207851,0.3930913179829246,0.16999976367824576,0.6719363896921481
dino_rae_patch,RAE-DINO patch,648,0.4190564545601138,0.0005280599645805142,0.4190564545601138,0.39296287333564023,0.16992380566764895,0.6718176897151994
dino_rae_patch,RAE-DINO patch,649,0.4170805030980918,0.0005255700354845803,0.4170805030980918,0.39239929227220016,0.16959073758940338,0.6712964440720818
dino_rae_patch,RAE-DINO patch,650,0.4164766145198721,0.0005248090655060603,0.4164766145198721,0.3922265756478951,0.16948873484036628,0.6711365640659017
dino_rae_patch,RAE-DINO patch,651,0.4157020158582201,0.0005238329809299011,0.4157020158582201,0.392004707256418,0.16935775240663145,0.6709310905019896
dino_rae_patch,RAE-DINO patch,652,0.4148035517433216,0.0005227008114488507,0.4148035517433216,0.39174689766120413,0.16920561987455307,0.6706921975152239
dino_rae_patch,RAE-DINO patch,653,0.4114839265244315,0.0005185176968435696,0.4114839265244315,0.3907900105682827,0.16864160418515745,0.6698042591196606
dino_rae_patch,RAE-DINO patch,654,0.4106990448833633,0.0005175286545150904,0.4106990448833633,0.39056276208852453,0.16850780562273782,0.6695930923535773
dino_rae_patch,RAE-DINO patch,655,0.4099665580692584,0.0005166056357740525,0.4099665580692584,0.39035033442714495,0.16838278450167937,0.6693955958123683
dino_rae_patch,RAE-DINO patch,656,0.4094578916479542,0.0005159646568092991,0.4094578916479542,0.390202617750243,0.16829587726146633,0.669258203842978
dino_rae_patch,RAE-DINO patch,657,0.407690478694649,0.0005137375105349356,0.407690478694649,0.38968808830632556,0.16799334723631357,0.6687792656993843
dino_rae_patch,RAE-DINO patch,658,0.4074064279978416,0.0005133795735570823,0.4074064279978416,0.3896052103736544,0.16794464428667327,0.6687020665548598
dino_rae_patch,RAE-DINO patch,659,0.4069182885035982,0.0005127644609123883,0.4069182885035982,0.3894626649744413,0.16786089554091138,0.6685692532197872
dino_rae_patch,RAE-DINO patch,660,0.4048085490809335,0.0005101059433959934,0.4048085490809335,0.3888448293420735,0.1674981597845308,0.6679930851869137
dino_rae_patch,RAE-DINO patch,661,0.4044129017573993,0.0005096073816643261,0.4044129017573993,0.38872864567264986,0.16742999414444265,0.6678846436560165
dino_rae_patch,RAE-DINO patch,662,0.4024545191348913,0.0005071395913534425,0.4024545191348913,0.38815206600860214,0.16709192961196975,0.6673460472837037
dino_rae_patch,RAE-DINO patch,663,0.4010877697229725,0.0005054173278297704,0.4010877697229725,0.38774819446109254,0.1668553446321791,0.6669683464982739
dino_rae_patch,RAE-DINO patch,664,0.4000929025332509,0.0005041636792407797,0.4000929025332509,0.3874534442403433,0.16668279433015976,0.6666924694301577
dino_rae_patch,RAE-DINO patch,665,0.3993890182485107,0.0005032767030197384,0.3993890182485107,0.3872445106330661,0.16656053939557974,0.6664967981332656
dino_rae_patch,RAE-DINO patch,666,0.398908955457964,0.000502671767962865,0.398908955457964,0.38710182636511414,0.16647707674730167,0.6663631156148927
dino_rae_patch,RAE-DINO patch,667,0.3979401411523875,0.0005014509490437892,0.3979401411523875,0.3868134108905232,0.1663084367689393,0.6660927587027344
dino_rae_patch,RAE-DINO patch,668,0.3965496768552286,0.0004996988020012649,0.3965496768552286,0.3863983804152181,0.16606592212372928,0.6657033921430786
dino_rae_patch,RAE-DINO patch,669,0.3950216562426882,0.0004977733179721897,0.3950216562426882,0.3859408013707029,0.16579876181313893,0.6652736665313399
dino_rae_patch,RAE-DINO patch,670,0.3934110892920583,0.0004957438159381573,0.3934110892920583,0.38545680250674635,0.16551642317922857,0.6648186245725861
dino_rae_patch,RAE-DINO patch,671,0.3929694946385024,0.0004951873552165094,0.3929694946385024,0.3853237903745643,0.16543887557603548,0.6646934793391013
dino_rae_patch,RAE-DINO patch,672,0.3916339185952522,0.0004935043737699319,0.3916339185952522,0.3849206964971376,0.16520398413001788,0.6643139861993468
dino_rae_patch,RAE-DINO patch,673,0.3908824742245173,0.0004925574662984528,0.3908824742245173,0.38469336590824765,0.1650715912067728,0.6640998063214321
dino_rae_patch,RAE-DINO patch,674,0.3902459860461441,0.0004917554170249713,0.3902459860461441,0.3845005097796744,0.164959319320011,0.6639180164697837
dino_rae_patch,RAE-DINO patch,675,0.3894057538230869,0.0004906966265132901,0.3894057538230869,0.3842454926407836,0.16481092184491247,0.6636775053173566
dino_rae_patch,RAE-DINO patch,676,0.387510105112913,0.0004883078882422085,0.387510105112913,0.38366835651866904,0.16447533859839183,0.6631326627745068
dino_rae_patch,RAE-DINO patch,677,0.3867872729139484,0.0004873970354412808,0.3867872729139484,0.383447630727561,0.1643470896394246,0.6629240911310328
dino_rae_patch,RAE-DINO patch,678,0.3848166041771602,0.00048491376319472715,0.3848166041771602,0.38284400644172506,0.16399663183181082,0.6623531488567699
dino_rae_patch,RAE-DINO patch,679,0.3844330597140716,0.00048443045247754414,0.3844330597140716,0.382726207913343,0.1639282849612606,0.6622416331874054
dino_rae_patch,RAE-DINO patch,680,0.3828646470244828,0.0004824540697245777,0.3828646470244828,0.3822434172680665,0.1636483248944234,0.6617842675337718
dino_rae_patch,RAE-DINO patch,681,0.3818409766808195,0.00048116412580524493,0.3818409766808195,0.38192736786474585,0.16346519003147145,0.66148457885133
dino_rae_patch,RAE-DINO patch,682,0.3803747367308546,0.00047931649261019545,0.3803747367308546,0.3814733748033494,0.1632023110930978,0.6610536945565867
dino_rae_patch,RAE-DINO patch,683,0.3793141224585168,0.0004779799950357286,0.3793141224585168,0.38114401340960663,0.16301173670394942,0.6607408077690561
dino_rae_patch,RAE-DINO patch,684,0.3777986663902294,0.0004760703437965341,0.3777986663902294,0.38067199537260066,0.16273882095198816,0.6602919738070696
dino_rae_patch,RAE-DINO patch,685,0.3774376477670461,0.0004756154182625241,0.3774376477670461,0.3805593032286888,0.16267369878012478,0.660184742433092
dino_rae_patch,RAE-DINO patch,686,0.3764100787344643,0.00047432056154084743,0.3764100787344643,0.380238026731257,0.1624881150037558,0.6598788767347421
dino_rae_patch,RAE-DINO patch,687,0.3750250307354033,0.00047257523966507715,0.3750250307354033,0.3798037582345778,0.16223743701746815,0.6594650681060299
dino_rae_patch,RAE-DINO patch,688,0.373846124523881,0.0004710896804629079,0.373846124523881,0.37943301038437416,0.16202358488466556,0.6591114496496989
dino_rae_patch,RAE-DINO patch,689,0.3729154173664574,0.0004699168809910567,0.3729154173664574,0.37913959032166517,0.161854440177464,0.6588313654045178
dino_rae_patch,RAE-DINO patch,690,0.3719345120794001,0.0004686808260263765,0.3719345120794001,0.37882964686792264,0.16167586989039273,0.6585352965682015
dino_rae_patch,RAE-DINO patch,691,0.3698742797710023,0.0004660846932429257,0.3698742797710023,0.37817631535596274,0.16129979499586275,0.6579104963201007
dino_rae_patch,RAE-DINO patch,692,0.3689548590266572,0.0004649261159667372,0.3689548590266572,0.37788372082613586,0.16113151673924297,0.6576303645495611
dino_rae_patch,RAE-DINO patch,693,0.3659547442778662,0.00046114562178571557,0.3659547442778662,0.37692449899847075,0.1605804810178943,0.6567106301980447
dino_rae_patch,RAE-DINO patch,694,0.3651078639478851,0.00046007845388461934,0.3651078639478851,0.37665247905432636,0.1604243933072947,0.6564494255687898
dino_rae_patch,RAE-DINO patch,695,0.3646481396847353,0.0004594991477422751,0.3646481396847353,0.3765045828210907,0.16033956181360212,0.6563073385019436
dino_rae_patch,RAE-DINO patch,696,0.36379674620289,0.0004584262927439211,0.36379674620289,0.37623025198831456,0.16018227012375602,0.6560436503366943
dino_rae_patch,RAE-DINO patch,697,0.3621419764871975,0.00045634109007504744,0.3621419764871975,0.3756954491840034,0.15987586122836941,0.6555290989662779
dino_rae_patch,RAE-DINO patch,698,0.361437626277647,0.0004554535267344518,0.361437626277647,0.37546716158348176,0.15974515838648104,0.6553092559336208
dino_rae_patch,RAE-DINO patch,699,0.3609888379700725,0.0004548880011704781,0.3609888379700725,0.3753215011593829,0.15966179125326355,0.6551689210121808
dino_rae_patch,RAE-DINO patch,700,0.3585414338382741,0.0004518039867731619,0.3585414338382741,0.37452436274156425,0.15920595325717976,0.6544000617662785
dino_rae_patch,RAE-DINO patch,701,0.3563039153576177,0.00044898445275385197,0.3563039153576177,0.37379141073930455,0.15878740888222795,0.6536918183839645
dino_rae_patch,RAE-DINO patch,702,0.3557157340953782,0.0004482432758238101,0.3557157340953782,0.37359807045991933,0.15867709791044815,0.6535047888363257
dino_rae_patch,RAE-DINO patch,703,0.3551726083697617,0.00044755887412014733,0.3551726083697617,0.37341929215407293,0.15857513017671285,0.6533317689618134
dino_rae_patch,RAE-DINO patch,704,0.3543138982332574,0.00044647679928432743,0.3543138982332574,0.373136146533909,0.15841370413404532,0.6530575919530995
dino_rae_patch,RAE-DINO patch,705,0.353034688726152,0.00044486484624157524,0.353034688726152,0.3727132350624251,0.15817275146188908,0.6526477299644267
dino_rae_patch,RAE-DINO patch,706,0.3517380155372145,0.00044323088692470563,0.3517380155372145,0.37228318296744195,0.15792792214255302,0.6522305218136643
dino_rae_patch,RAE-DINO patch,707,0.3503199752062258,0.0004414439908661742,0.3503199752062258,0.3718112925023064,0.1576594963375797,0.6517722299165777
dino_rae_patch,RAE-DINO patch,708,0.3495431666889682,0.00044046512161444173,0.3495431666889682,0.37155208241201787,0.15751214848260414,0.6515202688654265
dino_rae_patch,RAE-DINO patch,709,0.3472360942490015,0.000437557941501413,0.3472360942490015,0.3707792745507519,0.15707326150177214,0.6507681428738706
dino_rae_patch,RAE-DINO patch,710,0.3460294513522731,0.000436037430843782,0.3460294513522731,0.3703732986301165,0.15684295169871246,0.6503724724472204
dino_rae_patch,RAE-DINO patch,711,0.3449335762399086,0.00043465650050200427,0.3449335762399086,0.3700035214916351,0.1566333263933098,0.6500117460816571
dino_rae_patch,RAE-DINO patch,712,0.3420374733012094,0.0004310070733219926,0.3420374733012094,0.36902135859389285,0.15607723024915202,0.6490520650654082
dino_rae_patch,RAE-DINO patch,713,0.3411471193768716,0.00042988512362611333,0.3411471193768716,0.3687179577154355,0.15590564796740547,0.6487551505732402
dino_rae_patch,RAE-DINO patch,714,0.339905073358788,0.0004283200009101178,0.339905073358788,0.3682935615898524,0.1556657988925924,0.6483394637382448
dino_rae_patch,RAE-DINO patch,715,0.338702328341151,0.0004268044020343542,0.338702328341151,0.36788130901347876,0.1554329908725547,0.6479352643950491
dino_rae_patch,RAE-DINO patch,716,0.3373290271342409,0.000425073882485525,0.3373290271342409,0.36740904025036775,0.1551665058258851,0.6474717277352721
dino_rae_patch,RAE-DINO patch,717,0.3364281651368646,0.00042393869139313193,0.3364281651368646,0.3670983333636852,0.15499130991815782,0.6471664778908156
dino_rae_patch,RAE-DINO patch,718,0.3350448990745288,0.0004221956149652811,0.3350448990745288,0.3666198384206289,0.1547216989523087,0.6466959394323267
dino_rae_patch,RAE-DINO patch,719,0.3341763538755941,0.0004211011468047382,0.3341763538755941,0.36631851830356565,0.15455203903276243,0.646399350911787
dino_rae_patch,RAE-DINO patch,720,0.3312701451793408,0.00041743898519260405,0.3312701451793408,0.36530532541369304,0.15398223879644227,0.6454004843959931
dino_rae_patch,RAE-DINO patch,721,0.3301812048666041,0.0004160667935064561,0.3301812048666041,0.36492370550090353,0.15376789582374492,0.645023626292733
dino_rae_patch,RAE-DINO patch,722,0.3288289744161469,0.0004143628255660919,0.3288289744161469,0.3644482972996744,0.15350108356174902,0.6445536636129475
dino_rae_patch,RAE-DINO patch,723,0.3284084392354579,0.00041383290223427594,0.3284084392354579,0.36430010376872163,0.1534179604723833,0.6444070570559801
dino_rae_patch,RAE-DINO patch,724,0.3266893125034663,0.0004116666022254672,0.3266893125034663,0.36369258550379446,0.15307743235989615,0.6438054948211858
dino_rae_patch,RAE-DINO patch,725,0.3247401399567627,0.00040921041768332946,0.3247401399567627,0.3630004227796685,0.1526899176803409,0.6431190388699691
dino_rae_patch,RAE-DINO patch,726,0.3233589531097549,0.0004074699613090788,0.3233589531097549,0.3625077812636759,0.152414404158986,0.6426297574292055
dino_rae_patch,RAE-DINO patch,727,0.3213318410503071,0.00040491556389874334,0.3213318410503071,0.36178145479725127,0.1520086504004905,0.6419073180770661
dino_rae_patch,RAE-DINO patch,728,0.3195513989714192,0.000402671999407887,0.3195513989714192,0.36114024704749703,0.15165089199737272,0.641268482942051
dino_rae_patch,RAE-DINO patch,729,0.3161716950392201,0.0003984131786229809,0.3161716950392201,0.35991457391132736,0.1509681922099274,0.6400445730097553
dino_rae_patch,RAE-DINO patch,730,0.3152864934377176,0.00039729772145426435,0.3152864934377176,0.3595916874022281,0.15078859698806296,0.6397215436332154
dino_rae_patch,RAE-DINO patch,731,0.3125034048025739,0.0003937907054660698,0.3125034048025739,0.3585714265847225,0.15022180024248674,0.6386991616019544
dino_rae_patch,RAE-DINO patch,732,0.3112187326766229,0.0003921718688870239,0.3112187326766229,0.35809784032504105,0.14995905952413324,0.6382237267613107
dino_rae_patch,RAE-DINO patch,733,0.3091066400526401,0.00038951038606275406,0.3091066400526401,0.357315572563735,0.149525558698927,0.6374372024725578
dino_rae_patch,RAE-DINO patch,734,0.3083054079472624,0.00038850074024395707,0.3083054079472624,0.35701761615017064,0.1493606047770975,0.6371372299068925
dino_rae_patch,RAE-DINO patch,735,0.305977416567177,0.00038556719982873523,0.305977416567177,0.3561481193129804,0.14887974396878517,0.6362606011363736
dino_rae_patch,RAE-DINO patch,736,0.3038802719472553,0.0003829245532314444,0.3038802719472553,0.35535997997422486,0.14844452918147166,0.6354643866388909
dino_rae_patch,RAE-DINO patch,737,0.3015324529509779,0.0003799660277093471,0.3015324529509779,0.3544720945164713,0.14795497569666577,0.634565563815838
dino_rae_patch,RAE-DINO patch,738,0.2984304493759034,0.0003760571417343013,0.2984304493759034,0.3532898938017568,0.14730436210057388,0.6333657633225703
dino_rae_patch,RAE-DINO patch,739,0.2970165858753069,0.00037427550896878186,0.2970165858753069,0.3527475751306788,0.14700636567540715,0.6328142066920258
dino_rae_patch,RAE-DINO patch,740,0.2940530095436027,0.00037054105745104045,0.2940530095436027,0.3516036504717512,0.1463787494206027,0.6316483863711161
dino_rae_patch,RAE-DINO patch,741,0.2923974788636489,0.00036845489587852386,0.2923974788636489,0.35096034271674686,0.1460263650214509,0.6309913246828927
dino_rae_patch,RAE-DINO patch,742,0.2895624249681956,0.0003648823976069284,0.2895624249681956,0.34985146181864357,0.1454199103982193,0.6298562928942566
dino_rae_patch,RAE-DINO patch,743,0.2887423226411835,0.00036384897310996175,0.2887423226411835,0.3495289725074916,0.14524376559935206,0.6295256163951533
dino_rae_patch,RAE-DINO patch,744,0.285184517653236,0.0003593657242410425,0.285184517653236,0.34812086440090717,0.1444758464233468,0.6280786773969905
dino_rae_patch,RAE-DINO patch,745,0.2830176838208399,0.0003566352611152853,0.2830176838208399,0.3472559563452562,0.14400512563001552,0.6271874232247467
dino_rae_patch,RAE-DINO patch,746,0.2803280315363521,0.00035324598581687374,0.2803280315363521,0.3461745232978122,0.14341758866291243,0.6260703662636162
dino_rae_patch,RAE-DINO patch,747,0.2759539829341897,0.00034773417487876066,0.2759539829341897,0.34439695106579826,0.1424543123666809,0.6242277323358125
dino_rae_patch,RAE-DINO patch,748,0.2750062499415944,0.0003465399208706056,0.2750062499415944,0.3440086665230243,0.14224430626535534,0.6238241550954456
dino_rae_patch,RAE-DINO patch,749,0.2696788014264591,0.0003398267149443065,0.2696788014264591,0.34180477834305195,0.1410550768154858,0.6215260833222395
dino_rae_patch,RAE-DINO patch,750,0.2680662270254633,0.0003377946832888887,0.2680662270254633,0.34113045031478656,0.1406921398940451,0.6208204193482445
dino_rae_patch,RAE-DINO patch,751,0.2653782768250327,0.00033440755281472976,0.2653782768250327,0.3399988133389782,0.14008405002901722,0.6196335302408854
dino_rae_patch,RAE-DINO patch,752,0.2634949035215728,0.0003320342829865371,0.2634949035215728,0.3392001550978268,0.13965562517582877,0.6187938606198365
dino_rae_patch,RAE-DINO patch,753,0.2561699295142853,0.0003228039621723601,0.2561699295142853,0.33604771374424597,0.13797049028969746,0.6154631410115579
dino_rae_patch,RAE-DINO patch,754,0.2505425938508994,0.00031571286349399826,0.2505425938508994,0.3335742683437198,0.13665490120661017,0.6128313471976381
dino_rae_patch,RAE-DINO patch,755,0.248688615921422,0.00031337663526240933,0.248688615921422,0.33274921829264,0.13621735053888817,0.6119498366672358
dino_rae_patch,RAE-DINO patch,756,0.2334263664885954,0.00029414442249676336,0.2334263664885954,0.3257558087077887,0.13253402942221632,0.6044037339263421
dino_rae_patch,RAE-DINO patch,757,0.2320325577862567,0.00029238806111399546,0.2320325577862567,0.32509844515332803,0.13219013509671446,0.603687528011166
dino_rae_patch,RAE-DINO patch,758,0.2283365285188928,0.00028773063354600476,0.2283365285188928,0.3233393790582264,0.131271846258784,0.6017651097953
dino_rae_patch,RAE-DINO patch,759,0.2161970345556109,0.000272433456560615,0.2161970345556109,0.3173921317849091,0.12818808677128873,0.5952013578986166
dino_rae_patch,RAE-DINO patch,760,0.2045153656041462,0.0002577131924395744,0.2045153656041462,0.31140561960823665,0.1251161497682063,0.5884923851270352
dino_rae_patch,RAE-DINO patch,761,0.1978472830018719,0.00024931063134199364,0.1978472830018719,0.3078628108133673,0.12331318629100084,0.58447291067027
dino_rae_patch,RAE-DINO patch,762,0.1935978040629492,0.00024395579269542353,0.1935978040629492,0.30555435214389826,0.12214433503360428,0.5818339080962575
dino_rae_patch,RAE-DINO patch,763,0.1860979712256367,0.00023450512937945518,0.1860979712256367,0.3013787420064006,0.12004188830025976,0.5770198795984833
dino_rae_patch,RAE-DINO patch,764,0.172132434973171,0.00021690692632453232,0.172132434973171,0.2932305071054765,0.11598244164302873,0.567472647463859
dino_rae_patch,RAE-DINO patch,765,0.1610894490279117,0.00020299147721580078,0.1610894490279117,0.28640723575942306,0.11262636537659307,0.5593180362024399
dino_rae_patch,RAE-DINO patch,766,0.1411674713937538,0.0001778874639274,0.1411674713937538,0.2731092730959933,0.10619631754399603,0.5429906796674283
dino_rae_patch,RAE-DINO patch,767,0.1196786984301416,0.00015080910594827005,0.1196786984301416,0.2570281929610437,0.0986100420772408,0.5224399720935822
dino_rae_patch,RAE-DINO patch,768,0.0008834481262456,1.1132475855638005e-06,0.0008834481262456,0.02886490780667221,0.009311669951277394,0.08591646742075797
