sample_index,class_name,relative_path,frame_count,source_height,source_width,temporal_sampling,first_frame,last_frame,tubelet_first_frame,tubelet_last_frame,temporal_token,y_token,x_token
0,ApplyEyeMakeup,ApplyEyeMakeup/v_ApplyEyeMakeup_g01_c04.avi,235,240,320,center_stride,53,180,69,84,1,9,1
1,ApplyEyeMakeup,ApplyEyeMakeup/v_ApplyEyeMakeup_g01_c06.avi,122,240,320,uniform_fallback,0,121,0,14,0,12,10
2,ApplyEyeMakeup,ApplyEyeMakeup/v_ApplyEyeMakeup_g02_c01.avi,170,240,320,center_stride,21,148,21,36,0,6,0
3,ApplyEyeMakeup,ApplyEyeMakeup/v_ApplyEyeMakeup_g03_c01.avi,209,240,320,center_stride,40,167,152,167,7,4,15
4,ApplyEyeMakeup,ApplyEyeMakeup/v_ApplyEyeMakeup_g04_c02.avi,132,240,320,center_stride,2,129,66,81,4,5,3
5,ApplyEyeMakeup,ApplyEyeMakeup/v_ApplyEyeMakeup_g04_c03.avi,114,240,320,uniform_fallback,0,113,100,113,7,11,15
6,ApplyEyeMakeup,ApplyEyeMakeup/v_ApplyEyeMakeup_g05_c03.avi,158,240,320,center_stride,15,142,127,142,7,3,15
7,ApplyEyeMakeup,ApplyEyeMakeup/v_ApplyEyeMakeup_g05_c05.avi,227,240,320,center_stride,49,176,49,64,0,10,15
8,ApplyEyeMakeup,ApplyEyeMakeup/v_ApplyEyeMakeup_g05_c06.avi,115,240,320,uniform_fallback,0,114,29,42,2,3,1
9,ApplyEyeMakeup,ApplyEyeMakeup/v_ApplyEyeMakeup_g06_c03.avi,245,240,320,center_stride,58,185,58,73,0,3,0
10,ApplyEyeMakeup,ApplyEyeMakeup/v_ApplyEyeMakeup_g06_c04.avi,100,240,320,uniform_fallback,0,99,0,12,0,2,5
11,ApplyEyeMakeup,ApplyEyeMakeup/v_ApplyEyeMakeup_g06_c05.avi,281,240,320,center_stride,76,203,140,155,4,4,0
12,ApplyEyeMakeup,ApplyEyeMakeup/v_ApplyEyeMakeup_g06_c06.avi,146,240,320,center_stride,9,136,25,40,1,15,2
13,ApplyEyeMakeup,ApplyEyeMakeup/v_ApplyEyeMakeup_g06_c07.avi,167,240,320,center_stride,19,146,51,66,2,4,7
14,ApplyEyeMakeup,ApplyEyeMakeup/v_ApplyEyeMakeup_g08_c03.avi,146,240,320,center_stride,9,136,121,136,7,7,9
15,ApplyEyeMakeup,ApplyEyeMakeup/v_ApplyEyeMakeup_g08_c05.avi,276,240,320,center_stride,74,201,154,169,5,0,6
16,ApplyEyeMakeup,ApplyEyeMakeup/v_ApplyEyeMakeup_g09_c05.avi,194,240,320,center_stride,33,160,113,128,5,1,10
17,ApplyEyeMakeup,ApplyEyeMakeup/v_ApplyEyeMakeup_g10_c02.avi,98,240,320,uniform_fallback,0,97,24,36,2,11,9
18,ApplyEyeMakeup,ApplyEyeMakeup/v_ApplyEyeMakeup_g10_c04.avi,124,240,320,uniform_fallback,0,123,62,77,4,10,1
19,ApplyEyeMakeup,ApplyEyeMakeup/v_ApplyEyeMakeup_g11_c01.avi,140,240,320,center_stride,6,133,86,101,5,7,10
20,ApplyEyeMakeup,ApplyEyeMakeup/v_ApplyEyeMakeup_g11_c03.avi,125,240,320,uniform_fallback,0,124,0,15,0,7,8
21,ApplyEyeMakeup,ApplyEyeMakeup/v_ApplyEyeMakeup_g11_c05.avi,180,240,320,center_stride,26,153,74,89,3,8,14
22,ApplyEyeMakeup,ApplyEyeMakeup/v_ApplyEyeMakeup_g12_c01.avi,226,240,320,center_stride,49,176,113,128,4,1,7
23,ApplyEyeMakeup,ApplyEyeMakeup/v_ApplyEyeMakeup_g13_c01.avi,175,240,320,center_stride,23,150,71,86,3,0,2
24,ApplyEyeMakeup,ApplyEyeMakeup/v_ApplyEyeMakeup_g13_c02.avi,99,240,320,uniform_fallback,0,98,25,36,2,13,8
25,ApplyEyeMakeup,ApplyEyeMakeup/v_ApplyEyeMakeup_g15_c01.avi,169,240,320,center_stride,20,147,36,51,1,8,8
26,ApplyEyeMakeup,ApplyEyeMakeup/v_ApplyEyeMakeup_g15_c03.avi,232,240,320,center_stride,52,179,52,67,0,10,14
27,ApplyEyeMakeup,ApplyEyeMakeup/v_ApplyEyeMakeup_g16_c01.avi,125,240,320,uniform_fallback,0,124,109,124,7,15,1
28,ApplyEyeMakeup,ApplyEyeMakeup/v_ApplyEyeMakeup_g16_c04.avi,98,240,320,uniform_fallback,0,97,49,60,4,6,10
29,ApplyEyeMakeup,ApplyEyeMakeup/v_ApplyEyeMakeup_g18_c04.avi,224,240,320,center_stride,48,175,128,143,5,13,10
30,ApplyEyeMakeup,ApplyEyeMakeup/v_ApplyEyeMakeup_g18_c05.avi,187,240,320,center_stride,29,156,29,44,0,13,9
31,ApplyEyeMakeup,ApplyEyeMakeup/v_ApplyEyeMakeup_g19_c03.avi,126,240,320,uniform_fallback,0,125,79,94,5,11,14
32,ApplyEyeMakeup,ApplyEyeMakeup/v_ApplyEyeMakeup_g19_c04.avi,131,240,320,center_stride,1,128,65,80,4,12,6
33,ApplyEyeMakeup,ApplyEyeMakeup/v_ApplyEyeMakeup_g20_c01.avi,182,240,320,center_stride,27,154,139,154,7,11,3
34,ApplyEyeMakeup,ApplyEyeMakeup/v_ApplyEyeMakeup_g20_c02.avi,158,240,320,center_stride,15,142,79,94,4,12,10
35,ApplyEyeMakeup,ApplyEyeMakeup/v_ApplyEyeMakeup_g20_c04.avi,220,240,320,center_stride,46,173,78,93,2,10,13
36,ApplyEyeMakeup,ApplyEyeMakeup/v_ApplyEyeMakeup_g20_c06.avi,181,240,320,center_stride,26,153,26,41,0,9,9
37,ApplyEyeMakeup,ApplyEyeMakeup/v_ApplyEyeMakeup_g21_c04.avi,227,240,320,center_stride,49,176,49,64,0,7,1
38,ApplyEyeMakeup,ApplyEyeMakeup/v_ApplyEyeMakeup_g22_c01.avi,170,240,320,center_stride,21,148,85,100,4,14,0
39,ApplyEyeMakeup,ApplyEyeMakeup/v_ApplyEyeMakeup_g22_c02.avi,257,240,320,center_stride,64,191,176,191,7,5,12
40,ApplyEyeMakeup,ApplyEyeMakeup/v_ApplyEyeMakeup_g22_c04.avi,208,240,320,center_stride,40,167,120,135,5,8,7
41,ApplyEyeMakeup,ApplyEyeMakeup/v_ApplyEyeMakeup_g23_c01.avi,135,240,320,center_stride,3,130,3,18,0,10,13
42,ApplyEyeMakeup,ApplyEyeMakeup/v_ApplyEyeMakeup_g23_c02.avi,131,240,320,center_stride,1,128,113,128,7,3,1
43,ApplyEyeMakeup,ApplyEyeMakeup/v_ApplyEyeMakeup_g23_c03.avi,125,240,320,uniform_fallback,0,124,0,15,0,2,4
44,ApplyEyeMakeup,ApplyEyeMakeup/v_ApplyEyeMakeup_g24_c06.avi,222,240,320,center_stride,47,174,143,158,6,8,2
45,ApplyEyeMakeup,ApplyEyeMakeup/v_ApplyEyeMakeup_g24_c07.avi,194,240,320,center_stride,33,160,113,128,5,0,15
46,ApplyEyeMakeup,ApplyEyeMakeup/v_ApplyEyeMakeup_g25_c01.avi,241,240,320,center_stride,56,183,136,151,5,13,8
47,ApplyEyeMakeup,ApplyEyeMakeup/v_ApplyEyeMakeup_g25_c04.avi,177,240,320,center_stride,24,151,104,119,5,6,15
48,ApplyEyeMakeup,ApplyEyeMakeup/v_ApplyEyeMakeup_g25_c05.avi,93,240,320,uniform_fallback,0,92,70,80,6,6,1
49,ApplyEyeMakeup,ApplyEyeMakeup/v_ApplyEyeMakeup_g25_c07.avi,145,240,320,center_stride,8,135,72,87,4,1,7
50,ApplyLipstick,ApplyLipstick/v_ApplyLipstick_g01_c02.avi,160,240,320,center_stride,16,143,112,127,6,13,3
51,ApplyLipstick,ApplyLipstick/v_ApplyLipstick_g01_c03.avi,309,240,320,center_stride,90,217,202,217,7,15,5
52,ApplyLipstick,ApplyLipstick/v_ApplyLipstick_g01_c04.avi,369,240,320,center_stride,120,247,168,183,3,2,9
53,ApplyLipstick,ApplyLipstick/v_ApplyLipstick_g02_c04.avi,185,240,320,center_stride,28,155,28,43,0,6,14
54,ApplyLipstick,ApplyLipstick/v_ApplyLipstick_g03_c01.avi,180,240,320,center_stride,26,153,122,137,6,8,10
55,ApplyLipstick,ApplyLipstick/v_ApplyLipstick_g03_c02.avi,108,240,320,uniform_fallback,0,107,94,107,7,5,11
56,ApplyLipstick,ApplyLipstick/v_ApplyLipstick_g03_c04.avi,142,240,320,center_stride,7,134,39,54,2,6,11
57,ApplyLipstick,ApplyLipstick/v_ApplyLipstick_g04_c01.avi,98,240,320,uniform_fallback,0,97,37,48,3,11,4
58,ApplyLipstick,ApplyLipstick/v_ApplyLipstick_g04_c02.avi,144,240,320,center_stride,8,135,104,119,6,7,7
59,ApplyLipstick,ApplyLipstick/v_ApplyLipstick_g04_c03.avi,150,240,320,center_stride,11,138,11,26,0,4,14
60,ApplyLipstick,ApplyLipstick/v_ApplyLipstick_g04_c04.avi,258,240,320,center_stride,65,192,177,192,7,4,4
61,ApplyLipstick,ApplyLipstick/v_ApplyLipstick_g05_c01.avi,177,240,320,center_stride,24,151,136,151,7,4,9
62,ApplyLipstick,ApplyLipstick/v_ApplyLipstick_g05_c02.avi,154,240,320,center_stride,13,140,109,124,6,13,13
63,ApplyLipstick,ApplyLipstick/v_ApplyLipstick_g06_c01.avi,460,240,320,center_stride,166,293,182,197,1,4,7
64,ApplyLipstick,ApplyLipstick/v_ApplyLipstick_g06_c02.avi,249,240,320,center_stride,60,187,108,123,3,6,9
65,ApplyLipstick,ApplyLipstick/v_ApplyLipstick_g06_c03.avi,153,240,320,center_stride,12,139,28,43,1,4,5
66,ApplyLipstick,ApplyLipstick/v_ApplyLipstick_g06_c04.avi,523,240,320,center_stride,197,324,229,244,2,3,11
67,ApplyLipstick,ApplyLipstick/v_ApplyLipstick_g06_c05.avi,321,240,320,center_stride,96,223,208,223,7,12,7
68,ApplyLipstick,ApplyLipstick/v_ApplyLipstick_g07_c01.avi,270,240,320,center_stride,71,198,151,166,5,10,6
69,ApplyLipstick,ApplyLipstick/v_ApplyLipstick_g07_c03.avi,226,240,320,center_stride,49,176,81,96,2,12,2
70,ApplyLipstick,ApplyLipstick/v_ApplyLipstick_g08_c04.avi,310,240,320,center_stride,91,218,123,138,2,9,8
71,ApplyLipstick,ApplyLipstick/v_ApplyLipstick_g09_c01.avi,99,240,320,uniform_fallback,0,98,25,36,2,7,4
72,ApplyLipstick,ApplyLipstick/v_ApplyLipstick_g10_c04.avi,247,240,320,center_stride,59,186,75,90,1,14,1
73,ApplyLipstick,ApplyLipstick/v_ApplyLipstick_g11_c01.avi,143,240,320,center_stride,7,134,103,118,6,15,8
74,ApplyLipstick,ApplyLipstick/v_ApplyLipstick_g12_c01.avi,198,240,320,center_stride,35,162,67,82,2,14,0
75,ApplyLipstick,ApplyLipstick/v_ApplyLipstick_g12_c02.avi,106,240,320,uniform_fallback,0,105,93,105,7,11,3
76,ApplyLipstick,ApplyLipstick/v_ApplyLipstick_g12_c04.avi,277,240,320,center_stride,74,201,74,89,0,3,10
77,ApplyLipstick,ApplyLipstick/v_ApplyLipstick_g12_c05.avi,178,240,320,center_stride,25,152,41,56,1,6,10
78,ApplyLipstick,ApplyLipstick/v_ApplyLipstick_g13_c02.avi,155,240,320,center_stride,13,140,77,92,4,10,1
79,ApplyLipstick,ApplyLipstick/v_ApplyLipstick_g14_c02.avi,190,240,320,center_stride,31,158,111,126,5,10,14
80,ApplyLipstick,ApplyLipstick/v_ApplyLipstick_g15_c03.avi,133,240,320,center_stride,2,129,98,113,6,11,2
81,ApplyLipstick,ApplyLipstick/v_ApplyLipstick_g16_c01.avi,128,240,320,center_stride,0,127,96,111,6,5,9
82,ApplyLipstick,ApplyLipstick/v_ApplyLipstick_g16_c05.avi,156,240,320,center_stride,14,141,126,141,7,4,9
83,ApplyLipstick,ApplyLipstick/v_ApplyLipstick_g17_c02.avi,151,240,320,center_stride,11,138,11,26,0,1,6
84,ApplyLipstick,ApplyLipstick/v_ApplyLipstick_g17_c03.avi,142,240,320,center_stride,7,134,119,134,7,8,0
85,ApplyLipstick,ApplyLipstick/v_ApplyLipstick_g18_c02.avi,139,240,320,center_stride,5,132,117,132,7,14,14
86,ApplyLipstick,ApplyLipstick/v_ApplyLipstick_g18_c03.avi,140,240,320,center_stride,6,133,70,85,4,10,12
87,ApplyLipstick,ApplyLipstick/v_ApplyLipstick_g19_c02.avi,111,240,320,uniform_fallback,0,110,55,68,4,7,15
88,ApplyLipstick,ApplyLipstick/v_ApplyLipstick_g19_c04.avi,155,240,320,center_stride,13,140,45,60,2,13,5
89,ApplyLipstick,ApplyLipstick/v_ApplyLipstick_g21_c01.avi,85,240,320,uniform_fallback,0,84,74,84,7,7,7
90,ApplyLipstick,ApplyLipstick/v_ApplyLipstick_g21_c02.avi,157,240,320,center_stride,14,141,126,141,7,11,9
91,ApplyLipstick,ApplyLipstick/v_ApplyLipstick_g22_c01.avi,178,240,320,center_stride,25,152,73,88,3,11,10
92,ApplyLipstick,ApplyLipstick/v_ApplyLipstick_g22_c03.avi,169,240,320,center_stride,20,147,52,67,2,12,4
93,ApplyLipstick,ApplyLipstick/v_ApplyLipstick_g22_c04.avi,177,240,320,center_stride,24,151,88,103,4,9,2
94,ApplyLipstick,ApplyLipstick/v_ApplyLipstick_g23_c04.avi,218,240,320,center_stride,45,172,77,92,2,14,1
95,ApplyLipstick,ApplyLipstick/v_ApplyLipstick_g24_c01.avi,114,240,320,uniform_fallback,0,113,0,13,0,5,3
96,ApplyLipstick,ApplyLipstick/v_ApplyLipstick_g24_c02.avi,219,240,320,center_stride,45,172,141,156,6,15,8
97,ApplyLipstick,ApplyLipstick/v_ApplyLipstick_g24_c04.avi,117,240,320,uniform_fallback,0,116,44,58,3,7,4
98,ApplyLipstick,ApplyLipstick/v_ApplyLipstick_g24_c05.avi,288,240,320,center_stride,80,207,96,111,1,7,7
99,ApplyLipstick,ApplyLipstick/v_ApplyLipstick_g25_c02.avi,151,240,320,center_stride,11,138,11,26,0,1,4
100,Archery,Archery/v_Archery_g01_c04.avi,125,240,320,uniform_fallback,0,124,109,124,7,9,2
101,Archery,Archery/v_Archery_g01_c07.avi,143,240,320,center_stride,7,134,7,22,0,10,12
102,Archery,Archery/v_Archery_g02_c07.avi,166,240,320,center_stride,19,146,51,66,2,9,8
103,Archery,Archery/v_Archery_g03_c05.avi,124,240,320,uniform_fallback,0,123,62,77,4,10,3
104,Archery,Archery/v_Archery_g04_c04.avi,135,240,320,center_stride,3,130,51,66,3,0,2
105,Archery,Archery/v_Archery_g04_c05.avi,149,240,320,center_stride,10,137,26,41,1,6,4
106,Archery,Archery/v_Archery_g05_c02.avi,557,240,320,center_stride,214,341,310,325,6,8,10
107,Archery,Archery/v_Archery_g05_c04.avi,51,240,320,uniform_fallback,0,50,13,19,2,6,2
108,Archery,Archery/v_Archery_g06_c02.avi,116,240,320,uniform_fallback,0,115,43,57,3,13,8
109,Archery,Archery/v_Archery_g06_c04.avi,104,240,320,uniform_fallback,0,103,13,25,1,12,12
110,Archery,Archery/v_Archery_g06_c06.avi,132,240,320,center_stride,2,129,2,17,0,15,3
111,Archery,Archery/v_Archery_g07_c04.avi,51,240,320,uniform_fallback,0,50,44,50,7,1,13
112,Archery,Archery/v_Archery_g07_c05.avi,64,240,320,uniform_fallback,0,63,0,7,0,13,14
113,Archery,Archery/v_Archery_g07_c06.avi,67,240,320,uniform_fallback,0,66,25,33,3,13,8
114,Archery,Archery/v_Archery_g08_c01.avi,363,240,320,center_stride,117,244,197,212,5,14,15
115,Archery,Archery/v_Archery_g09_c04.avi,95,240,320,uniform_fallback,0,94,47,58,4,11,13
116,Archery,Archery/v_Archery_g09_c05.avi,96,240,320,uniform_fallback,0,95,72,83,6,5,3
117,Archery,Archery/v_Archery_g10_c02.avi,140,240,320,center_stride,6,133,38,53,2,15,12
118,Archery,Archery/v_Archery_g10_c04.avi,208,240,320,center_stride,40,167,88,103,3,9,5
119,Archery,Archery/v_Archery_g10_c06.avi,176,240,320,center_stride,24,151,40,55,1,15,9
120,Archery,Archery/v_Archery_g11_c01.avi,193,240,320,center_stride,32,159,80,95,3,10,6
121,Archery,Archery/v_Archery_g11_c02.avi,302,240,320,center_stride,87,214,151,166,4,7,12
122,Archery,Archery/v_Archery_g11_c06.avi,243,240,320,center_stride,57,184,105,120,3,6,0
123,Archery,Archery/v_Archery_g12_c02.avi,398,240,320,center_stride,135,262,167,182,2,0,10
124,Archery,Archery/v_Archery_g12_c03.avi,436,240,320,center_stride,154,281,202,217,3,0,4
125,Archery,Archery/v_Archery_g14_c01.avi,207,240,320,center_stride,39,166,119,134,5,3,4
126,Archery,Archery/v_Archery_g15_c03.avi,185,240,320,center_stride,28,155,108,123,5,7,10
127,Archery,Archery/v_Archery_g15_c05.avi,175,240,320,center_stride,23,150,39,54,1,5,2
128,Archery,Archery/v_Archery_g16_c01.avi,151,240,320,center_stride,11,138,27,42,1,8,0
129,Archery,Archery/v_Archery_g16_c02.avi,225,240,320,center_stride,48,175,80,95,2,5,14
130,Archery,Archery/v_Archery_g17_c03.avi,96,240,320,uniform_fallback,0,95,12,23,1,13,6
131,Archery,Archery/v_Archery_g18_c04.avi,168,240,320,center_stride,20,147,116,131,6,6,1
132,Archery,Archery/v_Archery_g19_c01.avi,130,240,320,center_stride,1,128,17,32,1,4,8
133,Archery,Archery/v_Archery_g19_c02.avi,90,240,320,uniform_fallback,0,89,45,55,4,12,13
134,Archery,Archery/v_Archery_g19_c04.avi,92,240,320,uniform_fallback,0,91,46,57,4,2,1
135,Archery,Archery/v_Archery_g20_c01.avi,91,240,320,uniform_fallback,0,90,57,67,5,5,13
136,Archery,Archery/v_Archery_g20_c03.avi,94,240,320,uniform_fallback,0,93,0,11,0,0,7
137,Archery,Archery/v_Archery_g20_c05.avi,120,240,320,uniform_fallback,0,119,30,44,2,6,2
138,Archery,Archery/v_Archery_g20_c07.avi,98,240,320,uniform_fallback,0,97,0,11,0,12,7
139,Archery,Archery/v_Archery_g21_c01.avi,101,240,320,uniform_fallback,0,100,13,24,1,4,10
140,Archery,Archery/v_Archery_g21_c02.avi,175,240,320,center_stride,23,150,55,70,2,0,1
141,Archery,Archery/v_Archery_g21_c04.avi,205,240,320,center_stride,38,165,102,117,4,13,2
142,Archery,Archery/v_Archery_g22_c05.avi,68,240,320,uniform_fallback,0,67,25,33,3,2,14
143,Archery,Archery/v_Archery_g23_c02.avi,115,240,320,uniform_fallback,0,114,86,100,6,2,15
144,Archery,Archery/v_Archery_g24_c01.avi,91,240,320,uniform_fallback,0,90,0,11,0,9,8
145,Archery,Archery/v_Archery_g24_c06.avi,122,240,320,uniform_fallback,0,121,61,75,4,2,6
146,Archery,Archery/v_Archery_g25_c03.avi,203,240,320,center_stride,37,164,37,52,0,1,4
147,Archery,Archery/v_Archery_g25_c04.avi,259,240,320,center_stride,65,192,177,192,7,0,1
148,Archery,Archery/v_Archery_g25_c05.avi,204,240,320,center_stride,38,165,102,117,4,12,15
149,Archery,Archery/v_Archery_g25_c07.avi,133,240,320,center_stride,2,129,34,49,2,4,12
150,BabyCrawling,BabyCrawling/v_BabyCrawling_g01_c02.avi,165,240,320,center_stride,18,145,98,113,5,2,0
151,BabyCrawling,BabyCrawling/v_BabyCrawling_g01_c04.avi,219,240,320,center_stride,45,172,141,156,6,15,9
152,BabyCrawling,BabyCrawling/v_BabyCrawling_g02_c04.avi,105,240,320,uniform_fallback,0,104,52,65,4,9,10
153,BabyCrawling,BabyCrawling/v_BabyCrawling_g04_c02.avi,178,240,320,center_stride,25,152,121,136,6,2,0
154,BabyCrawling,BabyCrawling/v_BabyCrawling_g05_c03.avi,271,240,320,center_stride,71,198,71,86,0,7,8
155,BabyCrawling,BabyCrawling/v_BabyCrawling_g05_c04.avi,230,240,320,center_stride,51,178,163,178,7,11,15
156,BabyCrawling,BabyCrawling/v_BabyCrawling_g06_c01.avi,198,240,320,center_stride,35,162,131,146,6,11,15
157,BabyCrawling,BabyCrawling/v_BabyCrawling_g06_c05.avi,258,240,320,center_stride,65,192,129,144,4,0,11
158,BabyCrawling,BabyCrawling/v_BabyCrawling_g07_c02.avi,145,240,320,center_stride,8,135,40,55,2,14,9
159,BabyCrawling,BabyCrawling/v_BabyCrawling_g07_c05.avi,141,240,320,center_stride,6,133,118,133,7,15,0
160,BabyCrawling,BabyCrawling/v_BabyCrawling_g08_c02.avi,111,240,320,uniform_fallback,0,110,69,82,5,3,2
161,BabyCrawling,BabyCrawling/v_BabyCrawling_g09_c01.avi,144,240,320,center_stride,8,135,24,39,1,15,12
162,BabyCrawling,BabyCrawling/v_BabyCrawling_g09_c02.avi,222,240,320,center_stride,47,174,79,94,2,2,2
163,BabyCrawling,BabyCrawling/v_BabyCrawling_g09_c04.avi,206,240,320,center_stride,39,166,55,70,1,14,7
164,BabyCrawling,BabyCrawling/v_BabyCrawling_g09_c05.avi,104,240,320,uniform_fallback,0,103,52,64,4,5,3
165,BabyCrawling,BabyCrawling/v_BabyCrawling_g10_c01.avi,142,240,320,center_stride,7,134,103,118,6,10,5
166,BabyCrawling,BabyCrawling/v_BabyCrawling_g10_c02.avi,116,240,320,uniform_fallback,0,115,43,57,3,6,7
167,BabyCrawling,BabyCrawling/v_BabyCrawling_g10_c03.avi,100,240,320,uniform_fallback,0,99,0,12,0,9,12
168,BabyCrawling,BabyCrawling/v_BabyCrawling_g10_c04.avi,184,240,320,center_stride,28,155,60,75,2,9,0
169,BabyCrawling,BabyCrawling/v_BabyCrawling_g11_c03.avi,99,240,320,uniform_fallback,0,98,12,24,1,0,3
170,BabyCrawling,BabyCrawling/v_BabyCrawling_g12_c03.avi,96,240,320,uniform_fallback,0,95,24,35,2,6,3
171,BabyCrawling,BabyCrawling/v_BabyCrawling_g12_c06.avi,124,240,320,uniform_fallback,0,123,0,15,0,9,8
172,BabyCrawling,BabyCrawling/v_BabyCrawling_g13_c01.avi,141,240,320,center_stride,6,133,118,133,7,13,9
173,BabyCrawling,BabyCrawling/v_BabyCrawling_g13_c02.avi,126,240,320,uniform_fallback,0,125,31,46,2,0,9
174,BabyCrawling,BabyCrawling/v_BabyCrawling_g13_c04.avi,148,240,320,center_stride,10,137,26,41,1,3,11
175,BabyCrawling,BabyCrawling/v_BabyCrawling_g13_c05.avi,85,240,320,uniform_fallback,0,84,11,21,1,15,5
176,BabyCrawling,BabyCrawling/v_BabyCrawling_g14_c02.avi,108,240,320,uniform_fallback,0,107,67,80,5,15,3
177,BabyCrawling,BabyCrawling/v_BabyCrawling_g14_c03.avi,176,240,320,center_stride,24,151,136,151,7,3,5
178,BabyCrawling,BabyCrawling/v_BabyCrawling_g15_c03.avi,101,240,320,uniform_fallback,0,100,88,100,7,4,11
179,BabyCrawling,BabyCrawling/v_BabyCrawling_g15_c04.avi,179,240,320,center_stride,25,152,137,152,7,8,4
180,BabyCrawling,BabyCrawling/v_BabyCrawling_g15_c05.avi,217,240,320,center_stride,44,171,76,91,2,9,5
181,BabyCrawling,BabyCrawling/v_BabyCrawling_g16_c02.avi,195,240,320,center_stride,33,160,129,144,6,12,15
182,BabyCrawling,BabyCrawling/v_BabyCrawling_g16_c04.avi,207,240,320,center_stride,39,166,55,70,1,13,9
183,BabyCrawling,BabyCrawling/v_BabyCrawling_g16_c06.avi,191,240,320,center_stride,31,158,95,110,4,6,0
184,BabyCrawling,BabyCrawling/v_BabyCrawling_g17_c04.avi,174,240,320,center_stride,23,150,87,102,4,3,6
185,BabyCrawling,BabyCrawling/v_BabyCrawling_g18_c03.avi,164,240,320,center_stride,18,145,66,81,3,2,11
186,BabyCrawling,BabyCrawling/v_BabyCrawling_g18_c04.avi,204,240,320,center_stride,38,165,38,53,0,10,12
187,BabyCrawling,BabyCrawling/v_BabyCrawling_g18_c05.avi,172,240,320,center_stride,22,149,22,37,0,9,12
188,BabyCrawling,BabyCrawling/v_BabyCrawling_g19_c02.avi,170,240,320,center_stride,21,148,133,148,7,15,14
189,BabyCrawling,BabyCrawling/v_BabyCrawling_g19_c03.avi,160,240,320,center_stride,16,143,128,143,7,0,6
190,BabyCrawling,BabyCrawling/v_BabyCrawling_g19_c04.avi,144,240,320,center_stride,8,135,72,87,4,5,10
191,BabyCrawling,BabyCrawling/v_BabyCrawling_g20_c02.avi,241,240,320,center_stride,56,183,56,71,0,3,8
192,BabyCrawling,BabyCrawling/v_BabyCrawling_g20_c05.avi,178,240,320,center_stride,25,152,89,104,4,6,4
193,BabyCrawling,BabyCrawling/v_BabyCrawling_g20_c07.avi,250,240,320,center_stride,61,188,157,172,6,11,0
194,BabyCrawling,BabyCrawling/v_BabyCrawling_g21_c04.avi,189,240,320,center_stride,30,157,94,109,4,13,2
195,BabyCrawling,BabyCrawling/v_BabyCrawling_g22_c01.avi,242,240,320,center_stride,57,184,73,88,1,10,1
196,BabyCrawling,BabyCrawling/v_BabyCrawling_g22_c02.avi,197,240,320,center_stride,34,161,66,81,2,11,9
197,BabyCrawling,BabyCrawling/v_BabyCrawling_g22_c07.avi,116,240,320,uniform_fallback,0,115,29,43,2,9,2
198,BabyCrawling,BabyCrawling/v_BabyCrawling_g23_c03.avi,111,240,320,uniform_fallback,0,110,42,55,3,13,13
199,BabyCrawling,BabyCrawling/v_BabyCrawling_g25_c02.avi,152,240,320,center_stride,12,139,12,27,0,13,7
200,BalanceBeam,BalanceBeam/v_BalanceBeam_g01_c04.avi,111,240,320,uniform_fallback,0,110,69,82,5,15,1
201,BalanceBeam,BalanceBeam/v_BalanceBeam_g02_c01.avi,82,240,320,uniform_fallback,0,81,31,40,3,14,13
202,BalanceBeam,BalanceBeam/v_BalanceBeam_g02_c02.avi,100,240,320,uniform_fallback,0,99,87,99,7,15,4
203,BalanceBeam,BalanceBeam/v_BalanceBeam_g02_c03.avi,60,240,320,uniform_fallback,0,59,37,44,5,14,8
204,BalanceBeam,BalanceBeam/v_BalanceBeam_g03_c01.avi,197,240,320,center_stride,34,161,146,161,7,7,2
205,BalanceBeam,BalanceBeam/v_BalanceBeam_g03_c03.avi,101,240,320,uniform_fallback,0,100,50,62,4,1,3
206,BalanceBeam,BalanceBeam/v_BalanceBeam_g03_c04.avi,75,240,320,uniform_fallback,0,74,47,55,5,8,12
207,BalanceBeam,BalanceBeam/v_BalanceBeam_g04_c01.avi,120,240,320,uniform_fallback,0,119,105,119,7,2,10
208,BalanceBeam,BalanceBeam/v_BalanceBeam_g04_c02.avi,231,240,320,center_stride,51,178,163,178,7,4,8
209,BalanceBeam,BalanceBeam/v_BalanceBeam_g05_c01.avi,95,240,320,uniform_fallback,0,94,59,70,5,12,5
210,BalanceBeam,BalanceBeam/v_BalanceBeam_g05_c03.avi,111,240,320,uniform_fallback,0,110,14,27,1,10,11
211,BalanceBeam,BalanceBeam/v_BalanceBeam_g06_c01.avi,106,240,320,uniform_fallback,0,105,40,52,3,6,2
212,BalanceBeam,BalanceBeam/v_BalanceBeam_g06_c06.avi,111,240,320,uniform_fallback,0,110,28,41,2,11,0
213,BalanceBeam,BalanceBeam/v_BalanceBeam_g07_c02.avi,110,240,320,uniform_fallback,0,109,14,27,1,8,15
214,BalanceBeam,BalanceBeam/v_BalanceBeam_g07_c03.avi,202,240,320,center_stride,37,164,117,132,5,10,9
215,BalanceBeam,BalanceBeam/v_BalanceBeam_g07_c04.avi,107,240,320,uniform_fallback,0,106,40,53,3,13,4
216,BalanceBeam,BalanceBeam/v_BalanceBeam_g08_c03.avi,125,240,320,uniform_fallback,0,124,109,124,7,1,10
217,BalanceBeam,BalanceBeam/v_BalanceBeam_g09_c01.avi,100,240,320,uniform_fallback,0,99,25,37,2,11,8
218,BalanceBeam,BalanceBeam/v_BalanceBeam_g09_c02.avi,79,240,320,uniform_fallback,0,78,29,39,3,14,8
219,BalanceBeam,BalanceBeam/v_BalanceBeam_g09_c04.avi,206,240,320,center_stride,39,166,71,86,2,1,0
220,BalanceBeam,BalanceBeam/v_BalanceBeam_g10_c02.avi,69,240,320,uniform_fallback,0,68,60,68,7,5,0
221,BalanceBeam,BalanceBeam/v_BalanceBeam_g10_c03.avi,105,240,320,uniform_fallback,0,104,79,91,6,2,0
222,BalanceBeam,BalanceBeam/v_BalanceBeam_g11_c02.avi,68,240,320,uniform_fallback,0,67,34,42,4,13,14
223,BalanceBeam,BalanceBeam/v_BalanceBeam_g11_c03.avi,127,240,320,uniform_fallback,0,126,95,110,6,0,6
224,BalanceBeam,BalanceBeam/v_BalanceBeam_g12_c02.avi,69,240,320,uniform_fallback,0,68,0,8,0,11,12
225,BalanceBeam,BalanceBeam/v_BalanceBeam_g12_c03.avi,170,240,320,center_stride,21,148,69,84,3,1,4
226,BalanceBeam,BalanceBeam/v_BalanceBeam_g12_c04.avi,96,240,320,uniform_fallback,0,95,0,11,0,14,3
227,BalanceBeam,BalanceBeam/v_BalanceBeam_g13_c02.avi,125,240,320,uniform_fallback,0,124,0,15,0,8,0
228,BalanceBeam,BalanceBeam/v_BalanceBeam_g13_c03.avi,137,240,320,center_stride,4,131,52,67,3,15,9
229,BalanceBeam,BalanceBeam/v_BalanceBeam_g14_c03.avi,201,240,320,center_stride,36,163,52,67,1,10,11
230,BalanceBeam,BalanceBeam/v_BalanceBeam_g15_c02.avi,75,240,320,uniform_fallback,0,74,47,55,5,2,1
231,BalanceBeam,BalanceBeam/v_BalanceBeam_g15_c03.avi,125,240,320,uniform_fallback,0,124,109,124,7,2,6
232,BalanceBeam,BalanceBeam/v_BalanceBeam_g15_c04.avi,98,240,320,uniform_fallback,0,97,12,24,1,7,5
233,BalanceBeam,BalanceBeam/v_BalanceBeam_g16_c01.avi,124,240,320,uniform_fallback,0,123,31,46,2,3,12
234,BalanceBeam,BalanceBeam/v_BalanceBeam_g16_c03.avi,112,240,320,uniform_fallback,0,111,42,55,3,6,1
235,BalanceBeam,BalanceBeam/v_BalanceBeam_g17_c01.avi,191,240,320,center_stride,31,158,31,46,0,12,9
236,BalanceBeam,BalanceBeam/v_BalanceBeam_g17_c02.avi,110,240,320,uniform_fallback,0,109,41,54,3,12,6
237,BalanceBeam,BalanceBeam/v_BalanceBeam_g17_c05.avi,207,240,320,center_stride,39,166,39,54,0,4,4
238,BalanceBeam,BalanceBeam/v_BalanceBeam_g18_c03.avi,181,240,320,center_stride,26,153,106,121,5,15,15
239,BalanceBeam,BalanceBeam/v_BalanceBeam_g18_c04.avi,111,240,320,uniform_fallback,0,110,14,27,1,2,12
240,BalanceBeam,BalanceBeam/v_BalanceBeam_g21_c01.avi,132,240,320,center_stride,2,129,2,17,0,12,1
241,BalanceBeam,BalanceBeam/v_BalanceBeam_g21_c03.avi,125,240,320,uniform_fallback,0,124,62,77,4,15,9
242,BalanceBeam,BalanceBeam/v_BalanceBeam_g21_c04.avi,125,240,320,uniform_fallback,0,124,0,15,0,15,3
243,BalanceBeam,BalanceBeam/v_BalanceBeam_g22_c01.avi,95,240,320,uniform_fallback,0,94,47,58,4,14,10
244,BalanceBeam,BalanceBeam/v_BalanceBeam_g22_c02.avi,96,240,320,uniform_fallback,0,95,24,35,2,1,15
245,BalanceBeam,BalanceBeam/v_BalanceBeam_g22_c04.avi,115,240,320,uniform_fallback,0,114,29,42,2,14,14
246,BalanceBeam,BalanceBeam/v_BalanceBeam_g23_c02.avi,89,240,320,uniform_fallback,0,88,11,21,1,13,8
247,BalanceBeam,BalanceBeam/v_BalanceBeam_g24_c02.avi,90,240,320,uniform_fallback,0,89,11,22,1,5,5
248,BalanceBeam,BalanceBeam/v_BalanceBeam_g25_c01.avi,80,240,320,uniform_fallback,0,79,40,49,4,10,12
249,BalanceBeam,BalanceBeam/v_BalanceBeam_g25_c02.avi,110,240,320,uniform_fallback,0,109,55,68,4,15,5
250,BandMarching,BandMarching/v_BandMarching_g01_c02.avi,162,240,320,center_stride,17,144,49,64,2,1,5
251,BandMarching,BandMarching/v_BandMarching_g01_c05.avi,168,240,320,center_stride,20,147,84,99,4,10,11
252,BandMarching,BandMarching/v_BandMarching_g02_c04.avi,122,240,320,uniform_fallback,0,121,0,14,0,15,3
253,BandMarching,BandMarching/v_BandMarching_g03_c01.avi,405,240,320,center_stride,138,265,154,169,1,1,3
254,BandMarching,BandMarching/v_BandMarching_g04_c02.avi,210,240,320,center_stride,41,168,105,120,4,13,4
255,BandMarching,BandMarching/v_BandMarching_g05_c01.avi,47,240,320,uniform_fallback,0,46,41,46,7,1,0
256,BandMarching,BandMarching/v_BandMarching_g05_c03.avi,149,240,320,center_stride,10,137,26,41,1,0,7
257,BandMarching,BandMarching/v_BandMarching_g05_c04.avi,89,240,320,uniform_fallback,0,88,0,10,0,15,6
258,BandMarching,BandMarching/v_BandMarching_g07_c03.avi,105,240,320,uniform_fallback,0,104,79,91,6,1,10
259,BandMarching,BandMarching/v_BandMarching_g07_c06.avi,146,240,320,center_stride,9,136,57,72,3,6,15
260,BandMarching,BandMarching/v_BandMarching_g08_c07.avi,140,240,320,center_stride,6,133,54,69,3,8,11
261,BandMarching,BandMarching/v_BandMarching_g09_c03.avi,102,240,320,uniform_fallback,0,101,13,25,1,1,6
262,BandMarching,BandMarching/v_BandMarching_g09_c05.avi,250,240,320,center_stride,61,188,173,188,7,13,15
263,BandMarching,BandMarching/v_BandMarching_g09_c07.avi,132,240,320,center_stride,2,129,18,33,1,10,3
264,BandMarching,BandMarching/v_BandMarching_g10_c01.avi,142,240,320,center_stride,7,134,23,38,1,14,0
265,BandMarching,BandMarching/v_BandMarching_g10_c02.avi,139,240,320,center_stride,5,132,85,100,5,14,9
266,BandMarching,BandMarching/v_BandMarching_g10_c03.avi,112,240,320,uniform_fallback,0,111,42,55,3,13,13
267,BandMarching,BandMarching/v_BandMarching_g10_c04.avi,161,240,320,center_stride,16,143,48,63,2,2,14
268,BandMarching,BandMarching/v_BandMarching_g10_c07.avi,148,240,320,center_stride,10,137,58,73,3,6,6
269,BandMarching,BandMarching/v_BandMarching_g11_c02.avi,301,240,320,center_stride,86,213,86,101,0,7,14
270,BandMarching,BandMarching/v_BandMarching_g11_c03.avi,389,240,320,center_stride,130,257,226,241,6,0,12
271,BandMarching,BandMarching/v_BandMarching_g11_c04.avi,271,240,320,center_stride,71,198,103,118,2,7,6
272,BandMarching,BandMarching/v_BandMarching_g12_c06.avi,269,240,320,center_stride,70,197,134,149,4,6,11
273,BandMarching,BandMarching/v_BandMarching_g13_c01.avi,411,240,320,center_stride,141,268,205,220,4,14,10
274,BandMarching,BandMarching/v_BandMarching_g13_c04.avi,303,240,320,center_stride,87,214,87,102,0,3,10
275,BandMarching,BandMarching/v_BandMarching_g14_c01.avi,144,240,320,center_stride,8,135,72,87,4,12,1
276,BandMarching,BandMarching/v_BandMarching_g14_c06.avi,207,240,320,center_stride,39,166,119,134,5,14,14
277,BandMarching,BandMarching/v_BandMarching_g15_c04.avi,257,240,320,center_stride,64,191,64,79,0,5,14
278,BandMarching,BandMarching/v_BandMarching_g15_c06.avi,185,240,320,center_stride,28,155,60,75,2,11,4
279,BandMarching,BandMarching/v_BandMarching_g16_c03.avi,109,240,320,uniform_fallback,0,108,14,26,1,0,5
280,BandMarching,BandMarching/v_BandMarching_g16_c06.avi,140,240,320,center_stride,6,133,70,85,4,1,12
281,BandMarching,BandMarching/v_BandMarching_g17_c01.avi,125,240,320,uniform_fallback,0,124,109,124,7,9,9
282,BandMarching,BandMarching/v_BandMarching_g17_c02.avi,174,240,320,center_stride,23,150,135,150,7,7,14
283,BandMarching,BandMarching/v_BandMarching_g17_c03.avi,160,240,320,center_stride,16,143,64,79,3,10,11
284,BandMarching,BandMarching/v_BandMarching_g18_c05.avi,172,240,320,center_stride,22,149,86,101,4,4,3
285,BandMarching,BandMarching/v_BandMarching_g19_c07.avi,390,240,320,center_stride,131,258,227,242,6,1,2
286,BandMarching,BandMarching/v_BandMarching_g20_c05.avi,220,240,320,center_stride,46,173,158,173,7,10,3
287,BandMarching,BandMarching/v_BandMarching_g21_c01.avi,323,240,320,center_stride,97,224,177,192,5,6,11
288,BandMarching,BandMarching/v_BandMarching_g22_c01.avi,254,240,320,center_stride,63,190,175,190,7,6,10
289,BandMarching,BandMarching/v_BandMarching_g22_c02.avi,131,240,320,center_stride,1,128,113,128,7,1,9
290,BandMarching,BandMarching/v_BandMarching_g22_c03.avi,263,240,320,center_stride,67,194,99,114,2,12,11
291,BandMarching,BandMarching/v_BandMarching_g22_c04.avi,248,240,320,center_stride,60,187,172,187,7,4,5
292,BandMarching,BandMarching/v_BandMarching_g23_c01.avi,209,240,320,center_stride,40,167,152,167,7,11,0
293,BandMarching,BandMarching/v_BandMarching_g23_c03.avi,262,240,320,center_stride,67,194,179,194,7,9,8
294,BandMarching,BandMarching/v_BandMarching_g23_c04.avi,212,240,320,center_stride,42,169,74,89,2,4,12
295,BandMarching,BandMarching/v_BandMarching_g23_c05.avi,115,240,320,uniform_fallback,0,114,72,85,5,1,3
296,BandMarching,BandMarching/v_BandMarching_g24_c02.avi,174,240,320,center_stride,23,150,119,134,6,12,15
297,BandMarching,BandMarching/v_BandMarching_g24_c06.avi,256,240,320,center_stride,64,191,176,191,7,11,1
298,BandMarching,BandMarching/v_BandMarching_g25_c02.avi,126,240,320,uniform_fallback,0,125,16,31,1,2,7
299,BandMarching,BandMarching/v_BandMarching_g25_c06.avi,157,240,320,center_stride,14,141,62,77,3,12,10
300,BaseballPitch,BaseballPitch/v_BaseballPitch_g01_c02.avi,94,240,320,uniform_fallback,0,93,12,23,1,3,10
301,BaseballPitch,BaseballPitch/v_BaseballPitch_g01_c04.avi,105,240,320,uniform_fallback,0,104,92,104,7,13,6
302,BaseballPitch,BaseballPitch/v_BaseballPitch_g01_c06.avi,102,240,320,uniform_fallback,0,101,13,25,1,8,0
303,BaseballPitch,BaseballPitch/v_BaseballPitch_g03_c01.avi,87,240,320,uniform_fallback,0,86,0,10,0,4,14
304,BaseballPitch,BaseballPitch/v_BaseballPitch_g04_c01.avi,213,240,320,center_stride,42,169,154,169,7,13,13
305,BaseballPitch,BaseballPitch/v_BaseballPitch_g04_c03.avi,99,240,320,uniform_fallback,0,98,37,49,3,7,10
306,BaseballPitch,BaseballPitch/v_BaseballPitch_g04_c04.avi,118,240,320,uniform_fallback,0,117,29,43,2,10,2
307,BaseballPitch,BaseballPitch/v_BaseballPitch_g05_c02.avi,94,240,320,uniform_fallback,0,93,0,11,0,10,4
308,BaseballPitch,BaseballPitch/v_BaseballPitch_g05_c03.avi,91,240,320,uniform_fallback,0,90,23,33,2,10,6
309,BaseballPitch,BaseballPitch/v_BaseballPitch_g05_c05.avi,72,240,320,uniform_fallback,0,71,27,35,3,4,3
310,BaseballPitch,BaseballPitch/v_BaseballPitch_g05_c07.avi,70,240,320,uniform_fallback,0,69,0,8,0,11,11
311,BaseballPitch,BaseballPitch/v_BaseballPitch_g06_c04.avi,47,240,320,uniform_fallback,0,46,23,29,4,11,0
312,BaseballPitch,BaseballPitch/v_BaseballPitch_g06_c06.avi,61,240,320,uniform_fallback,0,60,53,60,7,13,7
313,BaseballPitch,BaseballPitch/v_BaseballPitch_g07_c06.avi,78,240,320,uniform_fallback,0,77,0,9,0,0,13
314,BaseballPitch,BaseballPitch/v_BaseballPitch_g07_c07.avi,80,240,320,uniform_fallback,0,79,10,19,1,2,15
315,BaseballPitch,BaseballPitch/v_BaseballPitch_g08_c05.avi,110,240,320,uniform_fallback,0,109,0,13,0,2,14
316,BaseballPitch,BaseballPitch/v_BaseballPitch_g08_c07.avi,105,240,320,uniform_fallback,0,104,0,12,0,8,12
317,BaseballPitch,BaseballPitch/v_BaseballPitch_g09_c02.avi,75,240,320,uniform_fallback,0,74,0,9,0,4,15
318,BaseballPitch,BaseballPitch/v_BaseballPitch_g09_c04.avi,63,240,320,uniform_fallback,0,62,0,7,0,4,4
319,BaseballPitch,BaseballPitch/v_BaseballPitch_g09_c05.avi,63,240,320,uniform_fallback,0,62,55,62,7,10,2
320,BaseballPitch,BaseballPitch/v_BaseballPitch_g09_c06.avi,68,240,320,uniform_fallback,0,67,0,8,0,4,7
321,BaseballPitch,BaseballPitch/v_BaseballPitch_g09_c07.avi,100,240,320,uniform_fallback,0,99,25,37,2,9,4
322,BaseballPitch,BaseballPitch/v_BaseballPitch_g10_c01.avi,104,240,320,uniform_fallback,0,103,52,64,4,1,5
323,BaseballPitch,BaseballPitch/v_BaseballPitch_g10_c02.avi,174,240,320,center_stride,23,150,55,70,2,14,10
324,BaseballPitch,BaseballPitch/v_BaseballPitch_g10_c04.avi,118,240,320,uniform_fallback,0,117,44,58,3,1,14
325,BaseballPitch,BaseballPitch/v_BaseballPitch_g12_c02.avi,127,240,320,uniform_fallback,0,126,79,94,5,8,15
326,BaseballPitch,BaseballPitch/v_BaseballPitch_g13_c01.avi,126,240,320,uniform_fallback,0,125,63,78,4,6,11
327,BaseballPitch,BaseballPitch/v_BaseballPitch_g13_c02.avi,123,240,320,uniform_fallback,0,122,77,91,5,7,8
328,BaseballPitch,BaseballPitch/v_BaseballPitch_g13_c04.avi,131,240,320,center_stride,1,128,1,16,0,6,5
329,BaseballPitch,BaseballPitch/v_BaseballPitch_g14_c01.avi,104,240,320,uniform_fallback,0,103,0,12,0,3,8
330,BaseballPitch,BaseballPitch/v_BaseballPitch_g14_c02.avi,138,240,320,center_stride,5,132,21,36,1,12,10
331,BaseballPitch,BaseballPitch/v_BaseballPitch_g15_c03.avi,75,240,320,uniform_fallback,0,74,56,65,6,3,7
332,BaseballPitch,BaseballPitch/v_BaseballPitch_g15_c05.avi,73,240,320,uniform_fallback,0,72,18,27,2,2,9
333,BaseballPitch,BaseballPitch/v_BaseballPitch_g15_c06.avi,79,240,320,uniform_fallback,0,78,69,78,7,14,9
334,BaseballPitch,BaseballPitch/v_BaseballPitch_g16_c02.avi,106,240,320,uniform_fallback,0,105,93,105,7,15,0
335,BaseballPitch,BaseballPitch/v_BaseballPitch_g17_c03.avi,87,240,320,uniform_fallback,0,86,0,10,0,12,13
336,BaseballPitch,BaseballPitch/v_BaseballPitch_g17_c06.avi,68,240,320,uniform_fallback,0,67,34,42,4,9,5
337,BaseballPitch,BaseballPitch/v_BaseballPitch_g17_c07.avi,66,240,320,uniform_fallback,0,65,0,8,0,1,13
338,BaseballPitch,BaseballPitch/v_BaseballPitch_g18_c05.avi,174,240,320,center_stride,23,150,87,102,4,15,1
339,BaseballPitch,BaseballPitch/v_BaseballPitch_g19_c05.avi,94,240,320,uniform_fallback,0,93,23,34,2,13,14
340,BaseballPitch,BaseballPitch/v_BaseballPitch_g20_c01.avi,111,240,320,uniform_fallback,0,110,97,110,7,6,1
341,BaseballPitch,BaseballPitch/v_BaseballPitch_g21_c04.avi,152,240,320,center_stride,12,139,124,139,7,12,6
342,BaseballPitch,BaseballPitch/v_BaseballPitch_g22_c05.avi,70,240,320,uniform_fallback,0,69,43,52,5,9,13
343,BaseballPitch,BaseballPitch/v_BaseballPitch_g23_c01.avi,113,240,320,uniform_fallback,0,112,42,56,3,3,2
344,BaseballPitch,BaseballPitch/v_BaseballPitch_g23_c03.avi,78,240,320,uniform_fallback,0,77,39,48,4,0,7
345,BaseballPitch,BaseballPitch/v_BaseballPitch_g23_c06.avi,108,240,320,uniform_fallback,0,107,67,80,5,1,10
346,BaseballPitch,BaseballPitch/v_BaseballPitch_g24_c07.avi,126,240,320,uniform_fallback,0,125,110,125,7,15,8
347,BaseballPitch,BaseballPitch/v_BaseballPitch_g25_c02.avi,101,240,320,uniform_fallback,0,100,63,75,5,14,0
348,BaseballPitch,BaseballPitch/v_BaseballPitch_g25_c03.avi,73,240,320,uniform_fallback,0,72,45,54,5,7,15
349,BaseballPitch,BaseballPitch/v_BaseballPitch_g25_c04.avi,114,240,320,uniform_fallback,0,113,85,99,6,5,1
350,Basketball,Basketball/v_Basketball_g01_c02.avi,180,240,320,center_stride,26,153,122,137,6,11,15
351,Basketball,Basketball/v_Basketball_g01_c03.avi,206,240,320,center_stride,39,166,71,86,2,8,1
352,Basketball,Basketball/v_Basketball_g02_c04.avi,80,240,320,uniform_fallback,0,79,40,49,4,14,10
353,Basketball,Basketball/v_Basketball_g02_c05.avi,144,240,320,center_stride,8,135,40,55,2,6,4
354,Basketball,Basketball/v_Basketball_g02_c06.avi,124,240,320,uniform_fallback,0,123,46,61,3,1,4
355,Basketball,Basketball/v_Basketball_g03_c04.avi,80,240,320,uniform_fallback,0,79,50,59,5,11,3
356,Basketball,Basketball/v_Basketball_g03_c06.avi,86,240,320,uniform_fallback,0,85,21,31,2,10,3
357,Basketball,Basketball/v_Basketball_g04_c02.avi,104,240,320,uniform_fallback,0,103,91,103,7,8,2
358,Basketball,Basketball/v_Basketball_g05_c03.avi,100,240,320,uniform_fallback,0,99,0,12,0,9,12
359,Basketball,Basketball/v_Basketball_g06_c02.avi,101,240,320,uniform_fallback,0,100,76,87,6,14,0
360,Basketball,Basketball/v_Basketball_g07_c01.avi,142,240,320,center_stride,7,134,119,134,7,7,8
361,Basketball,Basketball/v_Basketball_g08_c01.avi,171,240,320,center_stride,21,148,85,100,4,8,4
362,Basketball,Basketball/v_Basketball_g09_c02.avi,104,240,320,uniform_fallback,0,103,52,64,4,13,7
363,Basketball,Basketball/v_Basketball_g09_c03.avi,85,240,320,uniform_fallback,0,84,74,84,7,0,14
364,Basketball,Basketball/v_Basketball_g10_c01.avi,128,240,320,center_stride,0,127,32,47,2,6,11
365,Basketball,Basketball/v_Basketball_g10_c05.avi,117,240,320,uniform_fallback,0,116,44,58,3,12,11
366,Basketball,Basketball/v_Basketball_g11_c01.avi,105,240,320,uniform_fallback,0,104,92,104,7,10,1
367,Basketball,Basketball/v_Basketball_g11_c02.avi,143,240,320,center_stride,7,134,23,38,1,10,2
368,Basketball,Basketball/v_Basketball_g12_c03.avi,137,240,320,center_stride,4,131,116,131,7,15,11
369,Basketball,Basketball/v_Basketball_g13_c02.avi,330,240,320,center_stride,101,228,149,164,3,8,4
370,Basketball,Basketball/v_Basketball_g14_c01.avi,81,240,320,uniform_fallback,0,80,20,30,2,2,0
371,Basketball,Basketball/v_Basketball_g14_c03.avi,89,240,320,uniform_fallback,0,88,55,66,5,8,5
372,Basketball,Basketball/v_Basketball_g14_c04.avi,88,240,320,uniform_fallback,0,87,33,43,3,8,10
373,Basketball,Basketball/v_Basketball_g15_c05.avi,174,240,320,center_stride,23,150,23,38,0,13,9
374,Basketball,Basketball/v_Basketball_g15_c06.avi,185,240,320,center_stride,28,155,124,139,6,11,13
375,Basketball,Basketball/v_Basketball_g15_c07.avi,164,240,320,center_stride,18,145,66,81,3,6,8
376,Basketball,Basketball/v_Basketball_g16_c02.avi,518,240,320,center_stride,195,322,243,258,3,9,3
377,Basketball,Basketball/v_Basketball_g16_c04.avi,96,240,320,uniform_fallback,0,95,0,11,0,1,1
378,Basketball,Basketball/v_Basketball_g17_c01.avi,153,240,320,center_stride,12,139,76,91,4,12,3
379,Basketball,Basketball/v_Basketball_g17_c02.avi,115,240,320,uniform_fallback,0,114,72,85,5,4,10
380,Basketball,Basketball/v_Basketball_g17_c03.avi,214,240,320,center_stride,43,170,155,170,7,1,8
381,Basketball,Basketball/v_Basketball_g18_c01.avi,236,240,320,center_stride,54,181,102,117,3,10,14
382,Basketball,Basketball/v_Basketball_g18_c02.avi,102,240,320,uniform_fallback,0,101,25,37,2,5,3
383,Basketball,Basketball/v_Basketball_g18_c03.avi,180,240,320,center_stride,26,153,42,57,1,4,8
384,Basketball,Basketball/v_Basketball_g18_c04.avi,188,240,320,center_stride,30,157,110,125,5,15,11
385,Basketball,Basketball/v_Basketball_g19_c02.avi,143,240,320,center_stride,7,134,103,118,6,11,8
386,Basketball,Basketball/v_Basketball_g19_c03.avi,120,240,320,uniform_fallback,0,119,15,29,1,3,7
387,Basketball,Basketball/v_Basketball_g19_c04.avi,118,240,320,uniform_fallback,0,117,103,117,7,13,9
388,Basketball,Basketball/v_Basketball_g20_c03.avi,105,240,320,uniform_fallback,0,104,13,25,1,1,5
389,Basketball,Basketball/v_Basketball_g20_c04.avi,120,240,320,uniform_fallback,0,119,105,119,7,5,9
390,Basketball,Basketball/v_Basketball_g20_c06.avi,88,240,320,uniform_fallback,0,87,0,10,0,9,4
391,Basketball,Basketball/v_Basketball_g21_c01.avi,70,240,320,uniform_fallback,0,69,0,8,0,5,9
392,Basketball,Basketball/v_Basketball_g21_c03.avi,182,240,320,center_stride,27,154,59,74,2,3,4
393,Basketball,Basketball/v_Basketball_g22_c03.avi,132,240,320,center_stride,2,129,82,97,5,0,11
394,Basketball,Basketball/v_Basketball_g22_c04.avi,101,240,320,uniform_fallback,0,100,76,87,6,2,5
395,Basketball,Basketball/v_Basketball_g22_c05.avi,88,240,320,uniform_fallback,0,87,44,54,4,2,3
396,Basketball,Basketball/v_Basketball_g22_c07.avi,99,240,320,uniform_fallback,0,98,25,36,2,13,10
397,Basketball,Basketball/v_Basketball_g23_c02.avi,120,240,320,uniform_fallback,0,119,30,44,2,13,7
398,Basketball,Basketball/v_Basketball_g23_c05.avi,104,240,320,uniform_fallback,0,103,26,38,2,5,7
399,Basketball,Basketball/v_Basketball_g25_c06.avi,111,240,320,uniform_fallback,0,110,0,13,0,12,9
400,BasketballDunk,BasketballDunk/v_BasketballDunk_g01_c05.avi,66,240,320,uniform_fallback,0,65,41,49,5,15,3
401,BasketballDunk,BasketballDunk/v_BasketballDunk_g02_c03.avi,71,240,320,uniform_fallback,0,70,18,26,2,15,11
402,BasketballDunk,BasketballDunk/v_BasketballDunk_g03_c02.avi,76,240,320,uniform_fallback,0,75,19,28,2,6,4
403,BasketballDunk,BasketballDunk/v_BasketballDunk_g03_c03.avi,74,240,320,uniform_fallback,0,73,18,27,2,5,4
404,BasketballDunk,BasketballDunk/v_BasketballDunk_g04_c01.avi,51,240,320,uniform_fallback,0,50,31,37,5,5,14
405,BasketballDunk,BasketballDunk/v_BasketballDunk_g05_c01.avi,52,240,320,uniform_fallback,0,51,26,32,4,9,4
406,BasketballDunk,BasketballDunk/v_BasketballDunk_g05_c02.avi,80,240,320,uniform_fallback,0,79,50,59,5,2,14
407,BasketballDunk,BasketballDunk/v_BasketballDunk_g06_c01.avi,52,240,320,uniform_fallback,0,51,0,6,0,9,4
408,BasketballDunk,BasketballDunk/v_BasketballDunk_g06_c02.avi,61,240,320,uniform_fallback,0,60,38,45,5,3,5
409,BasketballDunk,BasketballDunk/v_BasketballDunk_g06_c03.avi,53,240,320,uniform_fallback,0,52,26,32,4,0,1
410,BasketballDunk,BasketballDunk/v_BasketballDunk_g07_c01.avi,42,240,320,uniform_fallback,0,41,0,5,0,7,9
411,BasketballDunk,BasketballDunk/v_BasketballDunk_g07_c03.avi,53,240,320,uniform_fallback,0,52,39,45,6,14,7
412,BasketballDunk,BasketballDunk/v_BasketballDunk_g07_c06.avi,51,240,320,uniform_fallback,0,50,13,19,2,13,12
413,BasketballDunk,BasketballDunk/v_BasketballDunk_g08_c03.avi,59,240,320,uniform_fallback,0,58,7,14,1,5,13
414,BasketballDunk,BasketballDunk/v_BasketballDunk_g08_c05.avi,87,240,320,uniform_fallback,0,86,33,43,3,0,3
415,BasketballDunk,BasketballDunk/v_BasketballDunk_g09_c01.avi,85,240,320,uniform_fallback,0,84,63,73,6,13,5
416,BasketballDunk,BasketballDunk/v_BasketballDunk_g09_c03.avi,82,240,320,uniform_fallback,0,81,10,20,1,8,0
417,BasketballDunk,BasketballDunk/v_BasketballDunk_g09_c05.avi,61,240,320,uniform_fallback,0,60,30,37,4,2,13
418,BasketballDunk,BasketballDunk/v_BasketballDunk_g10_c02.avi,60,240,320,uniform_fallback,0,59,0,7,0,9,3
419,BasketballDunk,BasketballDunk/v_BasketballDunk_g10_c03.avi,70,240,320,uniform_fallback,0,69,52,60,6,7,13
420,BasketballDunk,BasketballDunk/v_BasketballDunk_g10_c05.avi,98,240,320,uniform_fallback,0,97,37,48,3,11,8
421,BasketballDunk,BasketballDunk/v_BasketballDunk_g11_c04.avi,86,240,320,uniform_fallback,0,85,43,53,4,3,13
422,BasketballDunk,BasketballDunk/v_BasketballDunk_g11_c05.avi,91,240,320,uniform_fallback,0,90,0,11,0,10,15
423,BasketballDunk,BasketballDunk/v_BasketballDunk_g12_c02.avi,56,240,320,uniform_fallback,0,55,14,20,2,8,0
424,BasketballDunk,BasketballDunk/v_BasketballDunk_g13_c03.avi,106,240,320,uniform_fallback,0,105,79,92,6,6,13
425,BasketballDunk,BasketballDunk/v_BasketballDunk_g14_c02.avi,82,240,320,uniform_fallback,0,81,31,40,3,0,12
426,BasketballDunk,BasketballDunk/v_BasketballDunk_g14_c03.avi,87,240,320,uniform_fallback,0,86,76,86,7,8,2
427,BasketballDunk,BasketballDunk/v_BasketballDunk_g14_c07.avi,98,240,320,uniform_fallback,0,97,12,24,1,7,15
428,BasketballDunk,BasketballDunk/v_BasketballDunk_g15_c03.avi,124,240,320,uniform_fallback,0,123,15,30,1,4,3
429,BasketballDunk,BasketballDunk/v_BasketballDunk_g15_c05.avi,79,240,320,uniform_fallback,0,78,59,68,6,12,0
430,BasketballDunk,BasketballDunk/v_BasketballDunk_g16_c04.avi,59,240,320,uniform_fallback,0,58,15,21,2,14,2
431,BasketballDunk,BasketballDunk/v_BasketballDunk_g16_c05.avi,74,240,320,uniform_fallback,0,73,55,64,6,11,10
432,BasketballDunk,BasketballDunk/v_BasketballDunk_g16_c06.avi,76,240,320,uniform_fallback,0,75,57,66,6,10,2
433,BasketballDunk,BasketballDunk/v_BasketballDunk_g17_c02.avi,66,240,320,uniform_fallback,0,65,57,65,7,3,13
434,BasketballDunk,BasketballDunk/v_BasketballDunk_g17_c07.avi,75,240,320,uniform_fallback,0,74,28,37,3,6,8
435,BasketballDunk,BasketballDunk/v_BasketballDunk_g18_c03.avi,74,240,320,uniform_fallback,0,73,28,36,3,10,8
436,BasketballDunk,BasketballDunk/v_BasketballDunk_g18_c05.avi,74,240,320,uniform_fallback,0,73,46,55,5,3,5
437,BasketballDunk,BasketballDunk/v_BasketballDunk_g18_c06.avi,67,240,320,uniform_fallback,0,66,58,66,7,4,5
438,BasketballDunk,BasketballDunk/v_BasketballDunk_g19_c04.avi,53,240,320,uniform_fallback,0,52,26,32,4,8,15
439,BasketballDunk,BasketballDunk/v_BasketballDunk_g20_c02.avi,53,240,320,uniform_fallback,0,52,39,45,6,15,11
440,BasketballDunk,BasketballDunk/v_BasketballDunk_g20_c04.avi,78,240,320,uniform_fallback,0,77,68,77,7,15,15
441,BasketballDunk,BasketballDunk/v_BasketballDunk_g21_c02.avi,95,240,320,uniform_fallback,0,94,24,35,2,5,15
442,BasketballDunk,BasketballDunk/v_BasketballDunk_g21_c04.avi,148,240,320,center_stride,10,137,58,73,3,11,0
443,BasketballDunk,BasketballDunk/v_BasketballDunk_g22_c04.avi,96,240,320,uniform_fallback,0,95,0,11,0,10,6
444,BasketballDunk,BasketballDunk/v_BasketballDunk_g23_c04.avi,137,240,320,center_stride,4,131,116,131,7,15,5
445,BasketballDunk,BasketballDunk/v_BasketballDunk_g24_c04.avi,155,240,320,center_stride,13,140,109,124,6,12,7
446,BasketballDunk,BasketballDunk/v_BasketballDunk_g25_c01.avi,82,240,320,uniform_fallback,0,81,71,81,7,9,4
447,BasketballDunk,BasketballDunk/v_BasketballDunk_g25_c02.avi,117,240,320,uniform_fallback,0,116,102,116,7,1,15
448,BasketballDunk,BasketballDunk/v_BasketballDunk_g25_c03.avi,81,240,320,uniform_fallback,0,80,30,40,3,0,1
449,BasketballDunk,BasketballDunk/v_BasketballDunk_g25_c04.avi,89,240,320,uniform_fallback,0,88,33,44,3,10,5
450,BenchPress,BenchPress/v_BenchPress_g01_c01.avi,151,240,320,center_stride,11,138,123,138,7,6,0
451,BenchPress,BenchPress/v_BenchPress_g01_c02.avi,180,240,320,center_stride,26,153,58,73,2,1,0
452,BenchPress,BenchPress/v_BenchPress_g01_c03.avi,104,240,320,uniform_fallback,0,103,26,38,2,3,9
453,BenchPress,BenchPress/v_BenchPress_g01_c04.avi,105,240,320,uniform_fallback,0,104,92,104,7,11,12
454,BenchPress,BenchPress/v_BenchPress_g01_c06.avi,111,240,320,uniform_fallback,0,110,14,27,1,3,3
455,BenchPress,BenchPress/v_BenchPress_g02_c04.avi,95,240,320,uniform_fallback,0,94,12,23,1,12,0
456,BenchPress,BenchPress/v_BenchPress_g02_c06.avi,72,240,320,uniform_fallback,0,71,63,71,7,15,5
457,BenchPress,BenchPress/v_BenchPress_g03_c01.avi,93,240,320,uniform_fallback,0,92,58,69,5,5,15
458,BenchPress,BenchPress/v_BenchPress_g03_c04.avi,105,240,320,uniform_fallback,0,104,39,52,3,11,7
459,BenchPress,BenchPress/v_BenchPress_g04_c02.avi,70,240,320,uniform_fallback,0,69,26,34,3,6,3
460,BenchPress,BenchPress/v_BenchPress_g04_c06.avi,176,240,320,center_stride,24,151,136,151,7,14,8
461,BenchPress,BenchPress/v_BenchPress_g05_c01.avi,74,240,320,uniform_fallback,0,73,18,27,2,5,3
462,BenchPress,BenchPress/v_BenchPress_g05_c02.avi,67,240,320,uniform_fallback,0,66,0,8,0,6,3
463,BenchPress,BenchPress/v_BenchPress_g05_c04.avi,298,240,320,center_stride,85,212,101,116,1,2,2
464,BenchPress,BenchPress/v_BenchPress_g05_c05.avi,165,240,320,center_stride,18,145,18,33,0,12,15
465,BenchPress,BenchPress/v_BenchPress_g05_c07.avi,64,240,320,uniform_fallback,0,63,16,23,2,10,15
466,BenchPress,BenchPress/v_BenchPress_g06_c01.avi,68,240,320,uniform_fallback,0,67,0,8,0,3,13
467,BenchPress,BenchPress/v_BenchPress_g06_c03.avi,65,240,320,uniform_fallback,0,64,16,24,2,5,14
468,BenchPress,BenchPress/v_BenchPress_g06_c04.avi,252,240,320,center_stride,62,189,126,141,4,12,4
469,BenchPress,BenchPress/v_BenchPress_g07_c07.avi,79,240,320,uniform_fallback,0,78,59,68,6,3,7
470,BenchPress,BenchPress/v_BenchPress_g09_c01.avi,85,240,320,uniform_fallback,0,84,53,63,5,8,9
471,BenchPress,BenchPress/v_BenchPress_g09_c02.avi,70,240,320,uniform_fallback,0,69,17,26,2,3,1
472,BenchPress,BenchPress/v_BenchPress_g09_c06.avi,211,240,320,center_stride,41,168,137,152,6,10,15
473,BenchPress,BenchPress/v_BenchPress_g09_c07.avi,109,240,320,uniform_fallback,0,108,0,13,0,15,4
474,BenchPress,BenchPress/v_BenchPress_g10_c04.avi,134,240,320,center_stride,3,130,99,114,6,14,0
475,BenchPress,BenchPress/v_BenchPress_g11_c05.avi,114,240,320,uniform_fallback,0,113,85,99,6,6,9
476,BenchPress,BenchPress/v_BenchPress_g13_c02.avi,93,240,320,uniform_fallback,0,92,23,34,2,5,3
477,BenchPress,BenchPress/v_BenchPress_g13_c04.avi,146,240,320,center_stride,9,136,25,40,1,5,2
478,BenchPress,BenchPress/v_BenchPress_g14_c01.avi,96,240,320,uniform_fallback,0,95,60,71,5,1,14
479,BenchPress,BenchPress/v_BenchPress_g14_c05.avi,212,240,320,center_stride,42,169,154,169,7,7,14
480,BenchPress,BenchPress/v_BenchPress_g14_c07.avi,105,240,320,uniform_fallback,0,104,79,91,6,1,15
481,BenchPress,BenchPress/v_BenchPress_g15_c04.avi,170,240,320,center_stride,21,148,117,132,6,10,7
482,BenchPress,BenchPress/v_BenchPress_g16_c02.avi,99,240,320,uniform_fallback,0,98,37,49,3,12,10
483,BenchPress,BenchPress/v_BenchPress_g17_c01.avi,71,240,320,uniform_fallback,0,70,26,35,3,5,1
484,BenchPress,BenchPress/v_BenchPress_g17_c02.avi,68,240,320,uniform_fallback,0,67,42,50,5,14,7
485,BenchPress,BenchPress/v_BenchPress_g17_c05.avi,172,240,320,center_stride,22,149,86,101,4,1,6
486,BenchPress,BenchPress/v_BenchPress_g18_c02.avi,101,240,320,uniform_fallback,0,100,76,87,6,2,3
487,BenchPress,BenchPress/v_BenchPress_g19_c01.avi,92,240,320,uniform_fallback,0,91,11,22,1,12,5
488,BenchPress,BenchPress/v_BenchPress_g19_c02.avi,86,240,320,uniform_fallback,0,85,64,74,6,14,2
489,BenchPress,BenchPress/v_BenchPress_g19_c04.avi,249,240,320,center_stride,60,187,140,155,5,9,0
490,BenchPress,BenchPress/v_BenchPress_g19_c06.avi,103,240,320,uniform_fallback,0,102,26,38,2,2,2
491,BenchPress,BenchPress/v_BenchPress_g21_c02.avi,110,240,320,uniform_fallback,0,109,96,109,7,4,8
492,BenchPress,BenchPress/v_BenchPress_g21_c04.avi,291,240,320,center_stride,81,208,129,144,3,7,14
493,BenchPress,BenchPress/v_BenchPress_g22_c01.avi,88,240,320,uniform_fallback,0,87,77,87,7,5,1
494,BenchPress,BenchPress/v_BenchPress_g22_c04.avi,71,240,320,uniform_fallback,0,70,53,61,6,11,9
495,BenchPress,BenchPress/v_BenchPress_g23_c02.avi,126,240,320,uniform_fallback,0,125,16,31,1,10,6
496,BenchPress,BenchPress/v_BenchPress_g23_c03.avi,176,240,320,center_stride,24,151,40,55,1,3,10
497,BenchPress,BenchPress/v_BenchPress_g24_c01.avi,69,240,320,uniform_fallback,0,68,0,8,0,11,6
498,BenchPress,BenchPress/v_BenchPress_g24_c04.avi,166,240,320,center_stride,19,146,99,114,5,4,11
499,BenchPress,BenchPress/v_BenchPress_g25_c05.avi,222,240,320,center_stride,47,174,143,158,6,13,15
500,Biking,Biking/v_Biking_g01_c02.avi,151,240,320,center_stride,11,138,107,122,6,2,15
501,Biking,Biking/v_Biking_g01_c04.avi,181,240,320,center_stride,26,153,74,89,3,0,8
502,Biking,Biking/v_Biking_g02_c02.avi,240,240,320,center_stride,56,183,88,103,2,9,15
503,Biking,Biking/v_Biking_g02_c03.avi,240,240,320,center_stride,56,183,168,183,7,8,11
504,Biking,Biking/v_Biking_g03_c01.avi,380,240,320,center_stride,126,253,206,221,5,5,13
505,Biking,Biking/v_Biking_g03_c03.avi,356,240,320,center_stride,114,241,130,145,1,10,0
506,Biking,Biking/v_Biking_g04_c02.avi,180,240,320,center_stride,26,153,26,41,0,4,5
507,Biking,Biking/v_Biking_g04_c04.avi,216,240,320,center_stride,44,171,76,91,2,4,3
508,Biking,Biking/v_Biking_g05_c03.avi,201,240,320,center_stride,36,163,132,147,6,0,6
509,Biking,Biking/v_Biking_g05_c04.avi,201,240,320,center_stride,36,163,36,51,0,13,0
510,Biking,Biking/v_Biking_g05_c05.avi,163,240,320,center_stride,17,144,113,128,6,13,0
511,Biking,Biking/v_Biking_g07_c04.avi,300,240,320,center_stride,86,213,118,133,2,11,7
512,Biking,Biking/v_Biking_g07_c05.avi,192,240,320,center_stride,32,159,64,79,2,12,13
513,Biking,Biking/v_Biking_g08_c02.avi,123,240,320,uniform_fallback,0,122,108,122,7,11,11
514,Biking,Biking/v_Biking_g08_c05.avi,240,240,320,center_stride,56,183,104,119,3,12,13
515,Biking,Biking/v_Biking_g08_c06.avi,240,240,320,center_stride,56,183,72,87,1,9,7
516,Biking,Biking/v_Biking_g09_c02.avi,180,240,320,center_stride,26,153,26,41,0,8,6
517,Biking,Biking/v_Biking_g09_c03.avi,201,240,320,center_stride,36,163,148,163,7,7,11
518,Biking,Biking/v_Biking_g10_c01.avi,240,240,320,center_stride,56,183,104,119,3,0,1
519,Biking,Biking/v_Biking_g10_c02.avi,240,240,320,center_stride,56,183,72,87,1,3,5
520,Biking,Biking/v_Biking_g10_c03.avi,240,240,320,center_stride,56,183,56,71,0,15,12
521,Biking,Biking/v_Biking_g10_c05.avi,240,240,320,center_stride,56,183,88,103,2,0,1
522,Biking,Biking/v_Biking_g11_c01.avi,151,240,320,center_stride,11,138,43,58,2,3,1
523,Biking,Biking/v_Biking_g12_c02.avi,203,240,320,center_stride,37,164,149,164,7,1,15
524,Biking,Biking/v_Biking_g12_c04.avi,201,240,320,center_stride,36,163,52,67,1,6,8
525,Biking,Biking/v_Biking_g14_c01.avi,126,240,320,uniform_fallback,0,125,94,109,6,2,6
526,Biking,Biking/v_Biking_g14_c03.avi,141,240,320,center_stride,6,133,38,53,2,3,11
527,Biking,Biking/v_Biking_g15_c01.avi,240,240,320,center_stride,56,183,152,167,6,9,1
528,Biking,Biking/v_Biking_g15_c04.avi,240,240,320,center_stride,56,183,88,103,2,1,12
529,Biking,Biking/v_Biking_g16_c02.avi,199,240,320,center_stride,35,162,147,162,7,11,8
530,Biking,Biking/v_Biking_g16_c03.avi,167,240,320,center_stride,19,146,19,34,0,10,7
531,Biking,Biking/v_Biking_g16_c05.avi,240,240,320,center_stride,56,183,56,71,0,5,4
532,Biking,Biking/v_Biking_g17_c03.avi,180,240,320,center_stride,26,153,74,89,3,4,10
533,Biking,Biking/v_Biking_g17_c05.avi,204,240,320,center_stride,38,165,150,165,7,11,3
534,Biking,Biking/v_Biking_g17_c06.avi,240,240,320,center_stride,56,183,72,87,1,4,7
535,Biking,Biking/v_Biking_g18_c02.avi,181,240,320,center_stride,26,153,58,73,2,9,8
536,Biking,Biking/v_Biking_g18_c06.avi,240,240,320,center_stride,56,183,72,87,1,5,13
537,Biking,Biking/v_Biking_g19_c04.avi,151,240,320,center_stride,11,138,75,90,4,14,1
538,Biking,Biking/v_Biking_g20_c03.avi,336,240,320,center_stride,104,231,104,119,0,13,13
539,Biking,Biking/v_Biking_g21_c03.avi,122,240,320,uniform_fallback,0,121,91,106,6,9,8
540,Biking,Biking/v_Biking_g21_c07.avi,180,240,320,center_stride,26,153,90,105,4,3,13
541,Biking,Biking/v_Biking_g22_c05.avi,207,240,320,center_stride,39,166,135,150,6,0,5
542,Biking,Biking/v_Biking_g23_c02.avi,599,240,320,center_stride,235,362,299,314,4,2,9
543,Biking,Biking/v_Biking_g23_c03.avi,450,240,320,center_stride,161,288,161,176,0,15,3
544,Biking,Biking/v_Biking_g24_c01.avi,180,240,320,center_stride,26,153,42,57,1,2,14
545,Biking,Biking/v_Biking_g24_c05.avi,240,240,320,center_stride,56,183,120,135,4,14,0
546,Biking,Biking/v_Biking_g24_c06.avi,248,240,320,center_stride,60,187,60,75,0,11,2
547,Biking,Biking/v_Biking_g25_c01.avi,151,240,320,center_stride,11,138,91,106,5,12,9
548,Biking,Biking/v_Biking_g25_c02.avi,151,240,320,center_stride,11,138,27,42,1,7,0
549,Biking,Biking/v_Biking_g25_c03.avi,175,240,320,center_stride,23,150,119,134,6,8,1
550,Billiards,Billiards/v_Billiards_g01_c03.avi,395,240,320,center_stride,133,260,149,164,1,11,2
551,Billiards,Billiards/v_Billiards_g01_c05.avi,352,240,320,center_stride,112,239,160,175,3,10,8
552,Billiards,Billiards/v_Billiards_g02_c03.avi,392,240,320,center_stride,132,259,148,163,1,7,6
553,Billiards,Billiards/v_Billiards_g02_c04.avi,356,240,320,center_stride,114,241,114,129,0,12,13
554,Billiards,Billiards/v_Billiards_g02_c06.avi,336,240,320,center_stride,104,231,136,151,2,1,14
555,Billiards,Billiards/v_Billiards_g03_c01.avi,213,240,320,center_stride,42,169,58,73,1,12,4
556,Billiards,Billiards/v_Billiards_g04_c02.avi,299,240,320,center_stride,85,212,85,100,0,7,1
557,Billiards,Billiards/v_Billiards_g04_c04.avi,279,240,320,center_stride,75,202,171,186,6,5,4
558,Billiards,Billiards/v_Billiards_g04_c05.avi,234,240,320,center_stride,53,180,85,100,2,0,2
559,Billiards,Billiards/v_Billiards_g07_c04.avi,281,240,320,center_stride,76,203,108,123,2,12,11
560,Billiards,Billiards/v_Billiards_g08_c02.avi,353,240,320,center_stride,112,239,112,127,0,14,8
561,Billiards,Billiards/v_Billiards_g08_c03.avi,319,240,320,center_stride,95,222,111,126,1,0,10
562,Billiards,Billiards/v_Billiards_g08_c05.avi,323,240,320,center_stride,97,224,177,192,5,13,13
563,Billiards,Billiards/v_Billiards_g09_c01.avi,220,240,320,center_stride,46,173,126,141,5,13,13
564,Billiards,Billiards/v_Billiards_g09_c04.avi,287,240,320,center_stride,79,206,143,158,4,4,2
565,Billiards,Billiards/v_Billiards_g09_c07.avi,217,240,320,center_stride,44,171,140,155,6,4,7
566,Billiards,Billiards/v_Billiards_g10_c01.avi,334,240,320,center_stride,103,230,167,182,4,5,0
567,Billiards,Billiards/v_Billiards_g11_c04.avi,290,240,320,center_stride,81,208,145,160,4,8,1
568,Billiards,Billiards/v_Billiards_g11_c07.avi,281,240,320,center_stride,76,203,124,139,3,0,15
569,Billiards,Billiards/v_Billiards_g12_c02.avi,304,240,320,center_stride,88,215,136,151,3,10,14
570,Billiards,Billiards/v_Billiards_g12_c06.avi,223,240,320,center_stride,47,174,63,78,1,0,11
571,Billiards,Billiards/v_Billiards_g13_c02.avi,287,240,320,center_stride,79,206,175,190,6,10,8
572,Billiards,Billiards/v_Billiards_g14_c01.avi,273,240,320,center_stride,72,199,184,199,7,15,9
573,Billiards,Billiards/v_Billiards_g14_c02.avi,259,240,320,center_stride,65,192,145,160,5,5,2
574,Billiards,Billiards/v_Billiards_g14_c05.avi,295,240,320,center_stride,83,210,147,162,4,12,4
575,Billiards,Billiards/v_Billiards_g15_c02.avi,271,240,320,center_stride,71,198,135,150,4,1,14
576,Billiards,Billiards/v_Billiards_g15_c03.avi,236,240,320,center_stride,54,181,70,85,1,2,8
577,Billiards,Billiards/v_Billiards_g15_c04.avi,270,240,320,center_stride,71,198,71,86,0,2,8
578,Billiards,Billiards/v_Billiards_g15_c06.avi,298,240,320,center_stride,85,212,85,100,0,14,4
579,Billiards,Billiards/v_Billiards_g15_c07.avi,334,240,320,center_stride,103,230,151,166,3,10,2
580,Billiards,Billiards/v_Billiards_g16_c01.avi,238,240,320,center_stride,55,182,119,134,4,5,3
581,Billiards,Billiards/v_Billiards_g17_c02.avi,274,240,320,center_stride,73,200,137,152,4,9,7
582,Billiards,Billiards/v_Billiards_g17_c03.avi,402,240,320,center_stride,137,264,153,168,1,10,10
583,Billiards,Billiards/v_Billiards_g18_c04.avi,217,240,320,center_stride,44,171,156,171,7,11,10
584,Billiards,Billiards/v_Billiards_g18_c07.avi,260,240,320,center_stride,66,193,98,113,2,7,12
585,Billiards,Billiards/v_Billiards_g19_c01.avi,288,240,320,center_stride,80,207,160,175,5,12,11
586,Billiards,Billiards/v_Billiards_g19_c02.avi,312,240,320,center_stride,92,219,188,203,6,5,3
587,Billiards,Billiards/v_Billiards_g19_c06.avi,249,240,320,center_stride,60,187,60,75,0,14,0
588,Billiards,Billiards/v_Billiards_g20_c01.avi,293,240,320,center_stride,82,209,178,193,6,10,4
589,Billiards,Billiards/v_Billiards_g21_c05.avi,362,240,320,center_stride,117,244,229,244,7,12,14
590,Billiards,Billiards/v_Billiards_g21_c07.avi,231,240,320,center_stride,51,178,131,146,5,14,6
591,Billiards,Billiards/v_Billiards_g22_c02.avi,166,240,320,center_stride,19,146,51,66,2,3,7
592,Billiards,Billiards/v_Billiards_g22_c03.avi,294,240,320,center_stride,83,210,99,114,1,12,11
593,Billiards,Billiards/v_Billiards_g23_c01.avi,309,240,320,center_stride,90,217,90,105,0,6,2
594,Billiards,Billiards/v_Billiards_g23_c02.avi,319,240,320,center_stride,95,222,111,126,1,10,9
595,Billiards,Billiards/v_Billiards_g24_c04.avi,318,240,320,center_stride,95,222,191,206,6,2,15
596,Billiards,Billiards/v_Billiards_g24_c06.avi,279,240,320,center_stride,75,202,187,202,7,0,8
597,Billiards,Billiards/v_Billiards_g25_c01.avi,192,240,320,center_stride,32,159,144,159,7,4,1
598,Billiards,Billiards/v_Billiards_g25_c05.avi,297,240,320,center_stride,84,211,148,163,4,15,7
599,Billiards,Billiards/v_Billiards_g25_c06.avi,307,240,320,center_stride,89,216,169,184,5,7,0
600,BlowDryHair,BlowDryHair/v_BlowDryHair_g01_c02.avi,219,240,320,center_stride,45,172,45,60,0,8,5
601,BlowDryHair,BlowDryHair/v_BlowDryHair_g02_c01.avi,128,240,320,center_stride,0,127,80,95,5,12,1
602,BlowDryHair,BlowDryHair/v_BlowDryHair_g02_c03.avi,190,240,320,center_stride,31,158,143,158,7,15,4
603,BlowDryHair,BlowDryHair/v_BlowDryHair_g02_c05.avi,237,240,320,center_stride,54,181,134,149,5,9,3
604,BlowDryHair,BlowDryHair/v_BlowDryHair_g03_c01.avi,237,240,320,center_stride,54,181,86,101,2,8,9
605,BlowDryHair,BlowDryHair/v_BlowDryHair_g03_c02.avi,242,240,320,center_stride,57,184,105,120,3,12,8
606,BlowDryHair,BlowDryHair/v_BlowDryHair_g03_c03.avi,134,240,320,center_stride,3,130,99,114,6,0,6
607,BlowDryHair,BlowDryHair/v_BlowDryHair_g03_c04.avi,190,240,320,center_stride,31,158,47,62,1,8,0
608,BlowDryHair,BlowDryHair/v_BlowDryHair_g03_c05.avi,119,240,320,uniform_fallback,0,118,0,14,0,5,4
609,BlowDryHair,BlowDryHair/v_BlowDryHair_g04_c01.avi,343,240,320,center_stride,107,234,123,138,1,4,11
610,BlowDryHair,BlowDryHair/v_BlowDryHair_g04_c04.avi,171,240,320,center_stride,21,148,101,116,5,6,11
611,BlowDryHair,BlowDryHair/v_BlowDryHair_g05_c01.avi,138,240,320,center_stride,5,132,69,84,4,3,9
612,BlowDryHair,BlowDryHair/v_BlowDryHair_g05_c04.avi,87,240,320,uniform_fallback,0,86,11,21,1,4,2
613,BlowDryHair,BlowDryHair/v_BlowDryHair_g06_c04.avi,172,240,320,center_stride,22,149,134,149,7,11,2
614,BlowDryHair,BlowDryHair/v_BlowDryHair_g06_c05.avi,223,240,320,center_stride,47,174,127,142,5,14,4
615,BlowDryHair,BlowDryHair/v_BlowDryHair_g07_c04.avi,78,240,320,uniform_fallback,0,77,10,19,1,10,6
616,BlowDryHair,BlowDryHair/v_BlowDryHair_g07_c05.avi,80,240,320,uniform_fallback,0,79,30,39,3,4,8
617,BlowDryHair,BlowDryHair/v_BlowDryHair_g08_c05.avi,442,240,320,center_stride,157,284,173,188,1,5,13
618,BlowDryHair,BlowDryHair/v_BlowDryHair_g09_c02.avi,569,240,320,center_stride,220,347,332,347,7,8,1
619,BlowDryHair,BlowDryHair/v_BlowDryHair_g09_c04.avi,567,240,320,center_stride,219,346,235,250,1,3,8
620,BlowDryHair,BlowDryHair/v_BlowDryHair_g10_c02.avi,328,240,320,center_stride,100,227,100,115,0,15,13
621,BlowDryHair,BlowDryHair/v_BlowDryHair_g10_c04.avi,294,240,320,center_stride,83,210,115,130,2,2,8
622,BlowDryHair,BlowDryHair/v_BlowDryHair_g10_c05.avi,187,240,320,center_stride,29,156,61,76,2,15,1
623,BlowDryHair,BlowDryHair/v_BlowDryHair_g10_c07.avi,177,240,320,center_stride,24,151,120,135,6,9,12
624,BlowDryHair,BlowDryHair/v_BlowDryHair_g11_c02.avi,443,240,320,center_stride,157,284,205,220,3,4,15
625,BlowDryHair,BlowDryHair/v_BlowDryHair_g11_c06.avi,440,240,320,center_stride,156,283,268,283,7,11,9
626,BlowDryHair,BlowDryHair/v_BlowDryHair_g12_c03.avi,515,240,320,center_stride,193,320,289,304,6,2,12
627,BlowDryHair,BlowDryHair/v_BlowDryHair_g12_c05.avi,322,240,320,center_stride,97,224,113,128,1,0,2
628,BlowDryHair,BlowDryHair/v_BlowDryHair_g13_c03.avi,231,240,320,center_stride,51,178,99,114,3,13,12
629,BlowDryHair,BlowDryHair/v_BlowDryHair_g14_c02.avi,242,240,320,center_stride,57,184,137,152,5,12,9
630,BlowDryHair,BlowDryHair/v_BlowDryHair_g15_c01.avi,97,240,320,uniform_fallback,0,96,73,84,6,10,10
631,BlowDryHair,BlowDryHair/v_BlowDryHair_g15_c03.avi,76,240,320,uniform_fallback,0,75,28,37,3,8,14
632,BlowDryHair,BlowDryHair/v_BlowDryHair_g15_c04.avi,73,240,320,uniform_fallback,0,72,54,63,6,13,2
633,BlowDryHair,BlowDryHair/v_BlowDryHair_g16_c01.avi,119,240,320,uniform_fallback,0,118,104,118,7,5,6
634,BlowDryHair,BlowDryHair/v_BlowDryHair_g16_c02.avi,123,240,320,uniform_fallback,0,122,108,122,7,15,1
635,BlowDryHair,BlowDryHair/v_BlowDryHair_g16_c03.avi,121,240,320,uniform_fallback,0,120,76,90,5,10,3
636,BlowDryHair,BlowDryHair/v_BlowDryHair_g18_c01.avi,294,240,320,center_stride,83,210,99,114,1,12,15
637,BlowDryHair,BlowDryHair/v_BlowDryHair_g18_c03.avi,229,240,320,center_stride,50,177,130,145,5,2,11
638,BlowDryHair,BlowDryHair/v_BlowDryHair_g18_c04.avi,283,240,320,center_stride,77,204,125,140,3,12,10
639,BlowDryHair,BlowDryHair/v_BlowDryHair_g19_c01.avi,205,240,320,center_stride,38,165,86,101,3,5,3
640,BlowDryHair,BlowDryHair/v_BlowDryHair_g20_c04.avi,103,240,320,uniform_fallback,0,102,77,89,6,12,7
641,BlowDryHair,BlowDryHair/v_BlowDryHair_g20_c05.avi,192,240,320,center_stride,32,159,32,47,0,11,9
642,BlowDryHair,BlowDryHair/v_BlowDryHair_g21_c01.avi,197,240,320,center_stride,34,161,130,145,6,4,2
643,BlowDryHair,BlowDryHair/v_BlowDryHair_g21_c03.avi,158,240,320,center_stride,15,142,95,110,5,12,11
644,BlowDryHair,BlowDryHair/v_BlowDryHair_g21_c04.avi,130,240,320,center_stride,1,128,17,32,1,12,4
645,BlowDryHair,BlowDryHair/v_BlowDryHair_g22_c02.avi,123,240,320,uniform_fallback,0,122,108,122,7,8,9
646,BlowDryHair,BlowDryHair/v_BlowDryHair_g22_c03.avi,164,240,320,center_stride,18,145,50,65,2,7,5
647,BlowDryHair,BlowDryHair/v_BlowDryHair_g23_c03.avi,155,240,320,center_stride,13,140,125,140,7,2,11
648,BlowDryHair,BlowDryHair/v_BlowDryHair_g24_c03.avi,100,240,320,uniform_fallback,0,99,37,49,3,6,10
649,BlowDryHair,BlowDryHair/v_BlowDryHair_g25_c02.avi,125,240,320,uniform_fallback,0,124,94,108,6,11,5
650,BlowingCandles,BlowingCandles/v_BlowingCandles_g01_c01.avi,60,240,320,uniform_fallback,0,59,45,52,6,15,11
651,BlowingCandles,BlowingCandles/v_BlowingCandles_g01_c02.avi,75,240,320,uniform_fallback,0,74,28,37,3,11,5
652,BlowingCandles,BlowingCandles/v_BlowingCandles_g01_c03.avi,125,240,320,uniform_fallback,0,124,109,124,7,14,10
653,BlowingCandles,BlowingCandles/v_BlowingCandles_g02_c01.avi,75,240,320,uniform_fallback,0,74,65,74,7,0,10
654,BlowingCandles,BlowingCandles/v_BlowingCandles_g03_c02.avi,52,240,320,uniform_fallback,0,51,45,51,7,0,10
655,BlowingCandles,BlowingCandles/v_BlowingCandles_g04_c01.avi,145,240,320,center_stride,8,135,104,119,6,1,12
656,BlowingCandles,BlowingCandles/v_BlowingCandles_g04_c02.avi,93,240,320,uniform_fallback,0,92,70,80,6,10,2
657,BlowingCandles,BlowingCandles/v_BlowingCandles_g04_c03.avi,56,240,320,uniform_fallback,0,55,0,6,0,8,9
658,BlowingCandles,BlowingCandles/v_BlowingCandles_g04_c04.avi,101,240,320,uniform_fallback,0,100,88,100,7,11,3
659,BlowingCandles,BlowingCandles/v_BlowingCandles_g05_c01.avi,93,240,320,uniform_fallback,0,92,0,11,0,6,1
660,BlowingCandles,BlowingCandles/v_BlowingCandles_g05_c02.avi,75,240,320,uniform_fallback,0,74,19,27,2,2,5
661,BlowingCandles,BlowingCandles/v_BlowingCandles_g05_c05.avi,96,240,320,uniform_fallback,0,95,12,23,1,8,6
662,BlowingCandles,BlowingCandles/v_BlowingCandles_g06_c04.avi,115,240,320,uniform_fallback,0,114,72,85,5,14,4
663,BlowingCandles,BlowingCandles/v_BlowingCandles_g06_c07.avi,134,240,320,center_stride,3,130,99,114,6,3,9
664,BlowingCandles,BlowingCandles/v_BlowingCandles_g07_c01.avi,50,240,320,uniform_fallback,0,49,25,30,4,0,10
665,BlowingCandles,BlowingCandles/v_BlowingCandles_g07_c04.avi,75,240,320,uniform_fallback,0,74,28,37,3,3,1
666,BlowingCandles,BlowingCandles/v_BlowingCandles_g08_c02.avi,85,240,320,uniform_fallback,0,84,53,63,5,3,2
667,BlowingCandles,BlowingCandles/v_BlowingCandles_g09_c03.avi,92,240,320,uniform_fallback,0,91,11,22,1,0,10
668,BlowingCandles,BlowingCandles/v_BlowingCandles_g09_c04.avi,176,240,320,center_stride,24,151,24,39,0,1,8
669,BlowingCandles,BlowingCandles/v_BlowingCandles_g10_c01.avi,81,240,320,uniform_fallback,0,80,60,70,6,14,6
670,BlowingCandles,BlowingCandles/v_BlowingCandles_g10_c03.avi,83,240,320,uniform_fallback,0,82,72,82,7,0,7
671,BlowingCandles,BlowingCandles/v_BlowingCandles_g11_c01.avi,71,240,320,uniform_fallback,0,70,62,70,7,5,0
672,BlowingCandles,BlowingCandles/v_BlowingCandles_g11_c03.avi,75,240,320,uniform_fallback,0,74,9,18,1,12,5
673,BlowingCandles,BlowingCandles/v_BlowingCandles_g11_c04.avi,135,240,320,center_stride,3,130,3,18,0,9,3
674,BlowingCandles,BlowingCandles/v_BlowingCandles_g12_c05.avi,96,240,320,uniform_fallback,0,95,0,11,0,4,0
675,BlowingCandles,BlowingCandles/v_BlowingCandles_g13_c04.avi,206,240,320,center_stride,39,166,55,70,1,9,1
676,BlowingCandles,BlowingCandles/v_BlowingCandles_g14_c02.avi,128,240,320,center_stride,0,127,64,79,4,11,1
677,BlowingCandles,BlowingCandles/v_BlowingCandles_g14_c03.avi,150,240,320,center_stride,11,138,91,106,5,5,5
678,BlowingCandles,BlowingCandles/v_BlowingCandles_g14_c04.avi,153,240,320,center_stride,12,139,76,91,4,8,12
679,BlowingCandles,BlowingCandles/v_BlowingCandles_g15_c01.avi,137,240,320,center_stride,4,131,36,51,2,8,8
680,BlowingCandles,BlowingCandles/v_BlowingCandles_g15_c04.avi,75,240,320,uniform_fallback,0,74,37,46,4,6,15
681,BlowingCandles,BlowingCandles/v_BlowingCandles_g16_c02.avi,69,240,320,uniform_fallback,0,68,34,42,4,8,13
682,BlowingCandles,BlowingCandles/v_BlowingCandles_g17_c01.avi,68,240,320,uniform_fallback,0,67,34,42,4,6,8
683,BlowingCandles,BlowingCandles/v_BlowingCandles_g17_c02.avi,167,240,320,center_stride,19,146,67,82,3,12,13
684,BlowingCandles,BlowingCandles/v_BlowingCandles_g17_c04.avi,279,240,320,center_stride,75,202,139,154,4,9,12
685,BlowingCandles,BlowingCandles/v_BlowingCandles_g18_c01.avi,101,240,320,uniform_fallback,0,100,88,100,7,8,2
686,BlowingCandles,BlowingCandles/v_BlowingCandles_g19_c01.avi,104,240,320,uniform_fallback,0,103,52,64,4,9,6
687,BlowingCandles,BlowingCandles/v_BlowingCandles_g19_c02.avi,52,240,320,uniform_fallback,0,51,26,32,4,4,2
688,BlowingCandles,BlowingCandles/v_BlowingCandles_g19_c03.avi,115,240,320,uniform_fallback,0,114,86,100,6,12,7
689,BlowingCandles,BlowingCandles/v_BlowingCandles_g20_c02.avi,60,240,320,uniform_fallback,0,59,7,14,1,7,12
690,BlowingCandles,BlowingCandles/v_BlowingCandles_g20_c03.avi,113,240,320,uniform_fallback,0,112,85,98,6,12,3
691,BlowingCandles,BlowingCandles/v_BlowingCandles_g21_c01.avi,68,240,320,uniform_fallback,0,67,17,25,2,5,2
692,BlowingCandles,BlowingCandles/v_BlowingCandles_g22_c01.avi,135,240,320,center_stride,3,130,19,34,1,4,12
693,BlowingCandles,BlowingCandles/v_BlowingCandles_g22_c02.avi,66,240,320,uniform_fallback,0,65,8,16,1,6,0
694,BlowingCandles,BlowingCandles/v_BlowingCandles_g22_c03.avi,50,240,320,uniform_fallback,0,49,12,18,2,8,4
695,BlowingCandles,BlowingCandles/v_BlowingCandles_g23_c01.avi,56,240,320,uniform_fallback,0,55,42,48,6,2,3
696,BlowingCandles,BlowingCandles/v_BlowingCandles_g23_c03.avi,50,240,320,uniform_fallback,0,49,25,30,4,5,11
697,BlowingCandles,BlowingCandles/v_BlowingCandles_g24_c03.avi,130,240,320,center_stride,1,128,97,112,6,13,13
698,BlowingCandles,BlowingCandles/v_BlowingCandles_g25_c02.avi,175,240,320,center_stride,23,150,23,38,0,2,6
699,BlowingCandles,BlowingCandles/v_BlowingCandles_g25_c05.avi,56,240,320,uniform_fallback,0,55,21,27,3,8,0
700,BodyWeightSquats,BodyWeightSquats/v_BodyWeightSquats_g01_c01.avi,267,240,320,center_stride,69,196,101,116,2,7,10
701,BodyWeightSquats,BodyWeightSquats/v_BodyWeightSquats_g01_c02.avi,252,240,320,center_stride,62,189,94,109,2,10,7
702,BodyWeightSquats,BodyWeightSquats/v_BodyWeightSquats_g01_c04.avi,174,240,320,center_stride,23,150,39,54,1,12,0
703,BodyWeightSquats,BodyWeightSquats/v_BodyWeightSquats_g02_c01.avi,102,240,320,uniform_fallback,0,101,51,63,4,1,15
704,BodyWeightSquats,BodyWeightSquats/v_BodyWeightSquats_g02_c02.avi,57,240,320,uniform_fallback,0,56,49,56,7,5,12
705,BodyWeightSquats,BodyWeightSquats/v_BodyWeightSquats_g02_c03.avi,117,240,320,uniform_fallback,0,116,88,101,6,6,3
706,BodyWeightSquats,BodyWeightSquats/v_BodyWeightSquats_g03_c01.avi,132,240,320,center_stride,2,129,98,113,6,8,10
707,BodyWeightSquats,BodyWeightSquats/v_BodyWeightSquats_g04_c01.avi,130,240,320,center_stride,1,128,81,96,5,1,10
708,BodyWeightSquats,BodyWeightSquats/v_BodyWeightSquats_g04_c03.avi,88,240,320,uniform_fallback,0,87,11,21,1,4,13
709,BodyWeightSquats,BodyWeightSquats/v_BodyWeightSquats_g04_c04.avi,63,240,320,uniform_fallback,0,62,8,15,1,13,0
710,BodyWeightSquats,BodyWeightSquats/v_BodyWeightSquats_g05_c01.avi,71,240,320,uniform_fallback,0,70,44,52,5,13,2
711,BodyWeightSquats,BodyWeightSquats/v_BodyWeightSquats_g06_c03.avi,152,240,320,center_stride,12,139,124,139,7,12,11
712,BodyWeightSquats,BodyWeightSquats/v_BodyWeightSquats_g07_c03.avi,83,240,320,uniform_fallback,0,82,72,82,7,7,13
713,BodyWeightSquats,BodyWeightSquats/v_BodyWeightSquats_g08_c02.avi,106,240,320,uniform_fallback,0,105,26,39,2,0,12
714,BodyWeightSquats,BodyWeightSquats/v_BodyWeightSquats_g08_c04.avi,104,240,320,uniform_fallback,0,103,39,51,3,9,1
715,BodyWeightSquats,BodyWeightSquats/v_BodyWeightSquats_g09_c03.avi,115,240,320,uniform_fallback,0,114,0,13,0,0,14
716,BodyWeightSquats,BodyWeightSquats/v_BodyWeightSquats_g09_c04.avi,123,240,320,uniform_fallback,0,122,77,91,5,0,6
717,BodyWeightSquats,BodyWeightSquats/v_BodyWeightSquats_g09_c06.avi,260,240,320,center_stride,66,193,178,193,7,13,11
718,BodyWeightSquats,BodyWeightSquats/v_BodyWeightSquats_g10_c02.avi,160,240,320,center_stride,16,143,64,79,3,5,7
719,BodyWeightSquats,BodyWeightSquats/v_BodyWeightSquats_g10_c05.avi,158,240,320,center_stride,15,142,15,30,0,7,5
720,BodyWeightSquats,BodyWeightSquats/v_BodyWeightSquats_g11_c02.avi,95,240,320,uniform_fallback,0,94,0,11,0,9,5
721,BodyWeightSquats,BodyWeightSquats/v_BodyWeightSquats_g11_c03.avi,86,240,320,uniform_fallback,0,85,21,31,2,4,6
722,BodyWeightSquats,BodyWeightSquats/v_BodyWeightSquats_g12_c02.avi,143,240,320,center_stride,7,134,23,38,1,10,14
723,BodyWeightSquats,BodyWeightSquats/v_BodyWeightSquats_g13_c01.avi,112,240,320,uniform_fallback,0,111,70,83,5,5,1
724,BodyWeightSquats,BodyWeightSquats/v_BodyWeightSquats_g13_c03.avi,115,240,320,uniform_fallback,0,114,0,13,0,9,11
725,BodyWeightSquats,BodyWeightSquats/v_BodyWeightSquats_g13_c04.avi,75,240,320,uniform_fallback,0,74,37,46,4,1,3
726,BodyWeightSquats,BodyWeightSquats/v_BodyWeightSquats_g14_c02.avi,114,240,320,uniform_fallback,0,113,71,85,5,1,10
727,BodyWeightSquats,BodyWeightSquats/v_BodyWeightSquats_g15_c02.avi,122,240,320,uniform_fallback,0,121,30,45,2,3,2
728,BodyWeightSquats,BodyWeightSquats/v_BodyWeightSquats_g16_c04.avi,77,240,320,uniform_fallback,0,76,38,47,4,7,9
729,BodyWeightSquats,BodyWeightSquats/v_BodyWeightSquats_g17_c01.avi,180,240,320,center_stride,26,153,90,105,4,8,12
730,BodyWeightSquats,BodyWeightSquats/v_BodyWeightSquats_g17_c02.avi,174,240,320,center_stride,23,150,135,150,7,1,12
731,BodyWeightSquats,BodyWeightSquats/v_BodyWeightSquats_g17_c03.avi,170,240,320,center_stride,21,148,21,36,0,12,3
732,BodyWeightSquats,BodyWeightSquats/v_BodyWeightSquats_g17_c04.avi,144,240,320,center_stride,8,135,88,103,5,7,12
733,BodyWeightSquats,BodyWeightSquats/v_BodyWeightSquats_g18_c02.avi,214,240,320,center_stride,43,170,139,154,6,7,1
734,BodyWeightSquats,BodyWeightSquats/v_BodyWeightSquats_g19_c03.avi,144,240,320,center_stride,8,135,104,119,6,7,12
735,BodyWeightSquats,BodyWeightSquats/v_BodyWeightSquats_g20_c01.avi,100,240,320,uniform_fallback,0,99,62,74,5,13,7
736,BodyWeightSquats,BodyWeightSquats/v_BodyWeightSquats_g20_c02.avi,174,240,320,center_stride,23,150,39,54,1,1,12
737,BodyWeightSquats,BodyWeightSquats/v_BodyWeightSquats_g20_c03.avi,94,240,320,uniform_fallback,0,93,35,46,3,15,1
738,BodyWeightSquats,BodyWeightSquats/v_BodyWeightSquats_g21_c01.avi,51,240,320,uniform_fallback,0,50,31,37,5,7,15
739,BodyWeightSquats,BodyWeightSquats/v_BodyWeightSquats_g21_c02.avi,64,240,320,uniform_fallback,0,63,48,55,6,4,4
740,BodyWeightSquats,BodyWeightSquats/v_BodyWeightSquats_g22_c03.avi,138,240,320,center_stride,5,132,101,116,6,1,0
741,BodyWeightSquats,BodyWeightSquats/v_BodyWeightSquats_g23_c01.avi,52,240,320,uniform_fallback,0,51,0,6,0,4,6
742,BodyWeightSquats,BodyWeightSquats/v_BodyWeightSquats_g23_c02.avi,76,240,320,uniform_fallback,0,75,47,56,5,11,15
743,BodyWeightSquats,BodyWeightSquats/v_BodyWeightSquats_g23_c03.avi,73,240,320,uniform_fallback,0,72,63,72,7,5,7
744,BodyWeightSquats,BodyWeightSquats/v_BodyWeightSquats_g24_c01.avi,230,240,320,center_stride,51,178,115,130,4,4,11
745,BodyWeightSquats,BodyWeightSquats/v_BodyWeightSquats_g24_c03.avi,236,240,320,center_stride,54,181,134,149,5,7,9
746,BodyWeightSquats,BodyWeightSquats/v_BodyWeightSquats_g24_c05.avi,78,240,320,uniform_fallback,0,77,39,48,4,8,1
747,BodyWeightSquats,BodyWeightSquats/v_BodyWeightSquats_g25_c01.avi,103,240,320,uniform_fallback,0,102,13,25,1,0,4
748,BodyWeightSquats,BodyWeightSquats/v_BodyWeightSquats_g25_c03.avi,116,240,320,uniform_fallback,0,115,43,57,3,3,12
749,BodyWeightSquats,BodyWeightSquats/v_BodyWeightSquats_g25_c04.avi,108,240,320,uniform_fallback,0,107,40,53,3,7,2
750,Bowling,Bowling/v_Bowling_g01_c02.avi,125,240,320,uniform_fallback,0,124,16,30,1,1,6
751,Bowling,Bowling/v_Bowling_g01_c04.avi,155,240,320,center_stride,13,140,45,60,2,13,3
752,Bowling,Bowling/v_Bowling_g02_c02.avi,148,240,320,center_stride,10,137,10,25,0,1,9
753,Bowling,Bowling/v_Bowling_g03_c02.avi,139,240,320,center_stride,5,132,117,132,7,2,1
754,Bowling,Bowling/v_Bowling_g03_c04.avi,139,240,320,center_stride,5,132,117,132,7,1,7
755,Bowling,Bowling/v_Bowling_g05_c05.avi,118,240,320,uniform_fallback,0,117,88,102,6,2,9
756,Bowling,Bowling/v_Bowling_g06_c01.avi,138,240,320,center_stride,5,132,5,20,0,1,6
757,Bowling,Bowling/v_Bowling_g06_c02.avi,132,240,320,center_stride,2,129,66,81,4,15,15
758,Bowling,Bowling/v_Bowling_g06_c05.avi,130,240,320,center_stride,1,128,65,80,4,14,2
759,Bowling,Bowling/v_Bowling_g06_c07.avi,139,240,320,center_stride,5,132,101,116,6,4,6
760,Bowling,Bowling/v_Bowling_g07_c02.avi,100,240,320,uniform_fallback,0,99,75,87,6,10,7
761,Bowling,Bowling/v_Bowling_g07_c03.avi,150,240,320,center_stride,11,138,11,26,0,11,4
762,Bowling,Bowling/v_Bowling_g07_c04.avi,125,240,320,uniform_fallback,0,124,16,30,1,14,0
763,Bowling,Bowling/v_Bowling_g07_c06.avi,121,240,320,uniform_fallback,0,120,30,44,2,3,1
764,Bowling,Bowling/v_Bowling_g08_c03.avi,100,240,320,uniform_fallback,0,99,75,87,6,1,15
765,Bowling,Bowling/v_Bowling_g08_c04.avi,130,240,320,center_stride,1,128,17,32,1,9,0
766,Bowling,Bowling/v_Bowling_g09_c02.avi,135,240,320,center_stride,3,130,19,34,1,0,1
767,Bowling,Bowling/v_Bowling_g09_c03.avi,118,240,320,uniform_fallback,0,117,0,14,0,10,1
768,Bowling,Bowling/v_Bowling_g09_c07.avi,122,240,320,uniform_fallback,0,121,0,14,0,3,14
769,Bowling,Bowling/v_Bowling_g10_c02.avi,130,240,320,center_stride,1,128,97,112,6,8,8
770,Bowling,Bowling/v_Bowling_g10_c05.avi,135,240,320,center_stride,3,130,3,18,0,8,4
771,Bowling,Bowling/v_Bowling_g10_c06.avi,125,240,320,uniform_fallback,0,124,31,46,2,5,1
772,Bowling,Bowling/v_Bowling_g11_c03.avi,62,240,320,uniform_fallback,0,61,8,15,1,13,0
773,Bowling,Bowling/v_Bowling_g11_c04.avi,150,240,320,center_stride,11,138,123,138,7,12,14
774,Bowling,Bowling/v_Bowling_g11_c05.avi,174,240,320,center_stride,23,150,55,70,2,8,13
775,Bowling,Bowling/v_Bowling_g13_c02.avi,128,240,320,center_stride,0,127,64,79,4,8,1
776,Bowling,Bowling/v_Bowling_g13_c03.avi,119,240,320,uniform_fallback,0,118,0,14,0,9,13
777,Bowling,Bowling/v_Bowling_g13_c06.avi,141,240,320,center_stride,6,133,86,101,5,2,6
778,Bowling,Bowling/v_Bowling_g14_c01.avi,127,240,320,uniform_fallback,0,126,111,126,7,10,8
779,Bowling,Bowling/v_Bowling_g15_c02.avi,83,240,320,uniform_fallback,0,82,62,72,6,15,1
780,Bowling,Bowling/v_Bowling_g15_c04.avi,87,240,320,uniform_fallback,0,86,43,53,4,3,15
781,Bowling,Bowling/v_Bowling_g16_c04.avi,115,240,320,uniform_fallback,0,114,57,71,4,5,6
782,Bowling,Bowling/v_Bowling_g17_c05.avi,127,240,320,uniform_fallback,0,126,63,78,4,12,12
783,Bowling,Bowling/v_Bowling_g17_c06.avi,127,240,320,uniform_fallback,0,126,16,31,1,12,15
784,Bowling,Bowling/v_Bowling_g17_c07.avi,149,240,320,center_stride,10,137,42,57,2,8,8
785,Bowling,Bowling/v_Bowling_g18_c01.avi,160,240,320,center_stride,16,143,32,47,1,7,8
786,Bowling,Bowling/v_Bowling_g19_c01.avi,118,240,320,uniform_fallback,0,117,88,102,6,4,4
787,Bowling,Bowling/v_Bowling_g19_c02.avi,113,240,320,uniform_fallback,0,112,14,27,1,15,15
788,Bowling,Bowling/v_Bowling_g19_c03.avi,90,240,320,uniform_fallback,0,89,34,44,3,4,6
789,Bowling,Bowling/v_Bowling_g19_c07.avi,105,240,320,uniform_fallback,0,104,0,12,0,11,7
790,Bowling,Bowling/v_Bowling_g20_c04.avi,126,240,320,uniform_fallback,0,125,110,125,7,12,4
791,Bowling,Bowling/v_Bowling_g20_c07.avi,125,240,320,uniform_fallback,0,124,109,124,7,10,8
792,Bowling,Bowling/v_Bowling_g21_c01.avi,130,240,320,center_stride,1,128,81,96,5,13,11
793,Bowling,Bowling/v_Bowling_g21_c03.avi,180,240,320,center_stride,26,153,74,89,3,1,4
794,Bowling,Bowling/v_Bowling_g21_c04.avi,149,240,320,center_stride,10,137,10,25,0,8,1
795,Bowling,Bowling/v_Bowling_g22_c04.avi,126,240,320,uniform_fallback,0,125,0,15,0,9,9
796,Bowling,Bowling/v_Bowling_g22_c06.avi,135,240,320,center_stride,3,130,19,34,1,6,1
797,Bowling,Bowling/v_Bowling_g22_c07.avi,136,240,320,center_stride,4,131,84,99,5,12,11
798,Bowling,Bowling/v_Bowling_g23_c02.avi,133,240,320,center_stride,2,129,66,81,4,11,3
799,Bowling,Bowling/v_Bowling_g24_c04.avi,50,240,320,uniform_fallback,0,49,6,12,1,11,1
800,BoxingPunchingBag,BoxingPunchingBag/v_BoxingPunchingBag_g01_c04.avi,169,240,320,center_stride,20,147,68,83,3,11,0
801,BoxingPunchingBag,BoxingPunchingBag/v_BoxingPunchingBag_g01_c06.avi,164,240,320,center_stride,18,145,18,33,0,8,8
802,BoxingPunchingBag,BoxingPunchingBag/v_BoxingPunchingBag_g02_c03.avi,229,240,320,center_stride,50,177,114,129,4,8,7
803,BoxingPunchingBag,BoxingPunchingBag/v_BoxingPunchingBag_g03_c06.avi,140,240,320,center_stride,6,133,22,37,1,3,11
804,BoxingPunchingBag,BoxingPunchingBag/v_BoxingPunchingBag_g04_c07.avi,226,240,320,center_stride,49,176,97,112,3,11,8
805,BoxingPunchingBag,BoxingPunchingBag/v_BoxingPunchingBag_g05_c01.avi,296,240,320,center_stride,84,211,196,211,7,15,4
806,BoxingPunchingBag,BoxingPunchingBag/v_BoxingPunchingBag_g05_c07.avi,200,240,320,center_stride,36,163,116,131,5,3,1
807,BoxingPunchingBag,BoxingPunchingBag/v_BoxingPunchingBag_g06_c03.avi,131,240,320,center_stride,1,128,1,16,0,15,14
808,BoxingPunchingBag,BoxingPunchingBag/v_BoxingPunchingBag_g07_c02.avi,275,240,320,center_stride,73,200,153,168,5,8,1
809,BoxingPunchingBag,BoxingPunchingBag/v_BoxingPunchingBag_g07_c04.avi,285,240,320,center_stride,78,205,110,125,2,14,0
810,BoxingPunchingBag,BoxingPunchingBag/v_BoxingPunchingBag_g08_c06.avi,492,240,320,center_stride,182,309,262,277,5,8,3
811,BoxingPunchingBag,BoxingPunchingBag/v_BoxingPunchingBag_g09_c01.avi,145,240,320,center_stride,8,135,8,23,0,0,12
812,BoxingPunchingBag,BoxingPunchingBag/v_BoxingPunchingBag_g09_c03.avi,147,240,320,center_stride,9,136,9,24,0,5,13
813,BoxingPunchingBag,BoxingPunchingBag/v_BoxingPunchingBag_g09_c05.avi,217,240,320,center_stride,44,171,60,75,1,6,13
814,BoxingPunchingBag,BoxingPunchingBag/v_BoxingPunchingBag_g10_c01.avi,101,240,320,uniform_fallback,0,100,50,62,4,3,0
815,BoxingPunchingBag,BoxingPunchingBag/v_BoxingPunchingBag_g10_c02.avi,101,240,320,uniform_fallback,0,100,63,75,5,14,14
816,BoxingPunchingBag,BoxingPunchingBag/v_BoxingPunchingBag_g10_c03.avi,119,240,320,uniform_fallback,0,118,104,118,7,8,15
817,BoxingPunchingBag,BoxingPunchingBag/v_BoxingPunchingBag_g12_c02.avi,137,240,320,center_stride,4,131,4,19,0,8,13
818,BoxingPunchingBag,BoxingPunchingBag/v_BoxingPunchingBag_g12_c05.avi,232,240,320,center_stride,52,179,84,99,2,7,4
819,BoxingPunchingBag,BoxingPunchingBag/v_BoxingPunchingBag_g12_c06.avi,242,240,320,center_stride,57,184,89,104,2,0,0
820,BoxingPunchingBag,BoxingPunchingBag/v_BoxingPunchingBag_g13_c01.avi,113,240,320,uniform_fallback,0,112,42,56,3,15,10
821,BoxingPunchingBag,BoxingPunchingBag/v_BoxingPunchingBag_g14_c02.avi,105,240,320,uniform_fallback,0,104,0,12,0,1,2
822,BoxingPunchingBag,BoxingPunchingBag/v_BoxingPunchingBag_g14_c06.avi,235,240,320,center_stride,53,180,85,100,2,7,0
823,BoxingPunchingBag,BoxingPunchingBag/v_BoxingPunchingBag_g15_c03.avi,169,240,320,center_stride,20,147,84,99,4,8,12
824,BoxingPunchingBag,BoxingPunchingBag/v_BoxingPunchingBag_g15_c05.avi,200,240,320,center_stride,36,163,84,99,3,11,1
825,BoxingPunchingBag,BoxingPunchingBag/v_BoxingPunchingBag_g15_c07.avi,167,240,320,center_stride,19,146,35,50,1,5,9
826,BoxingPunchingBag,BoxingPunchingBag/v_BoxingPunchingBag_g16_c01.avi,200,240,320,center_stride,36,163,148,163,7,15,4
827,BoxingPunchingBag,BoxingPunchingBag/v_BoxingPunchingBag_g16_c02.avi,122,240,320,uniform_fallback,0,121,61,75,4,10,2
828,BoxingPunchingBag,BoxingPunchingBag/v_BoxingPunchingBag_g16_c03.avi,173,240,320,center_stride,22,149,54,69,2,9,9
829,BoxingPunchingBag,BoxingPunchingBag/v_BoxingPunchingBag_g16_c05.avi,101,240,320,uniform_fallback,0,100,88,100,7,8,10
830,BoxingPunchingBag,BoxingPunchingBag/v_BoxingPunchingBag_g18_c02.avi,198,240,320,center_stride,35,162,51,66,1,15,9
831,BoxingPunchingBag,BoxingPunchingBag/v_BoxingPunchingBag_g18_c03.avi,206,240,320,center_stride,39,166,119,134,5,7,1
832,BoxingPunchingBag,BoxingPunchingBag/v_BoxingPunchingBag_g18_c06.avi,173,240,320,center_stride,22,149,54,69,2,11,0
833,BoxingPunchingBag,BoxingPunchingBag/v_BoxingPunchingBag_g19_c02.avi,104,240,320,uniform_fallback,0,103,78,90,6,11,8
834,BoxingPunchingBag,BoxingPunchingBag/v_BoxingPunchingBag_g20_c02.avi,173,240,320,center_stride,22,149,102,117,5,10,1
835,BoxingPunchingBag,BoxingPunchingBag/v_BoxingPunchingBag_g20_c03.avi,216,240,320,center_stride,44,171,156,171,7,7,6
836,BoxingPunchingBag,BoxingPunchingBag/v_BoxingPunchingBag_g21_c06.avi,171,240,320,center_stride,21,148,69,84,3,9,8
837,BoxingPunchingBag,BoxingPunchingBag/v_BoxingPunchingBag_g22_c02.avi,194,240,320,center_stride,33,160,129,144,6,6,5
838,BoxingPunchingBag,BoxingPunchingBag/v_BoxingPunchingBag_g22_c03.avi,198,240,320,center_stride,35,162,99,114,4,0,3
839,BoxingPunchingBag,BoxingPunchingBag/v_BoxingPunchingBag_g22_c04.avi,139,240,320,center_stride,5,132,117,132,7,8,3
840,BoxingPunchingBag,BoxingPunchingBag/v_BoxingPunchingBag_g22_c05.avi,173,240,320,center_stride,22,149,54,69,2,4,3
841,BoxingPunchingBag,BoxingPunchingBag/v_BoxingPunchingBag_g22_c06.avi,145,240,320,center_stride,8,135,56,71,3,6,11
842,BoxingPunchingBag,BoxingPunchingBag/v_BoxingPunchingBag_g22_c07.avi,203,240,320,center_stride,37,164,117,132,5,4,12
843,BoxingPunchingBag,BoxingPunchingBag/v_BoxingPunchingBag_g23_c01.avi,234,240,320,center_stride,53,180,53,68,0,7,3
844,BoxingPunchingBag,BoxingPunchingBag/v_BoxingPunchingBag_g23_c04.avi,261,240,320,center_stride,66,193,66,81,0,12,4
845,BoxingPunchingBag,BoxingPunchingBag/v_BoxingPunchingBag_g24_c04.avi,220,240,320,center_stride,46,173,62,77,1,2,7
846,BoxingPunchingBag,BoxingPunchingBag/v_BoxingPunchingBag_g24_c05.avi,339,240,320,center_stride,105,232,137,152,2,6,9
847,BoxingPunchingBag,BoxingPunchingBag/v_BoxingPunchingBag_g24_c06.avi,167,240,320,center_stride,19,146,115,130,6,10,15
848,BoxingPunchingBag,BoxingPunchingBag/v_BoxingPunchingBag_g25_c02.avi,120,240,320,uniform_fallback,0,119,30,44,2,4,7
849,BoxingPunchingBag,BoxingPunchingBag/v_BoxingPunchingBag_g25_c06.avi,251,240,320,center_stride,61,188,157,172,6,2,0
850,BoxingSpeedBag,BoxingSpeedBag/v_BoxingSpeedBag_g01_c01.avi,131,240,320,center_stride,1,128,113,128,7,8,4
851,BoxingSpeedBag,BoxingSpeedBag/v_BoxingSpeedBag_g01_c02.avi,124,240,320,uniform_fallback,0,123,0,15,0,1,14
852,BoxingSpeedBag,BoxingSpeedBag/v_BoxingSpeedBag_g01_c03.avi,99,240,320,uniform_fallback,0,98,74,86,6,3,5
853,BoxingSpeedBag,BoxingSpeedBag/v_BoxingSpeedBag_g01_c04.avi,71,240,320,uniform_fallback,0,70,35,44,4,2,6
854,BoxingSpeedBag,BoxingSpeedBag/v_BoxingSpeedBag_g02_c02.avi,199,240,320,center_stride,35,162,51,66,1,2,14
855,BoxingSpeedBag,BoxingSpeedBag/v_BoxingSpeedBag_g02_c04.avi,136,240,320,center_stride,4,131,100,115,6,2,15
856,BoxingSpeedBag,BoxingSpeedBag/v_BoxingSpeedBag_g03_c02.avi,138,240,320,center_stride,5,132,85,100,5,0,3
857,BoxingSpeedBag,BoxingSpeedBag/v_BoxingSpeedBag_g03_c04.avi,147,240,320,center_stride,9,136,73,88,4,10,1
858,BoxingSpeedBag,BoxingSpeedBag/v_BoxingSpeedBag_g03_c05.avi,153,240,320,center_stride,12,139,124,139,7,13,0
859,BoxingSpeedBag,BoxingSpeedBag/v_BoxingSpeedBag_g04_c01.avi,111,240,320,uniform_fallback,0,110,69,82,5,10,1
860,BoxingSpeedBag,BoxingSpeedBag/v_BoxingSpeedBag_g04_c04.avi,203,240,320,center_stride,37,164,149,164,7,6,15
861,BoxingSpeedBag,BoxingSpeedBag/v_BoxingSpeedBag_g04_c07.avi,299,240,320,center_stride,85,212,149,164,4,7,15
862,BoxingSpeedBag,BoxingSpeedBag/v_BoxingSpeedBag_g06_c05.avi,125,240,320,uniform_fallback,0,124,31,46,2,12,1
863,BoxingSpeedBag,BoxingSpeedBag/v_BoxingSpeedBag_g07_c02.avi,504,240,320,center_stride,188,315,300,315,7,3,13
864,BoxingSpeedBag,BoxingSpeedBag/v_BoxingSpeedBag_g07_c06.avi,437,240,320,center_stride,154,281,154,169,0,6,9
865,BoxingSpeedBag,BoxingSpeedBag/v_BoxingSpeedBag_g07_c07.avi,452,240,320,center_stride,162,289,178,193,1,0,4
866,BoxingSpeedBag,BoxingSpeedBag/v_BoxingSpeedBag_g08_c03.avi,228,240,320,center_stride,50,177,98,113,3,10,11
867,BoxingSpeedBag,BoxingSpeedBag/v_BoxingSpeedBag_g08_c04.avi,243,240,320,center_stride,57,184,105,120,3,8,0
868,BoxingSpeedBag,BoxingSpeedBag/v_BoxingSpeedBag_g09_c03.avi,445,240,320,center_stride,158,285,238,253,5,13,1
869,BoxingSpeedBag,BoxingSpeedBag/v_BoxingSpeedBag_g09_c04.avi,462,240,320,center_stride,167,294,231,246,4,6,6
870,BoxingSpeedBag,BoxingSpeedBag/v_BoxingSpeedBag_g09_c06.avi,313,240,320,center_stride,92,219,92,107,0,1,0
871,BoxingSpeedBag,BoxingSpeedBag/v_BoxingSpeedBag_g11_c03.avi,298,240,320,center_stride,85,212,133,148,3,4,2
872,BoxingSpeedBag,BoxingSpeedBag/v_BoxingSpeedBag_g11_c05.avi,246,240,320,center_stride,59,186,107,122,3,8,13
873,BoxingSpeedBag,BoxingSpeedBag/v_BoxingSpeedBag_g11_c06.avi,163,240,320,center_stride,17,144,33,48,1,8,7
874,BoxingSpeedBag,BoxingSpeedBag/v_BoxingSpeedBag_g12_c05.avi,204,240,320,center_stride,38,165,38,53,0,13,12
875,BoxingSpeedBag,BoxingSpeedBag/v_BoxingSpeedBag_g13_c06.avi,233,240,320,center_stride,52,179,100,115,3,7,4
876,BoxingSpeedBag,BoxingSpeedBag/v_BoxingSpeedBag_g14_c02.avi,112,240,320,uniform_fallback,0,111,28,41,2,0,12
877,BoxingSpeedBag,BoxingSpeedBag/v_BoxingSpeedBag_g14_c05.avi,236,240,320,center_stride,54,181,54,69,0,7,13
878,BoxingSpeedBag,BoxingSpeedBag/v_BoxingSpeedBag_g14_c06.avi,243,240,320,center_stride,57,184,89,104,2,15,2
879,BoxingSpeedBag,BoxingSpeedBag/v_BoxingSpeedBag_g15_c04.avi,283,240,320,center_stride,77,204,77,92,0,4,12
880,BoxingSpeedBag,BoxingSpeedBag/v_BoxingSpeedBag_g15_c05.avi,346,240,320,center_stride,109,236,157,172,3,2,8
881,BoxingSpeedBag,BoxingSpeedBag/v_BoxingSpeedBag_g17_c02.avi,446,240,320,center_stride,159,286,271,286,7,11,6
882,BoxingSpeedBag,BoxingSpeedBag/v_BoxingSpeedBag_g17_c03.avi,437,240,320,center_stride,154,281,154,169,0,6,14
883,BoxingSpeedBag,BoxingSpeedBag/v_BoxingSpeedBag_g17_c05.avi,461,240,320,center_stride,166,293,230,245,4,13,15
884,BoxingSpeedBag,BoxingSpeedBag/v_BoxingSpeedBag_g17_c06.avi,483,240,320,center_stride,177,304,177,192,0,9,1
885,BoxingSpeedBag,BoxingSpeedBag/v_BoxingSpeedBag_g17_c07.avi,471,240,320,center_stride,171,298,219,234,3,7,7
886,BoxingSpeedBag,BoxingSpeedBag/v_BoxingSpeedBag_g19_c01.avi,100,240,320,uniform_fallback,0,99,62,74,5,1,9
887,BoxingSpeedBag,BoxingSpeedBag/v_BoxingSpeedBag_g19_c03.avi,118,240,320,uniform_fallback,0,117,29,43,2,15,0
888,BoxingSpeedBag,BoxingSpeedBag/v_BoxingSpeedBag_g19_c04.avi,126,240,320,uniform_fallback,0,125,16,31,1,8,12
889,BoxingSpeedBag,BoxingSpeedBag/v_BoxingSpeedBag_g20_c01.avi,290,240,320,center_stride,81,208,177,192,6,15,13
890,BoxingSpeedBag,BoxingSpeedBag/v_BoxingSpeedBag_g20_c03.avi,250,240,320,center_stride,61,188,93,108,2,0,8
891,BoxingSpeedBag,BoxingSpeedBag/v_BoxingSpeedBag_g21_c04.avi,84,240,320,uniform_fallback,0,83,31,41,3,13,13
892,BoxingSpeedBag,BoxingSpeedBag/v_BoxingSpeedBag_g23_c03.avi,243,240,320,center_stride,57,184,169,184,7,1,15
893,BoxingSpeedBag,BoxingSpeedBag/v_BoxingSpeedBag_g24_c03.avi,94,240,320,uniform_fallback,0,93,23,34,2,6,11
894,BoxingSpeedBag,BoxingSpeedBag/v_BoxingSpeedBag_g25_c01.avi,139,240,320,center_stride,5,132,37,52,2,9,7
895,BoxingSpeedBag,BoxingSpeedBag/v_BoxingSpeedBag_g25_c02.avi,168,240,320,center_stride,20,147,84,99,4,0,8
896,BoxingSpeedBag,BoxingSpeedBag/v_BoxingSpeedBag_g25_c03.avi,233,240,320,center_stride,52,179,164,179,7,2,15
897,BoxingSpeedBag,BoxingSpeedBag/v_BoxingSpeedBag_g25_c05.avi,162,240,320,center_stride,17,144,113,128,6,13,2
898,BoxingSpeedBag,BoxingSpeedBag/v_BoxingSpeedBag_g25_c06.avi,150,240,320,center_stride,11,138,91,106,5,8,5
899,BoxingSpeedBag,BoxingSpeedBag/v_BoxingSpeedBag_g25_c07.avi,133,240,320,center_stride,2,129,34,49,2,0,7
900,BreastStroke,BreastStroke/v_BreastStroke_g01_c02.avi,96,240,320,uniform_fallback,0,95,24,35,2,11,9
901,BreastStroke,BreastStroke/v_BreastStroke_g01_c03.avi,96,240,320,uniform_fallback,0,95,72,83,6,9,14
902,BreastStroke,BreastStroke/v_BreastStroke_g02_c02.avi,302,240,320,center_stride,87,214,87,102,0,0,7
903,BreastStroke,BreastStroke/v_BreastStroke_g02_c03.avi,97,240,320,uniform_fallback,0,96,85,96,7,1,4
904,BreastStroke,BreastStroke/v_BreastStroke_g04_c01.avi,192,240,320,center_stride,32,159,112,127,5,1,13
905,BreastStroke,BreastStroke/v_BreastStroke_g04_c03.avi,192,240,320,center_stride,32,159,128,143,6,9,5
906,BreastStroke,BreastStroke/v_BreastStroke_g06_c01.avi,116,240,320,uniform_fallback,0,115,43,57,3,5,11
907,BreastStroke,BreastStroke/v_BreastStroke_g06_c02.avi,100,240,320,uniform_fallback,0,99,50,62,4,8,12
908,BreastStroke,BreastStroke/v_BreastStroke_g07_c01.avi,260,240,320,center_stride,66,193,162,177,6,5,15
909,BreastStroke,BreastStroke/v_BreastStroke_g07_c02.avi,305,240,320,center_stride,88,215,200,215,7,2,15
910,BreastStroke,BreastStroke/v_BreastStroke_g07_c03.avi,127,240,320,uniform_fallback,0,126,95,110,6,5,10
911,BreastStroke,BreastStroke/v_BreastStroke_g08_c01.avi,215,240,320,center_stride,43,170,123,138,5,15,9
912,BreastStroke,BreastStroke/v_BreastStroke_g08_c02.avi,213,240,320,center_stride,42,169,58,73,1,6,13
913,BreastStroke,BreastStroke/v_BreastStroke_g08_c03.avi,230,240,320,center_stride,51,178,67,82,1,3,6
914,BreastStroke,BreastStroke/v_BreastStroke_g09_c01.avi,126,240,320,uniform_fallback,0,125,79,94,5,2,3
915,BreastStroke,BreastStroke/v_BreastStroke_g09_c02.avi,106,240,320,uniform_fallback,0,105,53,65,4,2,4
916,BreastStroke,BreastStroke/v_BreastStroke_g09_c03.avi,87,240,320,uniform_fallback,0,86,33,43,3,11,14
917,BreastStroke,BreastStroke/v_BreastStroke_g10_c01.avi,151,240,320,center_stride,11,138,75,90,4,11,3
918,BreastStroke,BreastStroke/v_BreastStroke_g10_c02.avi,192,240,320,center_stride,32,159,96,111,4,5,4
919,BreastStroke,BreastStroke/v_BreastStroke_g11_c01.avi,393,240,320,center_stride,132,259,196,211,4,10,3
920,BreastStroke,BreastStroke/v_BreastStroke_g11_c04.avi,374,240,320,center_stride,123,250,203,218,5,11,5
921,BreastStroke,BreastStroke/v_BreastStroke_g12_c02.avi,332,240,320,center_stride,102,229,182,197,5,12,5
922,BreastStroke,BreastStroke/v_BreastStroke_g12_c03.avi,176,240,320,center_stride,24,151,120,135,6,13,9
923,BreastStroke,BreastStroke/v_BreastStroke_g14_c04.avi,97,240,320,uniform_fallback,0,96,36,48,3,4,5
924,BreastStroke,BreastStroke/v_BreastStroke_g16_c02.avi,236,240,320,center_stride,54,181,86,101,2,15,10
925,BreastStroke,BreastStroke/v_BreastStroke_g16_c03.avi,222,240,320,center_stride,47,174,47,62,0,8,0
926,BreastStroke,BreastStroke/v_BreastStroke_g16_c04.avi,214,240,320,center_stride,43,170,123,138,5,7,4
927,BreastStroke,BreastStroke/v_BreastStroke_g17_c01.avi,194,240,320,center_stride,33,160,33,48,0,10,13
928,BreastStroke,BreastStroke/v_BreastStroke_g17_c02.avi,142,240,320,center_stride,7,134,39,54,2,4,8
929,BreastStroke,BreastStroke/v_BreastStroke_g17_c03.avi,153,240,320,center_stride,12,139,12,27,0,2,14
930,BreastStroke,BreastStroke/v_BreastStroke_g18_c01.avi,138,240,320,center_stride,5,132,101,116,6,14,13
931,BreastStroke,BreastStroke/v_BreastStroke_g18_c02.avi,116,240,320,uniform_fallback,0,115,0,14,0,9,10
932,BreastStroke,BreastStroke/v_BreastStroke_g18_c03.avi,158,240,320,center_stride,15,142,63,78,3,12,12
933,BreastStroke,BreastStroke/v_BreastStroke_g18_c04.avi,97,240,320,uniform_fallback,0,96,60,72,5,8,0
934,BreastStroke,BreastStroke/v_BreastStroke_g18_c05.avi,137,240,320,center_stride,4,131,52,67,3,5,2
935,BreastStroke,BreastStroke/v_BreastStroke_g19_c02.avi,202,240,320,center_stride,37,164,101,116,4,10,2
936,BreastStroke,BreastStroke/v_BreastStroke_g19_c04.avi,227,240,320,center_stride,49,176,161,176,7,0,3
937,BreastStroke,BreastStroke/v_BreastStroke_g20_c03.avi,142,240,320,center_stride,7,134,71,86,4,7,9
938,BreastStroke,BreastStroke/v_BreastStroke_g20_c04.avi,156,240,320,center_stride,14,141,94,109,5,4,15
939,BreastStroke,BreastStroke/v_BreastStroke_g21_c01.avi,101,240,320,uniform_fallback,0,100,88,100,7,3,13
940,BreastStroke,BreastStroke/v_BreastStroke_g21_c03.avi,101,240,320,uniform_fallback,0,100,0,12,0,0,3
941,BreastStroke,BreastStroke/v_BreastStroke_g21_c04.avi,100,240,320,uniform_fallback,0,99,37,49,3,1,10
942,BreastStroke,BreastStroke/v_BreastStroke_g22_c02.avi,242,240,320,center_stride,57,184,137,152,5,15,8
943,BreastStroke,BreastStroke/v_BreastStroke_g22_c04.avi,332,240,320,center_stride,102,229,214,229,7,8,9
944,BreastStroke,BreastStroke/v_BreastStroke_g23_c02.avi,358,240,320,center_stride,115,242,179,194,4,0,15
945,BreastStroke,BreastStroke/v_BreastStroke_g23_c03.avi,335,240,320,center_stride,103,230,215,230,7,15,5
946,BreastStroke,BreastStroke/v_BreastStroke_g24_c03.avi,117,240,320,uniform_fallback,0,116,0,14,0,8,2
947,BreastStroke,BreastStroke/v_BreastStroke_g24_c04.avi,133,240,320,center_stride,2,129,18,33,1,0,13
948,BreastStroke,BreastStroke/v_BreastStroke_g25_c01.avi,212,240,320,center_stride,42,169,74,89,2,11,11
949,BreastStroke,BreastStroke/v_BreastStroke_g25_c04.avi,151,240,320,center_stride,11,138,91,106,5,7,0
950,BrushingTeeth,BrushingTeeth/v_BrushingTeeth_g01_c01.avi,103,240,320,uniform_fallback,0,102,51,63,4,3,5
951,BrushingTeeth,BrushingTeeth/v_BrushingTeeth_g01_c02.avi,109,240,320,uniform_fallback,0,108,54,67,4,9,14
952,BrushingTeeth,BrushingTeeth/v_BrushingTeeth_g02_c01.avi,716,240,320,center_stride,294,421,358,373,4,11,11
953,BrushingTeeth,BrushingTeeth/v_BrushingTeeth_g02_c02.avi,732,240,320,center_stride,302,429,334,349,2,5,11
954,BrushingTeeth,BrushingTeeth/v_BrushingTeeth_g02_c03.avi,732,240,320,center_stride,302,429,350,365,3,5,3
955,BrushingTeeth,BrushingTeeth/v_BrushingTeeth_g02_c05.avi,748,240,320,center_stride,310,437,406,421,6,7,2
956,BrushingTeeth,BrushingTeeth/v_BrushingTeeth_g02_c07.avi,793,240,320,center_stride,332,459,412,427,5,12,15
957,BrushingTeeth,BrushingTeeth/v_BrushingTeeth_g03_c05.avi,231,240,320,center_stride,51,178,147,162,6,5,14
958,BrushingTeeth,BrushingTeeth/v_BrushingTeeth_g04_c01.avi,193,240,320,center_stride,32,159,32,47,0,4,13
959,BrushingTeeth,BrushingTeeth/v_BrushingTeeth_g04_c03.avi,100,240,320,uniform_fallback,0,99,37,49,3,4,11
960,BrushingTeeth,BrushingTeeth/v_BrushingTeeth_g05_c03.avi,210,240,320,center_stride,41,168,153,168,7,11,0
961,BrushingTeeth,BrushingTeeth/v_BrushingTeeth_g05_c04.avi,161,240,320,center_stride,16,143,112,127,6,6,13
962,BrushingTeeth,BrushingTeeth/v_BrushingTeeth_g06_c01.avi,287,240,320,center_stride,79,206,79,94,0,5,13
963,BrushingTeeth,BrushingTeeth/v_BrushingTeeth_g06_c02.avi,249,240,320,center_stride,60,187,124,139,4,3,6
964,BrushingTeeth,BrushingTeeth/v_BrushingTeeth_g07_c02.avi,229,240,320,center_stride,50,177,146,161,6,11,13
965,BrushingTeeth,BrushingTeeth/v_BrushingTeeth_g07_c04.avi,175,240,320,center_stride,23,150,135,150,7,7,0
966,BrushingTeeth,BrushingTeeth/v_BrushingTeeth_g09_c04.avi,95,240,320,uniform_fallback,0,94,12,23,1,12,13
967,BrushingTeeth,BrushingTeeth/v_BrushingTeeth_g10_c05.avi,208,240,320,center_stride,40,167,72,87,2,1,8
968,BrushingTeeth,BrushingTeeth/v_BrushingTeeth_g11_c01.avi,231,240,320,center_stride,51,178,115,130,4,6,6
969,BrushingTeeth,BrushingTeeth/v_BrushingTeeth_g11_c03.avi,240,240,320,center_stride,56,183,88,103,2,4,14
970,BrushingTeeth,BrushingTeeth/v_BrushingTeeth_g12_c02.avi,266,240,320,center_stride,69,196,117,132,3,9,13
971,BrushingTeeth,BrushingTeeth/v_BrushingTeeth_g12_c03.avi,265,240,320,center_stride,68,195,148,163,5,7,4
972,BrushingTeeth,BrushingTeeth/v_BrushingTeeth_g12_c04.avi,276,240,320,center_stride,74,201,170,185,6,13,14
973,BrushingTeeth,BrushingTeeth/v_BrushingTeeth_g12_c05.avi,285,240,320,center_stride,78,205,158,173,5,1,8
974,BrushingTeeth,BrushingTeeth/v_BrushingTeeth_g12_c06.avi,235,240,320,center_stride,53,180,101,116,3,5,10
975,BrushingTeeth,BrushingTeeth/v_BrushingTeeth_g13_c01.avi,163,240,320,center_stride,17,144,81,96,4,15,4
976,BrushingTeeth,BrushingTeeth/v_BrushingTeeth_g13_c02.avi,127,240,320,uniform_fallback,0,126,111,126,7,13,3
977,BrushingTeeth,BrushingTeeth/v_BrushingTeeth_g13_c03.avi,161,240,320,center_stride,16,143,16,31,0,8,10
978,BrushingTeeth,BrushingTeeth/v_BrushingTeeth_g14_c01.avi,218,240,320,center_stride,45,172,157,172,7,9,11
979,BrushingTeeth,BrushingTeeth/v_BrushingTeeth_g14_c02.avi,193,240,320,center_stride,32,159,128,143,6,1,13
980,BrushingTeeth,BrushingTeeth/v_BrushingTeeth_g14_c03.avi,211,240,320,center_stride,41,168,41,56,0,12,4
981,BrushingTeeth,BrushingTeeth/v_BrushingTeeth_g14_c04.avi,230,240,320,center_stride,51,178,147,162,6,0,4
982,BrushingTeeth,BrushingTeeth/v_BrushingTeeth_g15_c02.avi,196,240,320,center_stride,34,161,114,129,5,4,1
983,BrushingTeeth,BrushingTeeth/v_BrushingTeeth_g15_c04.avi,179,240,320,center_stride,25,152,121,136,6,15,4
984,BrushingTeeth,BrushingTeeth/v_BrushingTeeth_g19_c02.avi,764,240,320,center_stride,318,445,366,381,3,10,14
985,BrushingTeeth,BrushingTeeth/v_BrushingTeeth_g19_c04.avi,615,240,320,center_stride,243,370,259,274,1,0,8
986,BrushingTeeth,BrushingTeeth/v_BrushingTeeth_g20_c01.avi,170,240,320,center_stride,21,148,69,84,3,7,0
987,BrushingTeeth,BrushingTeeth/v_BrushingTeeth_g20_c02.avi,175,240,320,center_stride,23,150,119,134,6,4,7
988,BrushingTeeth,BrushingTeeth/v_BrushingTeeth_g20_c03.avi,171,240,320,center_stride,21,148,53,68,2,13,4
989,BrushingTeeth,BrushingTeeth/v_BrushingTeeth_g20_c04.avi,177,240,320,center_stride,24,151,120,135,6,15,3
990,BrushingTeeth,BrushingTeeth/v_BrushingTeeth_g21_c02.avi,280,240,320,center_stride,76,203,156,171,5,8,14
991,BrushingTeeth,BrushingTeeth/v_BrushingTeeth_g22_c01.avi,183,240,320,center_stride,27,154,27,42,0,12,1
992,BrushingTeeth,BrushingTeeth/v_BrushingTeeth_g22_c02.avi,198,240,320,center_stride,35,162,131,146,6,10,3
993,BrushingTeeth,BrushingTeeth/v_BrushingTeeth_g22_c06.avi,184,240,320,center_stride,28,155,92,107,4,5,14
994,BrushingTeeth,BrushingTeeth/v_BrushingTeeth_g22_c07.avi,207,240,320,center_stride,39,166,71,86,2,4,15
995,BrushingTeeth,BrushingTeeth/v_BrushingTeeth_g24_c01.avi,198,240,320,center_stride,35,162,131,146,6,3,3
996,BrushingTeeth,BrushingTeeth/v_BrushingTeeth_g24_c02.avi,198,240,320,center_stride,35,162,67,82,2,6,11
997,BrushingTeeth,BrushingTeeth/v_BrushingTeeth_g25_c01.avi,218,240,320,center_stride,45,172,109,124,4,4,6
998,BrushingTeeth,BrushingTeeth/v_BrushingTeeth_g25_c02.avi,229,240,320,center_stride,50,177,114,129,4,15,1
999,BrushingTeeth,BrushingTeeth/v_BrushingTeeth_g25_c04.avi,222,240,320,center_stride,47,174,127,142,5,1,6
1000,CleanAndJerk,CleanAndJerk/v_CleanAndJerk_g01_c03.avi,124,240,320,uniform_fallback,0,123,77,92,5,8,7
1001,CleanAndJerk,CleanAndJerk/v_CleanAndJerk_g01_c04.avi,119,240,320,uniform_fallback,0,118,59,73,4,4,0
1002,CleanAndJerk,CleanAndJerk/v_CleanAndJerk_g01_c05.avi,121,240,320,uniform_fallback,0,120,15,29,1,1,14
1003,CleanAndJerk,CleanAndJerk/v_CleanAndJerk_g02_c03.avi,211,240,320,center_stride,41,168,57,72,1,8,14
1004,CleanAndJerk,CleanAndJerk/v_CleanAndJerk_g02_c04.avi,293,240,320,center_stride,82,209,130,145,3,8,15
1005,CleanAndJerk,CleanAndJerk/v_CleanAndJerk_g03_c03.avi,276,240,320,center_stride,74,201,74,89,0,2,8
1006,CleanAndJerk,CleanAndJerk/v_CleanAndJerk_g03_c06.avi,246,240,320,center_stride,59,186,171,186,7,12,4
1007,CleanAndJerk,CleanAndJerk/v_CleanAndJerk_g04_c01.avi,143,240,320,center_stride,7,134,55,70,3,6,3
1008,CleanAndJerk,CleanAndJerk/v_CleanAndJerk_g04_c02.avi,237,240,320,center_stride,54,181,102,117,3,11,3
1009,CleanAndJerk,CleanAndJerk/v_CleanAndJerk_g05_c02.avi,146,240,320,center_stride,9,136,89,104,5,14,12
1010,CleanAndJerk,CleanAndJerk/v_CleanAndJerk_g05_c04.avi,206,240,320,center_stride,39,166,71,86,2,0,4
1011,CleanAndJerk,CleanAndJerk/v_CleanAndJerk_g06_c04.avi,246,240,320,center_stride,59,186,139,154,5,7,1
1012,CleanAndJerk,CleanAndJerk/v_CleanAndJerk_g07_c02.avi,304,240,320,center_stride,88,215,152,167,4,13,4
1013,CleanAndJerk,CleanAndJerk/v_CleanAndJerk_g07_c03.avi,228,240,320,center_stride,50,177,82,97,2,5,10
1014,CleanAndJerk,CleanAndJerk/v_CleanAndJerk_g07_c04.avi,285,240,320,center_stride,78,205,94,109,1,7,9
1015,CleanAndJerk,CleanAndJerk/v_CleanAndJerk_g07_c05.avi,190,240,320,center_stride,31,158,47,62,1,0,13
1016,CleanAndJerk,CleanAndJerk/v_CleanAndJerk_g08_c03.avi,110,240,320,uniform_fallback,0,109,96,109,7,10,3
1017,CleanAndJerk,CleanAndJerk/v_CleanAndJerk_g08_c04.avi,278,240,320,center_stride,75,202,187,202,7,15,4
1018,CleanAndJerk,CleanAndJerk/v_CleanAndJerk_g09_c03.avi,232,240,320,center_stride,52,179,100,115,3,15,4
1019,CleanAndJerk,CleanAndJerk/v_CleanAndJerk_g10_c01.avi,194,240,320,center_stride,33,160,81,96,3,2,10
1020,CleanAndJerk,CleanAndJerk/v_CleanAndJerk_g10_c03.avi,204,240,320,center_stride,38,165,118,133,5,7,4
1021,CleanAndJerk,CleanAndJerk/v_CleanAndJerk_g11_c01.avi,207,240,320,center_stride,39,166,71,86,2,11,3
1022,CleanAndJerk,CleanAndJerk/v_CleanAndJerk_g11_c03.avi,320,240,320,center_stride,96,223,144,159,3,4,12
1023,CleanAndJerk,CleanAndJerk/v_CleanAndJerk_g11_c04.avi,207,240,320,center_stride,39,166,103,118,4,15,14
1024,CleanAndJerk,CleanAndJerk/v_CleanAndJerk_g13_c02.avi,103,240,320,uniform_fallback,0,102,90,102,7,8,9
1025,CleanAndJerk,CleanAndJerk/v_CleanAndJerk_g13_c03.avi,114,240,320,uniform_fallback,0,113,71,85,5,15,4
1026,CleanAndJerk,CleanAndJerk/v_CleanAndJerk_g14_c02.avi,226,240,320,center_stride,49,176,81,96,2,1,13
1027,CleanAndJerk,CleanAndJerk/v_CleanAndJerk_g14_c04.avi,345,240,320,center_stride,108,235,124,139,1,8,0
1028,CleanAndJerk,CleanAndJerk/v_CleanAndJerk_g15_c01.avi,90,240,320,uniform_fallback,0,89,45,55,4,3,6
1029,CleanAndJerk,CleanAndJerk/v_CleanAndJerk_g15_c02.avi,83,240,320,uniform_fallback,0,82,62,72,6,3,7
1030,CleanAndJerk,CleanAndJerk/v_CleanAndJerk_g16_c04.avi,106,240,320,uniform_fallback,0,105,40,52,3,6,8
1031,CleanAndJerk,CleanAndJerk/v_CleanAndJerk_g17_c02.avi,117,240,320,uniform_fallback,0,116,0,14,0,6,12
1032,CleanAndJerk,CleanAndJerk/v_CleanAndJerk_g18_c01.avi,230,240,320,center_stride,51,178,51,66,0,5,11
1033,CleanAndJerk,CleanAndJerk/v_CleanAndJerk_g18_c02.avi,245,240,320,center_stride,58,185,122,137,4,15,10
1034,CleanAndJerk,CleanAndJerk/v_CleanAndJerk_g18_c03.avi,227,240,320,center_stride,49,176,161,176,7,2,1
1035,CleanAndJerk,CleanAndJerk/v_CleanAndJerk_g19_c03.avi,240,240,320,center_stride,56,183,152,167,6,5,3
1036,CleanAndJerk,CleanAndJerk/v_CleanAndJerk_g20_c02.avi,282,240,320,center_stride,77,204,189,204,7,14,7
1037,CleanAndJerk,CleanAndJerk/v_CleanAndJerk_g20_c06.avi,371,240,320,center_stride,121,248,217,232,6,4,5
1038,CleanAndJerk,CleanAndJerk/v_CleanAndJerk_g21_c01.avi,101,240,320,uniform_fallback,0,100,13,24,1,0,4
1039,CleanAndJerk,CleanAndJerk/v_CleanAndJerk_g21_c02.avi,95,240,320,uniform_fallback,0,94,12,23,1,8,8
1040,CleanAndJerk,CleanAndJerk/v_CleanAndJerk_g22_c01.avi,234,240,320,center_stride,53,180,133,148,5,4,5
1041,CleanAndJerk,CleanAndJerk/v_CleanAndJerk_g22_c04.avi,242,240,320,center_stride,57,184,169,184,7,14,11
1042,CleanAndJerk,CleanAndJerk/v_CleanAndJerk_g23_c01.avi,67,240,320,uniform_fallback,0,66,0,8,0,3,4
1043,CleanAndJerk,CleanAndJerk/v_CleanAndJerk_g23_c02.avi,77,240,320,uniform_fallback,0,76,0,9,0,0,10
1044,CleanAndJerk,CleanAndJerk/v_CleanAndJerk_g23_c03.avi,77,240,320,uniform_fallback,0,76,38,47,4,1,11
1045,CleanAndJerk,CleanAndJerk/v_CleanAndJerk_g23_c04.avi,87,240,320,uniform_fallback,0,86,43,53,4,13,15
1046,CleanAndJerk,CleanAndJerk/v_CleanAndJerk_g24_c01.avi,228,240,320,center_stride,50,177,114,129,4,9,3
1047,CleanAndJerk,CleanAndJerk/v_CleanAndJerk_g24_c04.avi,131,240,320,center_stride,1,128,65,80,4,13,6
1048,CleanAndJerk,CleanAndJerk/v_CleanAndJerk_g25_c02.avi,193,240,320,center_stride,32,159,112,127,5,11,15
1049,CleanAndJerk,CleanAndJerk/v_CleanAndJerk_g25_c03.avi,208,240,320,center_stride,40,167,120,135,5,11,8
1050,CliffDiving,CliffDiving/v_CliffDiving_g01_c01.avi,90,240,320,uniform_fallback,0,89,22,33,2,15,7
1051,CliffDiving,CliffDiving/v_CliffDiving_g01_c06.avi,76,240,320,uniform_fallback,0,75,9,18,1,13,10
1052,CliffDiving,CliffDiving/v_CliffDiving_g02_c03.avi,94,240,320,uniform_fallback,0,93,59,70,5,15,14
1053,CliffDiving,CliffDiving/v_CliffDiving_g03_c01.avi,92,240,320,uniform_fallback,0,91,34,45,3,6,9
1054,CliffDiving,CliffDiving/v_CliffDiving_g03_c02.avi,96,240,320,uniform_fallback,0,95,60,71,5,12,2
1055,CliffDiving,CliffDiving/v_CliffDiving_g03_c04.avi,104,240,320,uniform_fallback,0,103,13,25,1,9,2
1056,CliffDiving,CliffDiving/v_CliffDiving_g03_c05.avi,93,240,320,uniform_fallback,0,92,0,11,0,0,5
1057,CliffDiving,CliffDiving/v_CliffDiving_g04_c01.avi,101,240,320,uniform_fallback,0,100,13,24,1,9,10
1058,CliffDiving,CliffDiving/v_CliffDiving_g04_c03.avi,111,240,320,uniform_fallback,0,110,28,41,2,6,14
1059,CliffDiving,CliffDiving/v_CliffDiving_g05_c07.avi,94,240,320,uniform_fallback,0,93,0,11,0,0,2
1060,CliffDiving,CliffDiving/v_CliffDiving_g06_c04.avi,89,240,320,uniform_fallback,0,88,67,77,6,5,11
1061,CliffDiving,CliffDiving/v_CliffDiving_g06_c07.avi,88,240,320,uniform_fallback,0,87,77,87,7,14,7
1062,CliffDiving,CliffDiving/v_CliffDiving_g07_c04.avi,84,240,320,uniform_fallback,0,83,52,62,5,10,7
1063,CliffDiving,CliffDiving/v_CliffDiving_g07_c06.avi,75,240,320,uniform_fallback,0,74,47,55,5,14,3
1064,CliffDiving,CliffDiving/v_CliffDiving_g08_c02.avi,76,240,320,uniform_fallback,0,75,0,9,0,10,4
1065,CliffDiving,CliffDiving/v_CliffDiving_g08_c03.avi,78,240,320,uniform_fallback,0,77,68,77,7,13,8
1066,CliffDiving,CliffDiving/v_CliffDiving_g08_c04.avi,93,240,320,uniform_fallback,0,92,35,46,3,7,6
1067,CliffDiving,CliffDiving/v_CliffDiving_g09_c03.avi,98,240,320,uniform_fallback,0,97,0,11,0,4,0
1068,CliffDiving,CliffDiving/v_CliffDiving_g09_c04.avi,90,240,320,uniform_fallback,0,89,0,11,0,15,13
1069,CliffDiving,CliffDiving/v_CliffDiving_g10_c01.avi,80,240,320,uniform_fallback,0,79,0,9,0,5,5
1070,CliffDiving,CliffDiving/v_CliffDiving_g10_c06.avi,99,240,320,uniform_fallback,0,98,12,24,1,5,13
1071,CliffDiving,CliffDiving/v_CliffDiving_g11_c05.avi,99,240,320,uniform_fallback,0,98,0,12,0,13,4
1072,CliffDiving,CliffDiving/v_CliffDiving_g12_c01.avi,72,240,320,uniform_fallback,0,71,63,71,7,9,12
1073,CliffDiving,CliffDiving/v_CliffDiving_g12_c02.avi,115,240,320,uniform_fallback,0,114,0,13,0,14,6
1074,CliffDiving,CliffDiving/v_CliffDiving_g12_c04.avi,91,240,320,uniform_fallback,0,90,79,90,7,5,3
1075,CliffDiving,CliffDiving/v_CliffDiving_g12_c07.avi,117,240,320,uniform_fallback,0,116,58,72,4,11,13
1076,CliffDiving,CliffDiving/v_CliffDiving_g13_c01.avi,103,240,320,uniform_fallback,0,102,26,38,2,12,3
1077,CliffDiving,CliffDiving/v_CliffDiving_g13_c02.avi,107,240,320,uniform_fallback,0,106,67,79,5,15,7
1078,CliffDiving,CliffDiving/v_CliffDiving_g14_c01.avi,76,240,320,uniform_fallback,0,75,19,28,2,1,9
1079,CliffDiving,CliffDiving/v_CliffDiving_g14_c03.avi,82,240,320,uniform_fallback,0,81,20,30,2,15,7
1080,CliffDiving,CliffDiving/v_CliffDiving_g14_c06.avi,71,240,320,uniform_fallback,0,70,35,44,4,9,11
1081,CliffDiving,CliffDiving/v_CliffDiving_g15_c02.avi,106,240,320,uniform_fallback,0,105,93,105,7,1,4
1082,CliffDiving,CliffDiving/v_CliffDiving_g15_c03.avi,106,240,320,uniform_fallback,0,105,93,105,7,3,7
1083,CliffDiving,CliffDiving/v_CliffDiving_g16_c04.avi,100,240,320,uniform_fallback,0,99,0,12,0,2,10
1084,CliffDiving,CliffDiving/v_CliffDiving_g17_c05.avi,102,240,320,uniform_fallback,0,101,51,63,4,8,15
1085,CliffDiving,CliffDiving/v_CliffDiving_g19_c01.avi,70,240,320,uniform_fallback,0,69,26,34,3,12,7
1086,CliffDiving,CliffDiving/v_CliffDiving_g19_c05.avi,79,240,320,uniform_fallback,0,78,0,9,0,8,2
1087,CliffDiving,CliffDiving/v_CliffDiving_g20_c01.avi,109,240,320,uniform_fallback,0,108,0,13,0,12,7
1088,CliffDiving,CliffDiving/v_CliffDiving_g20_c03.avi,81,240,320,uniform_fallback,0,80,60,70,6,14,6
1089,CliffDiving,CliffDiving/v_CliffDiving_g20_c04.avi,108,240,320,uniform_fallback,0,107,94,107,7,10,7
1090,CliffDiving,CliffDiving/v_CliffDiving_g21_c02.avi,81,240,320,uniform_fallback,0,80,71,80,7,2,0
1091,CliffDiving,CliffDiving/v_CliffDiving_g22_c01.avi,84,240,320,uniform_fallback,0,83,42,52,4,3,6
1092,CliffDiving,CliffDiving/v_CliffDiving_g22_c04.avi,75,240,320,uniform_fallback,0,74,56,65,6,4,6
1093,CliffDiving,CliffDiving/v_CliffDiving_g22_c05.avi,92,240,320,uniform_fallback,0,91,69,80,6,2,9
1094,CliffDiving,CliffDiving/v_CliffDiving_g22_c06.avi,92,240,320,uniform_fallback,0,91,46,57,4,0,10
1095,CliffDiving,CliffDiving/v_CliffDiving_g23_c05.avi,112,240,320,uniform_fallback,0,111,70,83,5,3,11
1096,CliffDiving,CliffDiving/v_CliffDiving_g24_c02.avi,67,240,320,uniform_fallback,0,66,17,24,2,5,10
1097,CliffDiving,CliffDiving/v_CliffDiving_g24_c04.avi,98,240,320,uniform_fallback,0,97,73,85,6,11,12
1098,CliffDiving,CliffDiving/v_CliffDiving_g25_c02.avi,84,240,320,uniform_fallback,0,83,10,20,1,4,14
1099,CliffDiving,CliffDiving/v_CliffDiving_g25_c04.avi,88,240,320,uniform_fallback,0,87,44,54,4,10,3
1100,CricketBowling,CricketBowling/v_CricketBowling_g01_c04.avi,133,240,320,center_stride,2,129,50,65,3,14,10
1101,CricketBowling,CricketBowling/v_CricketBowling_g02_c01.avi,123,240,320,uniform_fallback,0,122,31,45,2,7,5
1102,CricketBowling,CricketBowling/v_CricketBowling_g02_c02.avi,100,240,320,uniform_fallback,0,99,87,99,7,0,5
1103,CricketBowling,CricketBowling/v_CricketBowling_g02_c05.avi,133,240,320,center_stride,2,129,66,81,4,8,5
1104,CricketBowling,CricketBowling/v_CricketBowling_g03_c01.avi,100,240,320,uniform_fallback,0,99,12,24,1,11,11
1105,CricketBowling,CricketBowling/v_CricketBowling_g03_c03.avi,60,240,320,uniform_fallback,0,59,45,52,6,15,11
1106,CricketBowling,CricketBowling/v_CricketBowling_g04_c01.avi,95,240,320,uniform_fallback,0,94,12,23,1,9,13
1107,CricketBowling,CricketBowling/v_CricketBowling_g04_c02.avi,101,240,320,uniform_fallback,0,100,13,24,1,6,3
1108,CricketBowling,CricketBowling/v_CricketBowling_g04_c04.avi,103,240,320,uniform_fallback,0,102,39,51,3,12,2
1109,CricketBowling,CricketBowling/v_CricketBowling_g04_c05.avi,110,240,320,uniform_fallback,0,109,41,54,3,8,4
1110,CricketBowling,CricketBowling/v_CricketBowling_g05_c01.avi,129,240,320,center_stride,0,127,80,95,5,6,13
1111,CricketBowling,CricketBowling/v_CricketBowling_g05_c04.avi,107,240,320,uniform_fallback,0,106,40,53,3,7,8
1112,CricketBowling,CricketBowling/v_CricketBowling_g06_c01.avi,160,240,320,center_stride,16,143,16,31,0,8,11
1113,CricketBowling,CricketBowling/v_CricketBowling_g06_c04.avi,150,240,320,center_stride,11,138,59,74,3,6,4
1114,CricketBowling,CricketBowling/v_CricketBowling_g07_c02.avi,75,240,320,uniform_fallback,0,74,28,37,3,11,13
1115,CricketBowling,CricketBowling/v_CricketBowling_g07_c04.avi,84,240,320,uniform_fallback,0,83,0,10,0,4,3
1116,CricketBowling,CricketBowling/v_CricketBowling_g08_c05.avi,135,240,320,center_stride,3,130,19,34,1,0,6
1117,CricketBowling,CricketBowling/v_CricketBowling_g09_c02.avi,97,240,320,uniform_fallback,0,96,0,11,0,11,12
1118,CricketBowling,CricketBowling/v_CricketBowling_g09_c04.avi,130,240,320,center_stride,1,128,33,48,2,1,12
1119,CricketBowling,CricketBowling/v_CricketBowling_g09_c06.avi,66,240,320,uniform_fallback,0,65,41,49,5,2,12
1120,CricketBowling,CricketBowling/v_CricketBowling_g10_c02.avi,109,240,320,uniform_fallback,0,108,27,40,2,12,13
1121,CricketBowling,CricketBowling/v_CricketBowling_g10_c03.avi,80,240,320,uniform_fallback,0,79,40,49,4,14,7
1122,CricketBowling,CricketBowling/v_CricketBowling_g11_c02.avi,91,240,320,uniform_fallback,0,90,0,11,0,1,11
1123,CricketBowling,CricketBowling/v_CricketBowling_g11_c07.avi,115,240,320,uniform_fallback,0,114,57,71,4,5,8
1124,CricketBowling,CricketBowling/v_CricketBowling_g12_c02.avi,118,240,320,uniform_fallback,0,117,44,58,3,8,5
1125,CricketBowling,CricketBowling/v_CricketBowling_g12_c06.avi,69,240,320,uniform_fallback,0,68,51,59,6,8,3
1126,CricketBowling,CricketBowling/v_CricketBowling_g15_c03.avi,93,240,320,uniform_fallback,0,92,35,46,3,4,6
1127,CricketBowling,CricketBowling/v_CricketBowling_g15_c04.avi,96,240,320,uniform_fallback,0,95,36,47,3,10,4
1128,CricketBowling,CricketBowling/v_CricketBowling_g15_c05.avi,103,240,320,uniform_fallback,0,102,64,76,5,10,13
1129,CricketBowling,CricketBowling/v_CricketBowling_g16_c02.avi,93,240,320,uniform_fallback,0,92,35,46,3,9,4
1130,CricketBowling,CricketBowling/v_CricketBowling_g16_c04.avi,83,240,320,uniform_fallback,0,82,72,82,7,8,12
1131,CricketBowling,CricketBowling/v_CricketBowling_g18_c02.avi,82,240,320,uniform_fallback,0,81,61,71,6,10,1
1132,CricketBowling,CricketBowling/v_CricketBowling_g19_c01.avi,101,240,320,uniform_fallback,0,100,0,12,0,8,1
1133,CricketBowling,CricketBowling/v_CricketBowling_g19_c02.avi,94,240,320,uniform_fallback,0,93,82,93,7,11,6
1134,CricketBowling,CricketBowling/v_CricketBowling_g19_c03.avi,77,240,320,uniform_fallback,0,76,29,38,3,8,12
1135,CricketBowling,CricketBowling/v_CricketBowling_g19_c04.avi,84,240,320,uniform_fallback,0,83,0,10,0,14,12
1136,CricketBowling,CricketBowling/v_CricketBowling_g19_c07.avi,96,240,320,uniform_fallback,0,95,48,59,4,2,5
1137,CricketBowling,CricketBowling/v_CricketBowling_g20_c01.avi,128,240,320,center_stride,0,127,48,63,3,5,10
1138,CricketBowling,CricketBowling/v_CricketBowling_g20_c04.avi,79,240,320,uniform_fallback,0,78,49,58,5,5,11
1139,CricketBowling,CricketBowling/v_CricketBowling_g21_c01.avi,127,240,320,uniform_fallback,0,126,95,110,6,3,8
1140,CricketBowling,CricketBowling/v_CricketBowling_g21_c03.avi,79,240,320,uniform_fallback,0,78,69,78,7,10,8
1141,CricketBowling,CricketBowling/v_CricketBowling_g21_c04.avi,94,240,320,uniform_fallback,0,93,70,81,6,0,13
1142,CricketBowling,CricketBowling/v_CricketBowling_g22_c04.avi,92,240,320,uniform_fallback,0,91,0,11,0,8,2
1143,CricketBowling,CricketBowling/v_CricketBowling_g22_c07.avi,79,240,320,uniform_fallback,0,78,49,58,5,14,8
1144,CricketBowling,CricketBowling/v_CricketBowling_g23_c03.avi,108,240,320,uniform_fallback,0,107,54,67,4,15,0
1145,CricketBowling,CricketBowling/v_CricketBowling_g24_c02.avi,58,240,320,uniform_fallback,0,57,22,28,3,4,7
1146,CricketBowling,CricketBowling/v_CricketBowling_g24_c04.avi,53,240,320,uniform_fallback,0,52,26,32,4,6,11
1147,CricketBowling,CricketBowling/v_CricketBowling_g25_c03.avi,67,240,320,uniform_fallback,0,66,0,8,0,10,4
1148,CricketBowling,CricketBowling/v_CricketBowling_g25_c05.avi,52,240,320,uniform_fallback,0,51,6,12,1,5,6
1149,CricketBowling,CricketBowling/v_CricketBowling_g25_c07.avi,76,240,320,uniform_fallback,0,75,28,37,3,14,1
1150,CricketShot,CricketShot/v_CricketShot_g01_c03.avi,95,240,320,uniform_fallback,0,94,24,35,2,1,8
1151,CricketShot,CricketShot/v_CricketShot_g01_c04.avi,72,240,320,uniform_fallback,0,71,18,26,2,4,6
1152,CricketShot,CricketShot/v_CricketShot_g02_c01.avi,105,240,320,uniform_fallback,0,104,26,38,2,11,3
1153,CricketShot,CricketShot/v_CricketShot_g02_c05.avi,127,240,320,uniform_fallback,0,126,111,126,7,6,1
1154,CricketShot,CricketShot/v_CricketShot_g02_c06.avi,96,240,320,uniform_fallback,0,95,12,23,1,15,6
1155,CricketShot,CricketShot/v_CricketShot_g03_c01.avi,92,240,320,uniform_fallback,0,91,34,45,3,9,10
1156,CricketShot,CricketShot/v_CricketShot_g03_c04.avi,101,240,320,uniform_fallback,0,100,50,62,4,2,8
1157,CricketShot,CricketShot/v_CricketShot_g03_c05.avi,105,240,320,uniform_fallback,0,104,52,65,4,10,4
1158,CricketShot,CricketShot/v_CricketShot_g04_c04.avi,75,240,320,uniform_fallback,0,74,9,18,1,5,11
1159,CricketShot,CricketShot/v_CricketShot_g04_c05.avi,84,240,320,uniform_fallback,0,83,73,83,7,1,4
1160,CricketShot,CricketShot/v_CricketShot_g04_c07.avi,88,240,320,uniform_fallback,0,87,77,87,7,11,4
1161,CricketShot,CricketShot/v_CricketShot_g05_c04.avi,57,240,320,uniform_fallback,0,56,49,56,7,0,3
1162,CricketShot,CricketShot/v_CricketShot_g05_c05.avi,56,240,320,uniform_fallback,0,55,0,6,0,8,13
1163,CricketShot,CricketShot/v_CricketShot_g06_c07.avi,100,240,320,uniform_fallback,0,99,0,12,0,8,0
1164,CricketShot,CricketShot/v_CricketShot_g07_c03.avi,134,240,320,center_stride,3,130,51,66,3,6,13
1165,CricketShot,CricketShot/v_CricketShot_g07_c04.avi,118,240,320,uniform_fallback,0,117,88,102,6,7,15
1166,CricketShot,CricketShot/v_CricketShot_g07_c06.avi,99,240,320,uniform_fallback,0,98,0,12,0,10,12
1167,CricketShot,CricketShot/v_CricketShot_g08_c03.avi,53,240,320,uniform_fallback,0,52,7,13,1,12,1
1168,CricketShot,CricketShot/v_CricketShot_g08_c07.avi,94,240,320,uniform_fallback,0,93,47,58,4,11,5
1169,CricketShot,CricketShot/v_CricketShot_g09_c02.avi,74,240,320,uniform_fallback,0,73,0,9,0,5,10
1170,CricketShot,CricketShot/v_CricketShot_g09_c04.avi,74,240,320,uniform_fallback,0,73,64,73,7,12,2
1171,CricketShot,CricketShot/v_CricketShot_g09_c07.avi,60,240,320,uniform_fallback,0,59,15,22,2,10,14
1172,CricketShot,CricketShot/v_CricketShot_g10_c01.avi,113,240,320,uniform_fallback,0,112,0,13,0,15,8
1173,CricketShot,CricketShot/v_CricketShot_g10_c04.avi,52,240,320,uniform_fallback,0,51,19,25,3,12,14
1174,CricketShot,CricketShot/v_CricketShot_g10_c05.avi,80,240,320,uniform_fallback,0,79,20,29,2,7,14
1175,CricketShot,CricketShot/v_CricketShot_g11_c01.avi,132,240,320,center_stride,2,129,114,129,7,9,8
1176,CricketShot,CricketShot/v_CricketShot_g11_c02.avi,134,240,320,center_stride,3,130,19,34,1,13,2
1177,CricketShot,CricketShot/v_CricketShot_g11_c05.avi,96,240,320,uniform_fallback,0,95,24,35,2,1,11
1178,CricketShot,CricketShot/v_CricketShot_g11_c07.avi,134,240,320,center_stride,3,130,51,66,3,3,13
1179,CricketShot,CricketShot/v_CricketShot_g12_c03.avi,89,240,320,uniform_fallback,0,88,22,33,2,8,10
1180,CricketShot,CricketShot/v_CricketShot_g12_c05.avi,100,240,320,uniform_fallback,0,99,87,99,7,15,5
1181,CricketShot,CricketShot/v_CricketShot_g13_c02.avi,52,240,320,uniform_fallback,0,51,45,51,7,7,1
1182,CricketShot,CricketShot/v_CricketShot_g14_c01.avi,105,240,320,uniform_fallback,0,104,52,65,4,4,1
1183,CricketShot,CricketShot/v_CricketShot_g14_c07.avi,122,240,320,uniform_fallback,0,121,107,121,7,9,8
1184,CricketShot,CricketShot/v_CricketShot_g15_c01.avi,63,240,320,uniform_fallback,0,62,47,54,6,4,13
1185,CricketShot,CricketShot/v_CricketShot_g15_c05.avi,66,240,320,uniform_fallback,0,65,33,40,4,12,4
1186,CricketShot,CricketShot/v_CricketShot_g16_c02.avi,100,240,320,uniform_fallback,0,99,50,62,4,6,11
1187,CricketShot,CricketShot/v_CricketShot_g16_c07.avi,50,240,320,uniform_fallback,0,49,43,49,7,1,10
1188,CricketShot,CricketShot/v_CricketShot_g17_c03.avi,106,240,320,uniform_fallback,0,105,26,39,2,6,13
1189,CricketShot,CricketShot/v_CricketShot_g18_c02.avi,85,240,320,uniform_fallback,0,84,42,52,4,2,0
1190,CricketShot,CricketShot/v_CricketShot_g19_c02.avi,55,240,320,uniform_fallback,0,54,14,20,2,4,6
1191,CricketShot,CricketShot/v_CricketShot_g19_c05.avi,87,240,320,uniform_fallback,0,86,33,43,3,10,5
1192,CricketShot,CricketShot/v_CricketShot_g20_c03.avi,136,240,320,center_stride,4,131,52,67,3,2,0
1193,CricketShot,CricketShot/v_CricketShot_g20_c05.avi,62,240,320,uniform_fallback,0,61,46,53,6,2,15
1194,CricketShot,CricketShot/v_CricketShot_g20_c06.avi,89,240,320,uniform_fallback,0,88,67,77,6,10,8
1195,CricketShot,CricketShot/v_CricketShot_g21_c06.avi,101,240,320,uniform_fallback,0,100,0,12,0,10,8
1196,CricketShot,CricketShot/v_CricketShot_g22_c04.avi,132,240,320,center_stride,2,129,66,81,4,13,0
1197,CricketShot,CricketShot/v_CricketShot_g22_c06.avi,136,240,320,center_stride,4,131,4,19,0,15,7
1198,CricketShot,CricketShot/v_CricketShot_g23_c05.avi,141,240,320,center_stride,6,133,6,21,0,5,14
1199,CricketShot,CricketShot/v_CricketShot_g25_c05.avi,79,240,320,uniform_fallback,0,78,39,49,4,5,2
1200,CuttingInKitchen,CuttingInKitchen/v_CuttingInKitchen_g01_c03.avi,162,240,320,center_stride,17,144,65,80,3,11,15
1201,CuttingInKitchen,CuttingInKitchen/v_CuttingInKitchen_g01_c04.avi,169,240,320,center_stride,20,147,100,115,5,10,11
1202,CuttingInKitchen,CuttingInKitchen/v_CuttingInKitchen_g01_c05.avi,219,240,320,center_stride,45,172,141,156,6,4,15
1203,CuttingInKitchen,CuttingInKitchen/v_CuttingInKitchen_g03_c02.avi,201,240,320,center_stride,36,163,148,163,7,3,4
1204,CuttingInKitchen,CuttingInKitchen/v_CuttingInKitchen_g04_c02.avi,152,240,320,center_stride,12,139,92,107,5,14,7
1205,CuttingInKitchen,CuttingInKitchen/v_CuttingInKitchen_g04_c03.avi,141,240,320,center_stride,6,133,86,101,5,9,12
1206,CuttingInKitchen,CuttingInKitchen/v_CuttingInKitchen_g04_c04.avi,182,240,320,center_stride,27,154,27,42,0,12,1
1207,CuttingInKitchen,CuttingInKitchen/v_CuttingInKitchen_g04_c05.avi,208,240,320,center_stride,40,167,104,119,4,14,10
1208,CuttingInKitchen,CuttingInKitchen/v_CuttingInKitchen_g05_c02.avi,234,240,320,center_stride,53,180,69,84,1,1,2
1209,CuttingInKitchen,CuttingInKitchen/v_CuttingInKitchen_g05_c04.avi,232,240,320,center_stride,52,179,84,99,2,8,12
1210,CuttingInKitchen,CuttingInKitchen/v_CuttingInKitchen_g06_c01.avi,243,240,320,center_stride,57,184,89,104,2,3,11
1211,CuttingInKitchen,CuttingInKitchen/v_CuttingInKitchen_g06_c02.avi,273,240,320,center_stride,72,199,184,199,7,13,6
1212,CuttingInKitchen,CuttingInKitchen/v_CuttingInKitchen_g06_c03.avi,226,240,320,center_stride,49,176,113,128,4,14,3
1213,CuttingInKitchen,CuttingInKitchen/v_CuttingInKitchen_g07_c01.avi,81,240,320,uniform_fallback,0,80,30,40,3,3,11
1214,CuttingInKitchen,CuttingInKitchen/v_CuttingInKitchen_g07_c02.avi,64,240,320,uniform_fallback,0,63,16,23,2,9,11
1215,CuttingInKitchen,CuttingInKitchen/v_CuttingInKitchen_g07_c04.avi,98,240,320,uniform_fallback,0,97,24,36,2,11,6
1216,CuttingInKitchen,CuttingInKitchen/v_CuttingInKitchen_g08_c01.avi,190,240,320,center_stride,31,158,31,46,0,11,7
1217,CuttingInKitchen,CuttingInKitchen/v_CuttingInKitchen_g08_c03.avi,253,240,320,center_stride,62,189,94,109,2,11,2
1218,CuttingInKitchen,CuttingInKitchen/v_CuttingInKitchen_g09_c01.avi,209,240,320,center_stride,40,167,56,71,1,1,6
1219,CuttingInKitchen,CuttingInKitchen/v_CuttingInKitchen_g09_c03.avi,158,240,320,center_stride,15,142,127,142,7,11,15
1220,CuttingInKitchen,CuttingInKitchen/v_CuttingInKitchen_g10_c01.avi,319,240,320,center_stride,95,222,143,158,3,13,5
1221,CuttingInKitchen,CuttingInKitchen/v_CuttingInKitchen_g10_c03.avi,328,240,320,center_stride,100,227,116,131,1,8,1
1222,CuttingInKitchen,CuttingInKitchen/v_CuttingInKitchen_g10_c04.avi,285,240,320,center_stride,78,205,158,173,5,4,2
1223,CuttingInKitchen,CuttingInKitchen/v_CuttingInKitchen_g10_c06.avi,155,240,320,center_stride,13,140,13,28,0,14,11
1224,CuttingInKitchen,CuttingInKitchen/v_CuttingInKitchen_g11_c01.avi,119,240,320,uniform_fallback,0,118,74,88,5,12,14
1225,CuttingInKitchen,CuttingInKitchen/v_CuttingInKitchen_g11_c04.avi,54,240,320,uniform_fallback,0,53,40,46,6,0,6
1226,CuttingInKitchen,CuttingInKitchen/v_CuttingInKitchen_g12_c02.avi,110,240,320,uniform_fallback,0,109,55,68,4,1,14
1227,CuttingInKitchen,CuttingInKitchen/v_CuttingInKitchen_g12_c03.avi,149,240,320,center_stride,10,137,58,73,3,5,9
1228,CuttingInKitchen,CuttingInKitchen/v_CuttingInKitchen_g12_c04.avi,116,240,320,uniform_fallback,0,115,0,14,0,13,2
1229,CuttingInKitchen,CuttingInKitchen/v_CuttingInKitchen_g13_c01.avi,148,240,320,center_stride,10,137,42,57,2,3,14
1230,CuttingInKitchen,CuttingInKitchen/v_CuttingInKitchen_g13_c03.avi,146,240,320,center_stride,9,136,89,104,5,8,12
1231,CuttingInKitchen,CuttingInKitchen/v_CuttingInKitchen_g13_c04.avi,138,240,320,center_stride,5,132,21,36,1,6,1
1232,CuttingInKitchen,CuttingInKitchen/v_CuttingInKitchen_g14_c03.avi,104,240,320,uniform_fallback,0,103,13,25,1,7,13
1233,CuttingInKitchen,CuttingInKitchen/v_CuttingInKitchen_g14_c04.avi,98,240,320,uniform_fallback,0,97,73,85,6,4,11
1234,CuttingInKitchen,CuttingInKitchen/v_CuttingInKitchen_g16_c01.avi,176,240,320,center_stride,24,151,136,151,7,8,15
1235,CuttingInKitchen,CuttingInKitchen/v_CuttingInKitchen_g16_c03.avi,206,240,320,center_stride,39,166,87,102,3,3,7
1236,CuttingInKitchen,CuttingInKitchen/v_CuttingInKitchen_g17_c01.avi,185,240,320,center_stride,28,155,140,155,7,4,3
1237,CuttingInKitchen,CuttingInKitchen/v_CuttingInKitchen_g17_c02.avi,180,240,320,center_stride,26,153,138,153,7,8,8
1238,CuttingInKitchen,CuttingInKitchen/v_CuttingInKitchen_g19_c02.avi,49,240,320,uniform_fallback,0,48,30,36,5,0,11
1239,CuttingInKitchen,CuttingInKitchen/v_CuttingInKitchen_g20_c01.avi,289,240,320,center_stride,80,207,128,143,3,2,5
1240,CuttingInKitchen,CuttingInKitchen/v_CuttingInKitchen_g20_c02.avi,277,240,320,center_stride,74,201,186,201,7,15,15
1241,CuttingInKitchen,CuttingInKitchen/v_CuttingInKitchen_g20_c04.avi,276,240,320,center_stride,74,201,154,169,5,0,9
1242,CuttingInKitchen,CuttingInKitchen/v_CuttingInKitchen_g21_c03.avi,170,240,320,center_stride,21,148,69,84,3,4,10
1243,CuttingInKitchen,CuttingInKitchen/v_CuttingInKitchen_g21_c04.avi,175,240,320,center_stride,23,150,103,118,5,4,12
1244,CuttingInKitchen,CuttingInKitchen/v_CuttingInKitchen_g22_c02.avi,177,240,320,center_stride,24,151,72,87,3,0,8
1245,CuttingInKitchen,CuttingInKitchen/v_CuttingInKitchen_g22_c04.avi,261,240,320,center_stride,66,193,162,177,6,13,6
1246,CuttingInKitchen,CuttingInKitchen/v_CuttingInKitchen_g23_c02.avi,120,240,320,uniform_fallback,0,119,45,59,3,5,5
1247,CuttingInKitchen,CuttingInKitchen/v_CuttingInKitchen_g23_c03.avi,99,240,320,uniform_fallback,0,98,25,36,2,3,4
1248,CuttingInKitchen,CuttingInKitchen/v_CuttingInKitchen_g24_c01.avi,194,240,320,center_stride,33,160,33,48,0,11,9
1249,CuttingInKitchen,CuttingInKitchen/v_CuttingInKitchen_g24_c03.avi,177,240,320,center_stride,24,151,40,55,1,1,3
1250,Diving,Diving/v_Diving_g01_c01.avi,259,240,320,center_stride,65,192,161,176,6,12,0
1251,Diving,Diving/v_Diving_g01_c06.avi,255,240,320,center_stride,63,190,111,126,3,0,13
1252,Diving,Diving/v_Diving_g02_c01.avi,134,240,320,center_stride,3,130,67,82,4,5,0
1253,Diving,Diving/v_Diving_g02_c05.avi,200,240,320,center_stride,36,163,132,147,6,3,4
1254,Diving,Diving/v_Diving_g02_c06.avi,152,240,320,center_stride,12,139,108,123,6,2,10
1255,Diving,Diving/v_Diving_g03_c01.avi,192,240,320,center_stride,32,159,80,95,3,9,7
1256,Diving,Diving/v_Diving_g03_c07.avi,103,240,320,uniform_fallback,0,102,0,12,0,9,4
1257,Diving,Diving/v_Diving_g04_c02.avi,98,240,320,uniform_fallback,0,97,0,11,0,10,13
1258,Diving,Diving/v_Diving_g04_c06.avi,120,240,320,uniform_fallback,0,119,0,14,0,10,9
1259,Diving,Diving/v_Diving_g05_c01.avi,110,240,320,uniform_fallback,0,109,96,109,7,10,0
1260,Diving,Diving/v_Diving_g05_c04.avi,130,240,320,center_stride,1,128,65,80,4,13,11
1261,Diving,Diving/v_Diving_g07_c01.avi,179,240,320,center_stride,25,152,25,40,0,5,3
1262,Diving,Diving/v_Diving_g08_c05.avi,155,240,320,center_stride,13,140,125,140,7,14,14
1263,Diving,Diving/v_Diving_g09_c01.avi,192,240,320,center_stride,32,159,80,95,3,9,1
1264,Diving,Diving/v_Diving_g09_c04.avi,176,240,320,center_stride,24,151,56,71,2,3,11
1265,Diving,Diving/v_Diving_g09_c05.avi,113,240,320,uniform_fallback,0,112,0,13,0,7,12
1266,Diving,Diving/v_Diving_g09_c06.avi,113,240,320,uniform_fallback,0,112,56,70,4,4,7
1267,Diving,Diving/v_Diving_g09_c07.avi,115,240,320,uniform_fallback,0,114,29,42,2,2,3
1268,Diving,Diving/v_Diving_g10_c01.avi,136,240,320,center_stride,4,131,84,99,5,3,2
1269,Diving,Diving/v_Diving_g10_c03.avi,104,240,320,uniform_fallback,0,103,26,38,2,14,12
1270,Diving,Diving/v_Diving_g10_c04.avi,101,240,320,uniform_fallback,0,100,88,100,7,4,6
1271,Diving,Diving/v_Diving_g11_c05.avi,170,240,320,center_stride,21,148,69,84,3,14,12
1272,Diving,Diving/v_Diving_g12_c01.avi,161,240,320,center_stride,16,143,96,111,5,5,10
1273,Diving,Diving/v_Diving_g12_c02.avi,158,240,320,center_stride,15,142,127,142,7,2,4
1274,Diving,Diving/v_Diving_g12_c03.avi,191,240,320,center_stride,31,158,95,110,4,4,4
1275,Diving,Diving/v_Diving_g12_c06.avi,308,240,320,center_stride,90,217,170,185,5,10,12
1276,Diving,Diving/v_Diving_g13_c01.avi,226,240,320,center_stride,49,176,81,96,2,7,11
1277,Diving,Diving/v_Diving_g13_c06.avi,128,240,320,center_stride,0,127,32,47,2,14,5
1278,Diving,Diving/v_Diving_g14_c01.avi,218,240,320,center_stride,45,172,157,172,7,13,2
1279,Diving,Diving/v_Diving_g14_c02.avi,304,240,320,center_stride,88,215,136,151,3,12,6
1280,Diving,Diving/v_Diving_g15_c02.avi,201,240,320,center_stride,36,163,84,99,3,9,3
1281,Diving,Diving/v_Diving_g15_c03.avi,143,240,320,center_stride,7,134,55,70,3,15,5
1282,Diving,Diving/v_Diving_g16_c01.avi,310,240,320,center_stride,91,218,187,202,6,2,11
1283,Diving,Diving/v_Diving_g16_c02.avi,172,240,320,center_stride,22,149,102,117,5,3,13
1284,Diving,Diving/v_Diving_g17_c01.avi,301,240,320,center_stride,86,213,86,101,0,0,14
1285,Diving,Diving/v_Diving_g18_c02.avi,72,240,320,uniform_fallback,0,71,9,17,1,9,2
1286,Diving,Diving/v_Diving_g19_c04.avi,207,240,320,center_stride,39,166,39,54,0,7,6
1287,Diving,Diving/v_Diving_g20_c04.avi,151,240,320,center_stride,11,138,27,42,1,1,12
1288,Diving,Diving/v_Diving_g20_c05.avi,92,240,320,uniform_fallback,0,91,0,11,0,12,6
1289,Diving,Diving/v_Diving_g21_c05.avi,181,240,320,center_stride,26,153,58,73,2,8,6
1290,Diving,Diving/v_Diving_g21_c06.avi,192,240,320,center_stride,32,159,48,63,1,4,14
1291,Diving,Diving/v_Diving_g21_c07.avi,182,240,320,center_stride,27,154,75,90,3,10,14
1292,Diving,Diving/v_Diving_g22_c01.avi,149,240,320,center_stride,10,137,122,137,7,7,1
1293,Diving,Diving/v_Diving_g22_c03.avi,136,240,320,center_stride,4,131,116,131,7,5,12
1294,Diving,Diving/v_Diving_g22_c05.avi,162,240,320,center_stride,17,144,97,112,5,15,2
1295,Diving,Diving/v_Diving_g23_c03.avi,160,240,320,center_stride,16,143,112,127,6,15,0
1296,Diving,Diving/v_Diving_g23_c05.avi,189,240,320,center_stride,30,157,142,157,7,15,10
1297,Diving,Diving/v_Diving_g23_c06.avi,385,240,320,center_stride,128,255,224,239,6,12,6
1298,Diving,Diving/v_Diving_g24_c01.avi,112,240,320,uniform_fallback,0,111,56,69,4,0,14
1299,Diving,Diving/v_Diving_g24_c06.avi,170,240,320,center_stride,21,148,101,116,5,11,8
1300,Drumming,Drumming/v_Drumming_g01_c01.avi,300,240,320,center_stride,86,213,102,117,1,0,2
1301,Drumming,Drumming/v_Drumming_g01_c04.avi,300,240,320,center_stride,86,213,198,213,7,14,6
1302,Drumming,Drumming/v_Drumming_g01_c06.avi,300,240,320,center_stride,86,213,134,149,3,11,14
1303,Drumming,Drumming/v_Drumming_g02_c04.avi,300,240,320,center_stride,86,213,166,181,5,15,10
1304,Drumming,Drumming/v_Drumming_g03_c02.avi,231,240,320,center_stride,51,178,51,66,0,5,5
1305,Drumming,Drumming/v_Drumming_g03_c03.avi,111,240,320,uniform_fallback,0,110,28,41,2,9,3
1306,Drumming,Drumming/v_Drumming_g03_c05.avi,153,240,320,center_stride,12,139,108,123,6,5,1
1307,Drumming,Drumming/v_Drumming_g04_c01.avi,300,240,320,center_stride,86,213,166,181,5,14,6
1308,Drumming,Drumming/v_Drumming_g04_c07.avi,300,240,320,center_stride,86,213,182,197,6,7,11
1309,Drumming,Drumming/v_Drumming_g05_c03.avi,176,240,320,center_stride,24,151,104,119,5,8,5
1310,Drumming,Drumming/v_Drumming_g05_c06.avi,211,240,320,center_stride,41,168,121,136,5,1,13
1311,Drumming,Drumming/v_Drumming_g06_c02.avi,300,240,320,center_stride,86,213,182,197,6,3,12
1312,Drumming,Drumming/v_Drumming_g06_c03.avi,300,240,320,center_stride,86,213,86,101,0,4,12
1313,Drumming,Drumming/v_Drumming_g07_c02.avi,300,240,320,center_stride,86,213,182,197,6,5,2
1314,Drumming,Drumming/v_Drumming_g07_c04.avi,300,240,320,center_stride,86,213,118,133,2,13,2
1315,Drumming,Drumming/v_Drumming_g07_c07.avi,300,240,320,center_stride,86,213,166,181,5,14,14
1316,Drumming,Drumming/v_Drumming_g08_c02.avi,300,240,320,center_stride,86,213,166,181,5,5,4
1317,Drumming,Drumming/v_Drumming_g09_c01.avi,300,240,320,center_stride,86,213,166,181,5,12,10
1318,Drumming,Drumming/v_Drumming_g10_c01.avi,300,240,320,center_stride,86,213,102,117,1,8,4
1319,Drumming,Drumming/v_Drumming_g10_c06.avi,300,240,320,center_stride,86,213,102,117,1,9,10
1320,Drumming,Drumming/v_Drumming_g10_c07.avi,300,240,320,center_stride,86,213,150,165,4,5,7
1321,Drumming,Drumming/v_Drumming_g11_c03.avi,300,240,320,center_stride,86,213,166,181,5,0,2
1322,Drumming,Drumming/v_Drumming_g11_c05.avi,300,240,320,center_stride,86,213,198,213,7,3,15
1323,Drumming,Drumming/v_Drumming_g11_c06.avi,300,240,320,center_stride,86,213,102,117,1,0,3
1324,Drumming,Drumming/v_Drumming_g12_c03.avi,300,240,320,center_stride,86,213,86,101,0,5,2
1325,Drumming,Drumming/v_Drumming_g12_c07.avi,300,240,320,center_stride,86,213,102,117,1,1,11
1326,Drumming,Drumming/v_Drumming_g13_c06.avi,300,240,320,center_stride,86,213,198,213,7,13,13
1327,Drumming,Drumming/v_Drumming_g13_c07.avi,300,240,320,center_stride,86,213,150,165,4,11,15
1328,Drumming,Drumming/v_Drumming_g14_c06.avi,300,240,320,center_stride,86,213,150,165,4,15,4
1329,Drumming,Drumming/v_Drumming_g15_c02.avi,300,240,320,center_stride,86,213,182,197,6,14,13
1330,Drumming,Drumming/v_Drumming_g15_c06.avi,300,240,320,center_stride,86,213,150,165,4,9,2
1331,Drumming,Drumming/v_Drumming_g16_c02.avi,300,240,320,center_stride,86,213,198,213,7,4,8
1332,Drumming,Drumming/v_Drumming_g16_c05.avi,300,240,320,center_stride,86,213,166,181,5,14,5
1333,Drumming,Drumming/v_Drumming_g16_c06.avi,300,240,320,center_stride,86,213,198,213,7,2,1
1334,Drumming,Drumming/v_Drumming_g18_c02.avi,289,240,320,center_stride,80,207,192,207,7,12,8
1335,Drumming,Drumming/v_Drumming_g18_c06.avi,300,240,320,center_stride,86,213,118,133,2,3,3
1336,Drumming,Drumming/v_Drumming_g19_c01.avi,300,240,320,center_stride,86,213,118,133,2,15,13
1337,Drumming,Drumming/v_Drumming_g19_c03.avi,300,240,320,center_stride,86,213,86,101,0,8,10
1338,Drumming,Drumming/v_Drumming_g19_c04.avi,300,240,320,center_stride,86,213,182,197,6,11,13
1339,Drumming,Drumming/v_Drumming_g19_c06.avi,300,240,320,center_stride,86,213,134,149,3,2,14
1340,Drumming,Drumming/v_Drumming_g19_c07.avi,300,240,320,center_stride,86,213,150,165,4,8,13
1341,Drumming,Drumming/v_Drumming_g20_c06.avi,300,240,320,center_stride,86,213,198,213,7,11,2
1342,Drumming,Drumming/v_Drumming_g21_c03.avi,300,240,320,center_stride,86,213,118,133,2,1,12
1343,Drumming,Drumming/v_Drumming_g21_c06.avi,300,240,320,center_stride,86,213,166,181,5,9,8
1344,Drumming,Drumming/v_Drumming_g21_c07.avi,300,240,320,center_stride,86,213,182,197,6,14,0
1345,Drumming,Drumming/v_Drumming_g23_c01.avi,300,240,320,center_stride,86,213,166,181,5,2,10
1346,Drumming,Drumming/v_Drumming_g23_c04.avi,300,240,320,center_stride,86,213,102,117,1,4,15
1347,Drumming,Drumming/v_Drumming_g25_c02.avi,300,240,320,center_stride,86,213,198,213,7,11,11
1348,Drumming,Drumming/v_Drumming_g25_c03.avi,300,240,320,center_stride,86,213,102,117,1,0,1
1349,Drumming,Drumming/v_Drumming_g25_c07.avi,300,240,320,center_stride,86,213,182,197,6,6,6
1350,Fencing,Fencing/v_Fencing_g01_c01.avi,147,240,320,center_stride,9,136,105,120,6,10,13
1351,Fencing,Fencing/v_Fencing_g01_c03.avi,147,240,320,center_stride,9,136,105,120,6,4,1
1352,Fencing,Fencing/v_Fencing_g01_c05.avi,136,240,320,center_stride,4,131,116,131,7,2,3
1353,Fencing,Fencing/v_Fencing_g01_c06.avi,174,240,320,center_stride,23,150,71,86,3,2,7
1354,Fencing,Fencing/v_Fencing_g02_c01.avi,142,240,320,center_stride,7,134,7,22,0,3,4
1355,Fencing,Fencing/v_Fencing_g02_c04.avi,119,240,320,uniform_fallback,0,118,45,59,3,0,0
1356,Fencing,Fencing/v_Fencing_g02_c05.avi,136,240,320,center_stride,4,131,84,99,5,13,1
1357,Fencing,Fencing/v_Fencing_g03_c01.avi,120,240,320,uniform_fallback,0,119,45,59,3,12,5
1358,Fencing,Fencing/v_Fencing_g04_c02.avi,136,240,320,center_stride,4,131,84,99,5,1,3
1359,Fencing,Fencing/v_Fencing_g05_c01.avi,139,240,320,center_stride,5,132,53,68,3,12,13
1360,Fencing,Fencing/v_Fencing_g05_c02.avi,120,240,320,uniform_fallback,0,119,105,119,7,12,0
1361,Fencing,Fencing/v_Fencing_g06_c01.avi,142,240,320,center_stride,7,134,55,70,3,12,1
1362,Fencing,Fencing/v_Fencing_g07_c03.avi,111,240,320,uniform_fallback,0,110,69,82,5,3,10
1363,Fencing,Fencing/v_Fencing_g08_c02.avi,110,240,320,uniform_fallback,0,109,96,109,7,9,0
1364,Fencing,Fencing/v_Fencing_g09_c01.avi,127,240,320,uniform_fallback,0,126,79,94,5,14,5
1365,Fencing,Fencing/v_Fencing_g09_c04.avi,144,240,320,center_stride,8,135,24,39,1,11,3
1366,Fencing,Fencing/v_Fencing_g09_c06.avi,156,240,320,center_stride,14,141,110,125,6,5,10
1367,Fencing,Fencing/v_Fencing_g10_c03.avi,127,240,320,uniform_fallback,0,126,111,126,7,5,12
1368,Fencing,Fencing/v_Fencing_g10_c04.avi,133,240,320,center_stride,2,129,50,65,3,5,14
1369,Fencing,Fencing/v_Fencing_g11_c02.avi,121,240,320,uniform_fallback,0,120,106,120,7,6,13
1370,Fencing,Fencing/v_Fencing_g11_c03.avi,134,240,320,center_stride,3,130,67,82,4,5,2
1371,Fencing,Fencing/v_Fencing_g11_c04.avi,124,240,320,uniform_fallback,0,123,62,77,4,0,15
1372,Fencing,Fencing/v_Fencing_g13_c03.avi,109,240,320,uniform_fallback,0,108,14,26,1,9,3
1373,Fencing,Fencing/v_Fencing_g13_c04.avi,115,240,320,uniform_fallback,0,114,86,100,6,5,8
1374,Fencing,Fencing/v_Fencing_g14_c01.avi,136,240,320,center_stride,4,131,116,131,7,13,13
1375,Fencing,Fencing/v_Fencing_g14_c02.avi,124,240,320,uniform_fallback,0,123,0,15,0,6,5
1376,Fencing,Fencing/v_Fencing_g14_c03.avi,144,240,320,center_stride,8,135,88,103,5,3,3
1377,Fencing,Fencing/v_Fencing_g14_c04.avi,142,240,320,center_stride,7,134,55,70,3,5,14
1378,Fencing,Fencing/v_Fencing_g15_c04.avi,145,240,320,center_stride,8,135,72,87,4,9,15
1379,Fencing,Fencing/v_Fencing_g16_c01.avi,124,240,320,uniform_fallback,0,123,31,46,2,0,2
1380,Fencing,Fencing/v_Fencing_g16_c02.avi,125,240,320,uniform_fallback,0,124,78,93,5,7,14
1381,Fencing,Fencing/v_Fencing_g16_c04.avi,134,240,320,center_stride,3,130,51,66,3,8,13
1382,Fencing,Fencing/v_Fencing_g17_c01.avi,139,240,320,center_stride,5,132,53,68,3,12,12
1383,Fencing,Fencing/v_Fencing_g17_c03.avi,125,240,320,uniform_fallback,0,124,62,77,4,12,4
1384,Fencing,Fencing/v_Fencing_g18_c01.avi,128,240,320,center_stride,0,127,80,95,5,14,5
1385,Fencing,Fencing/v_Fencing_g18_c03.avi,137,240,320,center_stride,4,131,100,115,6,9,10
1386,Fencing,Fencing/v_Fencing_g19_c02.avi,146,240,320,center_stride,9,136,25,40,1,6,14
1387,Fencing,Fencing/v_Fencing_g19_c04.avi,131,240,320,center_stride,1,128,65,80,4,8,13
1388,Fencing,Fencing/v_Fencing_g20_c02.avi,129,240,320,center_stride,0,127,16,31,1,7,14
1389,Fencing,Fencing/v_Fencing_g20_c04.avi,126,240,320,uniform_fallback,0,125,94,109,6,3,9
1390,Fencing,Fencing/v_Fencing_g21_c02.avi,125,240,320,uniform_fallback,0,124,31,46,2,3,6
1391,Fencing,Fencing/v_Fencing_g22_c01.avi,136,240,320,center_stride,4,131,100,115,6,13,0
1392,Fencing,Fencing/v_Fencing_g22_c02.avi,124,240,320,uniform_fallback,0,123,108,123,7,1,10
1393,Fencing,Fencing/v_Fencing_g23_c01.avi,138,240,320,center_stride,5,132,101,116,6,1,6
1394,Fencing,Fencing/v_Fencing_g23_c02.avi,127,240,320,uniform_fallback,0,126,63,78,4,6,14
1395,Fencing,Fencing/v_Fencing_g23_c04.avi,129,240,320,center_stride,0,127,0,15,0,11,3
1396,Fencing,Fencing/v_Fencing_g24_c01.avi,136,240,320,center_stride,4,131,52,67,3,6,2
1397,Fencing,Fencing/v_Fencing_g24_c02.avi,120,240,320,uniform_fallback,0,119,0,14,0,12,7
1398,Fencing,Fencing/v_Fencing_g25_c03.avi,131,240,320,center_stride,1,128,97,112,6,12,5
1399,Fencing,Fencing/v_Fencing_g25_c04.avi,130,240,320,center_stride,1,128,33,48,2,5,11
1400,FieldHockeyPenalty,FieldHockeyPenalty/v_FieldHockeyPenalty_g01_c01.avi,131,240,320,center_stride,1,128,97,112,6,13,13
1401,FieldHockeyPenalty,FieldHockeyPenalty/v_FieldHockeyPenalty_g01_c03.avi,101,240,320,uniform_fallback,0,100,88,100,7,2,0
1402,FieldHockeyPenalty,FieldHockeyPenalty/v_FieldHockeyPenalty_g01_c05.avi,144,240,320,center_stride,8,135,88,103,5,2,13
1403,FieldHockeyPenalty,FieldHockeyPenalty/v_FieldHockeyPenalty_g03_c02.avi,82,240,320,uniform_fallback,0,81,10,20,1,7,13
1404,FieldHockeyPenalty,FieldHockeyPenalty/v_FieldHockeyPenalty_g03_c03.avi,34,240,320,uniform_fallback,0,33,12,16,3,15,5
1405,FieldHockeyPenalty,FieldHockeyPenalty/v_FieldHockeyPenalty_g04_c01.avi,66,240,320,uniform_fallback,0,65,25,32,3,8,3
1406,FieldHockeyPenalty,FieldHockeyPenalty/v_FieldHockeyPenalty_g04_c02.avi,65,240,320,uniform_fallback,0,64,48,56,6,3,8
1407,FieldHockeyPenalty,FieldHockeyPenalty/v_FieldHockeyPenalty_g04_c03.avi,82,240,320,uniform_fallback,0,81,61,71,6,8,1
1408,FieldHockeyPenalty,FieldHockeyPenalty/v_FieldHockeyPenalty_g04_c07.avi,57,240,320,uniform_fallback,0,56,28,35,4,14,12
1409,FieldHockeyPenalty,FieldHockeyPenalty/v_FieldHockeyPenalty_g05_c02.avi,77,240,320,uniform_fallback,0,76,57,66,6,12,14
1410,FieldHockeyPenalty,FieldHockeyPenalty/v_FieldHockeyPenalty_g05_c07.avi,107,240,320,uniform_fallback,0,106,40,53,3,2,4
1411,FieldHockeyPenalty,FieldHockeyPenalty/v_FieldHockeyPenalty_g06_c02.avi,171,240,320,center_stride,21,148,133,148,7,12,10
1412,FieldHockeyPenalty,FieldHockeyPenalty/v_FieldHockeyPenalty_g06_c03.avi,170,240,320,center_stride,21,148,37,52,1,12,15
1413,FieldHockeyPenalty,FieldHockeyPenalty/v_FieldHockeyPenalty_g06_c05.avi,128,240,320,center_stride,0,127,96,111,6,11,9
1414,FieldHockeyPenalty,FieldHockeyPenalty/v_FieldHockeyPenalty_g07_c02.avi,81,240,320,uniform_fallback,0,80,30,40,3,0,5
1415,FieldHockeyPenalty,FieldHockeyPenalty/v_FieldHockeyPenalty_g09_c04.avi,159,240,320,center_stride,15,142,31,46,1,13,12
1416,FieldHockeyPenalty,FieldHockeyPenalty/v_FieldHockeyPenalty_g09_c05.avi,147,240,320,center_stride,9,136,25,40,1,5,8
1417,FieldHockeyPenalty,FieldHockeyPenalty/v_FieldHockeyPenalty_g10_c01.avi,186,240,320,center_stride,29,156,93,108,4,10,4
1418,FieldHockeyPenalty,FieldHockeyPenalty/v_FieldHockeyPenalty_g10_c05.avi,178,240,320,center_stride,25,152,57,72,2,5,2
1419,FieldHockeyPenalty,FieldHockeyPenalty/v_FieldHockeyPenalty_g11_c03.avi,138,240,320,center_stride,5,132,117,132,7,10,11
1420,FieldHockeyPenalty,FieldHockeyPenalty/v_FieldHockeyPenalty_g11_c04.avi,217,240,320,center_stride,44,171,92,107,3,10,7
1421,FieldHockeyPenalty,FieldHockeyPenalty/v_FieldHockeyPenalty_g12_c06.avi,120,240,320,uniform_fallback,0,119,90,104,6,8,6
1422,FieldHockeyPenalty,FieldHockeyPenalty/v_FieldHockeyPenalty_g13_c01.avi,126,240,320,uniform_fallback,0,125,31,46,2,6,6
1423,FieldHockeyPenalty,FieldHockeyPenalty/v_FieldHockeyPenalty_g13_c03.avi,181,240,320,center_stride,26,153,42,57,1,1,14
1424,FieldHockeyPenalty,FieldHockeyPenalty/v_FieldHockeyPenalty_g14_c07.avi,150,240,320,center_stride,11,138,11,26,0,2,7
1425,FieldHockeyPenalty,FieldHockeyPenalty/v_FieldHockeyPenalty_g15_c01.avi,93,240,320,uniform_fallback,0,92,70,80,6,11,2
1426,FieldHockeyPenalty,FieldHockeyPenalty/v_FieldHockeyPenalty_g16_c01.avi,186,240,320,center_stride,29,156,125,140,6,4,11
1427,FieldHockeyPenalty,FieldHockeyPenalty/v_FieldHockeyPenalty_g16_c04.avi,96,240,320,uniform_fallback,0,95,0,11,0,1,15
1428,FieldHockeyPenalty,FieldHockeyPenalty/v_FieldHockeyPenalty_g17_c03.avi,48,240,320,uniform_fallback,0,47,24,29,4,0,6
1429,FieldHockeyPenalty,FieldHockeyPenalty/v_FieldHockeyPenalty_g18_c03.avi,101,240,320,uniform_fallback,0,100,50,62,4,4,9
1430,FieldHockeyPenalty,FieldHockeyPenalty/v_FieldHockeyPenalty_g19_c01.avi,86,240,320,uniform_fallback,0,85,54,64,5,15,9
1431,FieldHockeyPenalty,FieldHockeyPenalty/v_FieldHockeyPenalty_g19_c02.avi,127,240,320,uniform_fallback,0,126,95,110,6,14,7
1432,FieldHockeyPenalty,FieldHockeyPenalty/v_FieldHockeyPenalty_g20_c02.avi,99,240,320,uniform_fallback,0,98,62,73,5,14,2
1433,FieldHockeyPenalty,FieldHockeyPenalty/v_FieldHockeyPenalty_g20_c03.avi,114,240,320,uniform_fallback,0,113,43,56,3,10,12
1434,FieldHockeyPenalty,FieldHockeyPenalty/v_FieldHockeyPenalty_g20_c04.avi,101,240,320,uniform_fallback,0,100,88,100,7,2,3
1435,FieldHockeyPenalty,FieldHockeyPenalty/v_FieldHockeyPenalty_g21_c01.avi,97,240,320,uniform_fallback,0,96,73,84,6,15,7
1436,FieldHockeyPenalty,FieldHockeyPenalty/v_FieldHockeyPenalty_g21_c02.avi,99,240,320,uniform_fallback,0,98,37,49,3,9,1
1437,FieldHockeyPenalty,FieldHockeyPenalty/v_FieldHockeyPenalty_g21_c03.avi,122,240,320,uniform_fallback,0,121,76,91,5,12,7
1438,FieldHockeyPenalty,FieldHockeyPenalty/v_FieldHockeyPenalty_g22_c02.avi,110,240,320,uniform_fallback,0,109,69,82,5,1,7
1439,FieldHockeyPenalty,FieldHockeyPenalty/v_FieldHockeyPenalty_g22_c03.avi,87,240,320,uniform_fallback,0,86,33,43,3,9,1
1440,FieldHockeyPenalty,FieldHockeyPenalty/v_FieldHockeyPenalty_g23_c02.avi,68,240,320,uniform_fallback,0,67,59,67,7,2,2
1441,FieldHockeyPenalty,FieldHockeyPenalty/v_FieldHockeyPenalty_g23_c03.avi,71,240,320,uniform_fallback,0,70,44,52,5,0,13
1442,FieldHockeyPenalty,FieldHockeyPenalty/v_FieldHockeyPenalty_g23_c04.avi,84,240,320,uniform_fallback,0,83,63,73,6,4,6
1443,FieldHockeyPenalty,FieldHockeyPenalty/v_FieldHockeyPenalty_g24_c01.avi,114,240,320,uniform_fallback,0,113,28,42,2,15,1
1444,FieldHockeyPenalty,FieldHockeyPenalty/v_FieldHockeyPenalty_g24_c02.avi,92,240,320,uniform_fallback,0,91,34,45,3,8,8
1445,FieldHockeyPenalty,FieldHockeyPenalty/v_FieldHockeyPenalty_g24_c03.avi,105,240,320,uniform_fallback,0,104,79,91,6,5,6
1446,FieldHockeyPenalty,FieldHockeyPenalty/v_FieldHockeyPenalty_g24_c04.avi,149,240,320,center_stride,10,137,26,41,1,14,5
1447,FieldHockeyPenalty,FieldHockeyPenalty/v_FieldHockeyPenalty_g25_c01.avi,78,240,320,uniform_fallback,0,77,10,19,1,15,2
1448,FieldHockeyPenalty,FieldHockeyPenalty/v_FieldHockeyPenalty_g25_c02.avi,166,240,320,center_stride,19,146,51,66,2,11,0
1449,FieldHockeyPenalty,FieldHockeyPenalty/v_FieldHockeyPenalty_g25_c03.avi,123,240,320,uniform_fallback,0,122,108,122,7,14,2
1450,FloorGymnastics,FloorGymnastics/v_FloorGymnastics_g01_c01.avi,97,240,320,uniform_fallback,0,96,12,23,1,1,4
1451,FloorGymnastics,FloorGymnastics/v_FloorGymnastics_g03_c01.avi,141,240,320,center_stride,6,133,6,21,0,1,5
1452,FloorGymnastics,FloorGymnastics/v_FloorGymnastics_g03_c02.avi,143,240,320,center_stride,7,134,87,102,5,7,1
1453,FloorGymnastics,FloorGymnastics/v_FloorGymnastics_g03_c03.avi,153,240,320,center_stride,12,139,76,91,4,1,11
1454,FloorGymnastics,FloorGymnastics/v_FloorGymnastics_g03_c04.avi,161,240,320,center_stride,16,143,80,95,4,2,0
1455,FloorGymnastics,FloorGymnastics/v_FloorGymnastics_g05_c01.avi,180,240,320,center_stride,26,153,138,153,7,0,3
1456,FloorGymnastics,FloorGymnastics/v_FloorGymnastics_g05_c02.avi,211,240,320,center_stride,41,168,105,120,4,15,1
1457,FloorGymnastics,FloorGymnastics/v_FloorGymnastics_g06_c01.avi,155,240,320,center_stride,13,140,125,140,7,5,15
1458,FloorGymnastics,FloorGymnastics/v_FloorGymnastics_g06_c02.avi,182,240,320,center_stride,27,154,107,122,5,3,3
1459,FloorGymnastics,FloorGymnastics/v_FloorGymnastics_g07_c01.avi,142,240,320,center_stride,7,134,23,38,1,4,12
1460,FloorGymnastics,FloorGymnastics/v_FloorGymnastics_g07_c02.avi,126,240,320,uniform_fallback,0,125,31,46,2,6,4
1461,FloorGymnastics,FloorGymnastics/v_FloorGymnastics_g07_c05.avi,174,240,320,center_stride,23,150,135,150,7,3,10
1462,FloorGymnastics,FloorGymnastics/v_FloorGymnastics_g09_c02.avi,130,240,320,center_stride,1,128,17,32,1,8,6
1463,FloorGymnastics,FloorGymnastics/v_FloorGymnastics_g10_c03.avi,157,240,320,center_stride,14,141,62,77,3,5,4
1464,FloorGymnastics,FloorGymnastics/v_FloorGymnastics_g11_c02.avi,145,240,320,center_stride,8,135,72,87,4,5,8
1465,FloorGymnastics,FloorGymnastics/v_FloorGymnastics_g11_c04.avi,181,240,320,center_stride,26,153,106,121,5,12,3
1466,FloorGymnastics,FloorGymnastics/v_FloorGymnastics_g12_c01.avi,132,240,320,center_stride,2,129,82,97,5,14,12
1467,FloorGymnastics,FloorGymnastics/v_FloorGymnastics_g12_c03.avi,143,240,320,center_stride,7,134,87,102,5,11,13
1468,FloorGymnastics,FloorGymnastics/v_FloorGymnastics_g12_c04.avi,153,240,320,center_stride,12,139,44,59,2,12,10
1469,FloorGymnastics,FloorGymnastics/v_FloorGymnastics_g12_c05.avi,191,240,320,center_stride,31,158,143,158,7,4,4
1470,FloorGymnastics,FloorGymnastics/v_FloorGymnastics_g13_c02.avi,113,240,320,uniform_fallback,0,112,99,112,7,8,1
1471,FloorGymnastics,FloorGymnastics/v_FloorGymnastics_g14_c04.avi,166,240,320,center_stride,19,146,115,130,6,11,10
1472,FloorGymnastics,FloorGymnastics/v_FloorGymnastics_g14_c05.avi,173,240,320,center_stride,22,149,134,149,7,12,5
1473,FloorGymnastics,FloorGymnastics/v_FloorGymnastics_g15_c02.avi,197,240,320,center_stride,34,161,50,65,1,3,15
1474,FloorGymnastics,FloorGymnastics/v_FloorGymnastics_g15_c03.avi,163,240,320,center_stride,17,144,17,32,0,8,2
1475,FloorGymnastics,FloorGymnastics/v_FloorGymnastics_g15_c04.avi,150,240,320,center_stride,11,138,123,138,7,7,11
1476,FloorGymnastics,FloorGymnastics/v_FloorGymnastics_g15_c06.avi,166,240,320,center_stride,19,146,35,50,1,2,12
1477,FloorGymnastics,FloorGymnastics/v_FloorGymnastics_g16_c01.avi,177,240,320,center_stride,24,151,40,55,1,10,9
1478,FloorGymnastics,FloorGymnastics/v_FloorGymnastics_g16_c03.avi,144,240,320,center_stride,8,135,56,71,3,2,1
1479,FloorGymnastics,FloorGymnastics/v_FloorGymnastics_g17_c04.avi,165,240,320,center_stride,18,145,18,33,0,13,11
1480,FloorGymnastics,FloorGymnastics/v_FloorGymnastics_g17_c06.avi,150,240,320,center_stride,11,138,11,26,0,11,15
1481,FloorGymnastics,FloorGymnastics/v_FloorGymnastics_g18_c01.avi,222,240,320,center_stride,47,174,143,158,6,10,4
1482,FloorGymnastics,FloorGymnastics/v_FloorGymnastics_g18_c05.avi,114,240,320,uniform_fallback,0,113,71,85,5,9,3
1483,FloorGymnastics,FloorGymnastics/v_FloorGymnastics_g18_c06.avi,156,240,320,center_stride,14,141,30,45,1,8,15
1484,FloorGymnastics,FloorGymnastics/v_FloorGymnastics_g19_c03.avi,173,240,320,center_stride,22,149,102,117,5,3,0
1485,FloorGymnastics,FloorGymnastics/v_FloorGymnastics_g19_c04.avi,120,240,320,uniform_fallback,0,119,45,59,3,10,8
1486,FloorGymnastics,FloorGymnastics/v_FloorGymnastics_g20_c04.avi,138,240,320,center_stride,5,132,69,84,4,3,12
1487,FloorGymnastics,FloorGymnastics/v_FloorGymnastics_g20_c05.avi,118,240,320,uniform_fallback,0,117,15,29,1,9,8
1488,FloorGymnastics,FloorGymnastics/v_FloorGymnastics_g21_c02.avi,114,240,320,uniform_fallback,0,113,0,13,0,3,3
1489,FloorGymnastics,FloorGymnastics/v_FloorGymnastics_g21_c03.avi,181,240,320,center_stride,26,153,106,121,5,6,11
1490,FloorGymnastics,FloorGymnastics/v_FloorGymnastics_g21_c04.avi,197,240,320,center_stride,34,161,114,129,5,0,6
1491,FloorGymnastics,FloorGymnastics/v_FloorGymnastics_g21_c05.avi,168,240,320,center_stride,20,147,116,131,6,7,14
1492,FloorGymnastics,FloorGymnastics/v_FloorGymnastics_g22_c02.avi,163,240,320,center_stride,17,144,65,80,3,13,1
1493,FloorGymnastics,FloorGymnastics/v_FloorGymnastics_g23_c01.avi,140,240,320,center_stride,6,133,22,37,1,10,5
1494,FloorGymnastics,FloorGymnastics/v_FloorGymnastics_g23_c02.avi,120,240,320,uniform_fallback,0,119,60,74,4,9,14
1495,FloorGymnastics,FloorGymnastics/v_FloorGymnastics_g23_c03.avi,149,240,320,center_stride,10,137,90,105,5,5,11
1496,FloorGymnastics,FloorGymnastics/v_FloorGymnastics_g24_c01.avi,175,240,320,center_stride,23,150,71,86,3,15,14
1497,FloorGymnastics,FloorGymnastics/v_FloorGymnastics_g25_c01.avi,168,240,320,center_stride,20,147,116,131,6,7,12
1498,FloorGymnastics,FloorGymnastics/v_FloorGymnastics_g25_c03.avi,139,240,320,center_stride,5,132,53,68,3,13,9
1499,FloorGymnastics,FloorGymnastics/v_FloorGymnastics_g25_c05.avi,149,240,320,center_stride,10,137,58,73,3,12,15
1500,FrisbeeCatch,FrisbeeCatch/v_FrisbeeCatch_g01_c01.avi,103,240,320,uniform_fallback,0,102,39,51,3,4,5
1501,FrisbeeCatch,FrisbeeCatch/v_FrisbeeCatch_g01_c03.avi,100,240,320,uniform_fallback,0,99,12,24,1,1,14
1502,FrisbeeCatch,FrisbeeCatch/v_FrisbeeCatch_g01_c04.avi,91,240,320,uniform_fallback,0,90,11,22,1,15,3
1503,FrisbeeCatch,FrisbeeCatch/v_FrisbeeCatch_g01_c05.avi,85,240,320,uniform_fallback,0,84,0,10,0,5,3
1504,FrisbeeCatch,FrisbeeCatch/v_FrisbeeCatch_g03_c02.avi,99,240,320,uniform_fallback,0,98,37,49,3,15,5
1505,FrisbeeCatch,FrisbeeCatch/v_FrisbeeCatch_g03_c03.avi,57,240,320,uniform_fallback,0,56,7,14,1,0,9
1506,FrisbeeCatch,FrisbeeCatch/v_FrisbeeCatch_g03_c05.avi,57,240,320,uniform_fallback,0,56,7,14,1,11,2
1507,FrisbeeCatch,FrisbeeCatch/v_FrisbeeCatch_g04_c02.avi,69,240,320,uniform_fallback,0,68,0,8,0,1,12
1508,FrisbeeCatch,FrisbeeCatch/v_FrisbeeCatch_g04_c03.avi,68,240,320,uniform_fallback,0,67,42,50,5,11,4
1509,FrisbeeCatch,FrisbeeCatch/v_FrisbeeCatch_g04_c04.avi,63,240,320,uniform_fallback,0,62,47,54,6,15,4
1510,FrisbeeCatch,FrisbeeCatch/v_FrisbeeCatch_g04_c05.avi,83,240,320,uniform_fallback,0,82,52,61,5,13,4
1511,FrisbeeCatch,FrisbeeCatch/v_FrisbeeCatch_g05_c02.avi,89,240,320,uniform_fallback,0,88,55,66,5,10,4
1512,FrisbeeCatch,FrisbeeCatch/v_FrisbeeCatch_g05_c03.avi,57,240,320,uniform_fallback,0,56,0,7,0,14,7
1513,FrisbeeCatch,FrisbeeCatch/v_FrisbeeCatch_g05_c05.avi,74,240,320,uniform_fallback,0,73,0,9,0,5,13
1514,FrisbeeCatch,FrisbeeCatch/v_FrisbeeCatch_g06_c05.avi,90,240,320,uniform_fallback,0,89,56,67,5,7,5
1515,FrisbeeCatch,FrisbeeCatch/v_FrisbeeCatch_g07_c06.avi,126,240,320,uniform_fallback,0,125,110,125,7,0,9
1516,FrisbeeCatch,FrisbeeCatch/v_FrisbeeCatch_g08_c03.avi,79,240,320,uniform_fallback,0,78,29,39,3,13,6
1517,FrisbeeCatch,FrisbeeCatch/v_FrisbeeCatch_g09_c02.avi,72,240,320,uniform_fallback,0,71,54,62,6,2,3
1518,FrisbeeCatch,FrisbeeCatch/v_FrisbeeCatch_g09_c03.avi,69,240,320,uniform_fallback,0,68,9,17,1,5,12
1519,FrisbeeCatch,FrisbeeCatch/v_FrisbeeCatch_g09_c05.avi,75,240,320,uniform_fallback,0,74,37,46,4,7,8
1520,FrisbeeCatch,FrisbeeCatch/v_FrisbeeCatch_g10_c01.avi,136,240,320,center_stride,4,131,4,19,0,9,4
1521,FrisbeeCatch,FrisbeeCatch/v_FrisbeeCatch_g10_c03.avi,138,240,320,center_stride,5,132,69,84,4,7,10
1522,FrisbeeCatch,FrisbeeCatch/v_FrisbeeCatch_g11_c03.avi,81,240,320,uniform_fallback,0,80,0,9,0,0,5
1523,FrisbeeCatch,FrisbeeCatch/v_FrisbeeCatch_g11_c04.avi,84,240,320,uniform_fallback,0,83,42,52,4,14,5
1524,FrisbeeCatch,FrisbeeCatch/v_FrisbeeCatch_g12_c04.avi,77,240,320,uniform_fallback,0,76,0,9,0,9,11
1525,FrisbeeCatch,FrisbeeCatch/v_FrisbeeCatch_g14_c01.avi,127,240,320,uniform_fallback,0,126,16,31,1,1,12
1526,FrisbeeCatch,FrisbeeCatch/v_FrisbeeCatch_g14_c02.avi,65,240,320,uniform_fallback,0,64,24,32,3,13,5
1527,FrisbeeCatch,FrisbeeCatch/v_FrisbeeCatch_g14_c04.avi,66,240,320,uniform_fallback,0,65,0,8,0,8,5
1528,FrisbeeCatch,FrisbeeCatch/v_FrisbeeCatch_g16_c01.avi,91,240,320,uniform_fallback,0,90,11,22,1,10,15
1529,FrisbeeCatch,FrisbeeCatch/v_FrisbeeCatch_g16_c02.avi,90,240,320,uniform_fallback,0,89,22,33,2,13,14
1530,FrisbeeCatch,FrisbeeCatch/v_FrisbeeCatch_g16_c06.avi,118,240,320,uniform_fallback,0,117,59,73,4,4,8
1531,FrisbeeCatch,FrisbeeCatch/v_FrisbeeCatch_g17_c01.avi,135,240,320,center_stride,3,130,115,130,7,7,8
1532,FrisbeeCatch,FrisbeeCatch/v_FrisbeeCatch_g18_c02.avi,136,240,320,center_stride,4,131,36,51,2,12,6
1533,FrisbeeCatch,FrisbeeCatch/v_FrisbeeCatch_g18_c03.avi,94,240,320,uniform_fallback,0,93,35,46,3,10,4
1534,FrisbeeCatch,FrisbeeCatch/v_FrisbeeCatch_g18_c04.avi,74,240,320,uniform_fallback,0,73,28,36,3,7,14
1535,FrisbeeCatch,FrisbeeCatch/v_FrisbeeCatch_g19_c01.avi,73,240,320,uniform_fallback,0,72,36,45,4,2,11
1536,FrisbeeCatch,FrisbeeCatch/v_FrisbeeCatch_g19_c03.avi,98,240,320,uniform_fallback,0,97,37,48,3,13,7
1537,FrisbeeCatch,FrisbeeCatch/v_FrisbeeCatch_g19_c05.avi,151,240,320,center_stride,11,138,11,26,0,10,10
1538,FrisbeeCatch,FrisbeeCatch/v_FrisbeeCatch_g20_c05.avi,86,240,320,uniform_fallback,0,85,32,42,3,3,11
1539,FrisbeeCatch,FrisbeeCatch/v_FrisbeeCatch_g20_c06.avi,97,240,320,uniform_fallback,0,96,73,84,6,8,11
1540,FrisbeeCatch,FrisbeeCatch/v_FrisbeeCatch_g21_c02.avi,109,240,320,uniform_fallback,0,108,54,67,4,4,3
1541,FrisbeeCatch,FrisbeeCatch/v_FrisbeeCatch_g21_c03.avi,138,240,320,center_stride,5,132,21,36,1,8,7
1542,FrisbeeCatch,FrisbeeCatch/v_FrisbeeCatch_g21_c04.avi,82,240,320,uniform_fallback,0,81,31,40,3,6,0
1543,FrisbeeCatch,FrisbeeCatch/v_FrisbeeCatch_g22_c01.avi,153,240,320,center_stride,12,139,76,91,4,14,8
1544,FrisbeeCatch,FrisbeeCatch/v_FrisbeeCatch_g22_c03.avi,86,240,320,uniform_fallback,0,85,11,21,1,4,4
1545,FrisbeeCatch,FrisbeeCatch/v_FrisbeeCatch_g22_c05.avi,99,240,320,uniform_fallback,0,98,25,36,2,13,10
1546,FrisbeeCatch,FrisbeeCatch/v_FrisbeeCatch_g23_c01.avi,108,240,320,uniform_fallback,0,107,54,67,4,3,7
1547,FrisbeeCatch,FrisbeeCatch/v_FrisbeeCatch_g24_c01.avi,113,240,320,uniform_fallback,0,112,85,98,6,11,9
1548,FrisbeeCatch,FrisbeeCatch/v_FrisbeeCatch_g25_c01.avi,111,240,320,uniform_fallback,0,110,14,27,1,9,5
1549,FrisbeeCatch,FrisbeeCatch/v_FrisbeeCatch_g25_c03.avi,146,240,320,center_stride,9,136,25,40,1,12,7
1550,FrontCrawl,FrontCrawl/v_FrontCrawl_g01_c02.avi,139,240,320,center_stride,5,132,117,132,7,8,1
1551,FrontCrawl,FrontCrawl/v_FrontCrawl_g01_c04.avi,151,240,320,center_stride,11,138,75,90,4,12,11
1552,FrontCrawl,FrontCrawl/v_FrontCrawl_g03_c01.avi,229,240,320,center_stride,50,177,114,129,4,14,15
1553,FrontCrawl,FrontCrawl/v_FrontCrawl_g03_c05.avi,193,240,320,center_stride,32,159,48,63,1,10,15
1554,FrontCrawl,FrontCrawl/v_FrontCrawl_g03_c06.avi,200,240,320,center_stride,36,163,68,83,2,5,14
1555,FrontCrawl,FrontCrawl/v_FrontCrawl_g04_c01.avi,354,240,320,center_stride,113,240,113,128,0,11,14
1556,FrontCrawl,FrontCrawl/v_FrontCrawl_g04_c03.avi,267,240,320,center_stride,69,196,149,164,5,2,4
1557,FrontCrawl,FrontCrawl/v_FrontCrawl_g04_c04.avi,329,240,320,center_stride,100,227,196,211,6,15,13
1558,FrontCrawl,FrontCrawl/v_FrontCrawl_g05_c02.avi,103,240,320,uniform_fallback,0,102,64,76,5,4,3
1559,FrontCrawl,FrontCrawl/v_FrontCrawl_g06_c03.avi,100,240,320,uniform_fallback,0,99,37,49,3,6,14
1560,FrontCrawl,FrontCrawl/v_FrontCrawl_g06_c04.avi,126,240,320,uniform_fallback,0,125,0,15,0,15,7
1561,FrontCrawl,FrontCrawl/v_FrontCrawl_g06_c05.avi,143,240,320,center_stride,7,134,87,102,5,13,7
1562,FrontCrawl,FrontCrawl/v_FrontCrawl_g07_c01.avi,268,240,320,center_stride,70,197,182,197,7,2,13
1563,FrontCrawl,FrontCrawl/v_FrontCrawl_g08_c01.avi,152,240,320,center_stride,12,139,92,107,5,12,5
1564,FrontCrawl,FrontCrawl/v_FrontCrawl_g08_c03.avi,136,240,320,center_stride,4,131,100,115,6,14,15
1565,FrontCrawl,FrontCrawl/v_FrontCrawl_g08_c04.avi,125,240,320,uniform_fallback,0,124,0,15,0,10,6
1566,FrontCrawl,FrontCrawl/v_FrontCrawl_g09_c02.avi,100,240,320,uniform_fallback,0,99,0,12,0,14,14
1567,FrontCrawl,FrontCrawl/v_FrontCrawl_g10_c01.avi,129,240,320,center_stride,0,127,48,63,3,14,9
1568,FrontCrawl,FrontCrawl/v_FrontCrawl_g10_c02.avi,129,240,320,center_stride,0,127,96,111,6,6,3
1569,FrontCrawl,FrontCrawl/v_FrontCrawl_g11_c07.avi,351,240,320,center_stride,111,238,207,222,6,7,4
1570,FrontCrawl,FrontCrawl/v_FrontCrawl_g12_c01.avi,74,240,320,uniform_fallback,0,73,37,45,4,3,12
1571,FrontCrawl,FrontCrawl/v_FrontCrawl_g12_c02.avi,74,240,320,uniform_fallback,0,73,64,73,7,0,4
1572,FrontCrawl,FrontCrawl/v_FrontCrawl_g12_c04.avi,86,240,320,uniform_fallback,0,85,54,64,5,4,10
1573,FrontCrawl,FrontCrawl/v_FrontCrawl_g13_c01.avi,74,240,320,uniform_fallback,0,73,55,64,6,12,12
1574,FrontCrawl,FrontCrawl/v_FrontCrawl_g14_c01.avi,149,240,320,center_stride,10,137,90,105,5,4,12
1575,FrontCrawl,FrontCrawl/v_FrontCrawl_g14_c04.avi,182,240,320,center_stride,27,154,123,138,6,7,7
1576,FrontCrawl,FrontCrawl/v_FrontCrawl_g15_c02.avi,75,240,320,uniform_fallback,0,74,19,27,2,4,8
1577,FrontCrawl,FrontCrawl/v_FrontCrawl_g15_c03.avi,75,240,320,uniform_fallback,0,74,28,37,3,1,5
1578,FrontCrawl,FrontCrawl/v_FrontCrawl_g16_c01.avi,125,240,320,uniform_fallback,0,124,31,46,2,10,14
1579,FrontCrawl,FrontCrawl/v_FrontCrawl_g16_c02.avi,126,240,320,uniform_fallback,0,125,16,31,1,14,15
1580,FrontCrawl,FrontCrawl/v_FrontCrawl_g17_c06.avi,105,240,320,uniform_fallback,0,104,39,52,3,13,3
1581,FrontCrawl,FrontCrawl/v_FrontCrawl_g17_c07.avi,150,240,320,center_stride,11,138,11,26,0,9,10
1582,FrontCrawl,FrontCrawl/v_FrontCrawl_g18_c01.avi,101,240,320,uniform_fallback,0,100,0,12,0,1,13
1583,FrontCrawl,FrontCrawl/v_FrontCrawl_g18_c03.avi,101,240,320,uniform_fallback,0,100,38,50,3,10,1
1584,FrontCrawl,FrontCrawl/v_FrontCrawl_g18_c05.avi,101,240,320,uniform_fallback,0,100,25,37,2,0,12
1585,FrontCrawl,FrontCrawl/v_FrontCrawl_g19_c01.avi,87,240,320,uniform_fallback,0,86,76,86,7,14,8
1586,FrontCrawl,FrontCrawl/v_FrontCrawl_g19_c04.avi,90,240,320,uniform_fallback,0,89,0,11,0,13,4
1587,FrontCrawl,FrontCrawl/v_FrontCrawl_g20_c02.avi,206,240,320,center_stride,39,166,71,86,2,7,8
1588,FrontCrawl,FrontCrawl/v_FrontCrawl_g20_c03.avi,233,240,320,center_stride,52,179,148,163,6,1,0
1589,FrontCrawl,FrontCrawl/v_FrontCrawl_g20_c06.avi,222,240,320,center_stride,47,174,111,126,4,8,2
1590,FrontCrawl,FrontCrawl/v_FrontCrawl_g21_c01.avi,170,240,320,center_stride,21,148,69,84,3,4,0
1591,FrontCrawl,FrontCrawl/v_FrontCrawl_g21_c02.avi,172,240,320,center_stride,22,149,102,117,5,14,8
1592,FrontCrawl,FrontCrawl/v_FrontCrawl_g21_c03.avi,132,240,320,center_stride,2,129,34,49,2,1,6
1593,FrontCrawl,FrontCrawl/v_FrontCrawl_g21_c05.avi,126,240,320,uniform_fallback,0,125,47,62,3,6,6
1594,FrontCrawl,FrontCrawl/v_FrontCrawl_g21_c06.avi,112,240,320,uniform_fallback,0,111,98,111,7,8,6
1595,FrontCrawl,FrontCrawl/v_FrontCrawl_g23_c05.avi,215,240,320,center_stride,43,170,43,58,0,13,1
1596,FrontCrawl,FrontCrawl/v_FrontCrawl_g24_c02.avi,160,240,320,center_stride,16,143,48,63,2,7,9
1597,FrontCrawl,FrontCrawl/v_FrontCrawl_g24_c05.avi,124,240,320,uniform_fallback,0,123,0,15,0,3,8
1598,FrontCrawl,FrontCrawl/v_FrontCrawl_g24_c06.avi,109,240,320,uniform_fallback,0,108,95,108,7,11,12
1599,FrontCrawl,FrontCrawl/v_FrontCrawl_g25_c01.avi,101,240,320,uniform_fallback,0,100,63,75,5,11,8
1600,GolfSwing,GolfSwing/v_GolfSwing_g01_c01.avi,172,240,320,center_stride,22,149,70,85,3,8,14
1601,GolfSwing,GolfSwing/v_GolfSwing_g01_c02.avi,96,240,320,uniform_fallback,0,95,60,71,5,14,15
1602,GolfSwing,GolfSwing/v_GolfSwing_g01_c03.avi,191,240,320,center_stride,31,158,31,46,0,15,6
1603,GolfSwing,GolfSwing/v_GolfSwing_g01_c04.avi,76,240,320,uniform_fallback,0,75,0,9,0,10,9
1604,GolfSwing,GolfSwing/v_GolfSwing_g01_c05.avi,621,240,320,center_stride,246,373,294,309,3,10,10
1605,GolfSwing,GolfSwing/v_GolfSwing_g02_c01.avi,140,240,320,center_stride,6,133,38,53,2,13,9
1606,GolfSwing,GolfSwing/v_GolfSwing_g02_c02.avi,117,240,320,uniform_fallback,0,116,73,87,5,12,3
1607,GolfSwing,GolfSwing/v_GolfSwing_g03_c02.avi,113,240,320,uniform_fallback,0,112,14,27,1,14,9
1608,GolfSwing,GolfSwing/v_GolfSwing_g04_c02.avi,122,240,320,uniform_fallback,0,121,30,45,2,7,0
1609,GolfSwing,GolfSwing/v_GolfSwing_g04_c03.avi,171,240,320,center_stride,21,148,53,68,2,9,7
1610,GolfSwing,GolfSwing/v_GolfSwing_g04_c05.avi,345,240,320,center_stride,108,235,220,235,7,4,3
1611,GolfSwing,GolfSwing/v_GolfSwing_g05_c05.avi,120,240,320,uniform_fallback,0,119,15,29,1,2,8
1612,GolfSwing,GolfSwing/v_GolfSwing_g06_c01.avi,157,240,320,center_stride,14,141,30,45,1,8,13
1613,GolfSwing,GolfSwing/v_GolfSwing_g07_c01.avi,152,240,320,center_stride,12,139,108,123,6,9,13
1614,GolfSwing,GolfSwing/v_GolfSwing_g07_c02.avi,101,240,320,uniform_fallback,0,100,25,37,2,11,4
1615,GolfSwing,GolfSwing/v_GolfSwing_g07_c03.avi,127,240,320,uniform_fallback,0,126,16,31,1,9,9
1616,GolfSwing,GolfSwing/v_GolfSwing_g08_c01.avi,141,240,320,center_stride,6,133,86,101,5,1,11
1617,GolfSwing,GolfSwing/v_GolfSwing_g08_c03.avi,181,240,320,center_stride,26,153,58,73,2,0,8
1618,GolfSwing,GolfSwing/v_GolfSwing_g08_c04.avi,171,240,320,center_stride,21,148,53,68,2,13,13
1619,GolfSwing,GolfSwing/v_GolfSwing_g10_c01.avi,108,240,320,uniform_fallback,0,107,54,67,4,15,0
1620,GolfSwing,GolfSwing/v_GolfSwing_g11_c06.avi,100,240,320,uniform_fallback,0,99,0,12,0,6,4
1621,GolfSwing,GolfSwing/v_GolfSwing_g12_c01.avi,102,240,320,uniform_fallback,0,101,0,12,0,7,1
1622,GolfSwing,GolfSwing/v_GolfSwing_g13_c03.avi,98,240,320,uniform_fallback,0,97,61,73,5,13,9
1623,GolfSwing,GolfSwing/v_GolfSwing_g14_c04.avi,109,240,320,uniform_fallback,0,108,68,81,5,1,1
1624,GolfSwing,GolfSwing/v_GolfSwing_g16_c02.avi,84,240,320,uniform_fallback,0,83,21,31,2,13,4
1625,GolfSwing,GolfSwing/v_GolfSwing_g17_c04.avi,82,240,320,uniform_fallback,0,81,10,20,1,7,4
1626,GolfSwing,GolfSwing/v_GolfSwing_g18_c02.avi,140,240,320,center_stride,6,133,86,101,5,11,6
1627,GolfSwing,GolfSwing/v_GolfSwing_g18_c03.avi,115,240,320,uniform_fallback,0,114,43,57,3,9,15
1628,GolfSwing,GolfSwing/v_GolfSwing_g18_c04.avi,97,240,320,uniform_fallback,0,96,48,60,4,1,11
1629,GolfSwing,GolfSwing/v_GolfSwing_g19_c02.avi,111,240,320,uniform_fallback,0,110,0,13,0,9,13
1630,GolfSwing,GolfSwing/v_GolfSwing_g19_c04.avi,149,240,320,center_stride,10,137,122,137,7,10,9
1631,GolfSwing,GolfSwing/v_GolfSwing_g20_c02.avi,152,240,320,center_stride,12,139,28,43,1,12,0
1632,GolfSwing,GolfSwing/v_GolfSwing_g20_c05.avi,217,240,320,center_stride,44,171,108,123,4,10,4
1633,GolfSwing,GolfSwing/v_GolfSwing_g20_c06.avi,239,240,320,center_stride,55,182,151,166,6,2,12
1634,GolfSwing,GolfSwing/v_GolfSwing_g21_c01.avi,159,240,320,center_stride,15,142,111,126,6,3,9
1635,GolfSwing,GolfSwing/v_GolfSwing_g21_c02.avi,97,240,320,uniform_fallback,0,96,12,23,1,0,0
1636,GolfSwing,GolfSwing/v_GolfSwing_g22_c01.avi,303,240,320,center_stride,87,214,167,182,5,11,2
1637,GolfSwing,GolfSwing/v_GolfSwing_g22_c02.avi,300,240,320,center_stride,86,213,166,181,5,4,13
1638,GolfSwing,GolfSwing/v_GolfSwing_g22_c03.avi,348,240,320,center_stride,110,237,126,141,1,8,14
1639,GolfSwing,GolfSwing/v_GolfSwing_g23_c03.avi,149,240,320,center_stride,10,137,10,25,0,15,6
1640,GolfSwing,GolfSwing/v_GolfSwing_g23_c05.avi,242,240,320,center_stride,57,184,73,88,1,0,2
1641,GolfSwing,GolfSwing/v_GolfSwing_g23_c06.avi,293,240,320,center_stride,82,209,146,161,4,4,4
1642,GolfSwing,GolfSwing/v_GolfSwing_g23_c07.avi,145,240,320,center_stride,8,135,72,87,4,11,9
1643,GolfSwing,GolfSwing/v_GolfSwing_g24_c01.avi,149,240,320,center_stride,10,137,122,137,7,2,8
1644,GolfSwing,GolfSwing/v_GolfSwing_g24_c02.avi,158,240,320,center_stride,15,142,79,94,4,10,1
1645,GolfSwing,GolfSwing/v_GolfSwing_g24_c05.avi,77,240,320,uniform_fallback,0,76,19,28,2,15,7
1646,GolfSwing,GolfSwing/v_GolfSwing_g25_c02.avi,130,240,320,center_stride,1,128,113,128,7,4,0
1647,GolfSwing,GolfSwing/v_GolfSwing_g25_c05.avi,121,240,320,uniform_fallback,0,120,76,90,5,2,2
1648,GolfSwing,GolfSwing/v_GolfSwing_g25_c06.avi,129,240,320,center_stride,0,127,80,95,5,8,12
1649,GolfSwing,GolfSwing/v_GolfSwing_g25_c07.avi,159,240,320,center_stride,15,142,47,62,2,7,4
1650,Haircut,Haircut/v_Haircut_g02_c03.avi,77,240,320,uniform_fallback,0,76,57,66,6,11,11
1651,Haircut,Haircut/v_Haircut_g04_c01.avi,149,240,320,center_stride,10,137,58,73,3,5,2
1652,Haircut,Haircut/v_Haircut_g04_c03.avi,145,240,320,center_stride,8,135,56,71,3,9,7
1653,Haircut,Haircut/v_Haircut_g04_c04.avi,150,240,320,center_stride,11,138,11,26,0,8,11
1654,Haircut,Haircut/v_Haircut_g06_c02.avi,134,240,320,center_stride,3,130,115,130,7,11,6
1655,Haircut,Haircut/v_Haircut_g07_c03.avi,121,240,320,uniform_fallback,0,120,91,105,6,5,4
1656,Haircut,Haircut/v_Haircut_g07_c04.avi,115,240,320,uniform_fallback,0,114,0,13,0,15,1
1657,Haircut,Haircut/v_Haircut_g07_c06.avi,107,240,320,uniform_fallback,0,106,67,79,5,1,10
1658,Haircut,Haircut/v_Haircut_g08_c02.avi,250,240,320,center_stride,61,188,125,140,4,13,2
1659,Haircut,Haircut/v_Haircut_g08_c03.avi,99,240,320,uniform_fallback,0,98,37,49,3,9,11
1660,Haircut,Haircut/v_Haircut_g08_c04.avi,161,240,320,center_stride,16,143,96,111,5,11,11
1661,Haircut,Haircut/v_Haircut_g08_c05.avi,114,240,320,uniform_fallback,0,113,28,42,2,8,15
1662,Haircut,Haircut/v_Haircut_g09_c02.avi,232,240,320,center_stride,52,179,52,67,0,11,9
1663,Haircut,Haircut/v_Haircut_g09_c05.avi,222,240,320,center_stride,47,174,95,110,3,8,8
1664,Haircut,Haircut/v_Haircut_g10_c01.avi,167,240,320,center_stride,19,146,51,66,2,6,15
1665,Haircut,Haircut/v_Haircut_g10_c03.avi,155,240,320,center_stride,13,140,61,76,3,2,14
1666,Haircut,Haircut/v_Haircut_g11_c02.avi,193,240,320,center_stride,32,159,48,63,1,4,3
1667,Haircut,Haircut/v_Haircut_g11_c03.avi,134,240,320,center_stride,3,130,99,114,6,11,3
1668,Haircut,Haircut/v_Haircut_g11_c04.avi,126,240,320,uniform_fallback,0,125,0,15,0,0,5
1669,Haircut,Haircut/v_Haircut_g12_c01.avi,127,240,320,uniform_fallback,0,126,32,47,2,7,13
1670,Haircut,Haircut/v_Haircut_g13_c01.avi,92,240,320,uniform_fallback,0,91,80,91,7,13,15
1671,Haircut,Haircut/v_Haircut_g14_c01.avi,116,240,320,uniform_fallback,0,115,72,86,5,6,3
1672,Haircut,Haircut/v_Haircut_g15_c02.avi,116,240,320,uniform_fallback,0,115,72,86,5,6,13
1673,Haircut,Haircut/v_Haircut_g15_c04.avi,303,240,320,center_stride,87,214,103,118,1,2,0
1674,Haircut,Haircut/v_Haircut_g16_c01.avi,102,240,320,uniform_fallback,0,101,13,25,1,1,6
1675,Haircut,Haircut/v_Haircut_g16_c02.avi,109,240,320,uniform_fallback,0,108,82,94,6,14,4
1676,Haircut,Haircut/v_Haircut_g16_c03.avi,145,240,320,center_stride,8,135,40,55,2,7,1
1677,Haircut,Haircut/v_Haircut_g16_c04.avi,138,240,320,center_stride,5,132,37,52,2,12,9
1678,Haircut,Haircut/v_Haircut_g16_c05.avi,132,240,320,center_stride,2,129,2,17,0,10,1
1679,Haircut,Haircut/v_Haircut_g17_c01.avi,121,240,320,uniform_fallback,0,120,60,75,4,13,14
1680,Haircut,Haircut/v_Haircut_g17_c04.avi,147,240,320,center_stride,9,136,73,88,4,6,1
1681,Haircut,Haircut/v_Haircut_g18_c02.avi,227,240,320,center_stride,49,176,97,112,3,1,5
1682,Haircut,Haircut/v_Haircut_g18_c05.avi,251,240,320,center_stride,61,188,125,140,4,13,5
1683,Haircut,Haircut/v_Haircut_g19_c02.avi,261,240,320,center_stride,66,193,162,177,6,10,12
1684,Haircut,Haircut/v_Haircut_g20_c01.avi,250,240,320,center_stride,61,188,109,124,3,4,9
1685,Haircut,Haircut/v_Haircut_g20_c02.avi,261,240,320,center_stride,66,193,114,129,3,10,2
1686,Haircut,Haircut/v_Haircut_g21_c01.avi,205,240,320,center_stride,38,165,150,165,7,1,15
1687,Haircut,Haircut/v_Haircut_g21_c02.avi,195,240,320,center_stride,33,160,113,128,5,2,2
1688,Haircut,Haircut/v_Haircut_g22_c03.avi,107,240,320,uniform_fallback,0,106,67,79,5,12,7
1689,Haircut,Haircut/v_Haircut_g22_c05.avi,90,240,320,uniform_fallback,0,89,45,55,4,2,5
1690,Haircut,Haircut/v_Haircut_g22_c07.avi,126,240,320,uniform_fallback,0,125,47,62,3,2,2
1691,Haircut,Haircut/v_Haircut_g23_c01.avi,184,240,320,center_stride,28,155,92,107,4,14,12
1692,Haircut,Haircut/v_Haircut_g23_c03.avi,172,240,320,center_stride,22,149,118,133,6,13,12
1693,Haircut,Haircut/v_Haircut_g23_c04.avi,177,240,320,center_stride,24,151,88,103,4,9,7
1694,Haircut,Haircut/v_Haircut_g24_c01.avi,276,240,320,center_stride,74,201,106,121,2,13,9
1695,Haircut,Haircut/v_Haircut_g24_c02.avi,323,240,320,center_stride,97,224,97,112,0,1,11
1696,Haircut,Haircut/v_Haircut_g24_c03.avi,327,240,320,center_stride,99,226,131,146,2,2,4
1697,Haircut,Haircut/v_Haircut_g24_c06.avi,187,240,320,center_stride,29,156,29,44,0,4,11
1698,Haircut,Haircut/v_Haircut_g25_c01.avi,252,240,320,center_stride,62,189,62,77,0,8,13
1699,Haircut,Haircut/v_Haircut_g25_c04.avi,249,240,320,center_stride,60,187,92,107,2,9,3
1700,HammerThrow,HammerThrow/v_HammerThrow_g01_c06.avi,194,240,320,center_stride,33,160,81,96,3,4,12
1701,HammerThrow,HammerThrow/v_HammerThrow_g02_c01.avi,270,240,320,center_stride,71,198,135,150,4,5,11
1702,HammerThrow,HammerThrow/v_HammerThrow_g02_c02.avi,259,240,320,center_stride,65,192,177,192,7,0,2
1703,HammerThrow,HammerThrow/v_HammerThrow_g02_c06.avi,211,240,320,center_stride,41,168,57,72,1,14,7
1704,HammerThrow,HammerThrow/v_HammerThrow_g03_c04.avi,211,240,320,center_stride,41,168,137,152,6,11,4
1705,HammerThrow,HammerThrow/v_HammerThrow_g05_c02.avi,261,240,320,center_stride,66,193,66,81,0,13,12
1706,HammerThrow,HammerThrow/v_HammerThrow_g06_c03.avi,160,240,320,center_stride,16,143,96,111,5,4,14
1707,HammerThrow,HammerThrow/v_HammerThrow_g07_c01.avi,111,240,320,uniform_fallback,0,110,42,55,3,1,11
1708,HammerThrow,HammerThrow/v_HammerThrow_g07_c02.avi,111,240,320,uniform_fallback,0,110,55,68,4,0,14
1709,HammerThrow,HammerThrow/v_HammerThrow_g07_c05.avi,88,240,320,uniform_fallback,0,87,77,87,7,8,12
1710,HammerThrow,HammerThrow/v_HammerThrow_g08_c01.avi,202,240,320,center_stride,37,164,53,68,1,5,9
1711,HammerThrow,HammerThrow/v_HammerThrow_g08_c06.avi,166,240,320,center_stride,19,146,51,66,2,15,12
1712,HammerThrow,HammerThrow/v_HammerThrow_g09_c01.avi,133,240,320,center_stride,2,129,50,65,3,14,2
1713,HammerThrow,HammerThrow/v_HammerThrow_g09_c04.avi,165,240,320,center_stride,18,145,34,49,1,0,14
1714,HammerThrow,HammerThrow/v_HammerThrow_g09_c07.avi,143,240,320,center_stride,7,134,87,102,5,4,12
1715,HammerThrow,HammerThrow/v_HammerThrow_g10_c03.avi,172,240,320,center_stride,22,149,22,37,0,14,3
1716,HammerThrow,HammerThrow/v_HammerThrow_g10_c06.avi,129,240,320,center_stride,0,127,64,79,4,1,5
1717,HammerThrow,HammerThrow/v_HammerThrow_g11_c05.avi,162,240,320,center_stride,17,144,81,96,4,13,12
1718,HammerThrow,HammerThrow/v_HammerThrow_g12_c01.avi,182,240,320,center_stride,27,154,107,122,5,2,8
1719,HammerThrow,HammerThrow/v_HammerThrow_g12_c02.avi,182,240,320,center_stride,27,154,91,106,4,2,6
1720,HammerThrow,HammerThrow/v_HammerThrow_g12_c04.avi,159,240,320,center_stride,15,142,111,126,6,1,12
1721,HammerThrow,HammerThrow/v_HammerThrow_g12_c05.avi,167,240,320,center_stride,19,146,83,98,4,5,7
1722,HammerThrow,HammerThrow/v_HammerThrow_g12_c06.avi,189,240,320,center_stride,30,157,78,93,3,10,15
1723,HammerThrow,HammerThrow/v_HammerThrow_g13_c05.avi,167,240,320,center_stride,19,146,83,98,4,8,6
1724,HammerThrow,HammerThrow/v_HammerThrow_g13_c06.avi,179,240,320,center_stride,25,152,121,136,6,0,8
1725,HammerThrow,HammerThrow/v_HammerThrow_g14_c02.avi,225,240,320,center_stride,48,175,48,63,0,13,0
1726,HammerThrow,HammerThrow/v_HammerThrow_g15_c01.avi,234,240,320,center_stride,53,180,101,116,3,2,12
1727,HammerThrow,HammerThrow/v_HammerThrow_g15_c02.avi,238,240,320,center_stride,55,182,71,86,1,15,4
1728,HammerThrow,HammerThrow/v_HammerThrow_g15_c03.avi,225,240,320,center_stride,48,175,96,111,3,3,6
1729,HammerThrow,HammerThrow/v_HammerThrow_g16_c01.avi,163,240,320,center_stride,17,144,113,128,6,14,13
1730,HammerThrow,HammerThrow/v_HammerThrow_g17_c04.avi,180,240,320,center_stride,26,153,26,41,0,3,5
1731,HammerThrow,HammerThrow/v_HammerThrow_g18_c02.avi,139,240,320,center_stride,5,132,117,132,7,6,2
1732,HammerThrow,HammerThrow/v_HammerThrow_g18_c04.avi,156,240,320,center_stride,14,141,126,141,7,12,11
1733,HammerThrow,HammerThrow/v_HammerThrow_g18_c05.avi,116,240,320,uniform_fallback,0,115,43,57,3,8,2
1734,HammerThrow,HammerThrow/v_HammerThrow_g19_c01.avi,198,240,320,center_stride,35,162,99,114,4,1,12
1735,HammerThrow,HammerThrow/v_HammerThrow_g19_c03.avi,165,240,320,center_stride,18,145,82,97,4,4,0
1736,HammerThrow,HammerThrow/v_HammerThrow_g19_c05.avi,209,240,320,center_stride,40,167,40,55,0,14,15
1737,HammerThrow,HammerThrow/v_HammerThrow_g19_c06.avi,241,240,320,center_stride,56,183,104,119,3,0,3
1738,HammerThrow,HammerThrow/v_HammerThrow_g20_c03.avi,191,240,320,center_stride,31,158,127,142,6,9,11
1739,HammerThrow,HammerThrow/v_HammerThrow_g20_c04.avi,119,240,320,uniform_fallback,0,118,89,103,6,15,2
1740,HammerThrow,HammerThrow/v_HammerThrow_g21_c01.avi,187,240,320,center_stride,29,156,77,92,3,5,14
1741,HammerThrow,HammerThrow/v_HammerThrow_g21_c03.avi,147,240,320,center_stride,9,136,89,104,5,12,0
1742,HammerThrow,HammerThrow/v_HammerThrow_g22_c03.avi,165,240,320,center_stride,18,145,130,145,7,3,3
1743,HammerThrow,HammerThrow/v_HammerThrow_g22_c05.avi,134,240,320,center_stride,3,130,19,34,1,4,5
1744,HammerThrow,HammerThrow/v_HammerThrow_g22_c07.avi,154,240,320,center_stride,13,140,13,28,0,3,7
1745,HammerThrow,HammerThrow/v_HammerThrow_g24_c02.avi,147,240,320,center_stride,9,136,73,88,4,10,0
1746,HammerThrow,HammerThrow/v_HammerThrow_g24_c04.avi,139,240,320,center_stride,5,132,21,36,1,0,4
1747,HammerThrow,HammerThrow/v_HammerThrow_g25_c01.avi,122,240,320,uniform_fallback,0,121,30,45,2,7,5
1748,HammerThrow,HammerThrow/v_HammerThrow_g25_c02.avi,93,240,320,uniform_fallback,0,92,23,34,2,8,8
1749,HammerThrow,HammerThrow/v_HammerThrow_g25_c03.avi,125,240,320,uniform_fallback,0,124,0,15,0,0,13
1750,Hammering,Hammering/v_Hammering_g01_c04.avi,79,240,320,uniform_fallback,0,78,69,78,7,10,7
1751,Hammering,Hammering/v_Hammering_g02_c01.avi,74,240,320,uniform_fallback,0,73,9,18,1,13,3
1752,Hammering,Hammering/v_Hammering_g02_c03.avi,100,240,320,uniform_fallback,0,99,0,12,0,2,3
1753,Hammering,Hammering/v_Hammering_g03_c01.avi,193,240,320,center_stride,32,159,80,95,3,8,7
1754,Hammering,Hammering/v_Hammering_g03_c04.avi,131,240,320,center_stride,1,128,113,128,7,6,13
1755,Hammering,Hammering/v_Hammering_g04_c02.avi,82,240,320,uniform_fallback,0,81,71,81,7,12,1
1756,Hammering,Hammering/v_Hammering_g04_c03.avi,88,240,320,uniform_fallback,0,87,44,54,4,6,8
1757,Hammering,Hammering/v_Hammering_g04_c05.avi,64,240,320,uniform_fallback,0,63,24,31,3,7,7
1758,Hammering,Hammering/v_Hammering_g05_c01.avi,100,240,320,uniform_fallback,0,99,87,99,7,12,4
1759,Hammering,Hammering/v_Hammering_g05_c04.avi,74,240,320,uniform_fallback,0,73,55,64,6,11,11
1760,Hammering,Hammering/v_Hammering_g06_c04.avi,113,240,320,uniform_fallback,0,112,28,41,2,13,1
1761,Hammering,Hammering/v_Hammering_g06_c05.avi,140,240,320,center_stride,6,133,38,53,2,14,5
1762,Hammering,Hammering/v_Hammering_g06_c06.avi,86,240,320,uniform_fallback,0,85,54,64,5,14,1
1763,Hammering,Hammering/v_Hammering_g07_c05.avi,127,240,320,uniform_fallback,0,126,48,63,3,1,11
1764,Hammering,Hammering/v_Hammering_g08_c04.avi,145,240,320,center_stride,8,135,104,119,6,5,11
1765,Hammering,Hammering/v_Hammering_g09_c05.avi,150,240,320,center_stride,11,138,123,138,7,14,14
1766,Hammering,Hammering/v_Hammering_g09_c06.avi,140,240,320,center_stride,6,133,118,133,7,3,9
1767,Hammering,Hammering/v_Hammering_g10_c06.avi,94,240,320,uniform_fallback,0,93,23,34,2,1,5
1768,Hammering,Hammering/v_Hammering_g10_c07.avi,111,240,320,uniform_fallback,0,110,42,55,3,14,4
1769,Hammering,Hammering/v_Hammering_g11_c02.avi,86,240,320,uniform_fallback,0,85,32,42,3,0,10
1770,Hammering,Hammering/v_Hammering_g11_c03.avi,76,240,320,uniform_fallback,0,75,0,9,0,5,6
1771,Hammering,Hammering/v_Hammering_g12_c04.avi,105,240,320,uniform_fallback,0,104,52,65,4,1,9
1772,Hammering,Hammering/v_Hammering_g13_c03.avi,107,240,320,uniform_fallback,0,106,67,79,5,13,15
1773,Hammering,Hammering/v_Hammering_g13_c04.avi,113,240,320,uniform_fallback,0,112,56,70,4,13,14
1774,Hammering,Hammering/v_Hammering_g13_c06.avi,101,240,320,uniform_fallback,0,100,63,75,5,7,4
1775,Hammering,Hammering/v_Hammering_g15_c04.avi,150,240,320,center_stride,11,138,123,138,7,7,15
1776,Hammering,Hammering/v_Hammering_g16_c02.avi,65,240,320,uniform_fallback,0,64,48,56,6,6,0
1777,Hammering,Hammering/v_Hammering_g17_c01.avi,150,240,320,center_stride,11,138,59,74,3,14,15
1778,Hammering,Hammering/v_Hammering_g17_c02.avi,125,240,320,uniform_fallback,0,124,94,108,6,7,11
1779,Hammering,Hammering/v_Hammering_g17_c03.avi,126,240,320,uniform_fallback,0,125,110,125,7,1,12
1780,Hammering,Hammering/v_Hammering_g17_c04.avi,125,240,320,uniform_fallback,0,124,109,124,7,7,4
1781,Hammering,Hammering/v_Hammering_g17_c06.avi,125,240,320,uniform_fallback,0,124,0,15,0,7,5
1782,Hammering,Hammering/v_Hammering_g17_c07.avi,140,240,320,center_stride,6,133,102,117,6,14,3
1783,Hammering,Hammering/v_Hammering_g18_c06.avi,150,240,320,center_stride,11,138,107,122,6,2,14
1784,Hammering,Hammering/v_Hammering_g19_c01.avi,96,240,320,uniform_fallback,0,95,84,95,7,15,11
1785,Hammering,Hammering/v_Hammering_g19_c06.avi,116,240,320,uniform_fallback,0,115,43,57,3,12,6
1786,Hammering,Hammering/v_Hammering_g20_c01.avi,105,240,320,uniform_fallback,0,104,13,25,1,4,10
1787,Hammering,Hammering/v_Hammering_g21_c02.avi,159,240,320,center_stride,15,142,95,110,5,14,12
1788,Hammering,Hammering/v_Hammering_g21_c03.avi,185,240,320,center_stride,28,155,76,91,3,7,14
1789,Hammering,Hammering/v_Hammering_g21_c05.avi,150,240,320,center_stride,11,138,107,122,6,7,11
1790,Hammering,Hammering/v_Hammering_g22_c02.avi,228,240,320,center_stride,50,177,114,129,4,14,13
1791,Hammering,Hammering/v_Hammering_g22_c04.avi,167,240,320,center_stride,19,146,99,114,5,13,14
1792,Hammering,Hammering/v_Hammering_g23_c02.avi,101,240,320,uniform_fallback,0,100,50,62,4,11,0
1793,Hammering,Hammering/v_Hammering_g23_c03.avi,130,240,320,center_stride,1,128,97,112,6,14,2
1794,Hammering,Hammering/v_Hammering_g23_c06.avi,156,240,320,center_stride,14,141,78,93,4,5,13
1795,Hammering,Hammering/v_Hammering_g24_c01.avi,134,240,320,center_stride,3,130,99,114,6,3,8
1796,Hammering,Hammering/v_Hammering_g24_c02.avi,133,240,320,center_stride,2,129,50,65,3,11,9
1797,Hammering,Hammering/v_Hammering_g24_c05.avi,182,240,320,center_stride,27,154,139,154,7,3,3
1798,Hammering,Hammering/v_Hammering_g25_c03.avi,75,240,320,uniform_fallback,0,74,19,27,2,10,10
1799,Hammering,Hammering/v_Hammering_g25_c04.avi,75,240,320,uniform_fallback,0,74,37,46,4,13,12
1800,HandstandPushups,HandstandPushups/v_HandStandPushups_g01_c01.avi,78,240,320,uniform_fallback,0,77,29,38,3,1,0
1801,HandstandPushups,HandstandPushups/v_HandStandPushups_g01_c02.avi,93,240,320,uniform_fallback,0,92,35,46,3,0,15
1802,HandstandPushups,HandstandPushups/v_HandStandPushups_g01_c03.avi,101,240,320,uniform_fallback,0,100,76,87,6,9,4
1803,HandstandPushups,HandstandPushups/v_HandStandPushups_g02_c02.avi,55,240,320,uniform_fallback,0,54,48,54,7,3,5
1804,HandstandPushups,HandstandPushups/v_HandStandPushups_g03_c01.avi,125,240,320,uniform_fallback,0,124,94,108,6,12,3
1805,HandstandPushups,HandstandPushups/v_HandStandPushups_g05_c01.avi,114,240,320,uniform_fallback,0,113,85,99,6,1,2
1806,HandstandPushups,HandstandPushups/v_HandStandPushups_g06_c01.avi,88,240,320,uniform_fallback,0,87,33,43,3,8,7
1807,HandstandPushups,HandstandPushups/v_HandStandPushups_g06_c04.avi,72,240,320,uniform_fallback,0,71,27,35,3,0,6
1808,HandstandPushups,HandstandPushups/v_HandStandPushups_g07_c03.avi,153,240,320,center_stride,12,139,76,91,4,6,1
1809,HandstandPushups,HandstandPushups/v_HandStandPushups_g07_c04.avi,172,240,320,center_stride,22,149,22,37,0,14,13
1810,HandstandPushups,HandstandPushups/v_HandStandPushups_g08_c01.avi,105,240,320,uniform_fallback,0,104,92,104,7,4,10
1811,HandstandPushups,HandstandPushups/v_HandStandPushups_g08_c03.avi,105,240,320,uniform_fallback,0,104,79,91,6,8,12
1812,HandstandPushups,HandstandPushups/v_HandStandPushups_g08_c05.avi,75,240,320,uniform_fallback,0,74,47,55,5,5,11
1813,HandstandPushups,HandstandPushups/v_HandStandPushups_g09_c01.avi,90,240,320,uniform_fallback,0,89,45,55,4,2,14
1814,HandstandPushups,HandstandPushups/v_HandStandPushups_g09_c03.avi,105,240,320,uniform_fallback,0,104,79,91,6,12,6
1815,HandstandPushups,HandstandPushups/v_HandStandPushups_g11_c02.avi,151,240,320,center_stride,11,138,75,90,4,1,0
1816,HandstandPushups,HandstandPushups/v_HandStandPushups_g11_c03.avi,185,240,320,center_stride,28,155,76,91,3,6,9
1817,HandstandPushups,HandstandPushups/v_HandStandPushups_g11_c05.avi,154,240,320,center_stride,13,140,13,28,0,11,9
1818,HandstandPushups,HandstandPushups/v_HandStandPushups_g12_c01.avi,105,240,320,uniform_fallback,0,104,39,52,3,10,1
1819,HandstandPushups,HandstandPushups/v_HandStandPushups_g12_c05.avi,108,240,320,uniform_fallback,0,107,0,13,0,8,1
1820,HandstandPushups,HandstandPushups/v_HandStandPushups_g13_c02.avi,85,240,320,uniform_fallback,0,84,74,84,7,11,7
1821,HandstandPushups,HandstandPushups/v_HandStandPushups_g13_c04.avi,90,240,320,uniform_fallback,0,89,11,22,1,13,5
1822,HandstandPushups,HandstandPushups/v_HandStandPushups_g13_c06.avi,95,240,320,uniform_fallback,0,94,24,35,2,2,1
1823,HandstandPushups,HandstandPushups/v_HandStandPushups_g15_c02.avi,107,240,320,uniform_fallback,0,106,27,39,2,14,5
1824,HandstandPushups,HandstandPushups/v_HandStandPushups_g15_c04.avi,120,240,320,uniform_fallback,0,119,45,59,3,12,3
1825,HandstandPushups,HandstandPushups/v_HandStandPushups_g15_c06.avi,101,240,320,uniform_fallback,0,100,0,12,0,2,0
1826,HandstandPushups,HandstandPushups/v_HandStandPushups_g16_c01.avi,121,240,320,uniform_fallback,0,120,91,105,6,4,12
1827,HandstandPushups,HandstandPushups/v_HandStandPushups_g16_c03.avi,125,240,320,uniform_fallback,0,124,0,15,0,6,8
1828,HandstandPushups,HandstandPushups/v_HandStandPushups_g16_c04.avi,125,240,320,uniform_fallback,0,124,0,15,0,1,13
1829,HandstandPushups,HandstandPushups/v_HandStandPushups_g16_c05.avi,101,240,320,uniform_fallback,0,100,0,12,0,11,15
1830,HandstandPushups,HandstandPushups/v_HandStandPushups_g16_c06.avi,151,240,320,center_stride,11,138,11,26,0,2,5
1831,HandstandPushups,HandstandPushups/v_HandStandPushups_g17_c01.avi,85,240,320,uniform_fallback,0,84,74,84,7,12,1
1832,HandstandPushups,HandstandPushups/v_HandStandPushups_g17_c02.avi,95,240,320,uniform_fallback,0,94,24,35,2,4,4
1833,HandstandPushups,HandstandPushups/v_HandStandPushups_g17_c05.avi,90,240,320,uniform_fallback,0,89,67,78,6,2,4
1834,HandstandPushups,HandstandPushups/v_HandStandPushups_g18_c04.avi,89,240,320,uniform_fallback,0,88,11,21,1,3,12
1835,HandstandPushups,HandstandPushups/v_HandStandPushups_g19_c01.avi,134,240,320,center_stride,3,130,67,82,4,7,9
1836,HandstandPushups,HandstandPushups/v_HandStandPushups_g20_c01.avi,110,240,320,uniform_fallback,0,109,14,27,1,2,5
1837,HandstandPushups,HandstandPushups/v_HandStandPushups_g20_c02.avi,134,240,320,center_stride,3,130,99,114,6,15,7
1838,HandstandPushups,HandstandPushups/v_HandStandPushups_g20_c03.avi,122,240,320,uniform_fallback,0,121,0,14,0,2,0
1839,HandstandPushups,HandstandPushups/v_HandStandPushups_g21_c05.avi,101,240,320,uniform_fallback,0,100,76,87,6,1,8
1840,HandstandPushups,HandstandPushups/v_HandStandPushups_g22_c01.avi,129,240,320,center_stride,0,127,80,95,5,0,10
1841,HandstandPushups,HandstandPushups/v_HandStandPushups_g22_c02.avi,111,240,320,uniform_fallback,0,110,14,27,1,13,2
1842,HandstandPushups,HandstandPushups/v_HandStandPushups_g22_c05.avi,50,240,320,uniform_fallback,0,49,37,43,6,13,11
1843,HandstandPushups,HandstandPushups/v_HandStandPushups_g23_c01.avi,180,240,320,center_stride,26,153,42,57,1,11,6
1844,HandstandPushups,HandstandPushups/v_HandStandPushups_g23_c03.avi,211,240,320,center_stride,41,168,153,168,7,13,1
1845,HandstandPushups,HandstandPushups/v_HandStandPushups_g24_c01.avi,104,240,320,uniform_fallback,0,103,78,90,6,11,6
1846,HandstandPushups,HandstandPushups/v_HandStandPushups_g24_c02.avi,140,240,320,center_stride,6,133,54,69,3,1,2
1847,HandstandPushups,HandstandPushups/v_HandStandPushups_g24_c04.avi,84,240,320,uniform_fallback,0,83,63,73,6,5,9
1848,HandstandPushups,HandstandPushups/v_HandStandPushups_g25_c05.avi,176,240,320,center_stride,24,151,40,55,1,2,1
1849,HandstandPushups,HandstandPushups/v_HandStandPushups_g25_c07.avi,66,240,320,uniform_fallback,0,65,57,65,7,12,6
1850,HandstandWalking,HandstandWalking/v_HandstandWalking_g01_c02.avi,104,240,320,uniform_fallback,0,103,52,64,4,0,12
1851,HandstandWalking,HandstandWalking/v_HandstandWalking_g01_c03.avi,106,240,320,uniform_fallback,0,105,40,52,3,13,9
1852,HandstandWalking,HandstandWalking/v_HandstandWalking_g02_c02.avi,104,240,320,uniform_fallback,0,103,65,77,5,14,0
1853,HandstandWalking,HandstandWalking/v_HandstandWalking_g02_c03.avi,120,240,320,uniform_fallback,0,119,105,119,7,8,8
1854,HandstandWalking,HandstandWalking/v_HandstandWalking_g03_c02.avi,106,240,320,uniform_fallback,0,105,13,26,1,3,13
1855,HandstandWalking,HandstandWalking/v_HandstandWalking_g03_c04.avi,134,240,320,center_stride,3,130,35,50,2,6,11
1856,HandstandWalking,HandstandWalking/v_HandstandWalking_g04_c01.avi,108,240,320,uniform_fallback,0,107,13,26,1,10,2
1857,HandstandWalking,HandstandWalking/v_HandstandWalking_g04_c02.avi,120,240,320,uniform_fallback,0,119,30,44,2,12,9
1858,HandstandWalking,HandstandWalking/v_HandstandWalking_g04_c04.avi,128,240,320,center_stride,0,127,112,127,7,0,2
1859,HandstandWalking,HandstandWalking/v_HandstandWalking_g05_c06.avi,190,240,320,center_stride,31,158,79,94,3,9,14
1860,HandstandWalking,HandstandWalking/v_HandstandWalking_g05_c07.avi,251,240,320,center_stride,61,188,125,140,4,9,13
1861,HandstandWalking,HandstandWalking/v_HandstandWalking_g06_c01.avi,67,240,320,uniform_fallback,0,66,25,33,3,2,7
1862,HandstandWalking,HandstandWalking/v_HandstandWalking_g06_c03.avi,72,240,320,uniform_fallback,0,71,54,62,6,9,6
1863,HandstandWalking,HandstandWalking/v_HandstandWalking_g06_c04.avi,76,240,320,uniform_fallback,0,75,57,66,6,11,4
1864,HandstandWalking,HandstandWalking/v_HandstandWalking_g07_c03.avi,187,240,320,center_stride,29,156,45,60,1,6,12
1865,HandstandWalking,HandstandWalking/v_HandstandWalking_g07_c04.avi,193,240,320,center_stride,32,159,112,127,5,9,11
1866,HandstandWalking,HandstandWalking/v_HandstandWalking_g08_c02.avi,134,240,320,center_stride,3,130,83,98,5,15,12
1867,HandstandWalking,HandstandWalking/v_HandstandWalking_g08_c03.avi,133,240,320,center_stride,2,129,18,33,1,6,4
1868,HandstandWalking,HandstandWalking/v_HandstandWalking_g08_c04.avi,139,240,320,center_stride,5,132,53,68,3,13,14
1869,HandstandWalking,HandstandWalking/v_HandstandWalking_g09_c01.avi,145,240,320,center_stride,8,135,40,55,2,5,9
1870,HandstandWalking,HandstandWalking/v_HandstandWalking_g09_c02.avi,144,240,320,center_stride,8,135,56,71,3,11,11
1871,HandstandWalking,HandstandWalking/v_HandstandWalking_g09_c04.avi,154,240,320,center_stride,13,140,61,76,3,14,12
1872,HandstandWalking,HandstandWalking/v_HandstandWalking_g11_c01.avi,124,240,320,uniform_fallback,0,123,108,123,7,2,4
1873,HandstandWalking,HandstandWalking/v_HandstandWalking_g11_c02.avi,122,240,320,uniform_fallback,0,121,76,91,5,2,3
1874,HandstandWalking,HandstandWalking/v_HandstandWalking_g11_c04.avi,131,240,320,center_stride,1,128,113,128,7,6,0
1875,HandstandWalking,HandstandWalking/v_HandstandWalking_g12_c04.avi,93,240,320,uniform_fallback,0,92,12,22,1,4,6
1876,HandstandWalking,HandstandWalking/v_HandstandWalking_g13_c01.avi,73,240,320,uniform_fallback,0,72,63,72,7,0,3
1877,HandstandWalking,HandstandWalking/v_HandstandWalking_g14_c03.avi,157,240,320,center_stride,14,141,14,29,0,8,14
1878,HandstandWalking,HandstandWalking/v_HandstandWalking_g14_c04.avi,139,240,320,center_stride,5,132,101,116,6,9,3
1879,HandstandWalking,HandstandWalking/v_HandstandWalking_g16_c01.avi,129,240,320,center_stride,0,127,96,111,6,15,13
1880,HandstandWalking,HandstandWalking/v_HandstandWalking_g16_c02.avi,132,240,320,center_stride,2,129,82,97,5,5,7
1881,HandstandWalking,HandstandWalking/v_HandstandWalking_g16_c03.avi,109,240,320,uniform_fallback,0,108,27,40,2,1,4
1882,HandstandWalking,HandstandWalking/v_HandstandWalking_g16_c04.avi,117,240,320,uniform_fallback,0,116,29,43,2,12,8
1883,HandstandWalking,HandstandWalking/v_HandstandWalking_g17_c01.avi,153,240,320,center_stride,12,139,44,59,2,12,13
1884,HandstandWalking,HandstandWalking/v_HandstandWalking_g17_c02.avi,150,240,320,center_stride,11,138,91,106,5,15,6
1885,HandstandWalking,HandstandWalking/v_HandstandWalking_g17_c03.avi,154,240,320,center_stride,13,140,125,140,7,6,5
1886,HandstandWalking,HandstandWalking/v_HandstandWalking_g18_c02.avi,205,240,320,center_stride,38,165,86,101,3,4,1
1887,HandstandWalking,HandstandWalking/v_HandstandWalking_g18_c03.avi,329,240,320,center_stride,100,227,100,115,0,5,9
1888,HandstandWalking,HandstandWalking/v_HandstandWalking_g19_c02.avi,233,240,320,center_stride,52,179,164,179,7,14,11
1889,HandstandWalking,HandstandWalking/v_HandstandWalking_g20_c01.avi,68,240,320,uniform_fallback,0,67,8,16,1,15,4
1890,HandstandWalking,HandstandWalking/v_HandstandWalking_g20_c04.avi,88,240,320,uniform_fallback,0,87,66,76,6,3,13
1891,HandstandWalking,HandstandWalking/v_HandstandWalking_g22_c01.avi,124,240,320,uniform_fallback,0,123,62,77,4,2,9
1892,HandstandWalking,HandstandWalking/v_HandstandWalking_g22_c02.avi,147,240,320,center_stride,9,136,25,40,1,14,1
1893,HandstandWalking,HandstandWalking/v_HandstandWalking_g22_c04.avi,154,240,320,center_stride,13,140,125,140,7,0,13
1894,HandstandWalking,HandstandWalking/v_HandstandWalking_g23_c02.avi,313,240,320,center_stride,92,219,140,155,3,6,13
1895,HandstandWalking,HandstandWalking/v_HandstandWalking_g24_c01.avi,336,240,320,center_stride,104,231,216,231,7,11,11
1896,HandstandWalking,HandstandWalking/v_HandstandWalking_g24_c02.avi,331,240,320,center_stride,101,228,181,196,5,2,10
1897,HandstandWalking,HandstandWalking/v_HandstandWalking_g24_c06.avi,375,240,320,center_stride,123,250,123,138,0,10,0
1898,HandstandWalking,HandstandWalking/v_HandstandWalking_g25_c01.avi,105,240,320,uniform_fallback,0,104,0,12,0,8,13
1899,HandstandWalking,HandstandWalking/v_HandstandWalking_g25_c03.avi,101,240,320,uniform_fallback,0,100,63,75,5,14,9
1900,HeadMassage,HeadMassage/v_HeadMassage_g01_c01.avi,154,240,320,center_stride,13,140,61,76,3,7,14
1901,HeadMassage,HeadMassage/v_HeadMassage_g01_c05.avi,122,240,320,uniform_fallback,0,121,76,91,5,14,9
1902,HeadMassage,HeadMassage/v_HeadMassage_g02_c03.avi,278,240,320,center_stride,75,202,91,106,1,5,6
1903,HeadMassage,HeadMassage/v_HeadMassage_g03_c04.avi,315,240,320,center_stride,93,220,205,220,7,11,12
1904,HeadMassage,HeadMassage/v_HeadMassage_g03_c06.avi,404,240,320,center_stride,138,265,250,265,7,10,8
1905,HeadMassage,HeadMassage/v_HeadMassage_g04_c03.avi,180,240,320,center_stride,26,153,122,137,6,10,3
1906,HeadMassage,HeadMassage/v_HeadMassage_g04_c04.avi,198,240,320,center_stride,35,162,131,146,6,0,4
1907,HeadMassage,HeadMassage/v_HeadMassage_g05_c03.avi,231,240,320,center_stride,51,178,67,82,1,12,9
1908,HeadMassage,HeadMassage/v_HeadMassage_g05_c04.avi,243,240,320,center_stride,57,184,153,168,6,14,9
1909,HeadMassage,HeadMassage/v_HeadMassage_g06_c02.avi,111,240,320,uniform_fallback,0,110,42,55,3,4,9
1910,HeadMassage,HeadMassage/v_HeadMassage_g06_c04.avi,232,240,320,center_stride,52,179,132,147,5,13,1
1911,HeadMassage,HeadMassage/v_HeadMassage_g06_c07.avi,257,240,320,center_stride,64,191,144,159,5,13,14
1912,HeadMassage,HeadMassage/v_HeadMassage_g07_c02.avi,298,240,320,center_stride,85,212,165,180,5,10,13
1913,HeadMassage,HeadMassage/v_HeadMassage_g07_c04.avi,231,240,320,center_stride,51,178,163,178,7,15,7
1914,HeadMassage,HeadMassage/v_HeadMassage_g08_c02.avi,201,240,320,center_stride,36,163,148,163,7,8,6
1915,HeadMassage,HeadMassage/v_HeadMassage_g08_c03.avi,251,240,320,center_stride,61,188,173,188,7,6,4
1916,HeadMassage,HeadMassage/v_HeadMassage_g08_c04.avi,205,240,320,center_stride,38,165,134,149,6,11,13
1917,HeadMassage,HeadMassage/v_HeadMassage_g08_c06.avi,214,240,320,center_stride,43,170,43,58,0,15,7
1918,HeadMassage,HeadMassage/v_HeadMassage_g08_c07.avi,239,240,320,center_stride,55,182,103,118,3,14,10
1919,HeadMassage,HeadMassage/v_HeadMassage_g09_c04.avi,117,240,320,uniform_fallback,0,116,73,87,5,2,7
1920,HeadMassage,HeadMassage/v_HeadMassage_g10_c01.avi,107,240,320,uniform_fallback,0,106,27,39,2,8,3
1921,HeadMassage,HeadMassage/v_HeadMassage_g10_c04.avi,149,240,320,center_stride,10,137,106,121,6,8,9
1922,HeadMassage,HeadMassage/v_HeadMassage_g11_c02.avi,189,240,320,center_stride,30,157,110,125,5,5,14
1923,HeadMassage,HeadMassage/v_HeadMassage_g11_c05.avi,175,240,320,center_stride,23,150,55,70,2,6,13
1924,HeadMassage,HeadMassage/v_HeadMassage_g12_c02.avi,103,240,320,uniform_fallback,0,102,90,102,7,3,1
1925,HeadMassage,HeadMassage/v_HeadMassage_g12_c05.avi,169,240,320,center_stride,20,147,36,51,1,2,10
1926,HeadMassage,HeadMassage/v_HeadMassage_g12_c06.avi,171,240,320,center_stride,21,148,21,36,0,6,11
1927,HeadMassage,HeadMassage/v_HeadMassage_g12_c07.avi,217,240,320,center_stride,44,171,140,155,6,8,4
1928,HeadMassage,HeadMassage/v_HeadMassage_g13_c03.avi,105,240,320,uniform_fallback,0,104,92,104,7,11,0
1929,HeadMassage,HeadMassage/v_HeadMassage_g13_c04.avi,82,240,320,uniform_fallback,0,81,41,50,4,6,5
1930,HeadMassage,HeadMassage/v_HeadMassage_g15_c01.avi,249,240,320,center_stride,60,187,172,187,7,11,6
1931,HeadMassage,HeadMassage/v_HeadMassage_g16_c02.avi,74,240,320,uniform_fallback,0,73,64,73,7,0,2
1932,HeadMassage,HeadMassage/v_HeadMassage_g16_c03.avi,75,240,320,uniform_fallback,0,74,37,46,4,10,3
1933,HeadMassage,HeadMassage/v_HeadMassage_g17_c01.avi,302,240,320,center_stride,87,214,151,166,4,3,12
1934,HeadMassage,HeadMassage/v_HeadMassage_g18_c02.avi,150,240,320,center_stride,11,138,11,26,0,13,1
1935,HeadMassage,HeadMassage/v_HeadMassage_g18_c03.avi,172,240,320,center_stride,22,149,22,37,0,12,2
1936,HeadMassage,HeadMassage/v_HeadMassage_g19_c02.avi,99,240,320,uniform_fallback,0,98,74,86,6,7,9
1937,HeadMassage,HeadMassage/v_HeadMassage_g19_c05.avi,133,240,320,center_stride,2,129,66,81,4,6,15
1938,HeadMassage,HeadMassage/v_HeadMassage_g20_c01.avi,149,240,320,center_stride,10,137,122,137,7,13,3
1939,HeadMassage,HeadMassage/v_HeadMassage_g20_c03.avi,127,240,320,uniform_fallback,0,126,111,126,7,4,4
1940,HeadMassage,HeadMassage/v_HeadMassage_g20_c04.avi,129,240,320,center_stride,0,127,48,63,3,12,12
1941,HeadMassage,HeadMassage/v_HeadMassage_g20_c05.avi,106,240,320,uniform_fallback,0,105,66,79,5,12,10
1942,HeadMassage,HeadMassage/v_HeadMassage_g21_c04.avi,114,240,320,uniform_fallback,0,113,57,70,4,4,2
1943,HeadMassage,HeadMassage/v_HeadMassage_g21_c05.avi,135,240,320,center_stride,3,130,83,98,5,12,15
1944,HeadMassage,HeadMassage/v_HeadMassage_g21_c06.avi,149,240,320,center_stride,10,137,90,105,5,13,13
1945,HeadMassage,HeadMassage/v_HeadMassage_g22_c01.avi,214,240,320,center_stride,43,170,107,122,4,8,0
1946,HeadMassage,HeadMassage/v_HeadMassage_g22_c04.avi,157,240,320,center_stride,14,141,46,61,2,13,15
1947,HeadMassage,HeadMassage/v_HeadMassage_g23_c01.avi,371,240,320,center_stride,121,248,185,200,4,6,0
1948,HeadMassage,HeadMassage/v_HeadMassage_g24_c01.avi,106,240,320,uniform_fallback,0,105,40,52,3,2,13
1949,HeadMassage,HeadMassage/v_HeadMassage_g25_c03.avi,136,240,320,center_stride,4,131,68,83,4,5,5
1950,HighJump,HighJump/v_HighJump_g01_c01.avi,155,240,320,center_stride,13,140,125,140,7,8,1
1951,HighJump,HighJump/v_HighJump_g01_c03.avi,102,240,320,uniform_fallback,0,101,25,37,2,3,9
1952,HighJump,HighJump/v_HighJump_g01_c04.avi,179,240,320,center_stride,25,152,89,104,4,7,4
1953,HighJump,HighJump/v_HighJump_g02_c02.avi,137,240,320,center_stride,4,131,100,115,6,1,12
1954,HighJump,HighJump/v_HighJump_g02_c04.avi,104,240,320,uniform_fallback,0,103,26,38,2,2,5
1955,HighJump,HighJump/v_HighJump_g03_c01.avi,108,240,320,uniform_fallback,0,107,13,26,1,6,12
1956,HighJump,HighJump/v_HighJump_g03_c04.avi,183,240,320,center_stride,27,154,107,122,5,4,0
1957,HighJump,HighJump/v_HighJump_g04_c02.avi,144,240,320,center_stride,8,135,104,119,6,7,9
1958,HighJump,HighJump/v_HighJump_g04_c04.avi,108,240,320,uniform_fallback,0,107,54,67,4,0,3
1959,HighJump,HighJump/v_HighJump_g04_c06.avi,132,240,320,center_stride,2,129,82,97,5,13,2
1960,HighJump,HighJump/v_HighJump_g05_c05.avi,99,240,320,uniform_fallback,0,98,25,36,2,4,2
1961,HighJump,HighJump/v_HighJump_g06_c02.avi,132,240,320,center_stride,2,129,82,97,5,8,12
1962,HighJump,HighJump/v_HighJump_g07_c03.avi,123,240,320,uniform_fallback,0,122,108,122,7,3,15
1963,HighJump,HighJump/v_HighJump_g07_c06.avi,80,240,320,uniform_fallback,0,79,50,59,5,9,11
1964,HighJump,HighJump/v_HighJump_g08_c03.avi,123,240,320,uniform_fallback,0,122,92,107,6,7,9
1965,HighJump,HighJump/v_HighJump_g08_c04.avi,112,240,320,uniform_fallback,0,111,84,97,6,10,14
1966,HighJump,HighJump/v_HighJump_g08_c05.avi,139,240,320,center_stride,5,132,21,36,1,10,11
1967,HighJump,HighJump/v_HighJump_g09_c02.avi,91,240,320,uniform_fallback,0,90,0,11,0,6,2
1968,HighJump,HighJump/v_HighJump_g09_c03.avi,67,240,320,uniform_fallback,0,66,33,41,4,13,3
1969,HighJump,HighJump/v_HighJump_g09_c04.avi,96,240,320,uniform_fallback,0,95,48,59,4,6,14
1970,HighJump,HighJump/v_HighJump_g10_c03.avi,136,240,320,center_stride,4,131,116,131,7,7,7
1971,HighJump,HighJump/v_HighJump_g11_c01.avi,96,240,320,uniform_fallback,0,95,36,47,3,7,14
1972,HighJump,HighJump/v_HighJump_g11_c02.avi,88,240,320,uniform_fallback,0,87,66,76,6,5,7
1973,HighJump,HighJump/v_HighJump_g11_c03.avi,108,240,320,uniform_fallback,0,107,54,67,4,11,9
1974,HighJump,HighJump/v_HighJump_g11_c04.avi,72,240,320,uniform_fallback,0,71,18,26,2,1,7
1975,HighJump,HighJump/v_HighJump_g11_c06.avi,132,240,320,center_stride,2,129,18,33,1,13,2
1976,HighJump,HighJump/v_HighJump_g12_c01.avi,108,240,320,uniform_fallback,0,107,94,107,7,10,7
1977,HighJump,HighJump/v_HighJump_g13_c01.avi,118,240,320,uniform_fallback,0,117,15,29,1,9,7
1978,HighJump,HighJump/v_HighJump_g13_c03.avi,110,240,320,uniform_fallback,0,109,55,68,4,9,15
1979,HighJump,HighJump/v_HighJump_g13_c04.avi,122,240,320,uniform_fallback,0,121,46,60,3,7,4
1980,HighJump,HighJump/v_HighJump_g13_c05.avi,100,240,320,uniform_fallback,0,99,12,24,1,11,0
1981,HighJump,HighJump/v_HighJump_g14_c01.avi,101,240,320,uniform_fallback,0,100,63,75,5,6,8
1982,HighJump,HighJump/v_HighJump_g15_c02.avi,91,240,320,uniform_fallback,0,90,0,11,0,9,13
1983,HighJump,HighJump/v_HighJump_g15_c04.avi,127,240,320,uniform_fallback,0,126,48,63,3,4,12
1984,HighJump,HighJump/v_HighJump_g16_c05.avi,90,240,320,uniform_fallback,0,89,0,11,0,2,6
1985,HighJump,HighJump/v_HighJump_g17_c01.avi,134,240,320,center_stride,3,130,19,34,1,11,10
1986,HighJump,HighJump/v_HighJump_g17_c03.avi,116,240,320,uniform_fallback,0,115,43,57,3,12,4
1987,HighJump,HighJump/v_HighJump_g18_c03.avi,133,240,320,center_stride,2,129,34,49,2,6,13
1988,HighJump,HighJump/v_HighJump_g19_c02.avi,81,240,320,uniform_fallback,0,80,30,40,3,12,0
1989,HighJump,HighJump/v_HighJump_g19_c03.avi,61,240,320,uniform_fallback,0,60,45,52,6,7,2
1990,HighJump,HighJump/v_HighJump_g20_c03.avi,101,240,320,uniform_fallback,0,100,76,87,6,8,7
1991,HighJump,HighJump/v_HighJump_g20_c05.avi,111,240,320,uniform_fallback,0,110,55,68,4,1,8
1992,HighJump,HighJump/v_HighJump_g22_c02.avi,108,240,320,uniform_fallback,0,107,81,94,6,9,5
1993,HighJump,HighJump/v_HighJump_g22_c04.avi,136,240,320,center_stride,4,131,4,19,0,2,10
1994,HighJump,HighJump/v_HighJump_g23_c04.avi,85,240,320,uniform_fallback,0,84,21,31,2,0,3
1995,HighJump,HighJump/v_HighJump_g24_c04.avi,132,240,320,center_stride,2,129,82,97,5,11,11
1996,HighJump,HighJump/v_HighJump_g25_c01.avi,96,240,320,uniform_fallback,0,95,24,35,2,10,13
1997,HighJump,HighJump/v_HighJump_g25_c02.avi,120,240,320,uniform_fallback,0,119,30,44,2,4,4
1998,HighJump,HighJump/v_HighJump_g25_c04.avi,96,240,320,uniform_fallback,0,95,48,59,4,7,0
1999,HighJump,HighJump/v_HighJump_g25_c05.avi,96,240,320,uniform_fallback,0,95,24,35,2,2,8
2000,HorseRace,HorseRace/v_HorseRace_g02_c03.avi,313,240,320,center_stride,92,219,124,139,2,10,4
2001,HorseRace,HorseRace/v_HorseRace_g03_c02.avi,164,240,320,center_stride,18,145,66,81,3,7,1
2002,HorseRace,HorseRace/v_HorseRace_g03_c05.avi,131,240,320,center_stride,1,128,49,64,3,9,3
2003,HorseRace,HorseRace/v_HorseRace_g04_c02.avi,155,240,320,center_stride,13,140,93,108,5,13,4
2004,HorseRace,HorseRace/v_HorseRace_g04_c05.avi,138,240,320,center_stride,5,132,101,116,6,3,4
2005,HorseRace,HorseRace/v_HorseRace_g04_c06.avi,158,240,320,center_stride,15,142,15,30,0,4,4
2006,HorseRace,HorseRace/v_HorseRace_g05_c01.avi,253,240,320,center_stride,62,189,158,173,6,7,13
2007,HorseRace,HorseRace/v_HorseRace_g05_c02.avi,298,240,320,center_stride,85,212,101,116,1,9,6
2008,HorseRace,HorseRace/v_HorseRace_g05_c03.avi,273,240,320,center_stride,72,199,136,151,4,14,4
2009,HorseRace,HorseRace/v_HorseRace_g05_c04.avi,214,240,320,center_stride,43,170,155,170,7,10,6
2010,HorseRace,HorseRace/v_HorseRace_g07_c03.avi,154,240,320,center_stride,13,140,109,124,6,15,12
2011,HorseRace,HorseRace/v_HorseRace_g07_c05.avi,248,240,320,center_stride,60,187,92,107,2,8,8
2012,HorseRace,HorseRace/v_HorseRace_g08_c01.avi,265,240,320,center_stride,68,195,116,131,3,10,13
2013,HorseRace,HorseRace/v_HorseRace_g08_c03.avi,209,240,320,center_stride,40,167,72,87,2,0,7
2014,HorseRace,HorseRace/v_HorseRace_g08_c04.avi,309,240,320,center_stride,90,217,154,169,4,6,7
2015,HorseRace,HorseRace/v_HorseRace_g08_c05.avi,198,240,320,center_stride,35,162,83,98,3,13,0
2016,HorseRace,HorseRace/v_HorseRace_g09_c01.avi,189,240,320,center_stride,30,157,110,125,5,14,1
2017,HorseRace,HorseRace/v_HorseRace_g09_c02.avi,224,240,320,center_stride,48,175,112,127,4,4,4
2018,HorseRace,HorseRace/v_HorseRace_g10_c01.avi,218,240,320,center_stride,45,172,109,124,4,0,15
2019,HorseRace,HorseRace/v_HorseRace_g10_c02.avi,213,240,320,center_stride,42,169,42,57,0,2,10
2020,HorseRace,HorseRace/v_HorseRace_g11_c01.avi,281,240,320,center_stride,76,203,172,187,6,3,14
2021,HorseRace,HorseRace/v_HorseRace_g12_c01.avi,327,240,320,center_stride,99,226,147,162,3,6,1
2022,HorseRace,HorseRace/v_HorseRace_g12_c04.avi,360,240,320,center_stride,116,243,228,243,7,6,14
2023,HorseRace,HorseRace/v_HorseRace_g13_c03.avi,278,240,320,center_stride,75,202,107,122,2,4,11
2024,HorseRace,HorseRace/v_HorseRace_g13_c04.avi,291,240,320,center_stride,81,208,145,160,4,3,7
2025,HorseRace,HorseRace/v_HorseRace_g14_c02.avi,261,240,320,center_stride,66,193,114,129,3,2,14
2026,HorseRace,HorseRace/v_HorseRace_g14_c03.avi,229,240,320,center_stride,50,177,162,177,7,0,10
2027,HorseRace,HorseRace/v_HorseRace_g15_c02.avi,282,240,320,center_stride,77,204,141,156,4,4,13
2028,HorseRace,HorseRace/v_HorseRace_g16_c02.avi,319,240,320,center_stride,95,222,159,174,4,0,5
2029,HorseRace,HorseRace/v_HorseRace_g16_c05.avi,213,240,320,center_stride,42,169,74,89,2,1,14
2030,HorseRace,HorseRace/v_HorseRace_g17_c02.avi,229,240,320,center_stride,50,177,114,129,4,0,11
2031,HorseRace,HorseRace/v_HorseRace_g17_c05.avi,224,240,320,center_stride,48,175,48,63,0,15,4
2032,HorseRace,HorseRace/v_HorseRace_g18_c05.avi,295,240,320,center_stride,83,210,99,114,1,1,4
2033,HorseRace,HorseRace/v_HorseRace_g18_c06.avi,267,240,320,center_stride,69,196,117,132,3,9,7
2034,HorseRace,HorseRace/v_HorseRace_g19_c04.avi,351,240,320,center_stride,111,238,175,190,4,12,0
2035,HorseRace,HorseRace/v_HorseRace_g20_c01.avi,367,240,320,center_stride,119,246,167,182,3,6,0
2036,HorseRace,HorseRace/v_HorseRace_g20_c03.avi,260,240,320,center_stride,66,193,162,177,6,10,6
2037,HorseRace,HorseRace/v_HorseRace_g20_c05.avi,274,240,320,center_stride,73,200,105,120,2,1,3
2038,HorseRace,HorseRace/v_HorseRace_g21_c01.avi,295,240,320,center_stride,83,210,195,210,7,12,12
2039,HorseRace,HorseRace/v_HorseRace_g21_c02.avi,295,240,320,center_stride,83,210,131,146,3,10,6
2040,HorseRace,HorseRace/v_HorseRace_g21_c04.avi,281,240,320,center_stride,76,203,172,187,6,5,15
2041,HorseRace,HorseRace/v_HorseRace_g21_c05.avi,266,240,320,center_stride,69,196,133,148,4,12,1
2042,HorseRace,HorseRace/v_HorseRace_g22_c01.avi,218,240,320,center_stride,45,172,45,60,0,5,4
2043,HorseRace,HorseRace/v_HorseRace_g22_c02.avi,282,240,320,center_stride,77,204,77,92,0,2,0
2044,HorseRace,HorseRace/v_HorseRace_g22_c04.avi,352,240,320,center_stride,112,239,144,159,2,13,0
2045,HorseRace,HorseRace/v_HorseRace_g23_c01.avi,240,240,320,center_stride,56,183,136,151,5,9,4
2046,HorseRace,HorseRace/v_HorseRace_g23_c03.avi,259,240,320,center_stride,65,192,97,112,2,11,0
2047,HorseRace,HorseRace/v_HorseRace_g23_c05.avi,307,240,320,center_stride,89,216,169,184,5,7,11
2048,HorseRace,HorseRace/v_HorseRace_g25_c02.avi,286,240,320,center_stride,79,206,143,158,4,1,7
2049,HorseRace,HorseRace/v_HorseRace_g25_c04.avi,271,240,320,center_stride,71,198,87,102,1,15,8
2050,HorseRiding,HorseRiding/v_HorseRiding_g01_c03.avi,98,240,320,uniform_fallback,0,97,24,36,2,1,12
2051,HorseRiding,HorseRiding/v_HorseRiding_g02_c01.avi,180,240,320,center_stride,26,153,122,137,6,5,10
2052,HorseRiding,HorseRiding/v_HorseRiding_g03_c03.avi,151,240,320,center_stride,11,138,107,122,6,3,7
2053,HorseRiding,HorseRiding/v_HorseRiding_g03_c06.avi,180,240,320,center_stride,26,153,26,41,0,1,4
2054,HorseRiding,HorseRiding/v_HorseRiding_g04_c02.avi,201,240,320,center_stride,36,163,100,115,4,7,15
2055,HorseRiding,HorseRiding/v_HorseRiding_g04_c07.avi,240,240,320,center_stride,56,183,120,135,4,0,2
2056,HorseRiding,HorseRiding/v_HorseRiding_g05_c06.avi,240,240,320,center_stride,56,183,72,87,1,5,2
2057,HorseRiding,HorseRiding/v_HorseRiding_g05_c07.avi,240,240,320,center_stride,56,183,72,87,1,5,14
2058,HorseRiding,HorseRiding/v_HorseRiding_g06_c01.avi,240,240,320,center_stride,56,183,72,87,1,6,15
2059,HorseRiding,HorseRiding/v_HorseRiding_g06_c04.avi,180,240,320,center_stride,26,153,122,137,6,12,2
2060,HorseRiding,HorseRiding/v_HorseRiding_g06_c05.avi,180,240,320,center_stride,26,153,138,153,7,2,12
2061,HorseRiding,HorseRiding/v_HorseRiding_g06_c06.avi,204,240,320,center_stride,38,165,118,133,5,8,2
2062,HorseRiding,HorseRiding/v_HorseRiding_g06_c07.avi,216,240,320,center_stride,44,171,60,75,1,4,10
2063,HorseRiding,HorseRiding/v_HorseRiding_g07_c01.avi,180,240,320,center_stride,26,153,74,89,3,9,0
2064,HorseRiding,HorseRiding/v_HorseRiding_g07_c02.avi,180,240,320,center_stride,26,153,138,153,7,10,13
2065,HorseRiding,HorseRiding/v_HorseRiding_g07_c03.avi,180,240,320,center_stride,26,153,122,137,6,8,15
2066,HorseRiding,HorseRiding/v_HorseRiding_g07_c04.avi,180,240,320,center_stride,26,153,106,121,5,13,2
2067,HorseRiding,HorseRiding/v_HorseRiding_g07_c06.avi,180,240,320,center_stride,26,153,106,121,5,4,11
2068,HorseRiding,HorseRiding/v_HorseRiding_g08_c03.avi,151,240,320,center_stride,11,138,91,106,5,3,8
2069,HorseRiding,HorseRiding/v_HorseRiding_g08_c04.avi,151,240,320,center_stride,11,138,91,106,5,13,0
2070,HorseRiding,HorseRiding/v_HorseRiding_g08_c06.avi,175,240,320,center_stride,23,150,55,70,2,3,5
2071,HorseRiding,HorseRiding/v_HorseRiding_g09_c01.avi,201,240,320,center_stride,36,163,100,115,4,10,12
2072,HorseRiding,HorseRiding/v_HorseRiding_g09_c04.avi,201,240,320,center_stride,36,163,100,115,4,15,6
2073,HorseRiding,HorseRiding/v_HorseRiding_g10_c01.avi,201,240,320,center_stride,36,163,68,83,2,10,9
2074,HorseRiding,HorseRiding/v_HorseRiding_g10_c04.avi,201,240,320,center_stride,36,163,116,131,5,14,6
2075,HorseRiding,HorseRiding/v_HorseRiding_g11_c01.avi,240,240,320,center_stride,56,183,120,135,4,14,9
2076,HorseRiding,HorseRiding/v_HorseRiding_g11_c05.avi,151,240,320,center_stride,11,138,43,58,2,8,15
2077,HorseRiding,HorseRiding/v_HorseRiding_g12_c04.avi,201,240,320,center_stride,36,163,100,115,4,2,8
2078,HorseRiding,HorseRiding/v_HorseRiding_g13_c03.avi,201,240,320,center_stride,36,163,84,99,3,10,3
2079,HorseRiding,HorseRiding/v_HorseRiding_g13_c04.avi,201,240,320,center_stride,36,163,68,83,2,13,13
2080,HorseRiding,HorseRiding/v_HorseRiding_g14_c02.avi,32,240,320,uniform_fallback,0,31,8,11,2,2,12
2081,HorseRiding,HorseRiding/v_HorseRiding_g14_c06.avi,180,240,320,center_stride,26,153,42,57,1,10,12
2082,HorseRiding,HorseRiding/v_HorseRiding_g15_c05.avi,151,240,320,center_stride,11,138,11,26,0,11,11
2083,HorseRiding,HorseRiding/v_HorseRiding_g16_c03.avi,161,240,320,center_stride,16,143,96,111,5,3,3
2084,HorseRiding,HorseRiding/v_HorseRiding_g17_c06.avi,240,240,320,center_stride,56,183,72,87,1,11,4
2085,HorseRiding,HorseRiding/v_HorseRiding_g20_c01.avi,201,240,320,center_stride,36,163,52,67,1,12,13
2086,HorseRiding,HorseRiding/v_HorseRiding_g21_c02.avi,146,240,320,center_stride,9,136,73,88,4,11,8
2087,HorseRiding,HorseRiding/v_HorseRiding_g21_c03.avi,201,240,320,center_stride,36,163,84,99,3,6,2
2088,HorseRiding,HorseRiding/v_HorseRiding_g21_c04.avi,167,240,320,center_stride,19,146,67,82,3,7,5
2089,HorseRiding,HorseRiding/v_HorseRiding_g21_c05.avi,189,240,320,center_stride,30,157,78,93,3,12,12
2090,HorseRiding,HorseRiding/v_HorseRiding_g22_c02.avi,240,240,320,center_stride,56,183,56,71,0,11,15
2091,HorseRiding,HorseRiding/v_HorseRiding_g22_c07.avi,240,240,320,center_stride,56,183,168,183,7,0,8
2092,HorseRiding,HorseRiding/v_HorseRiding_g23_c03.avi,151,240,320,center_stride,11,138,43,58,2,7,2
2093,HorseRiding,HorseRiding/v_HorseRiding_g23_c05.avi,180,240,320,center_stride,26,153,42,57,1,13,3
2094,HorseRiding,HorseRiding/v_HorseRiding_g23_c06.avi,201,240,320,center_stride,36,163,84,99,3,4,2
2095,HorseRiding,HorseRiding/v_HorseRiding_g24_c02.avi,188,240,320,center_stride,30,157,110,125,5,2,13
2096,HorseRiding,HorseRiding/v_HorseRiding_g24_c03.avi,151,240,320,center_stride,11,138,11,26,0,10,9
2097,HorseRiding,HorseRiding/v_HorseRiding_g25_c01.avi,240,240,320,center_stride,56,183,152,167,6,1,2
2098,HorseRiding,HorseRiding/v_HorseRiding_g25_c03.avi,240,240,320,center_stride,56,183,56,71,0,15,9
2099,HorseRiding,HorseRiding/v_HorseRiding_g25_c05.avi,240,240,320,center_stride,56,183,88,103,2,14,10
2100,HulaHoop,HulaHoop/v_HulaHoop_g01_c01.avi,91,240,320,uniform_fallback,0,90,68,79,6,12,11
2101,HulaHoop,HulaHoop/v_HulaHoop_g01_c03.avi,111,240,320,uniform_fallback,0,110,83,96,6,4,7
2102,HulaHoop,HulaHoop/v_HulaHoop_g01_c05.avi,121,240,320,uniform_fallback,0,120,45,60,3,5,9
2103,HulaHoop,HulaHoop/v_HulaHoop_g01_c07.avi,118,240,320,uniform_fallback,0,117,15,29,1,13,1
2104,HulaHoop,HulaHoop/v_HulaHoop_g03_c01.avi,92,240,320,uniform_fallback,0,91,46,57,4,8,0
2105,HulaHoop,HulaHoop/v_HulaHoop_g03_c04.avi,101,240,320,uniform_fallback,0,100,25,37,2,14,8
2106,HulaHoop,HulaHoop/v_HulaHoop_g04_c01.avi,113,240,320,uniform_fallback,0,112,0,13,0,8,2
2107,HulaHoop,HulaHoop/v_HulaHoop_g04_c02.avi,112,240,320,uniform_fallback,0,111,28,41,2,4,15
2108,HulaHoop,HulaHoop/v_HulaHoop_g04_c03.avi,105,240,320,uniform_fallback,0,104,66,78,5,2,10
2109,HulaHoop,HulaHoop/v_HulaHoop_g04_c04.avi,111,240,320,uniform_fallback,0,110,97,110,7,5,2
2110,HulaHoop,HulaHoop/v_HulaHoop_g04_c05.avi,115,240,320,uniform_fallback,0,114,72,85,5,7,12
2111,HulaHoop,HulaHoop/v_HulaHoop_g05_c01.avi,106,240,320,uniform_fallback,0,105,40,52,3,12,13
2112,HulaHoop,HulaHoop/v_HulaHoop_g05_c02.avi,96,240,320,uniform_fallback,0,95,0,11,0,15,11
2113,HulaHoop,HulaHoop/v_HulaHoop_g05_c03.avi,108,240,320,uniform_fallback,0,107,27,40,2,5,4
2114,HulaHoop,HulaHoop/v_HulaHoop_g05_c04.avi,114,240,320,uniform_fallback,0,113,43,56,3,4,10
2115,HulaHoop,HulaHoop/v_HulaHoop_g06_c02.avi,108,240,320,uniform_fallback,0,107,40,53,3,2,4
2116,HulaHoop,HulaHoop/v_HulaHoop_g06_c03.avi,96,240,320,uniform_fallback,0,95,48,59,4,3,5
2117,HulaHoop,HulaHoop/v_HulaHoop_g07_c02.avi,101,240,320,uniform_fallback,0,100,13,24,1,3,8
2118,HulaHoop,HulaHoop/v_HulaHoop_g07_c03.avi,91,240,320,uniform_fallback,0,90,57,67,5,6,14
2119,HulaHoop,HulaHoop/v_HulaHoop_g07_c04.avi,101,240,320,uniform_fallback,0,100,0,12,0,4,12
2120,HulaHoop,HulaHoop/v_HulaHoop_g08_c01.avi,91,240,320,uniform_fallback,0,90,57,67,5,10,14
2121,HulaHoop,HulaHoop/v_HulaHoop_g09_c04.avi,101,240,320,uniform_fallback,0,100,88,100,7,10,8
2122,HulaHoop,HulaHoop/v_HulaHoop_g10_c02.avi,101,240,320,uniform_fallback,0,100,88,100,7,4,10
2123,HulaHoop,HulaHoop/v_HulaHoop_g11_c01.avi,196,240,320,center_stride,34,161,114,129,5,12,0
2124,HulaHoop,HulaHoop/v_HulaHoop_g11_c02.avi,200,240,320,center_stride,36,163,52,67,1,1,8
2125,HulaHoop,HulaHoop/v_HulaHoop_g12_c04.avi,99,240,320,uniform_fallback,0,98,62,73,5,15,12
2126,HulaHoop,HulaHoop/v_HulaHoop_g13_c01.avi,91,240,320,uniform_fallback,0,90,57,67,5,11,5
2127,HulaHoop,HulaHoop/v_HulaHoop_g15_c01.avi,81,240,320,uniform_fallback,0,80,50,60,5,14,11
2128,HulaHoop,HulaHoop/v_HulaHoop_g15_c02.avi,86,240,320,uniform_fallback,0,85,75,85,7,12,0
2129,HulaHoop,HulaHoop/v_HulaHoop_g15_c04.avi,81,240,320,uniform_fallback,0,80,40,50,4,10,14
2130,HulaHoop,HulaHoop/v_HulaHoop_g15_c05.avi,101,240,320,uniform_fallback,0,100,0,12,0,8,9
2131,HulaHoop,HulaHoop/v_HulaHoop_g16_c01.avi,91,240,320,uniform_fallback,0,90,79,90,7,11,14
2132,HulaHoop,HulaHoop/v_HulaHoop_g16_c06.avi,91,240,320,uniform_fallback,0,90,0,11,0,4,6
2133,HulaHoop,HulaHoop/v_HulaHoop_g17_c02.avi,101,240,320,uniform_fallback,0,100,88,100,7,13,15
2134,HulaHoop,HulaHoop/v_HulaHoop_g17_c04.avi,99,240,320,uniform_fallback,0,98,12,24,1,5,0
2135,HulaHoop,HulaHoop/v_HulaHoop_g17_c05.avi,95,240,320,uniform_fallback,0,94,71,82,6,12,1
2136,HulaHoop,HulaHoop/v_HulaHoop_g18_c02.avi,108,240,320,uniform_fallback,0,107,94,107,7,10,4
2137,HulaHoop,HulaHoop/v_HulaHoop_g18_c04.avi,120,240,320,uniform_fallback,0,119,90,104,6,14,4
2138,HulaHoop,HulaHoop/v_HulaHoop_g19_c02.avi,91,240,320,uniform_fallback,0,90,23,33,2,10,7
2139,HulaHoop,HulaHoop/v_HulaHoop_g19_c03.avi,89,240,320,uniform_fallback,0,88,11,21,1,0,13
2140,HulaHoop,HulaHoop/v_HulaHoop_g19_c04.avi,93,240,320,uniform_fallback,0,92,58,69,5,8,2
2141,HulaHoop,HulaHoop/v_HulaHoop_g20_c01.avi,101,240,320,uniform_fallback,0,100,76,87,6,8,14
2142,HulaHoop,HulaHoop/v_HulaHoop_g20_c05.avi,96,240,320,uniform_fallback,0,95,60,71,5,10,4
2143,HulaHoop,HulaHoop/v_HulaHoop_g21_c02.avi,78,240,320,uniform_fallback,0,77,49,58,5,12,0
2144,HulaHoop,HulaHoop/v_HulaHoop_g22_c04.avi,92,240,320,uniform_fallback,0,91,57,68,5,13,12
2145,HulaHoop,HulaHoop/v_HulaHoop_g22_c05.avi,87,240,320,uniform_fallback,0,86,22,32,2,3,15
2146,HulaHoop,HulaHoop/v_HulaHoop_g24_c01.avi,90,240,320,uniform_fallback,0,89,22,33,2,7,10
2147,HulaHoop,HulaHoop/v_HulaHoop_g24_c02.avi,94,240,320,uniform_fallback,0,93,82,93,7,7,5
2148,HulaHoop,HulaHoop/v_HulaHoop_g25_c01.avi,97,240,320,uniform_fallback,0,96,48,60,4,2,4
2149,HulaHoop,HulaHoop/v_HulaHoop_g25_c04.avi,97,240,320,uniform_fallback,0,96,85,96,7,6,0
2150,IceDancing,IceDancing/v_IceDancing_g01_c01.avi,244,240,320,center_stride,58,185,138,153,5,1,9
2151,IceDancing,IceDancing/v_IceDancing_g01_c03.avi,235,240,320,center_stride,53,180,69,84,1,3,2
2152,IceDancing,IceDancing/v_IceDancing_g01_c04.avi,258,240,320,center_stride,65,192,113,128,3,4,11
2153,IceDancing,IceDancing/v_IceDancing_g02_c02.avi,252,240,320,center_stride,62,189,174,189,7,9,6
2154,IceDancing,IceDancing/v_IceDancing_g02_c03.avi,252,240,320,center_stride,62,189,62,77,0,10,5
2155,IceDancing,IceDancing/v_IceDancing_g03_c02.avi,255,240,320,center_stride,63,190,79,94,1,13,1
2156,IceDancing,IceDancing/v_IceDancing_g03_c03.avi,247,240,320,center_stride,59,186,155,170,6,4,6
2157,IceDancing,IceDancing/v_IceDancing_g03_c04.avi,243,240,320,center_stride,57,184,153,168,6,15,7
2158,IceDancing,IceDancing/v_IceDancing_g04_c01.avi,255,240,320,center_stride,63,190,175,190,7,7,8
2159,IceDancing,IceDancing/v_IceDancing_g04_c07.avi,255,240,320,center_stride,63,190,175,190,7,0,7
2160,IceDancing,IceDancing/v_IceDancing_g05_c02.avi,248,240,320,center_stride,60,187,156,171,6,7,7
2161,IceDancing,IceDancing/v_IceDancing_g05_c03.avi,242,240,320,center_stride,57,184,121,136,4,6,15
2162,IceDancing,IceDancing/v_IceDancing_g06_c02.avi,248,240,320,center_stride,60,187,108,123,3,9,14
2163,IceDancing,IceDancing/v_IceDancing_g07_c01.avi,261,240,320,center_stride,66,193,162,177,6,6,3
2164,IceDancing,IceDancing/v_IceDancing_g07_c02.avi,266,240,320,center_stride,69,196,133,148,4,3,15
2165,IceDancing,IceDancing/v_IceDancing_g07_c06.avi,256,240,320,center_stride,64,191,144,159,5,9,9
2166,IceDancing,IceDancing/v_IceDancing_g08_c01.avi,249,240,320,center_stride,60,187,172,187,7,3,0
2167,IceDancing,IceDancing/v_IceDancing_g08_c02.avi,256,240,320,center_stride,64,191,160,175,6,7,13
2168,IceDancing,IceDancing/v_IceDancing_g08_c07.avi,257,240,320,center_stride,64,191,96,111,2,10,9
2169,IceDancing,IceDancing/v_IceDancing_g09_c03.avi,249,240,320,center_stride,60,187,140,155,5,2,4
2170,IceDancing,IceDancing/v_IceDancing_g09_c04.avi,261,240,320,center_stride,66,193,66,81,0,0,9
2171,IceDancing,IceDancing/v_IceDancing_g10_c02.avi,260,240,320,center_stride,66,193,130,145,4,0,3
2172,IceDancing,IceDancing/v_IceDancing_g10_c04.avi,255,240,320,center_stride,63,190,111,126,3,15,4
2173,IceDancing,IceDancing/v_IceDancing_g11_c01.avi,252,240,320,center_stride,62,189,126,141,4,7,12
2174,IceDancing,IceDancing/v_IceDancing_g11_c02.avi,244,240,320,center_stride,58,185,138,153,5,7,12
2175,IceDancing,IceDancing/v_IceDancing_g12_c01.avi,240,240,320,center_stride,56,183,136,151,5,1,14
2176,IceDancing,IceDancing/v_IceDancing_g12_c02.avi,252,240,320,center_stride,62,189,174,189,7,13,12
2177,IceDancing,IceDancing/v_IceDancing_g12_c07.avi,255,240,320,center_stride,63,190,111,126,3,10,3
2178,IceDancing,IceDancing/v_IceDancing_g13_c02.avi,256,240,320,center_stride,64,191,96,111,2,4,11
2179,IceDancing,IceDancing/v_IceDancing_g13_c03.avi,244,240,320,center_stride,58,185,58,73,0,12,7
2180,IceDancing,IceDancing/v_IceDancing_g14_c02.avi,256,240,320,center_stride,64,191,144,159,5,4,3
2181,IceDancing,IceDancing/v_IceDancing_g14_c04.avi,265,240,320,center_stride,68,195,68,83,0,9,11
2182,IceDancing,IceDancing/v_IceDancing_g14_c05.avi,263,240,320,center_stride,67,194,163,178,6,14,6
2183,IceDancing,IceDancing/v_IceDancing_g15_c01.avi,251,240,320,center_stride,61,188,77,92,1,10,2
2184,IceDancing,IceDancing/v_IceDancing_g15_c02.avi,251,240,320,center_stride,61,188,77,92,1,6,12
2185,IceDancing,IceDancing/v_IceDancing_g15_c04.avi,260,240,320,center_stride,66,193,82,97,1,0,5
2186,IceDancing,IceDancing/v_IceDancing_g16_c01.avi,258,240,320,center_stride,65,192,161,176,6,4,1
2187,IceDancing,IceDancing/v_IceDancing_g16_c05.avi,242,240,320,center_stride,57,184,57,72,0,4,5
2188,IceDancing,IceDancing/v_IceDancing_g17_c01.avi,259,240,320,center_stride,65,192,81,96,1,2,0
2189,IceDancing,IceDancing/v_IceDancing_g17_c03.avi,265,240,320,center_stride,68,195,180,195,7,6,13
2190,IceDancing,IceDancing/v_IceDancing_g19_c02.avi,252,240,320,center_stride,62,189,78,93,1,10,15
2191,IceDancing,IceDancing/v_IceDancing_g19_c06.avi,252,240,320,center_stride,62,189,174,189,7,9,4
2192,IceDancing,IceDancing/v_IceDancing_g20_c06.avi,260,240,320,center_stride,66,193,130,145,4,8,9
2193,IceDancing,IceDancing/v_IceDancing_g20_c07.avi,269,240,320,center_stride,70,197,182,197,7,2,9
2194,IceDancing,IceDancing/v_IceDancing_g21_c06.avi,251,240,320,center_stride,61,188,157,172,6,3,8
2195,IceDancing,IceDancing/v_IceDancing_g21_c07.avi,251,240,320,center_stride,61,188,61,76,0,2,15
2196,IceDancing,IceDancing/v_IceDancing_g22_c01.avi,258,240,320,center_stride,65,192,113,128,3,6,13
2197,IceDancing,IceDancing/v_IceDancing_g22_c04.avi,252,240,320,center_stride,62,189,142,157,5,10,4
2198,IceDancing,IceDancing/v_IceDancing_g23_c06.avi,269,240,320,center_stride,70,197,70,85,0,8,0
2199,IceDancing,IceDancing/v_IceDancing_g23_c07.avi,247,240,320,center_stride,59,186,59,74,0,11,7
2200,JavelinThrow,JavelinThrow/v_JavelinThrow_g01_c03.avi,139,240,320,center_stride,5,132,5,20,0,5,5
2201,JavelinThrow,JavelinThrow/v_JavelinThrow_g02_c01.avi,71,240,320,uniform_fallback,0,70,62,70,7,9,7
2202,JavelinThrow,JavelinThrow/v_JavelinThrow_g02_c03.avi,81,240,320,uniform_fallback,0,80,0,9,0,5,1
2203,JavelinThrow,JavelinThrow/v_JavelinThrow_g03_c04.avi,61,240,320,uniform_fallback,0,60,23,30,3,7,10
2204,JavelinThrow,JavelinThrow/v_JavelinThrow_g04_c02.avi,167,240,320,center_stride,19,146,35,50,1,10,10
2205,JavelinThrow,JavelinThrow/v_JavelinThrow_g04_c03.avi,123,240,320,uniform_fallback,0,122,61,76,4,10,14
2206,JavelinThrow,JavelinThrow/v_JavelinThrow_g05_c01.avi,71,240,320,uniform_fallback,0,70,0,8,0,3,5
2207,JavelinThrow,JavelinThrow/v_JavelinThrow_g05_c04.avi,159,240,320,center_stride,15,142,79,94,4,15,10
2208,JavelinThrow,JavelinThrow/v_JavelinThrow_g05_c05.avi,81,240,320,uniform_fallback,0,80,30,40,3,11,13
2209,JavelinThrow,JavelinThrow/v_JavelinThrow_g06_c01.avi,156,240,320,center_stride,14,141,30,45,1,15,8
2210,JavelinThrow,JavelinThrow/v_JavelinThrow_g06_c02.avi,163,240,320,center_stride,17,144,97,112,5,13,11
2211,JavelinThrow,JavelinThrow/v_JavelinThrow_g06_c03.avi,142,240,320,center_stride,7,134,119,134,7,15,4
2212,JavelinThrow,JavelinThrow/v_JavelinThrow_g06_c04.avi,135,240,320,center_stride,3,130,51,66,3,6,4
2213,JavelinThrow,JavelinThrow/v_JavelinThrow_g07_c02.avi,60,240,320,uniform_fallback,0,59,52,59,7,8,4
2214,JavelinThrow,JavelinThrow/v_JavelinThrow_g07_c03.avi,66,240,320,uniform_fallback,0,65,41,49,5,10,9
2215,JavelinThrow,JavelinThrow/v_JavelinThrow_g07_c04.avi,90,240,320,uniform_fallback,0,89,11,22,1,8,0
2216,JavelinThrow,JavelinThrow/v_JavelinThrow_g07_c05.avi,72,240,320,uniform_fallback,0,71,27,35,3,3,12
2217,JavelinThrow,JavelinThrow/v_JavelinThrow_g08_c01.avi,84,240,320,uniform_fallback,0,83,31,41,3,2,8
2218,JavelinThrow,JavelinThrow/v_JavelinThrow_g08_c02.avi,96,240,320,uniform_fallback,0,95,12,23,1,15,6
2219,JavelinThrow,JavelinThrow/v_JavelinThrow_g09_c03.avi,109,240,320,uniform_fallback,0,108,27,40,2,9,1
2220,JavelinThrow,JavelinThrow/v_JavelinThrow_g10_c01.avi,72,240,320,uniform_fallback,0,71,45,53,5,12,5
2221,JavelinThrow,JavelinThrow/v_JavelinThrow_g11_c01.avi,147,240,320,center_stride,9,136,41,56,2,6,6
2222,JavelinThrow,JavelinThrow/v_JavelinThrow_g11_c02.avi,144,240,320,center_stride,8,135,40,55,2,6,3
2223,JavelinThrow,JavelinThrow/v_JavelinThrow_g11_c05.avi,164,240,320,center_stride,18,145,66,81,3,0,5
2224,JavelinThrow,JavelinThrow/v_JavelinThrow_g11_c06.avi,144,240,320,center_stride,8,135,8,23,0,4,5
2225,JavelinThrow,JavelinThrow/v_JavelinThrow_g13_c03.avi,131,240,320,center_stride,1,128,49,64,3,9,5
2226,JavelinThrow,JavelinThrow/v_JavelinThrow_g13_c04.avi,106,240,320,uniform_fallback,0,105,0,12,0,10,14
2227,JavelinThrow,JavelinThrow/v_JavelinThrow_g14_c05.avi,51,240,320,uniform_fallback,0,50,19,25,3,9,8
2228,JavelinThrow,JavelinThrow/v_JavelinThrow_g15_c01.avi,72,240,320,uniform_fallback,0,71,63,71,7,3,15
2229,JavelinThrow,JavelinThrow/v_JavelinThrow_g15_c02.avi,60,240,320,uniform_fallback,0,59,0,7,0,12,5
2230,JavelinThrow,JavelinThrow/v_JavelinThrow_g15_c03.avi,82,240,320,uniform_fallback,0,81,10,20,1,10,14
2231,JavelinThrow,JavelinThrow/v_JavelinThrow_g15_c04.avi,73,240,320,uniform_fallback,0,72,27,36,3,4,7
2232,JavelinThrow,JavelinThrow/v_JavelinThrow_g15_c05.avi,86,240,320,uniform_fallback,0,85,54,64,5,8,8
2233,JavelinThrow,JavelinThrow/v_JavelinThrow_g16_c05.avi,170,240,320,center_stride,21,148,101,116,5,10,5
2234,JavelinThrow,JavelinThrow/v_JavelinThrow_g16_c06.avi,168,240,320,center_stride,20,147,52,67,2,6,13
2235,JavelinThrow,JavelinThrow/v_JavelinThrow_g18_c01.avi,70,240,320,uniform_fallback,0,69,0,8,0,1,15
2236,JavelinThrow,JavelinThrow/v_JavelinThrow_g18_c03.avi,91,240,320,uniform_fallback,0,90,79,90,7,13,13
2237,JavelinThrow,JavelinThrow/v_JavelinThrow_g18_c04.avi,92,240,320,uniform_fallback,0,91,46,57,4,11,11
2238,JavelinThrow,JavelinThrow/v_JavelinThrow_g19_c03.avi,114,240,320,uniform_fallback,0,113,14,28,1,0,8
2239,JavelinThrow,JavelinThrow/v_JavelinThrow_g21_c04.avi,60,240,320,uniform_fallback,0,59,0,7,0,8,4
2240,JavelinThrow,JavelinThrow/v_JavelinThrow_g23_c03.avi,165,240,320,center_stride,18,145,82,97,4,12,7
2241,JavelinThrow,JavelinThrow/v_JavelinThrow_g23_c04.avi,136,240,320,center_stride,4,131,52,67,3,14,2
2242,JavelinThrow,JavelinThrow/v_JavelinThrow_g24_c01.avi,91,240,320,uniform_fallback,0,90,23,33,2,6,4
2243,JavelinThrow,JavelinThrow/v_JavelinThrow_g24_c02.avi,128,240,320,center_stride,0,127,64,79,4,13,7
2244,JavelinThrow,JavelinThrow/v_JavelinThrow_g24_c03.avi,131,240,320,center_stride,1,128,33,48,2,1,2
2245,JavelinThrow,JavelinThrow/v_JavelinThrow_g24_c05.avi,124,240,320,uniform_fallback,0,123,62,77,4,9,3
2246,JavelinThrow,JavelinThrow/v_JavelinThrow_g25_c01.avi,136,240,320,center_stride,4,131,20,35,1,6,4
2247,JavelinThrow,JavelinThrow/v_JavelinThrow_g25_c02.avi,81,240,320,uniform_fallback,0,80,30,40,3,12,3
2248,JavelinThrow,JavelinThrow/v_JavelinThrow_g25_c03.avi,153,240,320,center_stride,12,139,124,139,7,11,6
2249,JavelinThrow,JavelinThrow/v_JavelinThrow_g25_c04.avi,101,240,320,uniform_fallback,0,100,0,12,0,3,15
2250,JugglingBalls,JugglingBalls/v_JugglingBalls_g02_c03.avi,248,240,320,center_stride,60,187,124,139,4,8,9
2251,JugglingBalls,JugglingBalls/v_JugglingBalls_g03_c03.avi,253,240,320,center_stride,62,189,174,189,7,12,7
2252,JugglingBalls,JugglingBalls/v_JugglingBalls_g03_c04.avi,256,240,320,center_stride,64,191,80,95,1,8,0
2253,JugglingBalls,JugglingBalls/v_JugglingBalls_g03_c05.avi,276,240,320,center_stride,74,201,74,89,0,0,1
2254,JugglingBalls,JugglingBalls/v_JugglingBalls_g03_c06.avi,257,240,320,center_stride,64,191,64,79,0,0,2
2255,JugglingBalls,JugglingBalls/v_JugglingBalls_g04_c03.avi,246,240,320,center_stride,59,186,91,106,2,7,9
2256,JugglingBalls,JugglingBalls/v_JugglingBalls_g04_c04.avi,249,240,320,center_stride,60,187,60,75,0,12,3
2257,JugglingBalls,JugglingBalls/v_JugglingBalls_g04_c05.avi,255,240,320,center_stride,63,190,95,110,2,6,6
2258,JugglingBalls,JugglingBalls/v_JugglingBalls_g05_c02.avi,241,240,320,center_stride,56,183,56,71,0,4,9
2259,JugglingBalls,JugglingBalls/v_JugglingBalls_g05_c05.avi,260,240,320,center_stride,66,193,130,145,4,10,0
2260,JugglingBalls,JugglingBalls/v_JugglingBalls_g06_c01.avi,256,240,320,center_stride,64,191,128,143,4,0,12
2261,JugglingBalls,JugglingBalls/v_JugglingBalls_g06_c06.avi,256,240,320,center_stride,64,191,176,191,7,8,0
2262,JugglingBalls,JugglingBalls/v_JugglingBalls_g07_c01.avi,253,240,320,center_stride,62,189,126,141,4,2,5
2263,JugglingBalls,JugglingBalls/v_JugglingBalls_g07_c04.avi,250,240,320,center_stride,61,188,173,188,7,0,12
2264,JugglingBalls,JugglingBalls/v_JugglingBalls_g07_c05.avi,248,240,320,center_stride,60,187,124,139,4,8,1
2265,JugglingBalls,JugglingBalls/v_JugglingBalls_g08_c02.avi,260,240,320,center_stride,66,193,66,81,0,2,12
2266,JugglingBalls,JugglingBalls/v_JugglingBalls_g08_c05.avi,244,240,320,center_stride,58,185,122,137,4,13,2
2267,JugglingBalls,JugglingBalls/v_JugglingBalls_g09_c01.avi,262,240,320,center_stride,67,194,83,98,1,9,4
2268,JugglingBalls,JugglingBalls/v_JugglingBalls_g09_c02.avi,253,240,320,center_stride,62,189,94,109,2,14,7
2269,JugglingBalls,JugglingBalls/v_JugglingBalls_g10_c02.avi,254,240,320,center_stride,63,190,143,158,5,3,9
2270,JugglingBalls,JugglingBalls/v_JugglingBalls_g10_c03.avi,253,240,320,center_stride,62,189,142,157,5,14,0
2271,JugglingBalls,JugglingBalls/v_JugglingBalls_g11_c01.avi,264,240,320,center_stride,68,195,100,115,2,10,10
2272,JugglingBalls,JugglingBalls/v_JugglingBalls_g11_c04.avi,253,240,320,center_stride,62,189,110,125,3,2,10
2273,JugglingBalls,JugglingBalls/v_JugglingBalls_g12_c03.avi,253,240,320,center_stride,62,189,78,93,1,12,7
2274,JugglingBalls,JugglingBalls/v_JugglingBalls_g12_c04.avi,243,240,320,center_stride,57,184,105,120,3,7,9
2275,JugglingBalls,JugglingBalls/v_JugglingBalls_g13_c01.avi,235,240,320,center_stride,53,180,117,132,4,6,1
2276,JugglingBalls,JugglingBalls/v_JugglingBalls_g13_c04.avi,265,240,320,center_stride,68,195,68,83,0,2,12
2277,JugglingBalls,JugglingBalls/v_JugglingBalls_g14_c02.avi,250,240,320,center_stride,61,188,141,156,5,7,7
2278,JugglingBalls,JugglingBalls/v_JugglingBalls_g14_c04.avi,247,240,320,center_stride,59,186,123,138,4,12,6
2279,JugglingBalls,JugglingBalls/v_JugglingBalls_g14_c05.avi,247,240,320,center_stride,59,186,75,90,1,15,6
2280,JugglingBalls,JugglingBalls/v_JugglingBalls_g15_c03.avi,257,240,320,center_stride,64,191,96,111,2,4,15
2281,JugglingBalls,JugglingBalls/v_JugglingBalls_g15_c04.avi,254,240,320,center_stride,63,190,159,174,6,2,13
2282,JugglingBalls,JugglingBalls/v_JugglingBalls_g16_c01.avi,232,240,320,center_stride,52,179,148,163,6,7,1
2283,JugglingBalls,JugglingBalls/v_JugglingBalls_g16_c04.avi,235,240,320,center_stride,53,180,85,100,2,5,13
2284,JugglingBalls,JugglingBalls/v_JugglingBalls_g17_c04.avi,210,240,320,center_stride,41,168,57,72,1,0,2
2285,JugglingBalls,JugglingBalls/v_JugglingBalls_g18_c03.avi,252,240,320,center_stride,62,189,126,141,4,6,10
2286,JugglingBalls,JugglingBalls/v_JugglingBalls_g19_c04.avi,258,240,320,center_stride,65,192,129,144,4,2,11
2287,JugglingBalls,JugglingBalls/v_JugglingBalls_g20_c01.avi,241,240,320,center_stride,56,183,72,87,1,9,6
2288,JugglingBalls,JugglingBalls/v_JugglingBalls_g20_c04.avi,264,240,320,center_stride,68,195,132,147,4,10,14
2289,JugglingBalls,JugglingBalls/v_JugglingBalls_g21_c02.avi,241,240,320,center_stride,56,183,136,151,5,13,1
2290,JugglingBalls,JugglingBalls/v_JugglingBalls_g22_c01.avi,255,240,320,center_stride,63,190,79,94,1,0,0
2291,JugglingBalls,JugglingBalls/v_JugglingBalls_g22_c02.avi,256,240,320,center_stride,64,191,80,95,1,12,5
2292,JugglingBalls,JugglingBalls/v_JugglingBalls_g22_c04.avi,252,240,320,center_stride,62,189,158,173,6,15,9
2293,JugglingBalls,JugglingBalls/v_JugglingBalls_g22_c06.avi,254,240,320,center_stride,63,190,63,78,0,0,2
2294,JugglingBalls,JugglingBalls/v_JugglingBalls_g23_c01.avi,251,240,320,center_stride,61,188,77,92,1,0,6
2295,JugglingBalls,JugglingBalls/v_JugglingBalls_g23_c02.avi,243,240,320,center_stride,57,184,121,136,4,4,1
2296,JugglingBalls,JugglingBalls/v_JugglingBalls_g24_c03.avi,245,240,320,center_stride,58,185,106,121,3,7,14
2297,JugglingBalls,JugglingBalls/v_JugglingBalls_g25_c03.avi,249,240,320,center_stride,60,187,92,107,2,1,5
2298,JugglingBalls,JugglingBalls/v_JugglingBalls_g25_c04.avi,249,240,320,center_stride,60,187,76,91,1,3,10
2299,JugglingBalls,JugglingBalls/v_JugglingBalls_g25_c05.avi,254,240,320,center_stride,63,190,159,174,6,6,1
2300,JumpRope,JumpRope/v_JumpRope_g01_c04.avi,206,240,320,center_stride,39,166,39,54,0,11,14
2301,JumpRope,JumpRope/v_JumpRope_g02_c01.avi,448,240,320,center_stride,160,287,176,191,1,4,4
2302,JumpRope,JumpRope/v_JumpRope_g02_c06.avi,500,240,320,center_stride,186,313,282,297,6,13,9
2303,JumpRope,JumpRope/v_JumpRope_g04_c03.avi,489,240,320,center_stride,180,307,196,211,1,3,11
2304,JumpRope,JumpRope/v_JumpRope_g04_c05.avi,480,240,320,center_stride,176,303,240,255,4,0,15
2305,JumpRope,JumpRope/v_JumpRope_g05_c02.avi,620,240,320,center_stride,246,373,262,277,1,0,9
2306,JumpRope,JumpRope/v_JumpRope_g05_c03.avi,618,240,320,center_stride,245,372,357,372,7,8,5
2307,JumpRope,JumpRope/v_JumpRope_g05_c05.avi,624,240,320,center_stride,248,375,264,279,1,11,4
2308,JumpRope,JumpRope/v_JumpRope_g06_c04.avi,358,240,320,center_stride,115,242,163,178,3,4,15
2309,JumpRope,JumpRope/v_JumpRope_g07_c01.avi,396,240,320,center_stride,134,261,182,197,3,6,9
2310,JumpRope,JumpRope/v_JumpRope_g07_c02.avi,366,240,320,center_stride,119,246,167,182,3,5,2
2311,JumpRope,JumpRope/v_JumpRope_g07_c03.avi,388,240,320,center_stride,130,257,178,193,3,14,4
2312,JumpRope,JumpRope/v_JumpRope_g07_c04.avi,358,240,320,center_stride,115,242,163,178,3,0,4
2313,JumpRope,JumpRope/v_JumpRope_g07_c05.avi,343,240,320,center_stride,107,234,219,234,7,15,7
2314,JumpRope,JumpRope/v_JumpRope_g07_c06.avi,403,240,320,center_stride,137,264,169,184,2,14,12
2315,JumpRope,JumpRope/v_JumpRope_g08_c01.avi,497,240,320,center_stride,184,311,216,231,2,10,0
2316,JumpRope,JumpRope/v_JumpRope_g08_c03.avi,526,240,320,center_stride,199,326,279,294,5,13,9
2317,JumpRope,JumpRope/v_JumpRope_g08_c06.avi,356,240,320,center_stride,114,241,146,161,2,5,11
2318,JumpRope,JumpRope/v_JumpRope_g08_c07.avi,459,240,320,center_stride,165,292,277,292,7,1,3
2319,JumpRope,JumpRope/v_JumpRope_g09_c03.avi,500,240,320,center_stride,186,313,266,281,5,10,3
2320,JumpRope,JumpRope/v_JumpRope_g09_c06.avi,491,240,320,center_stride,181,308,293,308,7,15,13
2321,JumpRope,JumpRope/v_JumpRope_g10_c02.avi,601,240,320,center_stride,236,363,348,363,7,12,11
2322,JumpRope,JumpRope/v_JumpRope_g10_c04.avi,571,240,320,center_stride,221,348,301,316,5,8,2
2323,JumpRope,JumpRope/v_JumpRope_g11_c05.avi,495,240,320,center_stride,183,310,295,310,7,5,11
2324,JumpRope,JumpRope/v_JumpRope_g12_c01.avi,374,240,320,center_stride,123,250,219,234,6,5,10
2325,JumpRope,JumpRope/v_JumpRope_g12_c02.avi,403,240,320,center_stride,137,264,153,168,1,1,6
2326,JumpRope,JumpRope/v_JumpRope_g12_c03.avi,398,240,320,center_stride,135,262,183,198,3,0,10
2327,JumpRope,JumpRope/v_JumpRope_g13_c01.avi,539,240,320,center_stride,205,332,317,332,7,5,3
2328,JumpRope,JumpRope/v_JumpRope_g13_c05.avi,391,240,320,center_stride,131,258,147,162,1,10,9
2329,JumpRope,JumpRope/v_JumpRope_g14_c02.avi,305,240,320,center_stride,88,215,88,103,0,5,14
2330,JumpRope,JumpRope/v_JumpRope_g15_c01.avi,548,240,320,center_stride,210,337,306,321,6,8,5
2331,JumpRope,JumpRope/v_JumpRope_g15_c04.avi,489,240,320,center_stride,180,307,276,291,6,15,10
2332,JumpRope,JumpRope/v_JumpRope_g16_c06.avi,529,240,320,center_stride,200,327,200,215,0,9,3
2333,JumpRope,JumpRope/v_JumpRope_g17_c05.avi,575,240,320,center_stride,223,350,271,286,3,1,12
2334,JumpRope,JumpRope/v_JumpRope_g18_c04.avi,382,240,320,center_stride,127,254,159,174,2,15,7
2335,JumpRope,JumpRope/v_JumpRope_g18_c05.avi,416,240,320,center_stride,144,271,144,159,0,1,8
2336,JumpRope,JumpRope/v_JumpRope_g19_c01.avi,307,240,320,center_stride,89,216,153,168,4,2,12
2337,JumpRope,JumpRope/v_JumpRope_g19_c02.avi,293,240,320,center_stride,82,209,178,193,6,9,13
2338,JumpRope,JumpRope/v_JumpRope_g20_c02.avi,527,240,320,center_stride,199,326,295,310,6,0,2
2339,JumpRope,JumpRope/v_JumpRope_g20_c04.avi,510,240,320,center_stride,191,318,303,318,7,6,15
2340,JumpRope,JumpRope/v_JumpRope_g20_c06.avi,526,240,320,center_stride,199,326,263,278,4,10,0
2341,JumpRope,JumpRope/v_JumpRope_g22_c01.avi,198,240,320,center_stride,35,162,147,162,7,11,12
2342,JumpRope,JumpRope/v_JumpRope_g22_c02.avi,209,240,320,center_stride,40,167,104,119,4,15,8
2343,JumpRope,JumpRope/v_JumpRope_g23_c01.avi,343,240,320,center_stride,107,234,187,202,5,11,14
2344,JumpRope,JumpRope/v_JumpRope_g23_c02.avi,310,240,320,center_stride,91,218,91,106,0,6,5
2345,JumpRope,JumpRope/v_JumpRope_g23_c03.avi,340,240,320,center_stride,106,233,170,185,4,3,5
2346,JumpRope,JumpRope/v_JumpRope_g23_c04.avi,406,240,320,center_stride,139,266,235,250,6,14,3
2347,JumpRope,JumpRope/v_JumpRope_g23_c05.avi,242,240,320,center_stride,57,184,57,72,0,5,12
2348,JumpRope,JumpRope/v_JumpRope_g24_c03.avi,411,240,320,center_stride,141,268,205,220,4,5,12
2349,JumpRope,JumpRope/v_JumpRope_g25_c05.avi,391,240,320,center_stride,131,258,147,162,1,15,8
2350,JumpingJack,JumpingJack/v_JumpingJack_g01_c02.avi,91,240,320,uniform_fallback,0,90,45,56,4,11,9
2351,JumpingJack,JumpingJack/v_JumpingJack_g01_c03.avi,92,240,320,uniform_fallback,0,91,23,34,2,8,1
2352,JumpingJack,JumpingJack/v_JumpingJack_g01_c06.avi,88,240,320,uniform_fallback,0,87,44,54,4,7,2
2353,JumpingJack,JumpingJack/v_JumpingJack_g02_c04.avi,94,240,320,uniform_fallback,0,93,23,34,2,10,3
2354,JumpingJack,JumpingJack/v_JumpingJack_g03_c03.avi,85,240,320,uniform_fallback,0,84,63,73,6,13,15
2355,JumpingJack,JumpingJack/v_JumpingJack_g04_c03.avi,80,240,320,uniform_fallback,0,79,30,39,3,0,6
2356,JumpingJack,JumpingJack/v_JumpingJack_g04_c04.avi,85,240,320,uniform_fallback,0,84,63,73,6,8,11
2357,JumpingJack,JumpingJack/v_JumpingJack_g05_c01.avi,81,240,320,uniform_fallback,0,80,71,80,7,11,2
2358,JumpingJack,JumpingJack/v_JumpingJack_g05_c02.avi,82,240,320,uniform_fallback,0,81,0,10,0,0,6
2359,JumpingJack,JumpingJack/v_JumpingJack_g05_c04.avi,81,240,320,uniform_fallback,0,80,60,70,6,1,6
2360,JumpingJack,JumpingJack/v_JumpingJack_g05_c05.avi,79,240,320,uniform_fallback,0,78,0,9,0,5,2
2361,JumpingJack,JumpingJack/v_JumpingJack_g05_c06.avi,82,240,320,uniform_fallback,0,81,31,40,3,12,12
2362,JumpingJack,JumpingJack/v_JumpingJack_g06_c02.avi,72,240,320,uniform_fallback,0,71,63,71,7,6,5
2363,JumpingJack,JumpingJack/v_JumpingJack_g06_c03.avi,79,240,320,uniform_fallback,0,78,59,68,6,0,11
2364,JumpingJack,JumpingJack/v_JumpingJack_g06_c04.avi,73,240,320,uniform_fallback,0,72,36,45,4,13,1
2365,JumpingJack,JumpingJack/v_JumpingJack_g06_c07.avi,66,240,320,uniform_fallback,0,65,41,49,5,12,15
2366,JumpingJack,JumpingJack/v_JumpingJack_g07_c01.avi,88,240,320,uniform_fallback,0,87,0,10,0,8,1
2367,JumpingJack,JumpingJack/v_JumpingJack_g07_c02.avi,84,240,320,uniform_fallback,0,83,52,62,5,10,9
2368,JumpingJack,JumpingJack/v_JumpingJack_g07_c04.avi,87,240,320,uniform_fallback,0,86,0,10,0,13,7
2369,JumpingJack,JumpingJack/v_JumpingJack_g08_c04.avi,80,240,320,uniform_fallback,0,79,40,49,4,8,11
2370,JumpingJack,JumpingJack/v_JumpingJack_g09_c02.avi,92,240,320,uniform_fallback,0,91,11,22,1,7,0
2371,JumpingJack,JumpingJack/v_JumpingJack_g09_c03.avi,89,240,320,uniform_fallback,0,88,0,10,0,8,6
2372,JumpingJack,JumpingJack/v_JumpingJack_g09_c04.avi,89,240,320,uniform_fallback,0,88,67,77,6,8,11
2373,JumpingJack,JumpingJack/v_JumpingJack_g09_c06.avi,90,240,320,uniform_fallback,0,89,56,67,5,2,11
2374,JumpingJack,JumpingJack/v_JumpingJack_g10_c04.avi,63,240,320,uniform_fallback,0,62,47,54,6,6,4
2375,JumpingJack,JumpingJack/v_JumpingJack_g10_c05.avi,64,240,320,uniform_fallback,0,63,16,23,2,3,6
2376,JumpingJack,JumpingJack/v_JumpingJack_g13_c05.avi,97,240,320,uniform_fallback,0,96,85,96,7,0,7
2377,JumpingJack,JumpingJack/v_JumpingJack_g13_c06.avi,80,240,320,uniform_fallback,0,79,0,9,0,8,12
2378,JumpingJack,JumpingJack/v_JumpingJack_g13_c07.avi,103,240,320,uniform_fallback,0,102,64,76,5,7,6
2379,JumpingJack,JumpingJack/v_JumpingJack_g15_c01.avi,82,240,320,uniform_fallback,0,81,71,81,7,13,13
2380,JumpingJack,JumpingJack/v_JumpingJack_g15_c04.avi,82,240,320,uniform_fallback,0,81,31,40,3,12,1
2381,JumpingJack,JumpingJack/v_JumpingJack_g16_c03.avi,66,240,320,uniform_fallback,0,65,8,16,1,7,4
2382,JumpingJack,JumpingJack/v_JumpingJack_g17_c02.avi,94,240,320,uniform_fallback,0,93,70,81,6,11,6
2383,JumpingJack,JumpingJack/v_JumpingJack_g17_c04.avi,94,240,320,uniform_fallback,0,93,0,11,0,8,14
2384,JumpingJack,JumpingJack/v_JumpingJack_g18_c02.avi,70,240,320,uniform_fallback,0,69,52,60,6,7,9
2385,JumpingJack,JumpingJack/v_JumpingJack_g18_c03.avi,94,240,320,uniform_fallback,0,93,70,81,6,12,9
2386,JumpingJack,JumpingJack/v_JumpingJack_g19_c01.avi,83,240,320,uniform_fallback,0,82,21,30,2,7,13
2387,JumpingJack,JumpingJack/v_JumpingJack_g19_c03.avi,84,240,320,uniform_fallback,0,83,31,41,3,8,12
2388,JumpingJack,JumpingJack/v_JumpingJack_g19_c05.avi,79,240,320,uniform_fallback,0,78,20,29,2,15,15
2389,JumpingJack,JumpingJack/v_JumpingJack_g19_c06.avi,78,240,320,uniform_fallback,0,77,0,9,0,4,13
2390,JumpingJack,JumpingJack/v_JumpingJack_g20_c01.avi,120,240,320,uniform_fallback,0,119,30,44,2,11,12
2391,JumpingJack,JumpingJack/v_JumpingJack_g20_c02.avi,114,240,320,uniform_fallback,0,113,14,28,1,3,0
2392,JumpingJack,JumpingJack/v_JumpingJack_g20_c04.avi,95,240,320,uniform_fallback,0,94,71,82,6,2,7
2393,JumpingJack,JumpingJack/v_JumpingJack_g21_c04.avi,128,240,320,center_stride,0,127,64,79,4,11,4
2394,JumpingJack,JumpingJack/v_JumpingJack_g22_c01.avi,89,240,320,uniform_fallback,0,88,22,33,2,1,5
2395,JumpingJack,JumpingJack/v_JumpingJack_g22_c03.avi,84,240,320,uniform_fallback,0,83,31,41,3,3,14
2396,JumpingJack,JumpingJack/v_JumpingJack_g22_c04.avi,57,240,320,uniform_fallback,0,56,49,56,7,4,11
2397,JumpingJack,JumpingJack/v_JumpingJack_g24_c02.avi,91,240,320,uniform_fallback,0,90,79,90,7,3,7
2398,JumpingJack,JumpingJack/v_JumpingJack_g25_c04.avi,88,240,320,uniform_fallback,0,87,11,21,1,10,15
2399,JumpingJack,JumpingJack/v_JumpingJack_g25_c06.avi,87,240,320,uniform_fallback,0,86,54,64,5,1,5
2400,Kayaking,Kayaking/v_Kayaking_g01_c01.avi,229,240,320,center_stride,50,177,162,177,7,1,14
2401,Kayaking,Kayaking/v_Kayaking_g02_c01.avi,198,240,320,center_stride,35,162,67,82,2,15,14
2402,Kayaking,Kayaking/v_Kayaking_g03_c02.avi,166,240,320,center_stride,19,146,19,34,0,8,7
2403,Kayaking,Kayaking/v_Kayaking_g04_c02.avi,237,240,320,center_stride,54,181,134,149,5,14,15
2404,Kayaking,Kayaking/v_Kayaking_g05_c01.avi,185,240,320,center_stride,28,155,60,75,2,6,7
2405,Kayaking,Kayaking/v_Kayaking_g05_c02.avi,181,240,320,center_stride,26,153,42,57,1,1,10
2406,Kayaking,Kayaking/v_Kayaking_g05_c03.avi,183,240,320,center_stride,27,154,27,42,0,6,6
2407,Kayaking,Kayaking/v_Kayaking_g06_c02.avi,163,240,320,center_stride,17,144,17,32,0,10,2
2408,Kayaking,Kayaking/v_Kayaking_g06_c03.avi,151,240,320,center_stride,11,138,123,138,7,13,10
2409,Kayaking,Kayaking/v_Kayaking_g06_c04.avi,155,240,320,center_stride,13,140,29,44,1,7,9
2410,Kayaking,Kayaking/v_Kayaking_g07_c01.avi,177,240,320,center_stride,24,151,120,135,6,13,3
2411,Kayaking,Kayaking/v_Kayaking_g07_c02.avi,166,240,320,center_stride,19,146,99,114,5,0,12
2412,Kayaking,Kayaking/v_Kayaking_g08_c01.avi,182,240,320,center_stride,27,154,27,42,0,8,5
2413,Kayaking,Kayaking/v_Kayaking_g09_c01.avi,193,240,320,center_stride,32,159,96,111,4,14,15
2414,Kayaking,Kayaking/v_Kayaking_g09_c05.avi,190,240,320,center_stride,31,158,79,94,3,11,12
2415,Kayaking,Kayaking/v_Kayaking_g09_c06.avi,205,240,320,center_stride,38,165,150,165,7,14,12
2416,Kayaking,Kayaking/v_Kayaking_g10_c05.avi,175,240,320,center_stride,23,150,39,54,1,13,10
2417,Kayaking,Kayaking/v_Kayaking_g11_c03.avi,161,240,320,center_stride,16,143,32,47,1,0,7
2418,Kayaking,Kayaking/v_Kayaking_g11_c05.avi,153,240,320,center_stride,12,139,124,139,7,7,5
2419,Kayaking,Kayaking/v_Kayaking_g11_c06.avi,154,240,320,center_stride,13,140,125,140,7,6,6
2420,Kayaking,Kayaking/v_Kayaking_g11_c07.avi,171,240,320,center_stride,21,148,69,84,3,15,15
2421,Kayaking,Kayaking/v_Kayaking_g12_c02.avi,368,240,320,center_stride,120,247,184,199,4,0,10
2422,Kayaking,Kayaking/v_Kayaking_g13_c02.avi,502,240,320,center_stride,187,314,187,202,0,5,2
2423,Kayaking,Kayaking/v_Kayaking_g14_c01.avi,151,240,320,center_stride,11,138,27,42,1,12,15
2424,Kayaking,Kayaking/v_Kayaking_g14_c02.avi,151,240,320,center_stride,11,138,59,74,3,2,1
2425,Kayaking,Kayaking/v_Kayaking_g14_c03.avi,153,240,320,center_stride,12,139,28,43,1,9,3
2426,Kayaking,Kayaking/v_Kayaking_g15_c01.avi,165,240,320,center_stride,18,145,98,113,5,13,15
2427,Kayaking,Kayaking/v_Kayaking_g16_c03.avi,325,240,320,center_stride,98,225,210,225,7,6,12
2428,Kayaking,Kayaking/v_Kayaking_g16_c04.avi,303,240,320,center_stride,87,214,151,166,4,12,15
2429,Kayaking,Kayaking/v_Kayaking_g16_c05.avi,301,240,320,center_stride,86,213,102,117,1,0,3
2430,Kayaking,Kayaking/v_Kayaking_g17_c04.avi,197,240,320,center_stride,34,161,82,97,3,6,13
2431,Kayaking,Kayaking/v_Kayaking_g17_c06.avi,151,240,320,center_stride,11,138,11,26,0,12,8
2432,Kayaking,Kayaking/v_Kayaking_g18_c07.avi,161,240,320,center_stride,16,143,128,143,7,2,2
2433,Kayaking,Kayaking/v_Kayaking_g19_c01.avi,205,240,320,center_stride,38,165,38,53,0,11,13
2434,Kayaking,Kayaking/v_Kayaking_g19_c05.avi,184,240,320,center_stride,28,155,60,75,2,2,7
2435,Kayaking,Kayaking/v_Kayaking_g20_c01.avi,164,240,320,center_stride,18,145,50,65,2,3,7
2436,Kayaking,Kayaking/v_Kayaking_g20_c02.avi,162,240,320,center_stride,17,144,49,64,2,3,14
2437,Kayaking,Kayaking/v_Kayaking_g20_c05.avi,163,240,320,center_stride,17,144,33,48,1,0,3
2438,Kayaking,Kayaking/v_Kayaking_g21_c01.avi,158,240,320,center_stride,15,142,15,30,0,10,0
2439,Kayaking,Kayaking/v_Kayaking_g21_c05.avi,194,240,320,center_stride,33,160,65,80,2,2,5
2440,Kayaking,Kayaking/v_Kayaking_g22_c02.avi,181,240,320,center_stride,26,153,58,73,2,13,9
2441,Kayaking,Kayaking/v_Kayaking_g22_c05.avi,209,240,320,center_stride,40,167,104,119,4,0,2
2442,Kayaking,Kayaking/v_Kayaking_g23_c01.avi,176,240,320,center_stride,24,151,104,119,5,14,7
2443,Kayaking,Kayaking/v_Kayaking_g23_c02.avi,154,240,320,center_stride,13,140,61,76,3,1,3
2444,Kayaking,Kayaking/v_Kayaking_g23_c03.avi,172,240,320,center_stride,22,149,118,133,6,6,0
2445,Kayaking,Kayaking/v_Kayaking_g23_c04.avi,151,240,320,center_stride,11,138,91,106,5,5,9
2446,Kayaking,Kayaking/v_Kayaking_g23_c05.avi,240,240,320,center_stride,56,183,168,183,7,7,13
2447,Kayaking,Kayaking/v_Kayaking_g23_c06.avi,156,240,320,center_stride,14,141,110,125,6,3,9
2448,Kayaking,Kayaking/v_Kayaking_g24_c03.avi,204,240,320,center_stride,38,165,150,165,7,7,3
2449,Kayaking,Kayaking/v_Kayaking_g25_c04.avi,303,240,320,center_stride,87,214,135,150,3,5,7
2450,Knitting,Knitting/v_Knitting_g01_c02.avi,240,240,320,center_stride,56,183,72,87,1,14,0
2451,Knitting,Knitting/v_Knitting_g01_c04.avi,190,240,320,center_stride,31,158,47,62,1,15,8
2452,Knitting,Knitting/v_Knitting_g02_c04.avi,201,240,320,center_stride,36,163,36,51,0,8,15
2453,Knitting,Knitting/v_Knitting_g04_c01.avi,222,240,320,center_stride,47,174,63,78,1,2,13
2454,Knitting,Knitting/v_Knitting_g04_c02.avi,231,240,320,center_stride,51,178,131,146,5,14,4
2455,Knitting,Knitting/v_Knitting_g04_c03.avi,226,240,320,center_stride,49,176,161,176,7,12,6
2456,Knitting,Knitting/v_Knitting_g04_c04.avi,240,240,320,center_stride,56,183,136,151,5,3,0
2457,Knitting,Knitting/v_Knitting_g05_c01.avi,253,240,320,center_stride,62,189,174,189,7,10,6
2458,Knitting,Knitting/v_Knitting_g05_c03.avi,263,240,320,center_stride,67,194,163,178,6,12,0
2459,Knitting,Knitting/v_Knitting_g06_c02.avi,286,240,320,center_stride,79,206,95,110,1,13,5
2460,Knitting,Knitting/v_Knitting_g07_c01.avi,234,240,320,center_stride,53,180,101,116,3,10,15
2461,Knitting,Knitting/v_Knitting_g07_c03.avi,192,240,320,center_stride,32,159,80,95,3,1,1
2462,Knitting,Knitting/v_Knitting_g07_c04.avi,172,240,320,center_stride,22,149,118,133,6,6,15
2463,Knitting,Knitting/v_Knitting_g08_c01.avi,161,240,320,center_stride,16,143,80,95,4,15,0
2464,Knitting,Knitting/v_Knitting_g08_c02.avi,265,240,320,center_stride,68,195,68,83,0,11,6
2465,Knitting,Knitting/v_Knitting_g08_c04.avi,203,240,320,center_stride,37,164,117,132,5,2,0
2466,Knitting,Knitting/v_Knitting_g09_c03.avi,178,240,320,center_stride,25,152,73,88,3,2,10
2467,Knitting,Knitting/v_Knitting_g09_c05.avi,178,240,320,center_stride,25,152,121,136,6,4,15
2468,Knitting,Knitting/v_Knitting_g10_c02.avi,183,240,320,center_stride,27,154,107,122,5,5,12
2469,Knitting,Knitting/v_Knitting_g10_c05.avi,202,240,320,center_stride,37,164,85,100,3,13,7
2470,Knitting,Knitting/v_Knitting_g10_c06.avi,193,240,320,center_stride,32,159,64,79,2,3,0
2471,Knitting,Knitting/v_Knitting_g11_c02.avi,196,240,320,center_stride,34,161,98,113,4,13,5
2472,Knitting,Knitting/v_Knitting_g11_c05.avi,150,240,320,center_stride,11,138,107,122,6,11,14
2473,Knitting,Knitting/v_Knitting_g12_c01.avi,125,240,320,uniform_fallback,0,124,31,46,2,10,13
2474,Knitting,Knitting/v_Knitting_g12_c03.avi,235,240,320,center_stride,53,180,165,180,7,5,2
2475,Knitting,Knitting/v_Knitting_g13_c01.avi,202,240,320,center_stride,37,164,101,116,4,4,11
2476,Knitting,Knitting/v_Knitting_g13_c03.avi,126,240,320,uniform_fallback,0,125,110,125,7,9,7
2477,Knitting,Knitting/v_Knitting_g13_c05.avi,191,240,320,center_stride,31,158,111,126,5,14,4
2478,Knitting,Knitting/v_Knitting_g14_c02.avi,227,240,320,center_stride,49,176,97,112,3,8,7
2479,Knitting,Knitting/v_Knitting_g16_c05.avi,178,240,320,center_stride,25,152,105,120,5,8,14
2480,Knitting,Knitting/v_Knitting_g17_c03.avi,166,240,320,center_stride,19,146,131,146,7,7,3
2481,Knitting,Knitting/v_Knitting_g18_c01.avi,192,240,320,center_stride,32,159,96,111,4,13,4
2482,Knitting,Knitting/v_Knitting_g18_c02.avi,101,240,320,uniform_fallback,0,100,50,62,4,6,8
2483,Knitting,Knitting/v_Knitting_g19_c02.avi,288,240,320,center_stride,80,207,112,127,2,8,1
2484,Knitting,Knitting/v_Knitting_g19_c04.avi,198,240,320,center_stride,35,162,115,130,5,1,12
2485,Knitting,Knitting/v_Knitting_g20_c01.avi,247,240,320,center_stride,59,186,91,106,2,0,14
2486,Knitting,Knitting/v_Knitting_g20_c02.avi,264,240,320,center_stride,68,195,84,99,1,5,13
2487,Knitting,Knitting/v_Knitting_g20_c03.avi,246,240,320,center_stride,59,186,155,170,6,4,9
2488,Knitting,Knitting/v_Knitting_g21_c01.avi,232,240,320,center_stride,52,179,148,163,6,13,7
2489,Knitting,Knitting/v_Knitting_g22_c01.avi,239,240,320,center_stride,55,182,135,150,5,4,12
2490,Knitting,Knitting/v_Knitting_g22_c02.avi,267,240,320,center_stride,69,196,101,116,2,11,1
2491,Knitting,Knitting/v_Knitting_g22_c03.avi,246,240,320,center_stride,59,186,171,186,7,0,10
2492,Knitting,Knitting/v_Knitting_g22_c04.avi,244,240,320,center_stride,58,185,122,137,4,10,6
2493,Knitting,Knitting/v_Knitting_g23_c01.avi,144,240,320,center_stride,8,135,88,103,5,5,8
2494,Knitting,Knitting/v_Knitting_g23_c02.avi,141,240,320,center_stride,6,133,70,85,4,3,7
2495,Knitting,Knitting/v_Knitting_g23_c03.avi,134,240,320,center_stride,3,130,35,50,2,3,8
2496,Knitting,Knitting/v_Knitting_g24_c04.avi,251,240,320,center_stride,61,188,141,156,5,7,14
2497,Knitting,Knitting/v_Knitting_g25_c02.avi,199,240,320,center_stride,35,162,131,146,6,1,11
2498,Knitting,Knitting/v_Knitting_g25_c03.avi,270,240,320,center_stride,71,198,87,102,1,15,9
2499,Knitting,Knitting/v_Knitting_g25_c07.avi,249,240,320,center_stride,60,187,156,171,6,8,9
2500,LongJump,LongJump/v_LongJump_g01_c03.avi,142,240,320,center_stride,7,134,7,22,0,3,5
2501,LongJump,LongJump/v_LongJump_g01_c05.avi,153,240,320,center_stride,12,139,60,75,3,10,8
2502,LongJump,LongJump/v_LongJump_g01_c06.avi,99,240,320,uniform_fallback,0,98,25,36,2,5,2
2503,LongJump,LongJump/v_LongJump_g02_c01.avi,110,240,320,uniform_fallback,0,109,96,109,7,8,13
2504,LongJump,LongJump/v_LongJump_g03_c02.avi,90,240,320,uniform_fallback,0,89,34,44,3,5,3
2505,LongJump,LongJump/v_LongJump_g03_c03.avi,108,240,320,uniform_fallback,0,107,54,67,4,2,12
2506,LongJump,LongJump/v_LongJump_g04_c04.avi,125,240,320,uniform_fallback,0,124,62,77,4,15,14
2507,LongJump,LongJump/v_LongJump_g04_c07.avi,118,240,320,uniform_fallback,0,117,0,14,0,9,3
2508,LongJump,LongJump/v_LongJump_g06_c01.avi,86,240,320,uniform_fallback,0,85,32,42,3,4,13
2509,LongJump,LongJump/v_LongJump_g06_c03.avi,136,240,320,center_stride,4,131,52,67,3,13,4
2510,LongJump,LongJump/v_LongJump_g07_c04.avi,82,240,320,uniform_fallback,0,81,31,40,3,10,9
2511,LongJump,LongJump/v_LongJump_g07_c05.avi,118,240,320,uniform_fallback,0,117,74,88,5,8,15
2512,LongJump,LongJump/v_LongJump_g08_c01.avi,134,240,320,center_stride,3,130,115,130,7,6,4
2513,LongJump,LongJump/v_LongJump_g08_c02.avi,150,240,320,center_stride,11,138,107,122,6,11,8
2514,LongJump,LongJump/v_LongJump_g09_c02.avi,96,240,320,uniform_fallback,0,95,24,35,2,9,11
2515,LongJump,LongJump/v_LongJump_g09_c05.avi,101,240,320,uniform_fallback,0,100,88,100,7,11,4
2516,LongJump,LongJump/v_LongJump_g09_c06.avi,81,240,320,uniform_fallback,0,80,40,50,4,13,15
2517,LongJump,LongJump/v_LongJump_g10_c04.avi,167,240,320,center_stride,19,146,131,146,7,10,6
2518,LongJump,LongJump/v_LongJump_g10_c06.avi,139,240,320,center_stride,5,132,101,116,6,12,14
2519,LongJump,LongJump/v_LongJump_g10_c07.avi,150,240,320,center_stride,11,138,91,106,5,2,15
2520,LongJump,LongJump/v_LongJump_g11_c02.avi,135,240,320,center_stride,3,130,19,34,1,8,8
2521,LongJump,LongJump/v_LongJump_g11_c04.avi,140,240,320,center_stride,6,133,102,117,6,13,1
2522,LongJump,LongJump/v_LongJump_g11_c05.avi,175,240,320,center_stride,23,150,55,70,2,10,3
2523,LongJump,LongJump/v_LongJump_g11_c06.avi,175,240,320,center_stride,23,150,103,118,5,12,9
2524,LongJump,LongJump/v_LongJump_g13_c03.avi,148,240,320,center_stride,10,137,26,41,1,9,2
2525,LongJump,LongJump/v_LongJump_g13_c04.avi,127,240,320,uniform_fallback,0,126,79,94,5,12,9
2526,LongJump,LongJump/v_LongJump_g13_c06.avi,134,240,320,center_stride,3,130,35,50,2,2,1
2527,LongJump,LongJump/v_LongJump_g14_c01.avi,157,240,320,center_stride,14,141,14,29,0,3,8
2528,LongJump,LongJump/v_LongJump_g14_c02.avi,156,240,320,center_stride,14,141,126,141,7,14,14
2529,LongJump,LongJump/v_LongJump_g14_c04.avi,152,240,320,center_stride,12,139,108,123,6,5,4
2530,LongJump,LongJump/v_LongJump_g14_c05.avi,150,240,320,center_stride,11,138,91,106,5,10,8
2531,LongJump,LongJump/v_LongJump_g16_c01.avi,125,240,320,uniform_fallback,0,124,31,46,2,12,3
2532,LongJump,LongJump/v_LongJump_g16_c05.avi,145,240,320,center_stride,8,135,120,135,7,10,13
2533,LongJump,LongJump/v_LongJump_g17_c05.avi,169,240,320,center_stride,20,147,68,83,3,10,1
2534,LongJump,LongJump/v_LongJump_g18_c03.avi,109,240,320,uniform_fallback,0,108,82,94,6,9,10
2535,LongJump,LongJump/v_LongJump_g19_c04.avi,150,240,320,center_stride,11,138,107,122,6,10,10
2536,LongJump,LongJump/v_LongJump_g19_c05.avi,150,240,320,center_stride,11,138,123,138,7,13,0
2537,LongJump,LongJump/v_LongJump_g19_c06.avi,150,240,320,center_stride,11,138,59,74,3,4,5
2538,LongJump,LongJump/v_LongJump_g20_c01.avi,166,240,320,center_stride,19,146,131,146,7,13,2
2539,LongJump,LongJump/v_LongJump_g20_c04.avi,159,240,320,center_stride,15,142,47,62,2,0,1
2540,LongJump,LongJump/v_LongJump_g21_c03.avi,118,240,320,uniform_fallback,0,117,0,14,0,3,5
2541,LongJump,LongJump/v_LongJump_g21_c04.avi,148,240,320,center_stride,10,137,26,41,1,6,11
2542,LongJump,LongJump/v_LongJump_g22_c01.avi,141,240,320,center_stride,6,133,6,21,0,2,4
2543,LongJump,LongJump/v_LongJump_g22_c02.avi,106,240,320,uniform_fallback,0,105,0,12,0,3,9
2544,LongJump,LongJump/v_LongJump_g22_c03.avi,122,240,320,uniform_fallback,0,121,46,60,3,15,14
2545,LongJump,LongJump/v_LongJump_g23_c03.avi,149,240,320,center_stride,10,137,122,137,7,15,7
2546,LongJump,LongJump/v_LongJump_g23_c04.avi,139,240,320,center_stride,5,132,101,116,6,12,8
2547,LongJump,LongJump/v_LongJump_g24_c02.avi,166,240,320,center_stride,19,146,115,130,6,0,8
2548,LongJump,LongJump/v_LongJump_g24_c03.avi,169,240,320,center_stride,20,147,52,67,2,1,1
2549,LongJump,LongJump/v_LongJump_g25_c02.avi,156,240,320,center_stride,14,141,14,29,0,4,10
2550,Lunges,Lunges/v_Lunges_g01_c01.avi,262,240,320,center_stride,67,194,67,82,0,4,5
2551,Lunges,Lunges/v_Lunges_g01_c03.avi,226,240,320,center_stride,49,176,129,144,5,0,2
2552,Lunges,Lunges/v_Lunges_g01_c04.avi,271,240,320,center_stride,71,198,183,198,7,14,4
2553,Lunges,Lunges/v_Lunges_g01_c07.avi,235,240,320,center_stride,53,180,165,180,7,8,5
2554,Lunges,Lunges/v_Lunges_g02_c04.avi,177,240,320,center_stride,24,151,88,103,4,8,0
2555,Lunges,Lunges/v_Lunges_g03_c04.avi,252,240,320,center_stride,62,189,174,189,7,4,0
2556,Lunges,Lunges/v_Lunges_g04_c01.avi,262,240,320,center_stride,67,194,67,82,0,2,3
2557,Lunges,Lunges/v_Lunges_g04_c02.avi,260,240,320,center_stride,66,193,146,161,5,7,14
2558,Lunges,Lunges/v_Lunges_g04_c03.avi,248,240,320,center_stride,60,187,92,107,2,1,13
2559,Lunges,Lunges/v_Lunges_g04_c04.avi,184,240,320,center_stride,28,155,76,91,3,5,1
2560,Lunges,Lunges/v_Lunges_g05_c04.avi,198,240,320,center_stride,35,162,67,82,2,6,11
2561,Lunges,Lunges/v_Lunges_g06_c01.avi,255,240,320,center_stride,63,190,159,174,6,14,9
2562,Lunges,Lunges/v_Lunges_g06_c05.avi,255,240,320,center_stride,63,190,127,142,4,7,14
2563,Lunges,Lunges/v_Lunges_g06_c06.avi,255,240,320,center_stride,63,190,95,110,2,13,9
2564,Lunges,Lunges/v_Lunges_g06_c07.avi,262,240,320,center_stride,67,194,115,130,3,11,9
2565,Lunges,Lunges/v_Lunges_g07_c01.avi,249,240,320,center_stride,60,187,156,171,6,14,10
2566,Lunges,Lunges/v_Lunges_g07_c02.avi,246,240,320,center_stride,59,186,91,106,2,13,2
2567,Lunges,Lunges/v_Lunges_g07_c03.avi,246,240,320,center_stride,59,186,171,186,7,6,9
2568,Lunges,Lunges/v_Lunges_g07_c04.avi,265,240,320,center_stride,68,195,180,195,7,15,0
2569,Lunges,Lunges/v_Lunges_g07_c06.avi,251,240,320,center_stride,61,188,157,172,6,15,7
2570,Lunges,Lunges/v_Lunges_g08_c01.avi,159,240,320,center_stride,15,142,79,94,4,13,8
2571,Lunges,Lunges/v_Lunges_g09_c02.avi,201,240,320,center_stride,36,163,68,83,2,13,0
2572,Lunges,Lunges/v_Lunges_g09_c03.avi,205,240,320,center_stride,38,165,86,101,3,10,4
2573,Lunges,Lunges/v_Lunges_g10_c02.avi,262,240,320,center_stride,67,194,163,178,6,0,2
2574,Lunges,Lunges/v_Lunges_g10_c04.avi,262,240,320,center_stride,67,194,179,194,7,14,2
2575,Lunges,Lunges/v_Lunges_g10_c05.avi,245,240,320,center_stride,58,185,154,169,6,6,13
2576,Lunges,Lunges/v_Lunges_g11_c07.avi,254,240,320,center_stride,63,190,63,78,0,4,12
2577,Lunges,Lunges/v_Lunges_g12_c03.avi,253,240,320,center_stride,62,189,78,93,1,4,2
2578,Lunges,Lunges/v_Lunges_g14_c01.avi,256,240,320,center_stride,64,191,160,175,6,15,2
2579,Lunges,Lunges/v_Lunges_g14_c03.avi,262,240,320,center_stride,67,194,147,162,5,2,8
2580,Lunges,Lunges/v_Lunges_g14_c04.avi,249,240,320,center_stride,60,187,156,171,6,0,4
2581,Lunges,Lunges/v_Lunges_g14_c07.avi,256,240,320,center_stride,64,191,128,143,4,4,8
2582,Lunges,Lunges/v_Lunges_g15_c01.avi,117,240,320,uniform_fallback,0,116,29,43,2,15,2
2583,Lunges,Lunges/v_Lunges_g15_c03.avi,106,240,320,uniform_fallback,0,105,0,12,0,7,7
2584,Lunges,Lunges/v_Lunges_g17_c02.avi,262,240,320,center_stride,67,194,147,162,5,1,2
2585,Lunges,Lunges/v_Lunges_g17_c04.avi,252,240,320,center_stride,62,189,158,173,6,8,1
2586,Lunges,Lunges/v_Lunges_g18_c02.avi,249,240,320,center_stride,60,187,76,91,1,0,15
2587,Lunges,Lunges/v_Lunges_g18_c05.avi,254,240,320,center_stride,63,190,175,190,7,2,13
2588,Lunges,Lunges/v_Lunges_g19_c02.avi,259,240,320,center_stride,65,192,97,112,2,3,15
2589,Lunges,Lunges/v_Lunges_g19_c06.avi,239,240,320,center_stride,55,182,103,118,3,7,8
2590,Lunges,Lunges/v_Lunges_g20_c03.avi,47,240,320,uniform_fallback,0,46,17,23,3,13,6
2591,Lunges,Lunges/v_Lunges_g20_c04.avi,48,240,320,uniform_fallback,0,47,24,29,4,11,3
2592,Lunges,Lunges/v_Lunges_g21_c04.avi,253,240,320,center_stride,62,189,174,189,7,13,3
2593,Lunges,Lunges/v_Lunges_g22_c02.avi,204,240,320,center_stride,38,165,118,133,5,1,15
2594,Lunges,Lunges/v_Lunges_g22_c04.avi,208,240,320,center_stride,40,167,136,151,6,0,9
2595,Lunges,Lunges/v_Lunges_g23_c01.avi,201,240,320,center_stride,36,163,52,67,1,12,3
2596,Lunges,Lunges/v_Lunges_g23_c03.avi,207,240,320,center_stride,39,166,55,70,1,11,3
2597,Lunges,Lunges/v_Lunges_g24_c01.avi,192,240,320,center_stride,32,159,48,63,1,4,1
2598,Lunges,Lunges/v_Lunges_g25_c01.avi,235,240,320,center_stride,53,180,165,180,7,13,14
2599,Lunges,Lunges/v_Lunges_g25_c04.avi,251,240,320,center_stride,61,188,125,140,4,7,13
2600,MilitaryParade,MilitaryParade/v_MilitaryParade_g01_c05.avi,149,240,320,center_stride,10,137,42,57,2,3,9
2601,MilitaryParade,MilitaryParade/v_MilitaryParade_g01_c06.avi,136,240,320,center_stride,4,131,4,19,0,9,7
2602,MilitaryParade,MilitaryParade/v_MilitaryParade_g03_c04.avi,112,240,320,uniform_fallback,0,111,42,55,3,1,4
2603,MilitaryParade,MilitaryParade/v_MilitaryParade_g04_c01.avi,137,240,320,center_stride,4,131,100,115,6,13,5
2604,MilitaryParade,MilitaryParade/v_MilitaryParade_g04_c02.avi,89,240,320,uniform_fallback,0,88,0,10,0,0,7
2605,MilitaryParade,MilitaryParade/v_MilitaryParade_g06_c02.avi,111,240,320,uniform_fallback,0,110,97,110,7,1,11
2606,MilitaryParade,MilitaryParade/v_MilitaryParade_g06_c03.avi,117,240,320,uniform_fallback,0,116,102,116,7,10,11
2607,MilitaryParade,MilitaryParade/v_MilitaryParade_g06_c04.avi,124,240,320,uniform_fallback,0,123,15,30,1,8,1
2608,MilitaryParade,MilitaryParade/v_MilitaryParade_g07_c01.avi,109,240,320,uniform_fallback,0,108,95,108,7,13,0
2609,MilitaryParade,MilitaryParade/v_MilitaryParade_g07_c05.avi,148,240,320,center_stride,10,137,26,41,1,7,15
2610,MilitaryParade,MilitaryParade/v_MilitaryParade_g09_c02.avi,123,240,320,uniform_fallback,0,122,61,76,4,14,8
2611,MilitaryParade,MilitaryParade/v_MilitaryParade_g09_c04.avi,105,240,320,uniform_fallback,0,104,39,52,3,11,12
2612,MilitaryParade,MilitaryParade/v_MilitaryParade_g09_c05.avi,109,240,320,uniform_fallback,0,108,0,13,0,9,6
2613,MilitaryParade,MilitaryParade/v_MilitaryParade_g10_c05.avi,102,240,320,uniform_fallback,0,101,13,25,1,1,9
2614,MilitaryParade,MilitaryParade/v_MilitaryParade_g11_c01.avi,111,240,320,uniform_fallback,0,110,97,110,7,7,7
2615,MilitaryParade,MilitaryParade/v_MilitaryParade_g11_c03.avi,139,240,320,center_stride,5,132,5,20,0,9,0
2616,MilitaryParade,MilitaryParade/v_MilitaryParade_g13_c01.avi,138,240,320,center_stride,5,132,21,36,1,0,8
2617,MilitaryParade,MilitaryParade/v_MilitaryParade_g13_c04.avi,133,240,320,center_stride,2,129,18,33,1,12,15
2618,MilitaryParade,MilitaryParade/v_MilitaryParade_g14_c02.avi,152,240,320,center_stride,12,139,76,91,4,14,3
2619,MilitaryParade,MilitaryParade/v_MilitaryParade_g14_c03.avi,146,240,320,center_stride,9,136,25,40,1,1,10
2620,MilitaryParade,MilitaryParade/v_MilitaryParade_g14_c05.avi,157,240,320,center_stride,14,141,14,29,0,1,12
2621,MilitaryParade,MilitaryParade/v_MilitaryParade_g15_c01.avi,144,240,320,center_stride,8,135,88,103,5,3,7
2622,MilitaryParade,MilitaryParade/v_MilitaryParade_g15_c02.avi,163,240,320,center_stride,17,144,81,96,4,9,9
2623,MilitaryParade,MilitaryParade/v_MilitaryParade_g15_c03.avi,138,240,320,center_stride,5,132,101,116,6,15,8
2624,MilitaryParade,MilitaryParade/v_MilitaryParade_g15_c07.avi,158,240,320,center_stride,15,142,31,46,1,12,7
2625,MilitaryParade,MilitaryParade/v_MilitaryParade_g16_c01.avi,99,240,320,uniform_fallback,0,98,37,49,3,4,15
2626,MilitaryParade,MilitaryParade/v_MilitaryParade_g16_c02.avi,124,240,320,uniform_fallback,0,123,0,15,0,14,6
2627,MilitaryParade,MilitaryParade/v_MilitaryParade_g16_c03.avi,146,240,320,center_stride,9,136,25,40,1,11,4
2628,MilitaryParade,MilitaryParade/v_MilitaryParade_g17_c01.avi,148,240,320,center_stride,10,137,74,89,4,7,8
2629,MilitaryParade,MilitaryParade/v_MilitaryParade_g17_c02.avi,138,240,320,center_stride,5,132,21,36,1,8,15
2630,MilitaryParade,MilitaryParade/v_MilitaryParade_g17_c04.avi,143,240,320,center_stride,7,134,23,38,1,12,6
2631,MilitaryParade,MilitaryParade/v_MilitaryParade_g18_c01.avi,140,240,320,center_stride,6,133,38,53,2,12,0
2632,MilitaryParade,MilitaryParade/v_MilitaryParade_g18_c03.avi,139,240,320,center_stride,5,132,117,132,7,1,11
2633,MilitaryParade,MilitaryParade/v_MilitaryParade_g18_c04.avi,132,240,320,center_stride,2,129,2,17,0,9,14
2634,MilitaryParade,MilitaryParade/v_MilitaryParade_g18_c06.avi,124,240,320,uniform_fallback,0,123,93,108,6,4,5
2635,MilitaryParade,MilitaryParade/v_MilitaryParade_g19_c01.avi,141,240,320,center_stride,6,133,70,85,4,5,5
2636,MilitaryParade,MilitaryParade/v_MilitaryParade_g19_c02.avi,138,240,320,center_stride,5,132,21,36,1,5,7
2637,MilitaryParade,MilitaryParade/v_MilitaryParade_g19_c05.avi,135,240,320,center_stride,3,130,35,50,2,13,9
2638,MilitaryParade,MilitaryParade/v_MilitaryParade_g19_c06.avi,138,240,320,center_stride,5,132,21,36,1,7,9
2639,MilitaryParade,MilitaryParade/v_MilitaryParade_g21_c04.avi,101,240,320,uniform_fallback,0,100,25,37,2,14,10
2640,MilitaryParade,MilitaryParade/v_MilitaryParade_g22_c01.avi,134,240,320,center_stride,3,130,83,98,5,12,8
2641,MilitaryParade,MilitaryParade/v_MilitaryParade_g22_c02.avi,125,240,320,uniform_fallback,0,124,78,93,5,6,10
2642,MilitaryParade,MilitaryParade/v_MilitaryParade_g22_c03.avi,142,240,320,center_stride,7,134,103,118,6,10,12
2643,MilitaryParade,MilitaryParade/v_MilitaryParade_g22_c04.avi,115,240,320,uniform_fallback,0,114,101,114,7,2,7
2644,MilitaryParade,MilitaryParade/v_MilitaryParade_g23_c04.avi,135,240,320,center_stride,3,130,67,82,4,0,6
2645,MilitaryParade,MilitaryParade/v_MilitaryParade_g24_c02.avi,109,240,320,uniform_fallback,0,108,27,40,2,0,3
2646,MilitaryParade,MilitaryParade/v_MilitaryParade_g24_c04.avi,106,240,320,uniform_fallback,0,105,53,65,4,10,4
2647,MilitaryParade,MilitaryParade/v_MilitaryParade_g25_c01.avi,127,240,320,uniform_fallback,0,126,111,126,7,0,14
2648,MilitaryParade,MilitaryParade/v_MilitaryParade_g25_c06.avi,123,240,320,uniform_fallback,0,122,92,107,6,2,13
2649,MilitaryParade,MilitaryParade/v_MilitaryParade_g25_c07.avi,128,240,320,center_stride,0,127,96,111,6,3,4
2650,Mixing,Mixing/v_Mixing_g01_c07.avi,124,240,320,uniform_fallback,0,123,31,46,2,7,0
2651,Mixing,Mixing/v_Mixing_g02_c02.avi,105,240,320,uniform_fallback,0,104,0,12,0,13,2
2652,Mixing,Mixing/v_Mixing_g02_c04.avi,165,240,320,center_stride,18,145,98,113,5,0,2
2653,Mixing,Mixing/v_Mixing_g03_c01.avi,159,240,320,center_stride,15,142,31,46,1,1,3
2654,Mixing,Mixing/v_Mixing_g03_c02.avi,128,240,320,center_stride,0,127,80,95,5,2,5
2655,Mixing,Mixing/v_Mixing_g04_c03.avi,124,240,320,uniform_fallback,0,123,46,61,3,2,14
2656,Mixing,Mixing/v_Mixing_g04_c04.avi,109,240,320,uniform_fallback,0,108,14,26,1,4,3
2657,Mixing,Mixing/v_Mixing_g04_c05.avi,111,240,320,uniform_fallback,0,110,55,68,4,1,8
2658,Mixing,Mixing/v_Mixing_g04_c07.avi,122,240,320,uniform_fallback,0,121,61,75,4,7,10
2659,Mixing,Mixing/v_Mixing_g05_c01.avi,126,240,320,uniform_fallback,0,125,94,109,6,5,8
2660,Mixing,Mixing/v_Mixing_g05_c03.avi,124,240,320,uniform_fallback,0,123,62,77,4,9,3
2661,Mixing,Mixing/v_Mixing_g05_c04.avi,118,240,320,uniform_fallback,0,117,15,29,1,8,8
2662,Mixing,Mixing/v_Mixing_g05_c06.avi,127,240,320,uniform_fallback,0,126,95,110,6,2,7
2663,Mixing,Mixing/v_Mixing_g06_c02.avi,103,240,320,uniform_fallback,0,102,26,38,2,12,8
2664,Mixing,Mixing/v_Mixing_g06_c03.avi,121,240,320,uniform_fallback,0,120,91,105,6,3,4
2665,Mixing,Mixing/v_Mixing_g06_c04.avi,107,240,320,uniform_fallback,0,106,67,79,5,2,0
2666,Mixing,Mixing/v_Mixing_g06_c06.avi,107,240,320,uniform_fallback,0,106,67,79,5,3,15
2667,Mixing,Mixing/v_Mixing_g07_c01.avi,115,240,320,uniform_fallback,0,114,43,57,3,0,15
2668,Mixing,Mixing/v_Mixing_g07_c03.avi,129,240,320,center_stride,0,127,32,47,2,13,5
2669,Mixing,Mixing/v_Mixing_g07_c04.avi,130,240,320,center_stride,1,128,97,112,6,10,2
2670,Mixing,Mixing/v_Mixing_g07_c05.avi,130,240,320,center_stride,1,128,17,32,1,10,8
2671,Mixing,Mixing/v_Mixing_g08_c01.avi,117,240,320,uniform_fallback,0,116,73,87,5,9,15
2672,Mixing,Mixing/v_Mixing_g08_c03.avi,113,240,320,uniform_fallback,0,112,99,112,7,13,15
2673,Mixing,Mixing/v_Mixing_g09_c01.avi,105,240,320,uniform_fallback,0,104,52,65,4,15,6
2674,Mixing,Mixing/v_Mixing_g09_c04.avi,136,240,320,center_stride,4,131,100,115,6,7,9
2675,Mixing,Mixing/v_Mixing_g09_c06.avi,101,240,320,uniform_fallback,0,100,13,24,1,7,12
2676,Mixing,Mixing/v_Mixing_g09_c07.avi,113,240,320,uniform_fallback,0,112,28,41,2,10,13
2677,Mixing,Mixing/v_Mixing_g10_c01.avi,110,240,320,uniform_fallback,0,109,41,54,3,11,7
2678,Mixing,Mixing/v_Mixing_g10_c04.avi,112,240,320,uniform_fallback,0,111,84,97,6,15,3
2679,Mixing,Mixing/v_Mixing_g11_c06.avi,116,240,320,uniform_fallback,0,115,29,43,2,5,3
2680,Mixing,Mixing/v_Mixing_g12_c03.avi,104,240,320,uniform_fallback,0,103,13,25,1,13,3
2681,Mixing,Mixing/v_Mixing_g12_c06.avi,110,240,320,uniform_fallback,0,109,14,27,1,15,9
2682,Mixing,Mixing/v_Mixing_g12_c07.avi,99,240,320,uniform_fallback,0,98,0,12,0,11,9
2683,Mixing,Mixing/v_Mixing_g13_c05.avi,61,240,320,uniform_fallback,0,60,0,7,0,2,7
2684,Mixing,Mixing/v_Mixing_g14_c02.avi,91,240,320,uniform_fallback,0,90,23,33,2,7,2
2685,Mixing,Mixing/v_Mixing_g14_c04.avi,116,240,320,uniform_fallback,0,115,14,28,1,14,1
2686,Mixing,Mixing/v_Mixing_g14_c05.avi,103,240,320,uniform_fallback,0,102,39,51,3,4,8
2687,Mixing,Mixing/v_Mixing_g15_c01.avi,121,240,320,uniform_fallback,0,120,91,105,6,10,10
2688,Mixing,Mixing/v_Mixing_g15_c07.avi,91,240,320,uniform_fallback,0,90,34,45,3,10,7
2689,Mixing,Mixing/v_Mixing_g16_c01.avi,104,240,320,uniform_fallback,0,103,91,103,7,4,1
2690,Mixing,Mixing/v_Mixing_g16_c03.avi,110,240,320,uniform_fallback,0,109,14,27,1,0,4
2691,Mixing,Mixing/v_Mixing_g17_c01.avi,92,240,320,uniform_fallback,0,91,80,91,7,13,5
2692,Mixing,Mixing/v_Mixing_g17_c02.avi,114,240,320,uniform_fallback,0,113,85,99,6,8,15
2693,Mixing,Mixing/v_Mixing_g20_c01.avi,114,240,320,uniform_fallback,0,113,71,85,5,8,4
2694,Mixing,Mixing/v_Mixing_g20_c04.avi,102,240,320,uniform_fallback,0,101,64,76,5,14,4
2695,Mixing,Mixing/v_Mixing_g21_c01.avi,118,240,320,uniform_fallback,0,117,103,117,7,14,12
2696,Mixing,Mixing/v_Mixing_g21_c02.avi,116,240,320,uniform_fallback,0,115,72,86,5,6,2
2697,Mixing,Mixing/v_Mixing_g23_c01.avi,124,240,320,uniform_fallback,0,123,108,123,7,14,5
2698,Mixing,Mixing/v_Mixing_g24_c01.avi,126,240,320,uniform_fallback,0,125,110,125,7,2,13
2699,Mixing,Mixing/v_Mixing_g25_c04.avi,107,240,320,uniform_fallback,0,106,80,93,6,11,5
2700,MoppingFloor,MoppingFloor/v_MoppingFloor_g01_c01.avi,160,240,320,center_stride,16,143,32,47,1,4,3
2701,MoppingFloor,MoppingFloor/v_MoppingFloor_g01_c02.avi,160,240,320,center_stride,16,143,48,63,2,14,9
2702,MoppingFloor,MoppingFloor/v_MoppingFloor_g01_c03.avi,160,240,320,center_stride,16,143,96,111,5,10,6
2703,MoppingFloor,MoppingFloor/v_MoppingFloor_g03_c03.avi,146,240,320,center_stride,9,136,25,40,1,3,15
2704,MoppingFloor,MoppingFloor/v_MoppingFloor_g04_c01.avi,244,240,320,center_stride,58,185,122,137,4,13,12
2705,MoppingFloor,MoppingFloor/v_MoppingFloor_g04_c02.avi,290,240,320,center_stride,81,208,177,192,6,7,11
2706,MoppingFloor,MoppingFloor/v_MoppingFloor_g04_c04.avi,299,240,320,center_stride,85,212,149,164,4,10,0
2707,MoppingFloor,MoppingFloor/v_MoppingFloor_g04_c06.avi,306,240,320,center_stride,89,216,185,200,6,15,9
2708,MoppingFloor,MoppingFloor/v_MoppingFloor_g05_c02.avi,290,240,320,center_stride,81,208,97,112,1,1,7
2709,MoppingFloor,MoppingFloor/v_MoppingFloor_g05_c04.avi,293,240,320,center_stride,82,209,98,113,1,8,14
2710,MoppingFloor,MoppingFloor/v_MoppingFloor_g06_c01.avi,100,240,320,uniform_fallback,0,99,25,37,2,12,7
2711,MoppingFloor,MoppingFloor/v_MoppingFloor_g07_c01.avi,158,240,320,center_stride,15,142,15,30,0,3,1
2712,MoppingFloor,MoppingFloor/v_MoppingFloor_g07_c03.avi,108,240,320,uniform_fallback,0,107,27,40,2,10,12
2713,MoppingFloor,MoppingFloor/v_MoppingFloor_g09_c01.avi,264,240,320,center_stride,68,195,148,163,5,7,8
2714,MoppingFloor,MoppingFloor/v_MoppingFloor_g10_c01.avi,239,240,320,center_stride,55,182,135,150,5,14,2
2715,MoppingFloor,MoppingFloor/v_MoppingFloor_g10_c03.avi,247,240,320,center_stride,59,186,107,122,3,15,7
2716,MoppingFloor,MoppingFloor/v_MoppingFloor_g10_c04.avi,283,240,320,center_stride,77,204,141,156,4,7,0
2717,MoppingFloor,MoppingFloor/v_MoppingFloor_g11_c01.avi,191,240,320,center_stride,31,158,47,62,1,5,13
2718,MoppingFloor,MoppingFloor/v_MoppingFloor_g11_c02.avi,191,240,320,center_stride,31,158,31,46,0,8,12
2719,MoppingFloor,MoppingFloor/v_MoppingFloor_g12_c02.avi,145,240,320,center_stride,8,135,56,71,3,0,0
2720,MoppingFloor,MoppingFloor/v_MoppingFloor_g14_c01.avi,197,240,320,center_stride,34,161,66,81,2,7,11
2721,MoppingFloor,MoppingFloor/v_MoppingFloor_g14_c03.avi,196,240,320,center_stride,34,161,50,65,1,2,2
2722,MoppingFloor,MoppingFloor/v_MoppingFloor_g14_c04.avi,129,240,320,center_stride,0,127,0,15,0,12,8
2723,MoppingFloor,MoppingFloor/v_MoppingFloor_g15_c01.avi,132,240,320,center_stride,2,129,66,81,4,9,12
2724,MoppingFloor,MoppingFloor/v_MoppingFloor_g15_c02.avi,131,240,320,center_stride,1,128,1,16,0,2,12
2725,MoppingFloor,MoppingFloor/v_MoppingFloor_g15_c03.avi,134,240,320,center_stride,3,130,99,114,6,6,10
2726,MoppingFloor,MoppingFloor/v_MoppingFloor_g15_c04.avi,137,240,320,center_stride,4,131,68,83,4,4,8
2727,MoppingFloor,MoppingFloor/v_MoppingFloor_g16_c01.avi,270,240,320,center_stride,71,198,167,182,6,15,0
2728,MoppingFloor,MoppingFloor/v_MoppingFloor_g16_c02.avi,238,240,320,center_stride,55,182,71,86,1,6,7
2729,MoppingFloor,MoppingFloor/v_MoppingFloor_g16_c03.avi,234,240,320,center_stride,53,180,85,100,2,11,8
2730,MoppingFloor,MoppingFloor/v_MoppingFloor_g16_c04.avi,205,240,320,center_stride,38,165,86,101,3,2,12
2731,MoppingFloor,MoppingFloor/v_MoppingFloor_g17_c01.avi,206,240,320,center_stride,39,166,55,70,1,4,12
2732,MoppingFloor,MoppingFloor/v_MoppingFloor_g17_c02.avi,235,240,320,center_stride,53,180,133,148,5,3,7
2733,MoppingFloor,MoppingFloor/v_MoppingFloor_g17_c03.avi,249,240,320,center_stride,60,187,76,91,1,6,3
2734,MoppingFloor,MoppingFloor/v_MoppingFloor_g17_c04.avi,269,240,320,center_stride,70,197,134,149,4,7,3
2735,MoppingFloor,MoppingFloor/v_MoppingFloor_g17_c05.avi,259,240,320,center_stride,65,192,177,192,7,13,9
2736,MoppingFloor,MoppingFloor/v_MoppingFloor_g18_c02.avi,110,240,320,uniform_fallback,0,109,55,68,4,5,10
2737,MoppingFloor,MoppingFloor/v_MoppingFloor_g18_c04.avi,99,240,320,uniform_fallback,0,98,0,12,0,3,4
2738,MoppingFloor,MoppingFloor/v_MoppingFloor_g19_c01.avi,135,240,320,center_stride,3,130,99,114,6,8,5
2739,MoppingFloor,MoppingFloor/v_MoppingFloor_g19_c04.avi,72,240,320,uniform_fallback,0,71,54,62,6,12,5
2740,MoppingFloor,MoppingFloor/v_MoppingFloor_g21_c03.avi,172,240,320,center_stride,22,149,22,37,0,1,9
2741,MoppingFloor,MoppingFloor/v_MoppingFloor_g21_c04.avi,186,240,320,center_stride,29,156,45,60,1,9,10
2742,MoppingFloor,MoppingFloor/v_MoppingFloor_g22_c01.avi,337,240,320,center_stride,104,231,184,199,5,0,8
2743,MoppingFloor,MoppingFloor/v_MoppingFloor_g22_c02.avi,333,240,320,center_stride,102,229,134,149,2,13,7
2744,MoppingFloor,MoppingFloor/v_MoppingFloor_g22_c03.avi,346,240,320,center_stride,109,236,221,236,7,5,14
2745,MoppingFloor,MoppingFloor/v_MoppingFloor_g23_c03.avi,364,240,320,center_stride,118,245,166,181,3,9,9
2746,MoppingFloor,MoppingFloor/v_MoppingFloor_g24_c02.avi,301,240,320,center_stride,86,213,198,213,7,10,15
2747,MoppingFloor,MoppingFloor/v_MoppingFloor_g24_c03.avi,299,240,320,center_stride,85,212,165,180,5,9,6
2748,MoppingFloor,MoppingFloor/v_MoppingFloor_g25_c01.avi,155,240,320,center_stride,13,140,77,92,4,5,5
2749,MoppingFloor,MoppingFloor/v_MoppingFloor_g25_c04.avi,69,240,320,uniform_fallback,0,68,60,68,7,6,3
2750,Nunchucks,Nunchucks/v_Nunchucks_g01_c04.avi,230,240,320,center_stride,51,178,51,66,0,15,0
2751,Nunchucks,Nunchucks/v_Nunchucks_g02_c01.avi,292,240,320,center_stride,82,209,162,177,5,7,6
2752,Nunchucks,Nunchucks/v_Nunchucks_g02_c03.avi,277,240,320,center_stride,74,201,138,153,4,13,1
2753,Nunchucks,Nunchucks/v_Nunchucks_g03_c02.avi,251,240,320,center_stride,61,188,109,124,3,7,3
2754,Nunchucks,Nunchucks/v_Nunchucks_g03_c04.avi,250,240,320,center_stride,61,188,77,92,1,4,11
2755,Nunchucks,Nunchucks/v_Nunchucks_g03_c06.avi,251,240,320,center_stride,61,188,61,76,0,3,0
2756,Nunchucks,Nunchucks/v_Nunchucks_g04_c01.avi,261,240,320,center_stride,66,193,130,145,4,11,1
2757,Nunchucks,Nunchucks/v_Nunchucks_g04_c04.avi,258,240,320,center_stride,65,192,97,112,2,13,11
2758,Nunchucks,Nunchucks/v_Nunchucks_g04_c06.avi,251,240,320,center_stride,61,188,157,172,6,7,5
2759,Nunchucks,Nunchucks/v_Nunchucks_g06_c04.avi,212,240,320,center_stride,42,169,122,137,5,2,3
2760,Nunchucks,Nunchucks/v_Nunchucks_g07_c02.avi,255,240,320,center_stride,63,190,111,126,3,9,13
2761,Nunchucks,Nunchucks/v_Nunchucks_g08_c03.avi,250,240,320,center_stride,61,188,157,172,6,15,10
2762,Nunchucks,Nunchucks/v_Nunchucks_g08_c05.avi,250,240,320,center_stride,61,188,61,76,0,14,10
2763,Nunchucks,Nunchucks/v_Nunchucks_g08_c06.avi,258,240,320,center_stride,65,192,177,192,7,3,13
2764,Nunchucks,Nunchucks/v_Nunchucks_g09_c03.avi,146,240,320,center_stride,9,136,57,72,3,5,2
2765,Nunchucks,Nunchucks/v_Nunchucks_g09_c05.avi,138,240,320,center_stride,5,132,117,132,7,10,6
2766,Nunchucks,Nunchucks/v_Nunchucks_g10_c04.avi,173,240,320,center_stride,22,149,38,53,1,5,12
2767,Nunchucks,Nunchucks/v_Nunchucks_g10_c06.avi,166,240,320,center_stride,19,146,115,130,6,0,9
2768,Nunchucks,Nunchucks/v_Nunchucks_g11_c02.avi,195,240,320,center_stride,33,160,129,144,6,10,5
2769,Nunchucks,Nunchucks/v_Nunchucks_g11_c05.avi,153,240,320,center_stride,12,139,108,123,6,9,15
2770,Nunchucks,Nunchucks/v_Nunchucks_g11_c06.avi,291,240,320,center_stride,81,208,177,192,6,2,3
2771,Nunchucks,Nunchucks/v_Nunchucks_g12_c03.avi,177,240,320,center_stride,24,151,88,103,4,12,14
2772,Nunchucks,Nunchucks/v_Nunchucks_g12_c04.avi,163,240,320,center_stride,17,144,17,32,0,3,9
2773,Nunchucks,Nunchucks/v_Nunchucks_g12_c05.avi,152,240,320,center_stride,12,139,108,123,6,4,6
2774,Nunchucks,Nunchucks/v_Nunchucks_g13_c02.avi,306,240,320,center_stride,89,216,105,120,1,12,4
2775,Nunchucks,Nunchucks/v_Nunchucks_g13_c07.avi,308,240,320,center_stride,90,217,202,217,7,13,10
2776,Nunchucks,Nunchucks/v_Nunchucks_g14_c01.avi,302,240,320,center_stride,87,214,183,198,6,4,12
2777,Nunchucks,Nunchucks/v_Nunchucks_g14_c02.avi,240,240,320,center_stride,56,183,136,151,5,11,7
2778,Nunchucks,Nunchucks/v_Nunchucks_g14_c04.avi,329,240,320,center_stride,100,227,164,179,4,1,6
2779,Nunchucks,Nunchucks/v_Nunchucks_g15_c02.avi,258,240,320,center_stride,65,192,177,192,7,4,9
2780,Nunchucks,Nunchucks/v_Nunchucks_g16_c02.avi,167,240,320,center_stride,19,146,67,82,3,10,14
2781,Nunchucks,Nunchucks/v_Nunchucks_g18_c03.avi,239,240,320,center_stride,55,182,119,134,4,1,14
2782,Nunchucks,Nunchucks/v_Nunchucks_g18_c05.avi,230,240,320,center_stride,51,178,99,114,3,4,14
2783,Nunchucks,Nunchucks/v_Nunchucks_g18_c06.avi,255,240,320,center_stride,63,190,143,158,5,11,13
2784,Nunchucks,Nunchucks/v_Nunchucks_g19_c03.avi,295,240,320,center_stride,83,210,195,210,7,0,6
2785,Nunchucks,Nunchucks/v_Nunchucks_g20_c02.avi,178,240,320,center_stride,25,152,57,72,2,14,8
2786,Nunchucks,Nunchucks/v_Nunchucks_g21_c01.avi,169,240,320,center_stride,20,147,84,99,4,4,7
2787,Nunchucks,Nunchucks/v_Nunchucks_g21_c02.avi,168,240,320,center_stride,20,147,36,51,1,12,8
2788,Nunchucks,Nunchucks/v_Nunchucks_g21_c03.avi,174,240,320,center_stride,23,150,71,86,3,1,14
2789,Nunchucks,Nunchucks/v_Nunchucks_g21_c05.avi,199,240,320,center_stride,35,162,131,146,6,7,4
2790,Nunchucks,Nunchucks/v_Nunchucks_g21_c06.avi,184,240,320,center_stride,28,155,76,91,3,0,13
2791,Nunchucks,Nunchucks/v_Nunchucks_g22_c01.avi,145,240,320,center_stride,8,135,88,103,5,14,13
2792,Nunchucks,Nunchucks/v_Nunchucks_g22_c02.avi,145,240,320,center_stride,8,135,72,87,4,11,15
2793,Nunchucks,Nunchucks/v_Nunchucks_g22_c03.avi,171,240,320,center_stride,21,148,117,132,6,1,15
2794,Nunchucks,Nunchucks/v_Nunchucks_g23_c01.avi,208,240,320,center_stride,40,167,40,55,0,12,2
2795,Nunchucks,Nunchucks/v_Nunchucks_g23_c02.avi,255,240,320,center_stride,63,190,127,142,4,3,7
2796,Nunchucks,Nunchucks/v_Nunchucks_g24_c01.avi,210,240,320,center_stride,41,168,41,56,0,3,4
2797,Nunchucks,Nunchucks/v_Nunchucks_g24_c03.avi,200,240,320,center_stride,36,163,116,131,5,4,6
2798,Nunchucks,Nunchucks/v_Nunchucks_g25_c04.avi,192,240,320,center_stride,32,159,80,95,3,9,15
2799,Nunchucks,Nunchucks/v_Nunchucks_g25_c06.avi,186,240,320,center_stride,29,156,29,44,0,1,3
2800,ParallelBars,ParallelBars/v_ParallelBars_g01_c02.avi,124,240,320,uniform_fallback,0,123,0,15,0,15,7
2801,ParallelBars,ParallelBars/v_ParallelBars_g01_c04.avi,198,240,320,center_stride,35,162,131,146,6,1,2
2802,ParallelBars,ParallelBars/v_ParallelBars_g02_c03.avi,133,240,320,center_stride,2,129,98,113,6,3,9
2803,ParallelBars,ParallelBars/v_ParallelBars_g02_c04.avi,192,240,320,center_stride,32,159,32,47,0,6,14
2804,ParallelBars,ParallelBars/v_ParallelBars_g03_c01.avi,115,240,320,uniform_fallback,0,114,86,100,6,3,8
2805,ParallelBars,ParallelBars/v_ParallelBars_g03_c03.avi,148,240,320,center_stride,10,137,122,137,7,11,11
2806,ParallelBars,ParallelBars/v_ParallelBars_g03_c04.avi,158,240,320,center_stride,15,142,15,30,0,6,6
2807,ParallelBars,ParallelBars/v_ParallelBars_g04_c05.avi,160,240,320,center_stride,16,143,16,31,0,10,6
2808,ParallelBars,ParallelBars/v_ParallelBars_g05_c04.avi,158,240,320,center_stride,15,142,31,46,1,3,6
2809,ParallelBars,ParallelBars/v_ParallelBars_g05_c05.avi,125,240,320,uniform_fallback,0,124,94,108,6,4,13
2810,ParallelBars,ParallelBars/v_ParallelBars_g06_c01.avi,149,240,320,center_stride,10,137,10,25,0,6,2
2811,ParallelBars,ParallelBars/v_ParallelBars_g06_c05.avi,103,240,320,uniform_fallback,0,102,64,76,5,5,2
2812,ParallelBars,ParallelBars/v_ParallelBars_g06_c06.avi,125,240,320,uniform_fallback,0,124,94,108,6,3,3
2813,ParallelBars,ParallelBars/v_ParallelBars_g08_c03.avi,145,240,320,center_stride,8,135,8,23,0,8,7
2814,ParallelBars,ParallelBars/v_ParallelBars_g08_c04.avi,130,240,320,center_stride,1,128,81,96,5,1,2
2815,ParallelBars,ParallelBars/v_ParallelBars_g09_c04.avi,103,240,320,uniform_fallback,0,102,51,63,4,0,9
2816,ParallelBars,ParallelBars/v_ParallelBars_g09_c05.avi,104,240,320,uniform_fallback,0,103,52,64,4,9,15
2817,ParallelBars,ParallelBars/v_ParallelBars_g09_c06.avi,245,240,320,center_stride,58,185,154,169,6,3,15
2818,ParallelBars,ParallelBars/v_ParallelBars_g10_c01.avi,142,240,320,center_stride,7,134,7,22,0,6,15
2819,ParallelBars,ParallelBars/v_ParallelBars_g10_c03.avi,195,240,320,center_stride,33,160,145,160,7,2,10
2820,ParallelBars,ParallelBars/v_ParallelBars_g11_c01.avi,134,240,320,center_stride,3,130,67,82,4,4,2
2821,ParallelBars,ParallelBars/v_ParallelBars_g11_c05.avi,125,240,320,uniform_fallback,0,124,31,46,2,7,8
2822,ParallelBars,ParallelBars/v_ParallelBars_g11_c06.avi,101,240,320,uniform_fallback,0,100,88,100,7,2,6
2823,ParallelBars,ParallelBars/v_ParallelBars_g12_c01.avi,198,240,320,center_stride,35,162,115,130,5,11,3
2824,ParallelBars,ParallelBars/v_ParallelBars_g12_c03.avi,166,240,320,center_stride,19,146,19,34,0,0,1
2825,ParallelBars,ParallelBars/v_ParallelBars_g12_c04.avi,151,240,320,center_stride,11,138,123,138,7,10,13
2826,ParallelBars,ParallelBars/v_ParallelBars_g13_c02.avi,185,240,320,center_stride,28,155,108,123,5,3,14
2827,ParallelBars,ParallelBars/v_ParallelBars_g13_c03.avi,141,240,320,center_stride,6,133,54,69,3,11,13
2828,ParallelBars,ParallelBars/v_ParallelBars_g13_c04.avi,167,240,320,center_stride,19,146,99,114,5,15,8
2829,ParallelBars,ParallelBars/v_ParallelBars_g14_c01.avi,120,240,320,uniform_fallback,0,119,0,14,0,9,5
2830,ParallelBars,ParallelBars/v_ParallelBars_g14_c02.avi,137,240,320,center_stride,4,131,116,131,7,7,6
2831,ParallelBars,ParallelBars/v_ParallelBars_g15_c01.avi,165,240,320,center_stride,18,145,18,33,0,14,8
2832,ParallelBars,ParallelBars/v_ParallelBars_g15_c02.avi,145,240,320,center_stride,8,135,120,135,7,13,15
2833,ParallelBars,ParallelBars/v_ParallelBars_g16_c02.avi,143,240,320,center_stride,7,134,39,54,2,10,5
2834,ParallelBars,ParallelBars/v_ParallelBars_g16_c04.avi,134,240,320,center_stride,3,130,3,18,0,13,8
2835,ParallelBars,ParallelBars/v_ParallelBars_g17_c02.avi,123,240,320,uniform_fallback,0,122,0,14,0,7,11
2836,ParallelBars,ParallelBars/v_ParallelBars_g17_c03.avi,181,240,320,center_stride,26,153,138,153,7,12,11
2837,ParallelBars,ParallelBars/v_ParallelBars_g18_c01.avi,137,240,320,center_stride,4,131,84,99,5,5,6
2838,ParallelBars,ParallelBars/v_ParallelBars_g18_c03.avi,110,240,320,uniform_fallback,0,109,41,54,3,4,15
2839,ParallelBars,ParallelBars/v_ParallelBars_g18_c04.avi,125,240,320,uniform_fallback,0,124,0,15,0,10,8
2840,ParallelBars,ParallelBars/v_ParallelBars_g19_c02.avi,153,240,320,center_stride,12,139,76,91,4,0,10
2841,ParallelBars,ParallelBars/v_ParallelBars_g19_c04.avi,110,240,320,uniform_fallback,0,109,41,54,3,4,14
2842,ParallelBars,ParallelBars/v_ParallelBars_g20_c01.avi,141,240,320,center_stride,6,133,118,133,7,3,12
2843,ParallelBars,ParallelBars/v_ParallelBars_g20_c03.avi,126,240,320,uniform_fallback,0,125,31,46,2,2,10
2844,ParallelBars,ParallelBars/v_ParallelBars_g21_c03.avi,123,240,320,uniform_fallback,0,122,46,61,3,12,7
2845,ParallelBars,ParallelBars/v_ParallelBars_g21_c04.avi,118,240,320,uniform_fallback,0,117,29,43,2,11,1
2846,ParallelBars,ParallelBars/v_ParallelBars_g22_c01.avi,122,240,320,uniform_fallback,0,121,30,45,2,0,10
2847,ParallelBars,ParallelBars/v_ParallelBars_g23_c01.avi,133,240,320,center_stride,2,129,98,113,6,4,2
2848,ParallelBars,ParallelBars/v_ParallelBars_g23_c02.avi,96,240,320,uniform_fallback,0,95,12,23,1,13,10
2849,ParallelBars,ParallelBars/v_ParallelBars_g24_c03.avi,128,240,320,center_stride,0,127,0,15,0,3,5
2850,PizzaTossing,PizzaTossing/v_PizzaTossing_g01_c02.avi,83,240,320,uniform_fallback,0,82,72,82,7,5,6
2851,PizzaTossing,PizzaTossing/v_PizzaTossing_g01_c03.avi,133,240,320,center_stride,2,129,34,49,2,0,15
2852,PizzaTossing,PizzaTossing/v_PizzaTossing_g01_c04.avi,133,240,320,center_stride,2,129,66,81,4,8,12
2853,PizzaTossing,PizzaTossing/v_PizzaTossing_g02_c03.avi,112,240,320,uniform_fallback,0,111,98,111,7,11,13
2854,PizzaTossing,PizzaTossing/v_PizzaTossing_g02_c04.avi,97,240,320,uniform_fallback,0,96,85,96,7,9,8
2855,PizzaTossing,PizzaTossing/v_PizzaTossing_g02_c05.avi,78,240,320,uniform_fallback,0,77,10,19,1,15,11
2856,PizzaTossing,PizzaTossing/v_PizzaTossing_g04_c01.avi,104,240,320,uniform_fallback,0,103,78,90,6,5,13
2857,PizzaTossing,PizzaTossing/v_PizzaTossing_g04_c04.avi,120,240,320,uniform_fallback,0,119,45,59,3,1,5
2858,PizzaTossing,PizzaTossing/v_PizzaTossing_g04_c05.avi,126,240,320,uniform_fallback,0,125,0,15,0,11,5
2859,PizzaTossing,PizzaTossing/v_PizzaTossing_g04_c07.avi,137,240,320,center_stride,4,131,20,35,1,14,7
2860,PizzaTossing,PizzaTossing/v_PizzaTossing_g05_c02.avi,187,240,320,center_stride,29,156,45,60,1,2,4
2861,PizzaTossing,PizzaTossing/v_PizzaTossing_g05_c03.avi,145,240,320,center_stride,8,135,8,23,0,7,15
2862,PizzaTossing,PizzaTossing/v_PizzaTossing_g06_c02.avi,98,240,320,uniform_fallback,0,97,0,11,0,1,5
2863,PizzaTossing,PizzaTossing/v_PizzaTossing_g06_c03.avi,98,240,320,uniform_fallback,0,97,24,36,2,9,5
2864,PizzaTossing,PizzaTossing/v_PizzaTossing_g06_c04.avi,63,240,320,uniform_fallback,0,62,0,7,0,6,3
2865,PizzaTossing,PizzaTossing/v_PizzaTossing_g07_c01.avi,112,240,320,uniform_fallback,0,111,14,27,1,1,5
2866,PizzaTossing,PizzaTossing/v_PizzaTossing_g08_c04.avi,136,240,320,center_stride,4,131,84,99,5,10,9
2867,PizzaTossing,PizzaTossing/v_PizzaTossing_g10_c02.avi,100,240,320,uniform_fallback,0,99,62,74,5,3,1
2868,PizzaTossing,PizzaTossing/v_PizzaTossing_g10_c03.avi,125,240,320,uniform_fallback,0,124,62,77,4,5,13
2869,PizzaTossing,PizzaTossing/v_PizzaTossing_g11_c01.avi,98,240,320,uniform_fallback,0,97,61,73,5,0,14
2870,PizzaTossing,PizzaTossing/v_PizzaTossing_g11_c02.avi,135,240,320,center_stride,3,130,35,50,2,11,12
2871,PizzaTossing,PizzaTossing/v_PizzaTossing_g12_c01.avi,127,240,320,uniform_fallback,0,126,63,78,4,9,1
2872,PizzaTossing,PizzaTossing/v_PizzaTossing_g12_c03.avi,106,240,320,uniform_fallback,0,105,93,105,7,1,13
2873,PizzaTossing,PizzaTossing/v_PizzaTossing_g12_c04.avi,163,240,320,center_stride,17,144,129,144,7,6,2
2874,PizzaTossing,PizzaTossing/v_PizzaTossing_g13_c03.avi,119,240,320,uniform_fallback,0,118,15,29,1,15,7
2875,PizzaTossing,PizzaTossing/v_PizzaTossing_g13_c04.avi,156,240,320,center_stride,14,141,126,141,7,2,9
2876,PizzaTossing,PizzaTossing/v_PizzaTossing_g14_c02.avi,123,240,320,uniform_fallback,0,122,15,30,1,3,10
2877,PizzaTossing,PizzaTossing/v_PizzaTossing_g14_c03.avi,117,240,320,uniform_fallback,0,116,44,58,3,6,7
2878,PizzaTossing,PizzaTossing/v_PizzaTossing_g15_c02.avi,146,240,320,center_stride,9,136,25,40,1,15,8
2879,PizzaTossing,PizzaTossing/v_PizzaTossing_g15_c04.avi,201,240,320,center_stride,36,163,84,99,3,2,8
2880,PizzaTossing,PizzaTossing/v_PizzaTossing_g16_c02.avi,143,240,320,center_stride,7,134,55,70,3,12,2
2881,PizzaTossing,PizzaTossing/v_PizzaTossing_g17_c04.avi,94,240,320,uniform_fallback,0,93,0,11,0,6,4
2882,PizzaTossing,PizzaTossing/v_PizzaTossing_g18_c03.avi,137,240,320,center_stride,4,131,36,51,2,13,2
2883,PizzaTossing,PizzaTossing/v_PizzaTossing_g18_c04.avi,123,240,320,uniform_fallback,0,122,15,30,1,12,13
2884,PizzaTossing,PizzaTossing/v_PizzaTossing_g19_c01.avi,111,240,320,uniform_fallback,0,110,14,27,1,8,3
2885,PizzaTossing,PizzaTossing/v_PizzaTossing_g19_c02.avi,141,240,320,center_stride,6,133,22,37,1,12,11
2886,PizzaTossing,PizzaTossing/v_PizzaTossing_g19_c03.avi,136,240,320,center_stride,4,131,20,35,1,5,2
2887,PizzaTossing,PizzaTossing/v_PizzaTossing_g20_c01.avi,110,240,320,uniform_fallback,0,109,55,68,4,4,2
2888,PizzaTossing,PizzaTossing/v_PizzaTossing_g20_c02.avi,120,240,320,uniform_fallback,0,119,90,104,6,9,9
2889,PizzaTossing,PizzaTossing/v_PizzaTossing_g20_c04.avi,161,240,320,center_stride,16,143,112,127,6,15,14
2890,PizzaTossing,PizzaTossing/v_PizzaTossing_g21_c01.avi,117,240,320,uniform_fallback,0,116,88,101,6,11,13
2891,PizzaTossing,PizzaTossing/v_PizzaTossing_g21_c03.avi,97,240,320,uniform_fallback,0,96,24,36,2,5,0
2892,PizzaTossing,PizzaTossing/v_PizzaTossing_g22_c02.avi,175,240,320,center_stride,23,150,103,118,5,6,2
2893,PizzaTossing,PizzaTossing/v_PizzaTossing_g23_c02.avi,139,240,320,center_stride,5,132,69,84,4,1,8
2894,PizzaTossing,PizzaTossing/v_PizzaTossing_g24_c02.avi,97,240,320,uniform_fallback,0,96,60,72,5,14,12
2895,PizzaTossing,PizzaTossing/v_PizzaTossing_g24_c04.avi,94,240,320,uniform_fallback,0,93,70,81,6,1,9
2896,PizzaTossing,PizzaTossing/v_PizzaTossing_g24_c06.avi,115,240,320,uniform_fallback,0,114,43,57,3,14,9
2897,PizzaTossing,PizzaTossing/v_PizzaTossing_g25_c03.avi,100,240,320,uniform_fallback,0,99,75,87,6,3,14
2898,PizzaTossing,PizzaTossing/v_PizzaTossing_g25_c04.avi,103,240,320,uniform_fallback,0,102,26,38,2,2,2
2899,PizzaTossing,PizzaTossing/v_PizzaTossing_g25_c05.avi,116,240,320,uniform_fallback,0,115,101,115,7,12,10
2900,PlayingCello,PlayingCello/v_PlayingCello_g01_c06.avi,162,240,320,center_stride,17,144,129,144,7,1,11
2901,PlayingCello,PlayingCello/v_PlayingCello_g01_c07.avi,144,240,320,center_stride,8,135,8,23,0,13,6
2902,PlayingCello,PlayingCello/v_PlayingCello_g02_c06.avi,176,240,320,center_stride,24,151,72,87,3,10,9
2903,PlayingCello,PlayingCello/v_PlayingCello_g03_c01.avi,171,240,320,center_stride,21,148,53,68,2,13,15
2904,PlayingCello,PlayingCello/v_PlayingCello_g03_c03.avi,159,240,320,center_stride,15,142,31,46,1,7,1
2905,PlayingCello,PlayingCello/v_PlayingCello_g03_c04.avi,189,240,320,center_stride,30,157,142,157,7,1,9
2906,PlayingCello,PlayingCello/v_PlayingCello_g04_c02.avi,212,240,320,center_stride,42,169,106,121,4,7,10
2907,PlayingCello,PlayingCello/v_PlayingCello_g04_c04.avi,143,240,320,center_stride,7,134,7,22,0,1,13
2908,PlayingCello,PlayingCello/v_PlayingCello_g04_c06.avi,129,240,320,center_stride,0,127,64,79,4,13,8
2909,PlayingCello,PlayingCello/v_PlayingCello_g04_c07.avi,129,240,320,center_stride,0,127,16,31,1,6,5
2910,PlayingCello,PlayingCello/v_PlayingCello_g05_c01.avi,175,240,320,center_stride,23,150,23,38,0,4,10
2911,PlayingCello,PlayingCello/v_PlayingCello_g05_c02.avi,198,240,320,center_stride,35,162,99,114,4,13,2
2912,PlayingCello,PlayingCello/v_PlayingCello_g06_c07.avi,214,240,320,center_stride,43,170,139,154,6,8,9
2913,PlayingCello,PlayingCello/v_PlayingCello_g07_c04.avi,307,240,320,center_stride,89,216,169,184,5,2,0
2914,PlayingCello,PlayingCello/v_PlayingCello_g08_c01.avi,201,240,320,center_stride,36,163,68,83,2,6,0
2915,PlayingCello,PlayingCello/v_PlayingCello_g08_c05.avi,282,240,320,center_stride,77,204,157,172,5,6,14
2916,PlayingCello,PlayingCello/v_PlayingCello_g09_c02.avi,299,240,320,center_stride,85,212,117,132,2,4,13
2917,PlayingCello,PlayingCello/v_PlayingCello_g11_c03.avi,222,240,320,center_stride,47,174,127,142,5,0,3
2918,PlayingCello,PlayingCello/v_PlayingCello_g11_c05.avi,245,240,320,center_stride,58,185,170,185,7,5,13
2919,PlayingCello,PlayingCello/v_PlayingCello_g11_c07.avi,193,240,320,center_stride,32,159,80,95,3,5,10
2920,PlayingCello,PlayingCello/v_PlayingCello_g12_c01.avi,159,240,320,center_stride,15,142,47,62,2,3,9
2921,PlayingCello,PlayingCello/v_PlayingCello_g12_c03.avi,140,240,320,center_stride,6,133,102,117,6,1,9
2922,PlayingCello,PlayingCello/v_PlayingCello_g12_c06.avi,231,240,320,center_stride,51,178,147,162,6,1,5
2923,PlayingCello,PlayingCello/v_PlayingCello_g13_c02.avi,238,240,320,center_stride,55,182,167,182,7,15,1
2924,PlayingCello,PlayingCello/v_PlayingCello_g13_c03.avi,222,240,320,center_stride,47,174,79,94,2,10,4
2925,PlayingCello,PlayingCello/v_PlayingCello_g13_c06.avi,222,240,320,center_stride,47,174,159,174,7,9,14
2926,PlayingCello,PlayingCello/v_PlayingCello_g14_c01.avi,138,240,320,center_stride,5,132,117,132,7,9,0
2927,PlayingCello,PlayingCello/v_PlayingCello_g14_c02.avi,191,240,320,center_stride,31,158,127,142,6,4,14
2928,PlayingCello,PlayingCello/v_PlayingCello_g14_c04.avi,166,240,320,center_stride,19,146,19,34,0,14,12
2929,PlayingCello,PlayingCello/v_PlayingCello_g16_c01.avi,176,240,320,center_stride,24,151,24,39,0,8,7
2930,PlayingCello,PlayingCello/v_PlayingCello_g16_c03.avi,237,240,320,center_stride,54,181,134,149,5,11,13
2931,PlayingCello,PlayingCello/v_PlayingCello_g17_c02.avi,388,240,320,center_stride,130,257,130,145,0,15,3
2932,PlayingCello,PlayingCello/v_PlayingCello_g17_c06.avi,318,240,320,center_stride,95,222,159,174,4,5,0
2933,PlayingCello,PlayingCello/v_PlayingCello_g17_c07.avi,270,240,320,center_stride,71,198,119,134,3,10,9
2934,PlayingCello,PlayingCello/v_PlayingCello_g18_c01.avi,284,240,320,center_stride,78,205,142,157,4,3,11
2935,PlayingCello,PlayingCello/v_PlayingCello_g18_c02.avi,232,240,320,center_stride,52,179,100,115,3,13,11
2936,PlayingCello,PlayingCello/v_PlayingCello_g18_c04.avi,198,240,320,center_stride,35,162,99,114,4,7,1
2937,PlayingCello,PlayingCello/v_PlayingCello_g19_c01.avi,197,240,320,center_stride,34,161,98,113,4,5,12
2938,PlayingCello,PlayingCello/v_PlayingCello_g19_c04.avi,197,240,320,center_stride,34,161,98,113,4,7,3
2939,PlayingCello,PlayingCello/v_PlayingCello_g20_c01.avi,322,240,320,center_stride,97,224,161,176,4,9,7
2940,PlayingCello,PlayingCello/v_PlayingCello_g20_c07.avi,275,240,320,center_stride,73,200,137,152,4,14,1
2941,PlayingCello,PlayingCello/v_PlayingCello_g21_c03.avi,265,240,320,center_stride,68,195,148,163,5,4,0
2942,PlayingCello,PlayingCello/v_PlayingCello_g22_c02.avi,249,240,320,center_stride,60,187,76,91,1,15,3
2943,PlayingCello,PlayingCello/v_PlayingCello_g22_c06.avi,242,240,320,center_stride,57,184,57,72,0,7,8
2944,PlayingCello,PlayingCello/v_PlayingCello_g23_c02.avi,267,240,320,center_stride,69,196,117,132,3,1,15
2945,PlayingCello,PlayingCello/v_PlayingCello_g23_c04.avi,210,240,320,center_stride,41,168,137,152,6,9,14
2946,PlayingCello,PlayingCello/v_PlayingCello_g25_c01.avi,312,240,320,center_stride,92,219,92,107,0,12,15
2947,PlayingCello,PlayingCello/v_PlayingCello_g25_c03.avi,320,240,320,center_stride,96,223,112,127,1,0,14
2948,PlayingCello,PlayingCello/v_PlayingCello_g25_c05.avi,250,240,320,center_stride,61,188,109,124,3,1,11
2949,PlayingCello,PlayingCello/v_PlayingCello_g25_c07.avi,279,240,320,center_stride,75,202,171,186,6,10,10
2950,PlayingDaf,PlayingDaf/v_PlayingDaf_g01_c02.avi,180,240,320,center_stride,26,153,90,105,4,5,11
2951,PlayingDaf,PlayingDaf/v_PlayingDaf_g02_c02.avi,364,240,320,center_stride,118,245,230,245,7,14,11
2952,PlayingDaf,PlayingDaf/v_PlayingDaf_g02_c03.avi,324,240,320,center_stride,98,225,114,129,1,15,10
2953,PlayingDaf,PlayingDaf/v_PlayingDaf_g02_c07.avi,334,240,320,center_stride,103,230,183,198,5,10,15
2954,PlayingDaf,PlayingDaf/v_PlayingDaf_g03_c03.avi,181,240,320,center_stride,26,153,26,41,0,7,15
2955,PlayingDaf,PlayingDaf/v_PlayingDaf_g04_c04.avi,305,240,320,center_stride,88,215,88,103,0,8,4
2956,PlayingDaf,PlayingDaf/v_PlayingDaf_g04_c06.avi,340,240,320,center_stride,106,233,218,233,7,12,10
2957,PlayingDaf,PlayingDaf/v_PlayingDaf_g05_c02.avi,334,240,320,center_stride,103,230,183,198,5,10,2
2958,PlayingDaf,PlayingDaf/v_PlayingDaf_g06_c01.avi,299,240,320,center_stride,85,212,165,180,5,9,13
2959,PlayingDaf,PlayingDaf/v_PlayingDaf_g06_c07.avi,220,240,320,center_stride,46,173,126,141,5,11,15
2960,PlayingDaf,PlayingDaf/v_PlayingDaf_g07_c01.avi,249,240,320,center_stride,60,187,108,123,3,0,10
2961,PlayingDaf,PlayingDaf/v_PlayingDaf_g07_c05.avi,249,240,320,center_stride,60,187,124,139,4,8,10
2962,PlayingDaf,PlayingDaf/v_PlayingDaf_g08_c06.avi,354,240,320,center_stride,113,240,177,192,4,2,7
2963,PlayingDaf,PlayingDaf/v_PlayingDaf_g08_c07.avi,336,240,320,center_stride,104,231,216,231,7,12,1
2964,PlayingDaf,PlayingDaf/v_PlayingDaf_g09_c04.avi,338,240,320,center_stride,105,232,121,136,1,3,5
2965,PlayingDaf,PlayingDaf/v_PlayingDaf_g10_c03.avi,290,240,320,center_stride,81,208,129,144,3,14,8
2966,PlayingDaf,PlayingDaf/v_PlayingDaf_g10_c05.avi,261,240,320,center_stride,66,193,82,97,1,6,4
2967,PlayingDaf,PlayingDaf/v_PlayingDaf_g10_c07.avi,199,240,320,center_stride,35,162,83,98,3,2,4
2968,PlayingDaf,PlayingDaf/v_PlayingDaf_g11_c01.avi,272,240,320,center_stride,72,199,136,151,4,11,2
2969,PlayingDaf,PlayingDaf/v_PlayingDaf_g11_c03.avi,271,240,320,center_stride,71,198,103,118,2,7,11
2970,PlayingDaf,PlayingDaf/v_PlayingDaf_g11_c05.avi,232,240,320,center_stride,52,179,68,83,1,8,7
2971,PlayingDaf,PlayingDaf/v_PlayingDaf_g11_c06.avi,292,240,320,center_stride,82,209,178,193,6,15,4
2972,PlayingDaf,PlayingDaf/v_PlayingDaf_g12_c02.avi,284,240,320,center_stride,78,205,190,205,7,2,14
2973,PlayingDaf,PlayingDaf/v_PlayingDaf_g12_c04.avi,273,240,320,center_stride,72,199,104,119,2,12,7
2974,PlayingDaf,PlayingDaf/v_PlayingDaf_g14_c02.avi,244,240,320,center_stride,58,185,106,121,3,3,4
2975,PlayingDaf,PlayingDaf/v_PlayingDaf_g14_c03.avi,256,240,320,center_stride,64,191,144,159,5,13,14
2976,PlayingDaf,PlayingDaf/v_PlayingDaf_g14_c06.avi,293,240,320,center_stride,82,209,114,129,2,14,10
2977,PlayingDaf,PlayingDaf/v_PlayingDaf_g14_c07.avi,310,240,320,center_stride,91,218,107,122,1,12,11
2978,PlayingDaf,PlayingDaf/v_PlayingDaf_g15_c05.avi,385,240,320,center_stride,128,255,160,175,2,15,12
2979,PlayingDaf,PlayingDaf/v_PlayingDaf_g17_c01.avi,262,240,320,center_stride,67,194,147,162,5,14,5
2980,PlayingDaf,PlayingDaf/v_PlayingDaf_g17_c04.avi,171,240,320,center_stride,21,148,133,148,7,11,1
2981,PlayingDaf,PlayingDaf/v_PlayingDaf_g18_c03.avi,277,240,320,center_stride,74,201,138,153,4,8,3
2982,PlayingDaf,PlayingDaf/v_PlayingDaf_g18_c04.avi,210,240,320,center_stride,41,168,73,88,2,8,8
2983,PlayingDaf,PlayingDaf/v_PlayingDaf_g18_c05.avi,233,240,320,center_stride,52,179,52,67,0,14,2
2984,PlayingDaf,PlayingDaf/v_PlayingDaf_g18_c07.avi,246,240,320,center_stride,59,186,91,106,2,14,3
2985,PlayingDaf,PlayingDaf/v_PlayingDaf_g19_c05.avi,349,240,320,center_stride,110,237,190,205,5,4,6
2986,PlayingDaf,PlayingDaf/v_PlayingDaf_g20_c02.avi,379,240,320,center_stride,125,252,173,188,3,6,13
2987,PlayingDaf,PlayingDaf/v_PlayingDaf_g20_c04.avi,382,240,320,center_stride,127,254,223,238,6,3,6
2988,PlayingDaf,PlayingDaf/v_PlayingDaf_g20_c06.avi,351,240,320,center_stride,111,238,223,238,7,7,1
2989,PlayingDaf,PlayingDaf/v_PlayingDaf_g20_c07.avi,396,240,320,center_stride,134,261,246,261,7,13,0
2990,PlayingDaf,PlayingDaf/v_PlayingDaf_g21_c03.avi,263,240,320,center_stride,67,194,179,194,7,1,6
2991,PlayingDaf,PlayingDaf/v_PlayingDaf_g21_c07.avi,149,240,320,center_stride,10,137,26,41,1,9,8
2992,PlayingDaf,PlayingDaf/v_PlayingDaf_g22_c02.avi,359,240,320,center_stride,115,242,179,194,4,11,11
2993,PlayingDaf,PlayingDaf/v_PlayingDaf_g22_c03.avi,381,240,320,center_stride,126,253,126,141,0,12,15
2994,PlayingDaf,PlayingDaf/v_PlayingDaf_g22_c07.avi,391,240,320,center_stride,131,258,211,226,5,5,4
2995,PlayingDaf,PlayingDaf/v_PlayingDaf_g23_c01.avi,235,240,320,center_stride,53,180,165,180,7,9,15
2996,PlayingDaf,PlayingDaf/v_PlayingDaf_g23_c02.avi,245,240,320,center_stride,58,185,90,105,2,15,7
2997,PlayingDaf,PlayingDaf/v_PlayingDaf_g24_c02.avi,300,240,320,center_stride,86,213,118,133,2,11,1
2998,PlayingDaf,PlayingDaf/v_PlayingDaf_g24_c03.avi,330,240,320,center_stride,101,228,181,196,5,2,3
2999,PlayingDaf,PlayingDaf/v_PlayingDaf_g25_c04.avi,284,240,320,center_stride,78,205,190,205,7,5,12
3000,PlayingDhol,PlayingDhol/v_PlayingDhol_g01_c03.avi,271,240,320,center_stride,71,198,167,182,6,4,8
3001,PlayingDhol,PlayingDhol/v_PlayingDhol_g02_c03.avi,267,240,320,center_stride,69,196,133,148,4,14,5
3002,PlayingDhol,PlayingDhol/v_PlayingDhol_g02_c07.avi,282,240,320,center_stride,77,204,77,92,0,5,5
3003,PlayingDhol,PlayingDhol/v_PlayingDhol_g03_c04.avi,391,240,320,center_stride,131,258,131,146,0,10,2
3004,PlayingDhol,PlayingDhol/v_PlayingDhol_g03_c05.avi,409,240,320,center_stride,140,267,204,219,4,10,3
3005,PlayingDhol,PlayingDhol/v_PlayingDhol_g04_c01.avi,437,240,320,center_stride,154,281,202,217,3,13,11
3006,PlayingDhol,PlayingDhol/v_PlayingDhol_g04_c03.avi,452,240,320,center_stride,162,289,178,193,1,1,12
3007,PlayingDhol,PlayingDhol/v_PlayingDhol_g04_c04.avi,411,240,320,center_stride,141,268,253,268,7,6,12
3008,PlayingDhol,PlayingDhol/v_PlayingDhol_g04_c06.avi,448,240,320,center_stride,160,287,240,255,5,7,8
3009,PlayingDhol,PlayingDhol/v_PlayingDhol_g05_c02.avi,268,240,320,center_stride,70,197,150,165,5,10,5
3010,PlayingDhol,PlayingDhol/v_PlayingDhol_g06_c01.avi,377,240,320,center_stride,124,251,220,235,6,8,12
3011,PlayingDhol,PlayingDhol/v_PlayingDhol_g07_c05.avi,277,240,320,center_stride,74,201,106,121,2,13,0
3012,PlayingDhol,PlayingDhol/v_PlayingDhol_g07_c07.avi,270,240,320,center_stride,71,198,151,166,5,5,4
3013,PlayingDhol,PlayingDhol/v_PlayingDhol_g08_c04.avi,287,240,320,center_stride,79,206,143,158,4,11,13
3014,PlayingDhol,PlayingDhol/v_PlayingDhol_g08_c05.avi,254,240,320,center_stride,63,190,143,158,5,8,8
3015,PlayingDhol,PlayingDhol/v_PlayingDhol_g09_c01.avi,272,240,320,center_stride,72,199,88,103,1,14,3
3016,PlayingDhol,PlayingDhol/v_PlayingDhol_g10_c01.avi,412,240,320,center_stride,142,269,174,189,2,12,4
3017,PlayingDhol,PlayingDhol/v_PlayingDhol_g10_c04.avi,429,240,320,center_stride,150,277,166,181,1,3,4
3018,PlayingDhol,PlayingDhol/v_PlayingDhol_g10_c05.avi,427,240,320,center_stride,149,276,229,244,5,1,4
3019,PlayingDhol,PlayingDhol/v_PlayingDhol_g11_c03.avi,256,240,320,center_stride,64,191,80,95,1,0,0
3020,PlayingDhol,PlayingDhol/v_PlayingDhol_g11_c04.avi,274,240,320,center_stride,73,200,185,200,7,15,14
3021,PlayingDhol,PlayingDhol/v_PlayingDhol_g12_c02.avi,320,240,320,center_stride,96,223,192,207,6,8,10
3022,PlayingDhol,PlayingDhol/v_PlayingDhol_g12_c03.avi,307,240,320,center_stride,89,216,185,200,6,12,13
3023,PlayingDhol,PlayingDhol/v_PlayingDhol_g12_c05.avi,241,240,320,center_stride,56,183,120,135,4,8,5
3024,PlayingDhol,PlayingDhol/v_PlayingDhol_g12_c06.avi,335,240,320,center_stride,103,230,167,182,4,9,0
3025,PlayingDhol,PlayingDhol/v_PlayingDhol_g13_c01.avi,256,240,320,center_stride,64,191,112,127,3,0,15
3026,PlayingDhol,PlayingDhol/v_PlayingDhol_g13_c03.avi,264,240,320,center_stride,68,195,84,99,1,10,3
3027,PlayingDhol,PlayingDhol/v_PlayingDhol_g13_c06.avi,264,240,320,center_stride,68,195,116,131,3,5,10
3028,PlayingDhol,PlayingDhol/v_PlayingDhol_g13_c07.avi,253,240,320,center_stride,62,189,142,157,5,5,10
3029,PlayingDhol,PlayingDhol/v_PlayingDhol_g15_c01.avi,199,240,320,center_stride,35,162,67,82,2,8,12
3030,PlayingDhol,PlayingDhol/v_PlayingDhol_g15_c02.avi,207,240,320,center_stride,39,166,71,86,2,11,2
3031,PlayingDhol,PlayingDhol/v_PlayingDhol_g15_c04.avi,186,240,320,center_stride,29,156,61,76,2,5,14
3032,PlayingDhol,PlayingDhol/v_PlayingDhol_g16_c02.avi,246,240,320,center_stride,59,186,155,170,6,9,7
3033,PlayingDhol,PlayingDhol/v_PlayingDhol_g16_c03.avi,209,240,320,center_stride,40,167,104,119,4,7,10
3034,PlayingDhol,PlayingDhol/v_PlayingDhol_g16_c06.avi,222,240,320,center_stride,47,174,95,110,3,7,3
3035,PlayingDhol,PlayingDhol/v_PlayingDhol_g17_c02.avi,297,240,320,center_stride,84,211,180,195,6,14,14
3036,PlayingDhol,PlayingDhol/v_PlayingDhol_g17_c03.avi,278,240,320,center_stride,75,202,91,106,1,2,11
3037,PlayingDhol,PlayingDhol/v_PlayingDhol_g18_c01.avi,174,240,320,center_stride,23,150,71,86,3,3,2
3038,PlayingDhol,PlayingDhol/v_PlayingDhol_g19_c01.avi,294,240,320,center_stride,83,210,147,162,4,5,0
3039,PlayingDhol,PlayingDhol/v_PlayingDhol_g19_c07.avi,266,240,320,center_stride,69,196,101,116,2,4,3
3040,PlayingDhol,PlayingDhol/v_PlayingDhol_g21_c06.avi,302,240,320,center_stride,87,214,167,182,5,11,13
3041,PlayingDhol,PlayingDhol/v_PlayingDhol_g22_c03.avi,252,240,320,center_stride,62,189,158,173,6,11,15
3042,PlayingDhol,PlayingDhol/v_PlayingDhol_g22_c05.avi,254,240,320,center_stride,63,190,175,190,7,1,1
3043,PlayingDhol,PlayingDhol/v_PlayingDhol_g23_c01.avi,295,240,320,center_stride,83,210,99,114,1,3,13
3044,PlayingDhol,PlayingDhol/v_PlayingDhol_g23_c03.avi,295,240,320,center_stride,83,210,131,146,3,10,13
3045,PlayingDhol,PlayingDhol/v_PlayingDhol_g23_c04.avi,291,240,320,center_stride,81,208,81,96,0,11,5
3046,PlayingDhol,PlayingDhol/v_PlayingDhol_g24_c03.avi,250,240,320,center_stride,61,188,125,140,4,13,10
3047,PlayingDhol,PlayingDhol/v_PlayingDhol_g24_c04.avi,274,240,320,center_stride,73,200,169,184,6,12,11
3048,PlayingDhol,PlayingDhol/v_PlayingDhol_g24_c05.avi,258,240,320,center_stride,65,192,65,80,0,2,10
3049,PlayingDhol,PlayingDhol/v_PlayingDhol_g25_c04.avi,379,240,320,center_stride,125,252,205,220,5,5,14
3050,PlayingFlute,PlayingFlute/v_PlayingFlute_g02_c05.avi,249,240,320,center_stride,60,187,172,187,7,2,6
3051,PlayingFlute,PlayingFlute/v_PlayingFlute_g03_c01.avi,235,240,320,center_stride,53,180,53,68,0,7,2
3052,PlayingFlute,PlayingFlute/v_PlayingFlute_g03_c05.avi,200,240,320,center_stride,36,163,148,163,7,6,0
3053,PlayingFlute,PlayingFlute/v_PlayingFlute_g03_c06.avi,188,240,320,center_stride,30,157,126,141,6,8,7
3054,PlayingFlute,PlayingFlute/v_PlayingFlute_g04_c01.avi,280,240,320,center_stride,76,203,108,123,2,10,6
3055,PlayingFlute,PlayingFlute/v_PlayingFlute_g04_c05.avi,389,240,320,center_stride,130,257,162,177,2,12,12
3056,PlayingFlute,PlayingFlute/v_PlayingFlute_g05_c02.avi,271,240,320,center_stride,71,198,87,102,1,2,7
3057,PlayingFlute,PlayingFlute/v_PlayingFlute_g05_c04.avi,200,240,320,center_stride,36,163,36,51,0,9,2
3058,PlayingFlute,PlayingFlute/v_PlayingFlute_g05_c05.avi,236,240,320,center_stride,54,181,150,165,6,9,11
3059,PlayingFlute,PlayingFlute/v_PlayingFlute_g05_c06.avi,240,240,320,center_stride,56,183,72,87,1,7,1
3060,PlayingFlute,PlayingFlute/v_PlayingFlute_g05_c07.avi,123,240,320,uniform_fallback,0,122,15,30,1,4,1
3061,PlayingFlute,PlayingFlute/v_PlayingFlute_g06_c05.avi,118,240,320,uniform_fallback,0,117,74,88,5,5,6
3062,PlayingFlute,PlayingFlute/v_PlayingFlute_g06_c06.avi,222,240,320,center_stride,47,174,95,110,3,13,2
3063,PlayingFlute,PlayingFlute/v_PlayingFlute_g07_c01.avi,215,240,320,center_stride,43,170,75,90,2,11,4
3064,PlayingFlute,PlayingFlute/v_PlayingFlute_g07_c02.avi,250,240,320,center_stride,61,188,109,124,3,15,10
3065,PlayingFlute,PlayingFlute/v_PlayingFlute_g07_c03.avi,205,240,320,center_stride,38,165,54,69,1,3,6
3066,PlayingFlute,PlayingFlute/v_PlayingFlute_g08_c04.avi,180,240,320,center_stride,26,153,58,73,2,6,4
3067,PlayingFlute,PlayingFlute/v_PlayingFlute_g08_c06.avi,159,240,320,center_stride,15,142,95,110,5,8,14
3068,PlayingFlute,PlayingFlute/v_PlayingFlute_g09_c03.avi,140,240,320,center_stride,6,133,22,37,1,6,8
3069,PlayingFlute,PlayingFlute/v_PlayingFlute_g10_c04.avi,284,240,320,center_stride,78,205,190,205,7,14,12
3070,PlayingFlute,PlayingFlute/v_PlayingFlute_g11_c03.avi,323,240,320,center_stride,97,224,129,144,2,14,15
3071,PlayingFlute,PlayingFlute/v_PlayingFlute_g12_c01.avi,124,240,320,uniform_fallback,0,123,15,30,1,4,4
3072,PlayingFlute,PlayingFlute/v_PlayingFlute_g13_c04.avi,196,240,320,center_stride,34,161,130,145,6,13,8
3073,PlayingFlute,PlayingFlute/v_PlayingFlute_g14_c06.avi,175,240,320,center_stride,23,150,55,70,2,15,7
3074,PlayingFlute,PlayingFlute/v_PlayingFlute_g15_c01.avi,229,240,320,center_stride,50,177,50,65,0,1,0
3075,PlayingFlute,PlayingFlute/v_PlayingFlute_g15_c03.avi,415,240,320,center_stride,143,270,175,190,2,7,5
3076,PlayingFlute,PlayingFlute/v_PlayingFlute_g15_c05.avi,328,240,320,center_stride,100,227,116,131,1,11,4
3077,PlayingFlute,PlayingFlute/v_PlayingFlute_g15_c06.avi,385,240,320,center_stride,128,255,128,143,0,14,8
3078,PlayingFlute,PlayingFlute/v_PlayingFlute_g15_c07.avi,462,240,320,center_stride,167,294,247,262,5,8,10
3079,PlayingFlute,PlayingFlute/v_PlayingFlute_g16_c01.avi,307,240,320,center_stride,89,216,169,184,5,0,7
3080,PlayingFlute,PlayingFlute/v_PlayingFlute_g16_c02.avi,291,240,320,center_stride,81,208,113,128,2,1,15
3081,PlayingFlute,PlayingFlute/v_PlayingFlute_g16_c04.avi,261,240,320,center_stride,66,193,82,97,1,7,9
3082,PlayingFlute,PlayingFlute/v_PlayingFlute_g16_c06.avi,496,240,320,center_stride,184,311,296,311,7,0,4
3083,PlayingFlute,PlayingFlute/v_PlayingFlute_g17_c02.avi,251,240,320,center_stride,61,188,77,92,1,3,5
3084,PlayingFlute,PlayingFlute/v_PlayingFlute_g17_c05.avi,232,240,320,center_stride,52,179,52,67,0,1,2
3085,PlayingFlute,PlayingFlute/v_PlayingFlute_g17_c07.avi,264,240,320,center_stride,68,195,116,131,3,11,8
3086,PlayingFlute,PlayingFlute/v_PlayingFlute_g18_c01.avi,103,240,320,uniform_fallback,0,102,39,51,3,8,6
3087,PlayingFlute,PlayingFlute/v_PlayingFlute_g18_c02.avi,280,240,320,center_stride,76,203,108,123,2,4,13
3088,PlayingFlute,PlayingFlute/v_PlayingFlute_g19_c01.avi,232,240,320,center_stride,52,179,100,115,3,0,14
3089,PlayingFlute,PlayingFlute/v_PlayingFlute_g19_c03.avi,290,240,320,center_stride,81,208,161,176,5,11,13
3090,PlayingFlute,PlayingFlute/v_PlayingFlute_g20_c02.avi,201,240,320,center_stride,36,163,36,51,0,3,4
3091,PlayingFlute,PlayingFlute/v_PlayingFlute_g21_c01.avi,301,240,320,center_stride,86,213,150,165,4,11,7
3092,PlayingFlute,PlayingFlute/v_PlayingFlute_g21_c05.avi,273,240,320,center_stride,72,199,88,103,1,0,5
3093,PlayingFlute,PlayingFlute/v_PlayingFlute_g22_c02.avi,203,240,320,center_stride,37,164,117,132,5,11,5
3094,PlayingFlute,PlayingFlute/v_PlayingFlute_g22_c04.avi,191,240,320,center_stride,31,158,111,126,5,10,7
3095,PlayingFlute,PlayingFlute/v_PlayingFlute_g23_c03.avi,269,240,320,center_stride,70,197,150,165,5,15,14
3096,PlayingFlute,PlayingFlute/v_PlayingFlute_g23_c04.avi,255,240,320,center_stride,63,190,111,126,3,11,4
3097,PlayingFlute,PlayingFlute/v_PlayingFlute_g23_c05.avi,267,240,320,center_stride,69,196,85,100,1,7,5
3098,PlayingFlute,PlayingFlute/v_PlayingFlute_g25_c01.avi,335,240,320,center_stride,103,230,183,198,5,3,11
3099,PlayingFlute,PlayingFlute/v_PlayingFlute_g25_c03.avi,327,240,320,center_stride,99,226,115,130,1,11,5
3100,PlayingGuitar,PlayingGuitar/v_PlayingGuitar_g01_c01.avi,250,240,320,center_stride,61,188,141,156,5,13,4
3101,PlayingGuitar,PlayingGuitar/v_PlayingGuitar_g01_c02.avi,250,240,320,center_stride,61,188,61,76,0,15,13
3102,PlayingGuitar,PlayingGuitar/v_PlayingGuitar_g02_c01.avi,250,240,320,center_stride,61,188,109,124,3,11,8
3103,PlayingGuitar,PlayingGuitar/v_PlayingGuitar_g02_c03.avi,250,240,320,center_stride,61,188,157,172,6,2,0
3104,PlayingGuitar,PlayingGuitar/v_PlayingGuitar_g04_c02.avi,250,240,320,center_stride,61,188,173,188,7,12,6
3105,PlayingGuitar,PlayingGuitar/v_PlayingGuitar_g04_c05.avi,250,240,320,center_stride,61,188,61,76,0,1,12
3106,PlayingGuitar,PlayingGuitar/v_PlayingGuitar_g04_c07.avi,250,240,320,center_stride,61,188,93,108,2,0,5
3107,PlayingGuitar,PlayingGuitar/v_PlayingGuitar_g05_c04.avi,250,240,320,center_stride,61,188,109,124,3,14,11
3108,PlayingGuitar,PlayingGuitar/v_PlayingGuitar_g06_c01.avi,250,240,320,center_stride,61,188,61,76,0,8,8
3109,PlayingGuitar,PlayingGuitar/v_PlayingGuitar_g06_c02.avi,250,240,320,center_stride,61,188,141,156,5,15,11
3110,PlayingGuitar,PlayingGuitar/v_PlayingGuitar_g06_c06.avi,250,240,320,center_stride,61,188,77,92,1,0,9
3111,PlayingGuitar,PlayingGuitar/v_PlayingGuitar_g07_c02.avi,250,240,320,center_stride,61,188,141,156,5,12,9
3112,PlayingGuitar,PlayingGuitar/v_PlayingGuitar_g07_c03.avi,250,240,320,center_stride,61,188,61,76,0,5,8
3113,PlayingGuitar,PlayingGuitar/v_PlayingGuitar_g07_c07.avi,250,240,320,center_stride,61,188,109,124,3,14,3
3114,PlayingGuitar,PlayingGuitar/v_PlayingGuitar_g08_c02.avi,250,240,320,center_stride,61,188,109,124,3,7,1
3115,PlayingGuitar,PlayingGuitar/v_PlayingGuitar_g08_c05.avi,250,240,320,center_stride,61,188,125,140,4,9,5
3116,PlayingGuitar,PlayingGuitar/v_PlayingGuitar_g08_c07.avi,250,240,320,center_stride,61,188,93,108,2,6,13
3117,PlayingGuitar,PlayingGuitar/v_PlayingGuitar_g09_c01.avi,250,240,320,center_stride,61,188,157,172,6,7,1
3118,PlayingGuitar,PlayingGuitar/v_PlayingGuitar_g10_c05.avi,250,240,320,center_stride,61,188,109,124,3,8,8
3119,PlayingGuitar,PlayingGuitar/v_PlayingGuitar_g11_c02.avi,250,240,320,center_stride,61,188,93,108,2,0,6
3120,PlayingGuitar,PlayingGuitar/v_PlayingGuitar_g11_c03.avi,250,240,320,center_stride,61,188,125,140,4,3,3
3121,PlayingGuitar,PlayingGuitar/v_PlayingGuitar_g11_c04.avi,250,240,320,center_stride,61,188,173,188,7,0,0
3122,PlayingGuitar,PlayingGuitar/v_PlayingGuitar_g12_c03.avi,250,240,320,center_stride,61,188,93,108,2,1,14
3123,PlayingGuitar,PlayingGuitar/v_PlayingGuitar_g12_c04.avi,250,240,320,center_stride,61,188,109,124,3,2,7
3124,PlayingGuitar,PlayingGuitar/v_PlayingGuitar_g12_c05.avi,250,240,320,center_stride,61,188,125,140,4,11,14
3125,PlayingGuitar,PlayingGuitar/v_PlayingGuitar_g13_c02.avi,250,240,320,center_stride,61,188,141,156,5,2,7
3126,PlayingGuitar,PlayingGuitar/v_PlayingGuitar_g13_c03.avi,250,240,320,center_stride,61,188,93,108,2,1,1
3127,PlayingGuitar,PlayingGuitar/v_PlayingGuitar_g13_c06.avi,250,240,320,center_stride,61,188,173,188,7,14,5
3128,PlayingGuitar,PlayingGuitar/v_PlayingGuitar_g14_c02.avi,300,240,320,center_stride,86,213,118,133,2,5,0
3129,PlayingGuitar,PlayingGuitar/v_PlayingGuitar_g14_c03.avi,250,240,320,center_stride,61,188,141,156,5,4,13
3130,PlayingGuitar,PlayingGuitar/v_PlayingGuitar_g16_c06.avi,250,240,320,center_stride,61,188,125,140,4,5,2
3131,PlayingGuitar,PlayingGuitar/v_PlayingGuitar_g17_c01.avi,250,240,320,center_stride,61,188,109,124,3,14,13
3132,PlayingGuitar,PlayingGuitar/v_PlayingGuitar_g17_c05.avi,250,240,320,center_stride,61,188,141,156,5,0,14
3133,PlayingGuitar,PlayingGuitar/v_PlayingGuitar_g17_c06.avi,250,240,320,center_stride,61,188,141,156,5,11,10
3134,PlayingGuitar,PlayingGuitar/v_PlayingGuitar_g18_c01.avi,250,240,320,center_stride,61,188,109,124,3,7,11
3135,PlayingGuitar,PlayingGuitar/v_PlayingGuitar_g18_c06.avi,250,240,320,center_stride,61,188,141,156,5,6,9
3136,PlayingGuitar,PlayingGuitar/v_PlayingGuitar_g18_c07.avi,250,240,320,center_stride,61,188,173,188,7,14,6
3137,PlayingGuitar,PlayingGuitar/v_PlayingGuitar_g20_c04.avi,250,240,320,center_stride,61,188,141,156,5,11,13
3138,PlayingGuitar,PlayingGuitar/v_PlayingGuitar_g20_c05.avi,250,240,320,center_stride,61,188,93,108,2,0,13
3139,PlayingGuitar,PlayingGuitar/v_PlayingGuitar_g21_c01.avi,250,240,320,center_stride,61,188,173,188,7,12,1
3140,PlayingGuitar,PlayingGuitar/v_PlayingGuitar_g21_c04.avi,250,240,320,center_stride,61,188,109,124,3,15,4
3141,PlayingGuitar,PlayingGuitar/v_PlayingGuitar_g22_c02.avi,250,240,320,center_stride,61,188,125,140,4,5,6
3142,PlayingGuitar,PlayingGuitar/v_PlayingGuitar_g22_c04.avi,250,240,320,center_stride,61,188,93,108,2,13,1
3143,PlayingGuitar,PlayingGuitar/v_PlayingGuitar_g22_c05.avi,250,240,320,center_stride,61,188,173,188,7,9,7
3144,PlayingGuitar,PlayingGuitar/v_PlayingGuitar_g23_c01.avi,250,240,320,center_stride,61,188,61,76,0,4,13
3145,PlayingGuitar,PlayingGuitar/v_PlayingGuitar_g23_c03.avi,250,240,320,center_stride,61,188,93,108,2,5,3
3146,PlayingGuitar,PlayingGuitar/v_PlayingGuitar_g23_c06.avi,250,240,320,center_stride,61,188,173,188,7,15,1
3147,PlayingGuitar,PlayingGuitar/v_PlayingGuitar_g24_c03.avi,250,240,320,center_stride,61,188,77,92,1,10,15
3148,PlayingGuitar,PlayingGuitar/v_PlayingGuitar_g25_c04.avi,250,240,320,center_stride,61,188,141,156,5,4,2
3149,PlayingGuitar,PlayingGuitar/v_PlayingGuitar_g25_c05.avi,250,240,320,center_stride,61,188,157,172,6,4,8
3150,PlayingPiano,PlayingPiano/v_PlayingPiano_g01_c02.avi,221,240,320,center_stride,46,173,62,77,1,12,15
3151,PlayingPiano,PlayingPiano/v_PlayingPiano_g01_c03.avi,214,240,320,center_stride,43,170,43,58,0,14,12
3152,PlayingPiano,PlayingPiano/v_PlayingPiano_g01_c04.avi,215,240,320,center_stride,43,170,107,122,4,1,9
3153,PlayingPiano,PlayingPiano/v_PlayingPiano_g02_c01.avi,225,240,320,center_stride,48,175,112,127,4,6,9
3154,PlayingPiano,PlayingPiano/v_PlayingPiano_g02_c02.avi,217,240,320,center_stride,44,171,108,123,4,15,9
3155,PlayingPiano,PlayingPiano/v_PlayingPiano_g02_c04.avi,210,240,320,center_stride,41,168,105,120,4,15,0
3156,PlayingPiano,PlayingPiano/v_PlayingPiano_g03_c01.avi,228,240,320,center_stride,50,177,66,81,1,6,13
3157,PlayingPiano,PlayingPiano/v_PlayingPiano_g03_c02.avi,207,240,320,center_stride,39,166,39,54,0,1,12
3158,PlayingPiano,PlayingPiano/v_PlayingPiano_g03_c04.avi,248,240,320,center_stride,60,187,172,187,7,6,2
3159,PlayingPiano,PlayingPiano/v_PlayingPiano_g04_c01.avi,212,240,320,center_stride,42,169,42,57,0,10,10
3160,PlayingPiano,PlayingPiano/v_PlayingPiano_g04_c02.avi,205,240,320,center_stride,38,165,118,133,5,2,4
3161,PlayingPiano,PlayingPiano/v_PlayingPiano_g04_c03.avi,205,240,320,center_stride,38,165,38,53,0,1,1
3162,PlayingPiano,PlayingPiano/v_PlayingPiano_g05_c01.avi,212,240,320,center_stride,42,169,122,137,5,1,0
3163,PlayingPiano,PlayingPiano/v_PlayingPiano_g05_c02.avi,225,240,320,center_stride,48,175,144,159,6,2,10
3164,PlayingPiano,PlayingPiano/v_PlayingPiano_g07_c02.avi,220,240,320,center_stride,46,173,46,61,0,3,1
3165,PlayingPiano,PlayingPiano/v_PlayingPiano_g07_c04.avi,205,240,320,center_stride,38,165,70,85,2,0,14
3166,PlayingPiano,PlayingPiano/v_PlayingPiano_g08_c03.avi,209,240,320,center_stride,40,167,56,71,1,0,8
3167,PlayingPiano,PlayingPiano/v_PlayingPiano_g09_c01.avi,210,240,320,center_stride,41,168,153,168,7,9,13
3168,PlayingPiano,PlayingPiano/v_PlayingPiano_g10_c03.avi,217,240,320,center_stride,44,171,76,91,2,15,13
3169,PlayingPiano,PlayingPiano/v_PlayingPiano_g11_c01.avi,211,240,320,center_stride,41,168,105,120,4,8,9
3170,PlayingPiano,PlayingPiano/v_PlayingPiano_g11_c02.avi,224,240,320,center_stride,48,175,112,127,4,4,12
3171,PlayingPiano,PlayingPiano/v_PlayingPiano_g11_c03.avi,211,240,320,center_stride,41,168,121,136,5,9,3
3172,PlayingPiano,PlayingPiano/v_PlayingPiano_g11_c04.avi,224,240,320,center_stride,48,175,64,79,1,8,11
3173,PlayingPiano,PlayingPiano/v_PlayingPiano_g12_c02.avi,214,240,320,center_stride,43,170,139,154,6,13,3
3174,PlayingPiano,PlayingPiano/v_PlayingPiano_g12_c03.avi,221,240,320,center_stride,46,173,46,61,0,10,3
3175,PlayingPiano,PlayingPiano/v_PlayingPiano_g13_c02.avi,215,240,320,center_stride,43,170,107,122,4,0,2
3176,PlayingPiano,PlayingPiano/v_PlayingPiano_g13_c03.avi,216,240,320,center_stride,44,171,92,107,3,11,14
3177,PlayingPiano,PlayingPiano/v_PlayingPiano_g14_c04.avi,232,240,320,center_stride,52,179,132,147,5,4,3
3178,PlayingPiano,PlayingPiano/v_PlayingPiano_g15_c01.avi,224,240,320,center_stride,48,175,48,63,0,3,13
3179,PlayingPiano,PlayingPiano/v_PlayingPiano_g15_c04.avi,234,240,320,center_stride,53,180,133,148,5,0,11
3180,PlayingPiano,PlayingPiano/v_PlayingPiano_g16_c01.avi,211,240,320,center_stride,41,168,153,168,7,2,7
3181,PlayingPiano,PlayingPiano/v_PlayingPiano_g16_c02.avi,226,240,320,center_stride,49,176,65,80,1,6,2
3182,PlayingPiano,PlayingPiano/v_PlayingPiano_g16_c04.avi,241,240,320,center_stride,56,183,168,183,7,4,6
3183,PlayingPiano,PlayingPiano/v_PlayingPiano_g16_c05.avi,240,240,320,center_stride,56,183,120,135,4,14,7
3184,PlayingPiano,PlayingPiano/v_PlayingPiano_g16_c07.avi,226,240,320,center_stride,49,176,97,112,3,8,1
3185,PlayingPiano,PlayingPiano/v_PlayingPiano_g17_c01.avi,225,240,320,center_stride,48,175,48,63,0,8,2
3186,PlayingPiano,PlayingPiano/v_PlayingPiano_g17_c03.avi,225,240,320,center_stride,48,175,112,127,4,5,2
3187,PlayingPiano,PlayingPiano/v_PlayingPiano_g17_c05.avi,248,240,320,center_stride,60,187,60,75,0,14,11
3188,PlayingPiano,PlayingPiano/v_PlayingPiano_g17_c06.avi,225,240,320,center_stride,48,175,48,63,0,2,8
3189,PlayingPiano,PlayingPiano/v_PlayingPiano_g18_c01.avi,215,240,320,center_stride,43,170,43,58,0,1,8
3190,PlayingPiano,PlayingPiano/v_PlayingPiano_g18_c02.avi,215,240,320,center_stride,43,170,155,170,7,10,10
3191,PlayingPiano,PlayingPiano/v_PlayingPiano_g18_c03.avi,242,240,320,center_stride,57,184,137,152,5,11,9
3192,PlayingPiano,PlayingPiano/v_PlayingPiano_g19_c01.avi,214,240,320,center_stride,43,170,123,138,5,12,12
3193,PlayingPiano,PlayingPiano/v_PlayingPiano_g19_c03.avi,201,240,320,center_stride,36,163,148,163,7,4,4
3194,PlayingPiano,PlayingPiano/v_PlayingPiano_g20_c02.avi,219,240,320,center_stride,45,172,125,140,5,8,11
3195,PlayingPiano,PlayingPiano/v_PlayingPiano_g22_c01.avi,219,240,320,center_stride,45,172,157,172,7,10,3
3196,PlayingPiano,PlayingPiano/v_PlayingPiano_g22_c02.avi,232,240,320,center_stride,52,179,116,131,4,11,8
3197,PlayingPiano,PlayingPiano/v_PlayingPiano_g23_c02.avi,213,240,320,center_stride,42,169,58,73,1,5,7
3198,PlayingPiano,PlayingPiano/v_PlayingPiano_g25_c01.avi,203,240,320,center_stride,37,164,149,164,7,7,13
3199,PlayingPiano,PlayingPiano/v_PlayingPiano_g25_c03.avi,216,240,320,center_stride,44,171,92,107,3,8,0
3200,PlayingSitar,PlayingSitar/v_PlayingSitar_g01_c01.avi,103,240,320,uniform_fallback,0,102,13,25,1,6,15
3201,PlayingSitar,PlayingSitar/v_PlayingSitar_g02_c04.avi,268,240,320,center_stride,70,197,150,165,5,2,15
3202,PlayingSitar,PlayingSitar/v_PlayingSitar_g02_c06.avi,228,240,320,center_stride,50,177,50,65,0,12,2
3203,PlayingSitar,PlayingSitar/v_PlayingSitar_g03_c01.avi,355,240,320,center_stride,113,240,225,240,7,13,14
3204,PlayingSitar,PlayingSitar/v_PlayingSitar_g03_c05.avi,419,240,320,center_stride,145,272,209,224,4,5,4
3205,PlayingSitar,PlayingSitar/v_PlayingSitar_g03_c07.avi,421,240,320,center_stride,146,273,210,225,4,3,7
3206,PlayingSitar,PlayingSitar/v_PlayingSitar_g04_c06.avi,415,240,320,center_stride,143,270,143,158,0,0,3
3207,PlayingSitar,PlayingSitar/v_PlayingSitar_g05_c01.avi,406,240,320,center_stride,139,266,251,266,7,2,5
3208,PlayingSitar,PlayingSitar/v_PlayingSitar_g05_c02.avi,414,240,320,center_stride,143,270,207,222,4,7,10
3209,PlayingSitar,PlayingSitar/v_PlayingSitar_g05_c06.avi,434,240,320,center_stride,153,280,249,264,6,2,10
3210,PlayingSitar,PlayingSitar/v_PlayingSitar_g06_c04.avi,144,240,320,center_stride,8,135,72,87,4,3,12
3211,PlayingSitar,PlayingSitar/v_PlayingSitar_g07_c02.avi,274,240,320,center_stride,73,200,137,152,4,9,15
3212,PlayingSitar,PlayingSitar/v_PlayingSitar_g07_c05.avi,372,240,320,center_stride,122,249,234,249,7,3,12
3213,PlayingSitar,PlayingSitar/v_PlayingSitar_g08_c01.avi,355,240,320,center_stride,113,240,161,176,3,11,11
3214,PlayingSitar,PlayingSitar/v_PlayingSitar_g08_c03.avi,569,240,320,center_stride,220,347,332,347,7,14,12
3215,PlayingSitar,PlayingSitar/v_PlayingSitar_g08_c07.avi,641,240,320,center_stride,256,383,352,367,6,12,5
3216,PlayingSitar,PlayingSitar/v_PlayingSitar_g09_c01.avi,150,240,320,center_stride,11,138,11,26,0,0,10
3217,PlayingSitar,PlayingSitar/v_PlayingSitar_g09_c02.avi,150,240,320,center_stride,11,138,27,42,1,14,2
3218,PlayingSitar,PlayingSitar/v_PlayingSitar_g09_c05.avi,154,240,320,center_stride,13,140,45,60,2,3,13
3219,PlayingSitar,PlayingSitar/v_PlayingSitar_g10_c03.avi,390,240,320,center_stride,131,258,131,146,0,10,10
3220,PlayingSitar,PlayingSitar/v_PlayingSitar_g10_c06.avi,430,240,320,center_stride,151,278,231,246,5,13,1
3221,PlayingSitar,PlayingSitar/v_PlayingSitar_g10_c07.avi,473,240,320,center_stride,172,299,172,187,0,14,6
3222,PlayingSitar,PlayingSitar/v_PlayingSitar_g11_c01.avi,257,240,320,center_stride,64,191,176,191,7,10,3
3223,PlayingSitar,PlayingSitar/v_PlayingSitar_g11_c02.avi,401,240,320,center_stride,136,263,184,199,3,2,8
3224,PlayingSitar,PlayingSitar/v_PlayingSitar_g11_c05.avi,425,240,320,center_stride,148,275,212,227,4,7,1
3225,PlayingSitar,PlayingSitar/v_PlayingSitar_g11_c06.avi,436,240,320,center_stride,154,281,170,185,1,2,9
3226,PlayingSitar,PlayingSitar/v_PlayingSitar_g12_c01.avi,153,240,320,center_stride,12,139,12,27,0,2,10
3227,PlayingSitar,PlayingSitar/v_PlayingSitar_g14_c05.avi,460,240,320,center_stride,166,293,166,181,0,14,5
3228,PlayingSitar,PlayingSitar/v_PlayingSitar_g15_c01.avi,96,240,320,uniform_fallback,0,95,12,23,1,3,11
3229,PlayingSitar,PlayingSitar/v_PlayingSitar_g16_c05.avi,426,240,320,center_stride,149,276,149,164,0,4,8
3230,PlayingSitar,PlayingSitar/v_PlayingSitar_g16_c06.avi,441,240,320,center_stride,156,283,204,219,3,7,1
3231,PlayingSitar,PlayingSitar/v_PlayingSitar_g17_c02.avi,448,240,320,center_stride,160,287,272,287,7,14,13
3232,PlayingSitar,PlayingSitar/v_PlayingSitar_g17_c03.avi,429,240,320,center_stride,150,277,150,165,0,0,11
3233,PlayingSitar,PlayingSitar/v_PlayingSitar_g17_c06.avi,453,240,320,center_stride,162,289,162,177,0,2,12
3234,PlayingSitar,PlayingSitar/v_PlayingSitar_g18_c01.avi,424,240,320,center_stride,148,275,260,275,7,1,7
3235,PlayingSitar,PlayingSitar/v_PlayingSitar_g18_c05.avi,453,240,320,center_stride,162,289,274,289,7,8,7
3236,PlayingSitar,PlayingSitar/v_PlayingSitar_g19_c04.avi,423,240,320,center_stride,147,274,179,194,2,13,8
3237,PlayingSitar,PlayingSitar/v_PlayingSitar_g19_c05.avi,435,240,320,center_stride,153,280,169,184,1,12,2
3238,PlayingSitar,PlayingSitar/v_PlayingSitar_g19_c07.avi,483,240,320,center_stride,177,304,273,288,6,15,2
3239,PlayingSitar,PlayingSitar/v_PlayingSitar_g20_c04.avi,407,240,320,center_stride,139,266,219,234,5,4,10
3240,PlayingSitar,PlayingSitar/v_PlayingSitar_g21_c01.avi,330,240,320,center_stride,101,228,133,148,2,8,15
3241,PlayingSitar,PlayingSitar/v_PlayingSitar_g21_c07.avi,374,240,320,center_stride,123,250,155,170,2,9,5
3242,PlayingSitar,PlayingSitar/v_PlayingSitar_g22_c03.avi,252,240,320,center_stride,62,189,110,125,3,0,10
3243,PlayingSitar,PlayingSitar/v_PlayingSitar_g23_c01.avi,394,240,320,center_stride,133,260,197,212,4,13,7
3244,PlayingSitar,PlayingSitar/v_PlayingSitar_g23_c02.avi,441,240,320,center_stride,156,283,252,267,6,10,3
3245,PlayingSitar,PlayingSitar/v_PlayingSitar_g23_c04.avi,447,240,320,center_stride,159,286,239,254,5,1,13
3246,PlayingSitar,PlayingSitar/v_PlayingSitar_g23_c05.avi,436,240,320,center_stride,154,281,250,265,6,0,2
3247,PlayingSitar,PlayingSitar/v_PlayingSitar_g24_c02.avi,442,240,320,center_stride,157,284,237,252,5,6,3
3248,PlayingSitar,PlayingSitar/v_PlayingSitar_g25_c03.avi,210,240,320,center_stride,41,168,137,152,6,2,13
3249,PlayingSitar,PlayingSitar/v_PlayingSitar_g25_c04.avi,256,240,320,center_stride,64,191,80,95,1,13,1
3250,PlayingTabla,PlayingTabla/v_PlayingTabla_g01_c02.avi,251,240,320,center_stride,61,188,61,76,0,8,13
3251,PlayingTabla,PlayingTabla/v_PlayingTabla_g01_c03.avi,251,240,320,center_stride,61,188,61,76,0,12,3
3252,PlayingTabla,PlayingTabla/v_PlayingTabla_g02_c01.avi,318,240,320,center_stride,95,222,191,206,6,9,3
3253,PlayingTabla,PlayingTabla/v_PlayingTabla_g02_c03.avi,298,240,320,center_stride,85,212,133,148,3,4,12
3254,PlayingTabla,PlayingTabla/v_PlayingTabla_g03_c03.avi,255,240,320,center_stride,63,190,159,174,6,3,15
3255,PlayingTabla,PlayingTabla/v_PlayingTabla_g03_c05.avi,254,240,320,center_stride,63,190,95,110,2,1,1
3256,PlayingTabla,PlayingTabla/v_PlayingTabla_g04_c01.avi,249,240,320,center_stride,60,187,172,187,7,8,1
3257,PlayingTabla,PlayingTabla/v_PlayingTabla_g04_c05.avi,319,240,320,center_stride,95,222,111,126,1,14,2
3258,PlayingTabla,PlayingTabla/v_PlayingTabla_g05_c02.avi,247,240,320,center_stride,59,186,59,74,0,5,15
3259,PlayingTabla,PlayingTabla/v_PlayingTabla_g05_c03.avi,260,240,320,center_stride,66,193,130,145,4,9,8
3260,PlayingTabla,PlayingTabla/v_PlayingTabla_g05_c04.avi,267,240,320,center_stride,69,196,101,116,2,12,4
3261,PlayingTabla,PlayingTabla/v_PlayingTabla_g06_c02.avi,206,240,320,center_stride,39,166,87,102,3,0,0
3262,PlayingTabla,PlayingTabla/v_PlayingTabla_g06_c04.avi,234,240,320,center_stride,53,180,117,132,4,8,14
3263,PlayingTabla,PlayingTabla/v_PlayingTabla_g07_c04.avi,251,240,320,center_stride,61,188,157,172,6,8,10
3264,PlayingTabla,PlayingTabla/v_PlayingTabla_g08_c01.avi,241,240,320,center_stride,56,183,72,87,1,7,14
3265,PlayingTabla,PlayingTabla/v_PlayingTabla_g09_c02.avi,245,240,320,center_stride,58,185,106,121,3,0,15
3266,PlayingTabla,PlayingTabla/v_PlayingTabla_g10_c01.avi,274,240,320,center_stride,73,200,121,136,3,3,2
3267,PlayingTabla,PlayingTabla/v_PlayingTabla_g10_c03.avi,261,240,320,center_stride,66,193,162,177,6,15,3
3268,PlayingTabla,PlayingTabla/v_PlayingTabla_g10_c04.avi,247,240,320,center_stride,59,186,91,106,2,7,6
3269,PlayingTabla,PlayingTabla/v_PlayingTabla_g10_c05.avi,274,240,320,center_stride,73,200,121,136,3,1,9
3270,PlayingTabla,PlayingTabla/v_PlayingTabla_g11_c03.avi,285,240,320,center_stride,78,205,126,141,3,3,4
3271,PlayingTabla,PlayingTabla/v_PlayingTabla_g11_c04.avi,281,240,320,center_stride,76,203,140,155,4,6,12
3272,PlayingTabla,PlayingTabla/v_PlayingTabla_g12_c01.avi,256,240,320,center_stride,64,191,160,175,6,8,7
3273,PlayingTabla,PlayingTabla/v_PlayingTabla_g12_c02.avi,242,240,320,center_stride,57,184,73,88,1,1,2
3274,PlayingTabla,PlayingTabla/v_PlayingTabla_g12_c03.avi,266,240,320,center_stride,69,196,101,116,2,13,10
3275,PlayingTabla,PlayingTabla/v_PlayingTabla_g12_c05.avi,246,240,320,center_stride,59,186,91,106,2,2,9
3276,PlayingTabla,PlayingTabla/v_PlayingTabla_g13_c03.avi,285,240,320,center_stride,78,205,126,141,3,15,0
3277,PlayingTabla,PlayingTabla/v_PlayingTabla_g14_c02.avi,310,240,320,center_stride,91,218,187,202,6,13,8
3278,PlayingTabla,PlayingTabla/v_PlayingTabla_g14_c03.avi,311,240,320,center_stride,91,218,139,154,3,0,10
3279,PlayingTabla,PlayingTabla/v_PlayingTabla_g14_c04.avi,310,240,320,center_stride,91,218,171,186,5,14,8
3280,PlayingTabla,PlayingTabla/v_PlayingTabla_g15_c01.avi,241,240,320,center_stride,56,183,136,151,5,14,5
3281,PlayingTabla,PlayingTabla/v_PlayingTabla_g16_c03.avi,208,240,320,center_stride,40,167,72,87,2,10,6
3282,PlayingTabla,PlayingTabla/v_PlayingTabla_g16_c04.avi,136,240,320,center_stride,4,131,116,131,7,13,10
3283,PlayingTabla,PlayingTabla/v_PlayingTabla_g17_c02.avi,260,240,320,center_stride,66,193,82,97,1,8,2
3284,PlayingTabla,PlayingTabla/v_PlayingTabla_g18_c02.avi,283,240,320,center_stride,77,204,109,124,2,10,9
3285,PlayingTabla,PlayingTabla/v_PlayingTabla_g18_c03.avi,305,240,320,center_stride,88,215,152,167,4,7,9
3286,PlayingTabla,PlayingTabla/v_PlayingTabla_g18_c04.avi,275,240,320,center_stride,73,200,137,152,4,13,15
3287,PlayingTabla,PlayingTabla/v_PlayingTabla_g19_c01.avi,190,240,320,center_stride,31,158,143,158,7,8,1
3288,PlayingTabla,PlayingTabla/v_PlayingTabla_g19_c03.avi,216,240,320,center_stride,44,171,44,59,0,0,10
3289,PlayingTabla,PlayingTabla/v_PlayingTabla_g20_c03.avi,246,240,320,center_stride,59,186,171,186,7,6,14
3290,PlayingTabla,PlayingTabla/v_PlayingTabla_g20_c04.avi,246,240,320,center_stride,59,186,107,122,3,10,2
3291,PlayingTabla,PlayingTabla/v_PlayingTabla_g21_c02.avi,294,240,320,center_stride,83,210,83,98,0,9,9
3292,PlayingTabla,PlayingTabla/v_PlayingTabla_g21_c03.avi,308,240,320,center_stride,90,217,186,201,6,10,4
3293,PlayingTabla,PlayingTabla/v_PlayingTabla_g22_c04.avi,346,240,320,center_stride,109,236,157,172,3,5,11
3294,PlayingTabla,PlayingTabla/v_PlayingTabla_g23_c02.avi,256,240,320,center_stride,64,191,160,175,6,13,2
3295,PlayingTabla,PlayingTabla/v_PlayingTabla_g23_c03.avi,250,240,320,center_stride,61,188,125,140,4,8,0
3296,PlayingTabla,PlayingTabla/v_PlayingTabla_g23_c04.avi,250,240,320,center_stride,61,188,61,76,0,11,7
3297,PlayingTabla,PlayingTabla/v_PlayingTabla_g24_c01.avi,287,240,320,center_stride,79,206,159,174,5,13,4
3298,PlayingTabla,PlayingTabla/v_PlayingTabla_g24_c03.avi,273,240,320,center_stride,72,199,184,199,7,0,14
3299,PlayingTabla,PlayingTabla/v_PlayingTabla_g25_c04.avi,341,240,320,center_stride,106,233,122,137,1,12,11
3300,PlayingViolin,PlayingViolin/v_PlayingViolin_g02_c01.avi,169,240,320,center_stride,20,147,132,147,7,3,9
3301,PlayingViolin,PlayingViolin/v_PlayingViolin_g02_c03.avi,509,240,320,center_stride,190,317,270,285,5,4,3
3302,PlayingViolin,PlayingViolin/v_PlayingViolin_g03_c01.avi,181,240,320,center_stride,26,153,26,41,0,5,8
3303,PlayingViolin,PlayingViolin/v_PlayingViolin_g03_c04.avi,199,240,320,center_stride,35,162,83,98,3,10,15
3304,PlayingViolin,PlayingViolin/v_PlayingViolin_g04_c03.avi,169,240,320,center_stride,20,147,52,67,2,7,13
3305,PlayingViolin,PlayingViolin/v_PlayingViolin_g04_c04.avi,176,240,320,center_stride,24,151,136,151,7,0,0
3306,PlayingViolin,PlayingViolin/v_PlayingViolin_g05_c03.avi,169,240,320,center_stride,20,147,36,51,1,10,11
3307,PlayingViolin,PlayingViolin/v_PlayingViolin_g05_c04.avi,184,240,320,center_stride,28,155,60,75,2,10,3
3308,PlayingViolin,PlayingViolin/v_PlayingViolin_g06_c03.avi,177,240,320,center_stride,24,151,136,151,7,9,2
3309,PlayingViolin,PlayingViolin/v_PlayingViolin_g06_c04.avi,187,240,320,center_stride,29,156,29,44,0,5,14
3310,PlayingViolin,PlayingViolin/v_PlayingViolin_g07_c01.avi,178,240,320,center_stride,25,152,105,120,5,11,13
3311,PlayingViolin,PlayingViolin/v_PlayingViolin_g07_c03.avi,168,240,320,center_stride,20,147,68,83,3,3,2
3312,PlayingViolin,PlayingViolin/v_PlayingViolin_g07_c04.avi,173,240,320,center_stride,22,149,38,53,1,15,1
3313,PlayingViolin,PlayingViolin/v_PlayingViolin_g08_c02.avi,184,240,320,center_stride,28,155,76,91,3,1,8
3314,PlayingViolin,PlayingViolin/v_PlayingViolin_g08_c03.avi,201,240,320,center_stride,36,163,52,67,1,11,9
3315,PlayingViolin,PlayingViolin/v_PlayingViolin_g09_c01.avi,170,240,320,center_stride,21,148,53,68,2,8,12
3316,PlayingViolin,PlayingViolin/v_PlayingViolin_g09_c02.avi,176,240,320,center_stride,24,151,72,87,3,6,7
3317,PlayingViolin,PlayingViolin/v_PlayingViolin_g10_c03.avi,163,240,320,center_stride,17,144,129,144,7,4,4
3318,PlayingViolin,PlayingViolin/v_PlayingViolin_g10_c04.avi,173,240,320,center_stride,22,149,118,133,6,7,5
3319,PlayingViolin,PlayingViolin/v_PlayingViolin_g11_c03.avi,190,240,320,center_stride,31,158,127,142,6,3,7
3320,PlayingViolin,PlayingViolin/v_PlayingViolin_g11_c04.avi,173,240,320,center_stride,22,149,134,149,7,10,7
3321,PlayingViolin,PlayingViolin/v_PlayingViolin_g12_c02.avi,181,240,320,center_stride,26,153,90,105,4,1,15
3322,PlayingViolin,PlayingViolin/v_PlayingViolin_g12_c03.avi,197,240,320,center_stride,34,161,146,161,7,12,12
3323,PlayingViolin,PlayingViolin/v_PlayingViolin_g12_c04.avi,171,240,320,center_stride,21,148,53,68,2,15,11
3324,PlayingViolin,PlayingViolin/v_PlayingViolin_g13_c01.avi,180,240,320,center_stride,26,153,26,41,0,9,2
3325,PlayingViolin,PlayingViolin/v_PlayingViolin_g13_c02.avi,171,240,320,center_stride,21,148,133,148,7,6,9
3326,PlayingViolin,PlayingViolin/v_PlayingViolin_g13_c03.avi,172,240,320,center_stride,22,149,70,85,3,0,6
3327,PlayingViolin,PlayingViolin/v_PlayingViolin_g15_c03.avi,168,240,320,center_stride,20,147,100,115,5,13,12
3328,PlayingViolin,PlayingViolin/v_PlayingViolin_g16_c02.avi,183,240,320,center_stride,27,154,139,154,7,9,15
3329,PlayingViolin,PlayingViolin/v_PlayingViolin_g16_c03.avi,171,240,320,center_stride,21,148,69,84,3,11,1
3330,PlayingViolin,PlayingViolin/v_PlayingViolin_g18_c01.avi,173,240,320,center_stride,22,149,118,133,6,0,11
3331,PlayingViolin,PlayingViolin/v_PlayingViolin_g19_c01.avi,204,240,320,center_stride,38,165,54,69,1,4,13
3332,PlayingViolin,PlayingViolin/v_PlayingViolin_g19_c02.avi,204,240,320,center_stride,38,165,102,117,4,8,6
3333,PlayingViolin,PlayingViolin/v_PlayingViolin_g19_c04.avi,204,240,320,center_stride,38,165,118,133,5,6,6
3334,PlayingViolin,PlayingViolin/v_PlayingViolin_g20_c01.avi,167,240,320,center_stride,19,146,51,66,2,4,2
3335,PlayingViolin,PlayingViolin/v_PlayingViolin_g20_c03.avi,170,240,320,center_stride,21,148,53,68,2,13,14
3336,PlayingViolin,PlayingViolin/v_PlayingViolin_g20_c04.avi,179,240,320,center_stride,25,152,89,104,4,1,13
3337,PlayingViolin,PlayingViolin/v_PlayingViolin_g21_c01.avi,183,240,320,center_stride,27,154,123,138,6,9,0
3338,PlayingViolin,PlayingViolin/v_PlayingViolin_g21_c02.avi,174,240,320,center_stride,23,150,39,54,1,2,12
3339,PlayingViolin,PlayingViolin/v_PlayingViolin_g21_c03.avi,173,240,320,center_stride,22,149,22,37,0,7,11
3340,PlayingViolin,PlayingViolin/v_PlayingViolin_g22_c01.avi,170,240,320,center_stride,21,148,117,132,6,7,0
3341,PlayingViolin,PlayingViolin/v_PlayingViolin_g22_c04.avi,170,240,320,center_stride,21,148,101,116,5,11,14
3342,PlayingViolin,PlayingViolin/v_PlayingViolin_g23_c01.avi,180,240,320,center_stride,26,153,58,73,2,14,0
3343,PlayingViolin,PlayingViolin/v_PlayingViolin_g23_c02.avi,171,240,320,center_stride,21,148,101,116,5,4,13
3344,PlayingViolin,PlayingViolin/v_PlayingViolin_g23_c04.avi,188,240,320,center_stride,30,157,30,45,0,3,4
3345,PlayingViolin,PlayingViolin/v_PlayingViolin_g24_c02.avi,178,240,320,center_stride,25,152,105,120,5,1,9
3346,PlayingViolin,PlayingViolin/v_PlayingViolin_g25_c01.avi,192,240,320,center_stride,32,159,96,111,4,4,8
3347,PlayingViolin,PlayingViolin/v_PlayingViolin_g25_c02.avi,191,240,320,center_stride,31,158,47,62,1,9,4
3348,PlayingViolin,PlayingViolin/v_PlayingViolin_g25_c03.avi,201,240,320,center_stride,36,163,148,163,7,2,2
3349,PlayingViolin,PlayingViolin/v_PlayingViolin_g25_c04.avi,175,240,320,center_stride,23,150,55,70,2,14,8
3350,PoleVault,PoleVault/v_PoleVault_g01_c04.avi,201,240,320,center_stride,36,163,100,115,4,6,3
3351,PoleVault,PoleVault/v_PoleVault_g01_c05.avi,195,240,320,center_stride,33,160,145,160,7,1,11
3352,PoleVault,PoleVault/v_PoleVault_g02_c03.avi,117,240,320,uniform_fallback,0,116,0,14,0,5,9
3353,PoleVault,PoleVault/v_PoleVault_g02_c04.avi,101,240,320,uniform_fallback,0,100,0,12,0,8,3
3354,PoleVault,PoleVault/v_PoleVault_g03_c07.avi,272,240,320,center_stride,72,199,72,87,0,0,2
3355,PoleVault,PoleVault/v_PoleVault_g04_c02.avi,218,240,320,center_stride,45,172,77,92,2,5,15
3356,PoleVault,PoleVault/v_PoleVault_g05_c01.avi,216,240,320,center_stride,44,171,108,123,4,6,4
3357,PoleVault,PoleVault/v_PoleVault_g05_c02.avi,315,240,320,center_stride,93,220,93,108,0,15,6
3358,PoleVault,PoleVault/v_PoleVault_g06_c04.avi,278,240,320,center_stride,75,202,123,138,3,14,6
3359,PoleVault,PoleVault/v_PoleVault_g08_c03.avi,171,240,320,center_stride,21,148,117,132,6,15,12
3360,PoleVault,PoleVault/v_PoleVault_g09_c01.avi,155,240,320,center_stride,13,140,61,76,3,2,11
3361,PoleVault,PoleVault/v_PoleVault_g09_c03.avi,140,240,320,center_stride,6,133,102,117,6,4,10
3362,PoleVault,PoleVault/v_PoleVault_g09_c04.avi,231,240,320,center_stride,51,178,115,130,4,0,4
3363,PoleVault,PoleVault/v_PoleVault_g10_c02.avi,243,240,320,center_stride,57,184,89,104,2,11,9
3364,PoleVault,PoleVault/v_PoleVault_g10_c06.avi,176,240,320,center_stride,24,151,40,55,1,11,3
3365,PoleVault,PoleVault/v_PoleVault_g11_c04.avi,199,240,320,center_stride,35,162,51,66,1,5,0
3366,PoleVault,PoleVault/v_PoleVault_g12_c06.avi,115,240,320,uniform_fallback,0,114,101,114,7,7,15
3367,PoleVault,PoleVault/v_PoleVault_g12_c07.avi,116,240,320,uniform_fallback,0,115,14,28,1,13,4
3368,PoleVault,PoleVault/v_PoleVault_g13_c01.avi,292,240,320,center_stride,82,209,82,97,0,3,14
3369,PoleVault,PoleVault/v_PoleVault_g13_c03.avi,131,240,320,center_stride,1,128,65,80,4,13,7
3370,PoleVault,PoleVault/v_PoleVault_g13_c04.avi,127,240,320,uniform_fallback,0,126,0,15,0,10,13
3371,PoleVault,PoleVault/v_PoleVault_g14_c01.avi,154,240,320,center_stride,13,140,45,60,2,5,3
3372,PoleVault,PoleVault/v_PoleVault_g14_c02.avi,179,240,320,center_stride,25,152,105,120,5,12,6
3373,PoleVault,PoleVault/v_PoleVault_g14_c04.avi,509,240,320,center_stride,190,317,206,221,1,6,5
3374,PoleVault,PoleVault/v_PoleVault_g15_c01.avi,153,240,320,center_stride,12,139,108,123,6,9,5
3375,PoleVault,PoleVault/v_PoleVault_g15_c02.avi,210,240,320,center_stride,41,168,105,120,4,11,0
3376,PoleVault,PoleVault/v_PoleVault_g16_c01.avi,268,240,320,center_stride,70,197,102,117,2,0,14
3377,PoleVault,PoleVault/v_PoleVault_g16_c02.avi,190,240,320,center_stride,31,158,111,126,5,3,13
3378,PoleVault,PoleVault/v_PoleVault_g16_c06.avi,170,240,320,center_stride,21,148,53,68,2,8,3
3379,PoleVault,PoleVault/v_PoleVault_g17_c03.avi,106,240,320,uniform_fallback,0,105,53,65,4,2,12
3380,PoleVault,PoleVault/v_PoleVault_g17_c05.avi,234,240,320,center_stride,53,180,101,116,3,5,7
3381,PoleVault,PoleVault/v_PoleVault_g17_c06.avi,163,240,320,center_stride,17,144,33,48,1,4,7
3382,PoleVault,PoleVault/v_PoleVault_g18_c02.avi,114,240,320,uniform_fallback,0,113,85,99,6,6,10
3383,PoleVault,PoleVault/v_PoleVault_g19_c02.avi,70,240,320,uniform_fallback,0,69,35,43,4,0,2
3384,PoleVault,PoleVault/v_PoleVault_g19_c06.avi,77,240,320,uniform_fallback,0,76,48,57,5,1,14
3385,PoleVault,PoleVault/v_PoleVault_g19_c07.avi,80,240,320,uniform_fallback,0,79,0,9,0,10,7
3386,PoleVault,PoleVault/v_PoleVault_g20_c02.avi,215,240,320,center_stride,43,170,155,170,7,0,0
3387,PoleVault,PoleVault/v_PoleVault_g20_c03.avi,149,240,320,center_stride,10,137,42,57,2,14,11
3388,PoleVault,PoleVault/v_PoleVault_g20_c05.avi,99,240,320,uniform_fallback,0,98,86,98,7,9,5
3389,PoleVault,PoleVault/v_PoleVault_g20_c06.avi,128,240,320,center_stride,0,127,64,79,4,0,1
3390,PoleVault,PoleVault/v_PoleVault_g21_c02.avi,94,240,320,uniform_fallback,0,93,12,23,1,15,14
3391,PoleVault,PoleVault/v_PoleVault_g21_c03.avi,94,240,320,uniform_fallback,0,93,0,11,0,9,0
3392,PoleVault,PoleVault/v_PoleVault_g21_c06.avi,115,240,320,uniform_fallback,0,114,14,28,1,7,8
3393,PoleVault,PoleVault/v_PoleVault_g22_c03.avi,159,240,320,center_stride,15,142,63,78,3,15,14
3394,PoleVault,PoleVault/v_PoleVault_g22_c04.avi,199,240,320,center_stride,35,162,51,66,1,10,15
3395,PoleVault,PoleVault/v_PoleVault_g23_c06.avi,99,240,320,uniform_fallback,0,98,62,73,5,12,14
3396,PoleVault,PoleVault/v_PoleVault_g24_c03.avi,199,240,320,center_stride,35,162,115,130,5,10,14
3397,PoleVault,PoleVault/v_PoleVault_g24_c04.avi,148,240,320,center_stride,10,137,10,25,0,10,10
3398,PoleVault,PoleVault/v_PoleVault_g24_c05.avi,136,240,320,center_stride,4,131,116,131,7,12,9
3399,PoleVault,PoleVault/v_PoleVault_g24_c06.avi,143,240,320,center_stride,7,134,103,118,6,12,12
3400,PommelHorse,PommelHorse/v_PommelHorse_g01_c01.avi,396,240,320,center_stride,134,261,230,245,6,8,12
3401,PommelHorse,PommelHorse/v_PommelHorse_g01_c05.avi,305,240,320,center_stride,88,215,184,199,6,12,13
3402,PommelHorse,PommelHorse/v_PommelHorse_g02_c02.avi,312,240,320,center_stride,92,219,108,123,1,5,4
3403,PommelHorse,PommelHorse/v_PommelHorse_g03_c01.avi,231,240,320,center_stride,51,178,115,130,4,2,1
3404,PommelHorse,PommelHorse/v_PommelHorse_g04_c02.avi,298,240,320,center_stride,85,212,85,100,0,11,6
3405,PommelHorse,PommelHorse/v_PommelHorse_g04_c03.avi,308,240,320,center_stride,90,217,170,185,5,6,5
3406,PommelHorse,PommelHorse/v_PommelHorse_g04_c04.avi,298,240,320,center_stride,85,212,117,132,2,15,1
3407,PommelHorse,PommelHorse/v_PommelHorse_g05_c02.avi,251,226,400,center_stride,61,188,173,188,7,13,15
3408,PommelHorse,PommelHorse/v_PommelHorse_g06_c01.avi,301,240,320,center_stride,86,213,134,149,3,6,9
3409,PommelHorse,PommelHorse/v_PommelHorse_g06_c03.avi,301,240,320,center_stride,86,213,134,149,3,4,5
3410,PommelHorse,PommelHorse/v_PommelHorse_g07_c02.avi,513,240,320,center_stride,192,319,240,255,3,2,8
3411,PommelHorse,PommelHorse/v_PommelHorse_g07_c04.avi,457,240,320,center_stride,164,291,276,291,7,5,15
3412,PommelHorse,PommelHorse/v_PommelHorse_g08_c02.avi,249,240,320,center_stride,60,187,156,171,6,10,10
3413,PommelHorse,PommelHorse/v_PommelHorse_g08_c03.avi,248,240,320,center_stride,60,187,76,91,1,7,1
3414,PommelHorse,PommelHorse/v_PommelHorse_g09_c01.avi,248,240,320,center_stride,60,187,108,123,3,15,11
3415,PommelHorse,PommelHorse/v_PommelHorse_g09_c03.avi,253,240,320,center_stride,62,189,126,141,4,12,15
3416,PommelHorse,PommelHorse/v_PommelHorse_g10_c01.avi,307,240,320,center_stride,89,216,153,168,4,11,3
3417,PommelHorse,PommelHorse/v_PommelHorse_g10_c03.avi,302,240,320,center_stride,87,214,119,134,2,15,15
3418,PommelHorse,PommelHorse/v_PommelHorse_g11_c03.avi,248,240,320,center_stride,60,187,76,91,1,8,1
3419,PommelHorse,PommelHorse/v_PommelHorse_g11_c04.avi,294,240,320,center_stride,83,210,195,210,7,12,3
3420,PommelHorse,PommelHorse/v_PommelHorse_g12_c02.avi,333,240,320,center_stride,102,229,150,165,3,15,8
3421,PommelHorse,PommelHorse/v_PommelHorse_g12_c05.avi,572,240,320,center_stride,222,349,318,333,6,1,0
3422,PommelHorse,PommelHorse/v_PommelHorse_g12_c06.avi,444,240,320,center_stride,158,285,238,253,5,1,1
3423,PommelHorse,PommelHorse/v_PommelHorse_g13_c03.avi,305,240,320,center_stride,88,215,152,167,4,5,11
3424,PommelHorse,PommelHorse/v_PommelHorse_g13_c05.avi,306,240,320,center_stride,89,216,185,200,6,3,5
3425,PommelHorse,PommelHorse/v_PommelHorse_g14_c03.avi,357,240,320,center_stride,114,241,146,161,2,4,14
3426,PommelHorse,PommelHorse/v_PommelHorse_g14_c04.avi,357,240,320,center_stride,114,241,226,241,7,6,11
3427,PommelHorse,PommelHorse/v_PommelHorse_g15_c04.avi,292,240,320,center_stride,82,209,178,193,6,4,14
3428,PommelHorse,PommelHorse/v_PommelHorse_g16_c01.avi,299,240,320,center_stride,85,212,149,164,4,3,2
3429,PommelHorse,PommelHorse/v_PommelHorse_g16_c02.avi,302,240,320,center_stride,87,214,87,102,0,10,14
3430,PommelHorse,PommelHorse/v_PommelHorse_g17_c01.avi,301,240,320,center_stride,86,213,166,181,5,0,5
3431,PommelHorse,PommelHorse/v_PommelHorse_g17_c06.avi,481,240,320,center_stride,176,303,272,287,6,6,14
3432,PommelHorse,PommelHorse/v_PommelHorse_g18_c02.avi,256,240,320,center_stride,64,191,176,191,7,8,8
3433,PommelHorse,PommelHorse/v_PommelHorse_g18_c03.avi,227,240,320,center_stride,49,176,65,80,1,7,2
3434,PommelHorse,PommelHorse/v_PommelHorse_g18_c04.avi,278,240,320,center_stride,75,202,91,106,1,15,6
3435,PommelHorse,PommelHorse/v_PommelHorse_g19_c02.avi,338,240,320,center_stride,105,232,169,184,4,12,11
3436,PommelHorse,PommelHorse/v_PommelHorse_g19_c05.avi,423,240,320,center_stride,147,274,163,178,1,2,10
3437,PommelHorse,PommelHorse/v_PommelHorse_g20_c01.avi,309,240,320,center_stride,90,217,138,153,3,7,12
3438,PommelHorse,PommelHorse/v_PommelHorse_g20_c02.avi,277,240,320,center_stride,74,201,122,137,3,12,0
3439,PommelHorse,PommelHorse/v_PommelHorse_g20_c05.avi,301,240,320,center_stride,86,213,150,165,4,3,13
3440,PommelHorse,PommelHorse/v_PommelHorse_g20_c07.avi,490,240,320,center_stride,181,308,229,244,3,14,13
3441,PommelHorse,PommelHorse/v_PommelHorse_g21_c03.avi,301,240,320,center_stride,86,213,102,117,1,3,3
3442,PommelHorse,PommelHorse/v_PommelHorse_g22_c02.avi,433,240,320,center_stride,152,279,216,231,4,7,12
3443,PommelHorse,PommelHorse/v_PommelHorse_g22_c03.avi,411,240,320,center_stride,141,268,221,236,5,8,2
3444,PommelHorse,PommelHorse/v_PommelHorse_g22_c07.avi,497,240,320,center_stride,184,311,216,231,2,4,11
3445,PommelHorse,PommelHorse/v_PommelHorse_g23_c01.avi,247,240,320,center_stride,59,186,123,138,4,2,10
3446,PommelHorse,PommelHorse/v_PommelHorse_g23_c02.avi,252,240,320,center_stride,62,189,62,77,0,6,11
3447,PommelHorse,PommelHorse/v_PommelHorse_g23_c04.avi,355,240,320,center_stride,113,240,129,144,1,9,3
3448,PommelHorse,PommelHorse/v_PommelHorse_g25_c01.avi,304,240,320,center_stride,88,215,152,167,4,3,13
3449,PommelHorse,PommelHorse/v_PommelHorse_g25_c04.avi,385,240,320,center_stride,128,255,176,191,3,9,7
3450,PullUps,PullUps/v_PullUps_g01_c01.avi,167,240,320,center_stride,19,146,51,66,2,12,11
3451,PullUps,PullUps/v_PullUps_g01_c02.avi,138,240,320,center_stride,5,132,101,116,6,4,3
3452,PullUps,PullUps/v_PullUps_g01_c03.avi,181,240,320,center_stride,26,153,138,153,7,15,6
3453,PullUps,PullUps/v_PullUps_g02_c01.avi,122,240,320,uniform_fallback,0,121,46,60,3,3,12
3454,PullUps,PullUps/v_PullUps_g02_c02.avi,176,240,320,center_stride,24,151,88,103,4,15,7
3455,PullUps,PullUps/v_PullUps_g03_c02.avi,208,240,320,center_stride,40,167,72,87,2,9,0
3456,PullUps,PullUps/v_PullUps_g03_c03.avi,203,240,320,center_stride,37,164,53,68,1,2,13
3457,PullUps,PullUps/v_PullUps_g04_c01.avi,141,240,320,center_stride,6,133,38,53,2,6,7
3458,PullUps,PullUps/v_PullUps_g04_c03.avi,154,240,320,center_stride,13,140,77,92,4,9,15
3459,PullUps,PullUps/v_PullUps_g04_c04.avi,138,240,320,center_stride,5,132,69,84,4,14,11
3460,PullUps,PullUps/v_PullUps_g05_c01.avi,174,240,320,center_stride,23,150,71,86,3,9,12
3461,PullUps,PullUps/v_PullUps_g06_c01.avi,84,240,320,uniform_fallback,0,83,0,10,0,4,5
3462,PullUps,PullUps/v_PullUps_g06_c02.avi,87,240,320,uniform_fallback,0,86,76,86,7,2,7
3463,PullUps,PullUps/v_PullUps_g06_c03.avi,98,240,320,uniform_fallback,0,97,61,73,5,4,0
3464,PullUps,PullUps/v_PullUps_g07_c03.avi,93,240,320,uniform_fallback,0,92,81,92,7,2,10
3465,PullUps,PullUps/v_PullUps_g07_c04.avi,93,240,320,uniform_fallback,0,92,58,69,5,9,10
3466,PullUps,PullUps/v_PullUps_g08_c01.avi,96,240,320,uniform_fallback,0,95,24,35,2,14,10
3467,PullUps,PullUps/v_PullUps_g08_c02.avi,103,240,320,uniform_fallback,0,102,64,76,5,5,5
3468,PullUps,PullUps/v_PullUps_g08_c03.avi,104,240,320,uniform_fallback,0,103,65,77,5,12,3
3469,PullUps,PullUps/v_PullUps_g09_c02.avi,101,240,320,uniform_fallback,0,100,0,12,0,4,3
3470,PullUps,PullUps/v_PullUps_g09_c03.avi,105,240,320,uniform_fallback,0,104,13,25,1,4,4
3471,PullUps,PullUps/v_PullUps_g10_c02.avi,173,240,320,center_stride,22,149,86,101,4,3,6
3472,PullUps,PullUps/v_PullUps_g11_c01.avi,95,240,320,uniform_fallback,0,94,0,11,0,1,4
3473,PullUps,PullUps/v_PullUps_g11_c02.avi,114,240,320,uniform_fallback,0,113,28,42,2,9,12
3474,PullUps,PullUps/v_PullUps_g11_c03.avi,91,240,320,uniform_fallback,0,90,11,22,1,12,11
3475,PullUps,PullUps/v_PullUps_g11_c04.avi,100,240,320,uniform_fallback,0,99,50,62,4,6,14
3476,PullUps,PullUps/v_PullUps_g12_c02.avi,73,240,320,uniform_fallback,0,72,27,36,3,3,15
3477,PullUps,PullUps/v_PullUps_g12_c03.avi,69,240,320,uniform_fallback,0,68,17,25,2,2,12
3478,PullUps,PullUps/v_PullUps_g13_c01.avi,93,240,320,uniform_fallback,0,92,0,11,0,1,9
3479,PullUps,PullUps/v_PullUps_g14_c03.avi,86,240,320,uniform_fallback,0,85,11,21,1,3,3
3480,PullUps,PullUps/v_PullUps_g15_c01.avi,165,240,320,center_stride,18,145,50,65,2,10,7
3481,PullUps,PullUps/v_PullUps_g15_c02.avi,197,240,320,center_stride,34,161,130,145,6,11,11
3482,PullUps,PullUps/v_PullUps_g15_c03.avi,207,240,320,center_stride,39,166,151,166,7,3,8
3483,PullUps,PullUps/v_PullUps_g16_c04.avi,144,240,320,center_stride,8,135,56,71,3,5,7
3484,PullUps,PullUps/v_PullUps_g17_c02.avi,186,240,320,center_stride,29,156,109,124,5,4,14
3485,PullUps,PullUps/v_PullUps_g18_c03.avi,161,240,320,center_stride,16,143,96,111,5,0,5
3486,PullUps,PullUps/v_PullUps_g18_c04.avi,163,240,320,center_stride,17,144,81,96,4,13,5
3487,PullUps,PullUps/v_PullUps_g19_c03.avi,108,240,320,uniform_fallback,0,107,0,13,0,4,0
3488,PullUps,PullUps/v_PullUps_g20_c01.avi,152,240,320,center_stride,12,139,44,59,2,9,12
3489,PullUps,PullUps/v_PullUps_g20_c02.avi,217,240,320,center_stride,44,171,60,75,1,10,9
3490,PullUps,PullUps/v_PullUps_g21_c01.avi,165,240,320,center_stride,18,145,66,81,3,4,2
3491,PullUps,PullUps/v_PullUps_g21_c02.avi,177,240,320,center_stride,24,151,24,39,0,3,0
3492,PullUps,PullUps/v_PullUps_g21_c03.avi,183,240,320,center_stride,27,154,91,106,4,10,15
3493,PullUps,PullUps/v_PullUps_g22_c01.avi,106,240,320,uniform_fallback,0,105,13,26,1,8,11
3494,PullUps,PullUps/v_PullUps_g22_c02.avi,105,240,320,uniform_fallback,0,104,79,91,6,11,2
3495,PullUps,PullUps/v_PullUps_g23_c01.avi,178,240,320,center_stride,25,152,25,40,0,1,4
3496,PullUps,PullUps/v_PullUps_g23_c03.avi,188,240,320,center_stride,30,157,126,141,6,2,0
3497,PullUps,PullUps/v_PullUps_g24_c02.avi,192,240,320,center_stride,32,159,80,95,3,5,7
3498,PullUps,PullUps/v_PullUps_g25_c01.avi,92,240,320,uniform_fallback,0,91,69,80,6,4,8
3499,PullUps,PullUps/v_PullUps_g25_c04.avi,79,240,320,uniform_fallback,0,78,49,58,5,14,15
3500,Punch,Punch/v_Punch_g01_c03.avi,48,240,320,uniform_fallback,0,47,6,11,1,14,12
3501,Punch,Punch/v_Punch_g01_c04.avi,101,240,320,uniform_fallback,0,100,0,12,0,4,12
3502,Punch,Punch/v_Punch_g03_c01.avi,108,240,320,uniform_fallback,0,107,27,40,2,8,2
3503,Punch,Punch/v_Punch_g03_c03.avi,138,240,320,center_stride,5,132,53,68,3,0,11
3504,Punch,Punch/v_Punch_g03_c04.avi,148,240,320,center_stride,10,137,10,25,0,9,4
3505,Punch,Punch/v_Punch_g04_c02.avi,300,240,320,center_stride,86,213,86,101,0,15,0
3506,Punch,Punch/v_Punch_g04_c03.avi,261,240,320,center_stride,66,193,98,113,2,8,0
3507,Punch,Punch/v_Punch_g04_c05.avi,198,240,320,center_stride,35,162,51,66,1,15,6
3508,Punch,Punch/v_Punch_g05_c01.avi,300,240,320,center_stride,86,213,182,197,6,5,15
3509,Punch,Punch/v_Punch_g06_c05.avi,300,240,320,center_stride,86,213,118,133,2,13,7
3510,Punch,Punch/v_Punch_g07_c01.avi,300,240,320,center_stride,86,213,198,213,7,12,11
3511,Punch,Punch/v_Punch_g07_c02.avi,292,240,320,center_stride,82,209,146,161,4,8,2
3512,Punch,Punch/v_Punch_g07_c04.avi,300,240,320,center_stride,86,213,198,213,7,1,15
3513,Punch,Punch/v_Punch_g07_c07.avi,300,240,320,center_stride,86,213,182,197,6,6,3
3514,Punch,Punch/v_Punch_g08_c01.avi,251,240,320,center_stride,61,188,173,188,7,3,10
3515,Punch,Punch/v_Punch_g08_c03.avi,251,240,320,center_stride,61,188,93,108,2,12,0
3516,Punch,Punch/v_Punch_g08_c07.avi,251,240,320,center_stride,61,188,77,92,1,3,2
3517,Punch,Punch/v_Punch_g09_c01.avi,300,240,320,center_stride,86,213,150,165,4,5,13
3518,Punch,Punch/v_Punch_g09_c04.avi,300,240,320,center_stride,86,213,198,213,7,14,3
3519,Punch,Punch/v_Punch_g10_c04.avi,100,240,320,uniform_fallback,0,99,12,24,1,9,9
3520,Punch,Punch/v_Punch_g11_c02.avi,300,240,320,center_stride,86,213,102,117,1,13,9
3521,Punch,Punch/v_Punch_g11_c03.avi,296,240,320,center_stride,84,211,100,115,1,6,7
3522,Punch,Punch/v_Punch_g11_c04.avi,300,240,320,center_stride,86,213,102,117,1,0,3
3523,Punch,Punch/v_Punch_g11_c05.avi,277,240,320,center_stride,74,201,74,89,0,0,6
3524,Punch,Punch/v_Punch_g11_c06.avi,300,240,320,center_stride,86,213,198,213,7,9,14
3525,Punch,Punch/v_Punch_g11_c07.avi,300,240,320,center_stride,86,213,134,149,3,8,8
3526,Punch,Punch/v_Punch_g12_c02.avi,300,240,320,center_stride,86,213,166,181,5,10,13
3527,Punch,Punch/v_Punch_g12_c05.avi,300,240,320,center_stride,86,213,150,165,4,2,15
3528,Punch,Punch/v_Punch_g12_c07.avi,300,240,320,center_stride,86,213,166,181,5,9,10
3529,Punch,Punch/v_Punch_g13_c01.avi,300,240,320,center_stride,86,213,118,133,2,5,1
3530,Punch,Punch/v_Punch_g14_c02.avi,300,240,320,center_stride,86,213,198,213,7,14,1
3531,Punch,Punch/v_Punch_g14_c07.avi,300,240,320,center_stride,86,213,134,149,3,15,15
3532,Punch,Punch/v_Punch_g15_c02.avi,300,240,320,center_stride,86,213,182,197,6,2,15
3533,Punch,Punch/v_Punch_g16_c02.avi,300,240,320,center_stride,86,213,182,197,6,10,0
3534,Punch,Punch/v_Punch_g16_c07.avi,300,240,320,center_stride,86,213,198,213,7,0,3
3535,Punch,Punch/v_Punch_g17_c01.avi,300,240,320,center_stride,86,213,102,117,1,14,15
3536,Punch,Punch/v_Punch_g18_c05.avi,300,240,320,center_stride,86,213,118,133,2,11,8
3537,Punch,Punch/v_Punch_g18_c06.avi,300,240,320,center_stride,86,213,182,197,6,8,7
3538,Punch,Punch/v_Punch_g20_c01.avi,300,240,320,center_stride,86,213,134,149,3,6,11
3539,Punch,Punch/v_Punch_g20_c02.avi,289,240,320,center_stride,80,207,96,111,1,10,0
3540,Punch,Punch/v_Punch_g20_c04.avi,300,240,320,center_stride,86,213,150,165,4,5,4
3541,Punch,Punch/v_Punch_g21_c01.avi,300,240,320,center_stride,86,213,198,213,7,13,14
3542,Punch,Punch/v_Punch_g21_c02.avi,300,240,320,center_stride,86,213,182,197,6,0,9
3543,Punch,Punch/v_Punch_g21_c07.avi,255,240,320,center_stride,63,190,175,190,7,12,15
3544,Punch,Punch/v_Punch_g22_c04.avi,300,240,320,center_stride,86,213,134,149,3,11,15
3545,Punch,Punch/v_Punch_g23_c07.avi,300,240,320,center_stride,86,213,134,149,3,15,4
3546,Punch,Punch/v_Punch_g24_c02.avi,300,240,320,center_stride,86,213,134,149,3,4,11
3547,Punch,Punch/v_Punch_g24_c03.avi,285,240,320,center_stride,78,205,126,141,3,7,15
3548,Punch,Punch/v_Punch_g24_c07.avi,300,240,320,center_stride,86,213,150,165,4,7,6
3549,Punch,Punch/v_Punch_g25_c07.avi,300,240,320,center_stride,86,213,182,197,6,1,7
3550,PushUps,PushUps/v_PushUps_g01_c02.avi,53,240,320,uniform_fallback,0,52,0,6,0,4,11
3551,PushUps,PushUps/v_PushUps_g01_c04.avi,104,240,320,uniform_fallback,0,103,0,12,0,11,5
3552,PushUps,PushUps/v_PushUps_g01_c05.avi,63,240,320,uniform_fallback,0,62,16,23,2,3,0
3553,PushUps,PushUps/v_PushUps_g02_c01.avi,67,240,320,uniform_fallback,0,66,8,16,1,12,3
3554,PushUps,PushUps/v_PushUps_g02_c02.avi,73,240,320,uniform_fallback,0,72,9,18,1,5,2
3555,PushUps,PushUps/v_PushUps_g02_c03.avi,79,240,320,uniform_fallback,0,78,69,78,7,7,13
3556,PushUps,PushUps/v_PushUps_g02_c04.avi,84,240,320,uniform_fallback,0,83,10,20,1,1,12
3557,PushUps,PushUps/v_PushUps_g03_c02.avi,63,240,320,uniform_fallback,0,62,55,62,7,9,10
3558,PushUps,PushUps/v_PushUps_g03_c03.avi,63,240,320,uniform_fallback,0,62,55,62,7,8,5
3559,PushUps,PushUps/v_PushUps_g04_c01.avi,91,240,320,uniform_fallback,0,90,0,11,0,4,15
3560,PushUps,PushUps/v_PushUps_g04_c05.avi,134,240,320,center_stride,3,130,99,114,6,7,3
3561,PushUps,PushUps/v_PushUps_g06_c02.avi,81,240,320,uniform_fallback,0,80,20,30,2,15,11
3562,PushUps,PushUps/v_PushUps_g06_c03.avi,86,240,320,uniform_fallback,0,85,75,85,7,6,5
3563,PushUps,PushUps/v_PushUps_g07_c02.avi,77,240,320,uniform_fallback,0,76,38,47,4,3,1
3564,PushUps,PushUps/v_PushUps_g07_c04.avi,77,240,320,uniform_fallback,0,76,38,47,4,4,0
3565,PushUps,PushUps/v_PushUps_g08_c02.avi,84,240,320,uniform_fallback,0,83,63,73,6,13,7
3566,PushUps,PushUps/v_PushUps_g08_c04.avi,84,240,320,uniform_fallback,0,83,52,62,5,4,9
3567,PushUps,PushUps/v_PushUps_g09_c04.avi,84,240,320,uniform_fallback,0,83,10,20,1,7,8
3568,PushUps,PushUps/v_PushUps_g10_c01.avi,69,240,320,uniform_fallback,0,68,60,68,7,6,14
3569,PushUps,PushUps/v_PushUps_g11_c01.avi,66,240,320,uniform_fallback,0,65,16,24,2,0,9
3570,PushUps,PushUps/v_PushUps_g11_c02.avi,59,240,320,uniform_fallback,0,58,22,29,3,14,10
3571,PushUps,PushUps/v_PushUps_g12_c03.avi,70,240,320,uniform_fallback,0,69,61,69,7,4,3
3572,PushUps,PushUps/v_PushUps_g12_c04.avi,72,240,320,uniform_fallback,0,71,0,8,0,14,4
3573,PushUps,PushUps/v_PushUps_g13_c01.avi,72,240,320,uniform_fallback,0,71,27,35,3,14,1
3574,PushUps,PushUps/v_PushUps_g13_c03.avi,51,240,320,uniform_fallback,0,50,44,50,7,6,1
3575,PushUps,PushUps/v_PushUps_g13_c04.avi,59,240,320,uniform_fallback,0,58,29,36,4,12,10
3576,PushUps,PushUps/v_PushUps_g15_c01.avi,105,240,320,uniform_fallback,0,104,66,78,5,1,9
3577,PushUps,PushUps/v_PushUps_g15_c03.avi,85,240,320,uniform_fallback,0,84,11,21,1,1,11
3578,PushUps,PushUps/v_PushUps_g16_c02.avi,76,240,320,uniform_fallback,0,75,9,18,1,12,15
3579,PushUps,PushUps/v_PushUps_g17_c01.avi,80,240,320,uniform_fallback,0,79,0,9,0,2,2
3580,PushUps,PushUps/v_PushUps_g17_c02.avi,81,240,320,uniform_fallback,0,80,30,40,3,8,10
3581,PushUps,PushUps/v_PushUps_g17_c03.avi,74,240,320,uniform_fallback,0,73,18,27,2,14,1
3582,PushUps,PushUps/v_PushUps_g17_c04.avi,79,240,320,uniform_fallback,0,78,10,19,1,7,10
3583,PushUps,PushUps/v_PushUps_g18_c03.avi,75,240,320,uniform_fallback,0,74,47,55,5,9,3
3584,PushUps,PushUps/v_PushUps_g19_c01.avi,72,240,320,uniform_fallback,0,71,45,53,5,0,9
3585,PushUps,PushUps/v_PushUps_g19_c02.avi,75,240,320,uniform_fallback,0,74,37,46,4,5,3
3586,PushUps,PushUps/v_PushUps_g19_c04.avi,76,240,320,uniform_fallback,0,75,19,28,2,6,15
3587,PushUps,PushUps/v_PushUps_g20_c02.avi,88,240,320,uniform_fallback,0,87,22,32,2,11,15
3588,PushUps,PushUps/v_PushUps_g20_c03.avi,95,240,320,uniform_fallback,0,94,71,82,6,5,8
3589,PushUps,PushUps/v_PushUps_g20_c04.avi,94,240,320,uniform_fallback,0,93,35,46,3,11,1
3590,PushUps,PushUps/v_PushUps_g21_c01.avi,90,240,320,uniform_fallback,0,89,11,22,1,5,1
3591,PushUps,PushUps/v_PushUps_g21_c02.avi,166,240,320,center_stride,19,146,115,130,6,4,13
3592,PushUps,PushUps/v_PushUps_g22_c01.avi,57,240,320,uniform_fallback,0,56,42,49,6,2,1
3593,PushUps,PushUps/v_PushUps_g22_c02.avi,108,240,320,uniform_fallback,0,107,81,94,6,8,0
3594,PushUps,PushUps/v_PushUps_g22_c03.avi,67,240,320,uniform_fallback,0,66,58,66,7,5,5
3595,PushUps,PushUps/v_PushUps_g23_c02.avi,61,240,320,uniform_fallback,0,60,38,45,5,1,7
3596,PushUps,PushUps/v_PushUps_g23_c03.avi,62,240,320,uniform_fallback,0,61,15,23,2,10,4
3597,PushUps,PushUps/v_PushUps_g23_c04.avi,60,240,320,uniform_fallback,0,59,45,52,6,4,13
3598,PushUps,PushUps/v_PushUps_g25_c02.avi,109,240,320,uniform_fallback,0,108,82,94,6,8,7
3599,PushUps,PushUps/v_PushUps_g25_c04.avi,101,240,320,uniform_fallback,0,100,0,12,0,2,1
3600,Rafting,Rafting/v_Rafting_g01_c01.avi,233,240,320,center_stride,52,179,132,147,5,11,9
3601,Rafting,Rafting/v_Rafting_g01_c02.avi,213,240,320,center_stride,42,169,122,137,5,4,3
3602,Rafting,Rafting/v_Rafting_g02_c03.avi,233,240,320,center_stride,52,179,116,131,4,0,5
3603,Rafting,Rafting/v_Rafting_g03_c02.avi,118,240,320,uniform_fallback,0,117,59,73,4,12,10
3604,Rafting,Rafting/v_Rafting_g03_c03.avi,112,240,320,uniform_fallback,0,111,98,111,7,7,14
3605,Rafting,Rafting/v_Rafting_g03_c04.avi,118,240,320,uniform_fallback,0,117,15,29,1,0,12
3606,Rafting,Rafting/v_Rafting_g04_c02.avi,270,240,320,center_stride,71,198,135,150,4,3,5
3607,Rafting,Rafting/v_Rafting_g04_c04.avi,222,240,320,center_stride,47,174,111,126,4,15,5
3608,Rafting,Rafting/v_Rafting_g05_c02.avi,124,240,320,uniform_fallback,0,123,15,30,1,13,14
3609,Rafting,Rafting/v_Rafting_g06_c01.avi,253,240,320,center_stride,62,189,94,109,2,15,5
3610,Rafting,Rafting/v_Rafting_g06_c02.avi,105,240,320,uniform_fallback,0,104,66,78,5,5,9
3611,Rafting,Rafting/v_Rafting_g06_c03.avi,263,240,320,center_stride,67,194,67,82,0,12,0
3612,Rafting,Rafting/v_Rafting_g07_c02.avi,245,240,320,center_stride,58,185,170,185,7,4,15
3613,Rafting,Rafting/v_Rafting_g08_c01.avi,184,240,320,center_stride,28,155,124,139,6,12,3
3614,Rafting,Rafting/v_Rafting_g08_c02.avi,234,240,320,center_stride,53,180,53,68,0,9,7
3615,Rafting,Rafting/v_Rafting_g08_c03.avi,261,240,320,center_stride,66,193,66,81,0,12,9
3616,Rafting,Rafting/v_Rafting_g09_c02.avi,186,240,320,center_stride,29,156,93,108,4,5,15
3617,Rafting,Rafting/v_Rafting_g09_c03.avi,75,240,320,uniform_fallback,0,74,56,65,6,1,7
3618,Rafting,Rafting/v_Rafting_g10_c03.avi,243,240,320,center_stride,57,184,73,88,1,11,1
3619,Rafting,Rafting/v_Rafting_g10_c04.avi,251,240,320,center_stride,61,188,77,92,1,0,7
3620,Rafting,Rafting/v_Rafting_g10_c05.avi,203,240,320,center_stride,37,164,53,68,1,13,3
3621,Rafting,Rafting/v_Rafting_g11_c04.avi,256,240,320,center_stride,64,191,128,143,4,12,10
3622,Rafting,Rafting/v_Rafting_g12_c02.avi,155,240,320,center_stride,13,140,29,44,1,5,7
3623,Rafting,Rafting/v_Rafting_g13_c04.avi,269,240,320,center_stride,70,197,166,181,6,5,15
3624,Rafting,Rafting/v_Rafting_g13_c05.avi,240,240,320,center_stride,56,183,56,71,0,0,5
3625,Rafting,Rafting/v_Rafting_g14_c02.avi,165,240,320,center_stride,18,145,18,33,0,15,6
3626,Rafting,Rafting/v_Rafting_g14_c04.avi,120,240,320,uniform_fallback,0,119,90,104,6,12,12
3627,Rafting,Rafting/v_Rafting_g15_c02.avi,240,240,320,center_stride,56,183,136,151,5,15,8
3628,Rafting,Rafting/v_Rafting_g15_c03.avi,246,240,320,center_stride,59,186,75,90,1,14,4
3629,Rafting,Rafting/v_Rafting_g16_c03.avi,283,240,320,center_stride,77,204,109,124,2,0,3
3630,Rafting,Rafting/v_Rafting_g16_c04.avi,245,240,320,center_stride,58,185,74,89,1,14,13
3631,Rafting,Rafting/v_Rafting_g16_c06.avi,253,240,320,center_stride,62,189,78,93,1,12,4
3632,Rafting,Rafting/v_Rafting_g16_c07.avi,188,240,320,center_stride,30,157,126,141,6,0,12
3633,Rafting,Rafting/v_Rafting_g17_c03.avi,232,240,320,center_stride,52,179,132,147,5,2,10
3634,Rafting,Rafting/v_Rafting_g17_c05.avi,257,240,320,center_stride,64,191,160,175,6,13,7
3635,Rafting,Rafting/v_Rafting_g17_c06.avi,252,240,320,center_stride,62,189,174,189,7,2,2
3636,Rafting,Rafting/v_Rafting_g18_c03.avi,101,240,320,uniform_fallback,0,100,0,12,0,4,9
3637,Rafting,Rafting/v_Rafting_g19_c01.avi,171,240,320,center_stride,21,148,69,84,3,1,4
3638,Rafting,Rafting/v_Rafting_g19_c02.avi,129,240,320,center_stride,0,127,80,95,5,15,15
3639,Rafting,Rafting/v_Rafting_g19_c03.avi,182,240,320,center_stride,27,154,27,42,0,8,9
3640,Rafting,Rafting/v_Rafting_g20_c02.avi,233,240,320,center_stride,52,179,100,115,3,9,8
3641,Rafting,Rafting/v_Rafting_g21_c01.avi,125,240,320,uniform_fallback,0,124,47,62,3,14,13
3642,Rafting,Rafting/v_Rafting_g21_c03.avi,126,240,320,uniform_fallback,0,125,31,46,2,1,2
3643,Rafting,Rafting/v_Rafting_g22_c01.avi,125,240,320,uniform_fallback,0,124,109,124,7,3,7
3644,Rafting,Rafting/v_Rafting_g22_c03.avi,125,240,320,uniform_fallback,0,124,16,30,1,0,7
3645,Rafting,Rafting/v_Rafting_g23_c01.avi,101,240,320,uniform_fallback,0,100,50,62,4,6,10
3646,Rafting,Rafting/v_Rafting_g23_c03.avi,125,240,320,uniform_fallback,0,124,47,62,3,8,9
3647,Rafting,Rafting/v_Rafting_g23_c04.avi,150,240,320,center_stride,11,138,91,106,5,7,5
3648,Rafting,Rafting/v_Rafting_g25_c02.avi,135,240,320,center_stride,3,130,83,98,5,7,7
3649,Rafting,Rafting/v_Rafting_g25_c03.avi,125,240,320,uniform_fallback,0,124,78,93,5,9,14
3650,RockClimbingIndoor,RockClimbingIndoor/v_RockClimbingIndoor_g01_c02.avi,535,240,320,center_stride,203,330,283,298,5,6,1
3651,RockClimbingIndoor,RockClimbingIndoor/v_RockClimbingIndoor_g01_c03.avi,504,240,320,center_stride,188,315,188,203,0,11,7
3652,RockClimbingIndoor,RockClimbingIndoor/v_RockClimbingIndoor_g01_c05.avi,464,240,320,center_stride,168,295,216,231,3,4,0
3653,RockClimbingIndoor,RockClimbingIndoor/v_RockClimbingIndoor_g02_c02.avi,354,240,320,center_stride,113,240,177,192,4,8,1
3654,RockClimbingIndoor,RockClimbingIndoor/v_RockClimbingIndoor_g02_c05.avi,310,240,320,center_stride,91,218,139,154,3,15,14
3655,RockClimbingIndoor,RockClimbingIndoor/v_RockClimbingIndoor_g03_c06.avi,413,240,320,center_stride,142,269,254,269,7,13,15
3656,RockClimbingIndoor,RockClimbingIndoor/v_RockClimbingIndoor_g04_c04.avi,834,240,320,center_stride,353,480,449,464,6,2,9
3657,RockClimbingIndoor,RockClimbingIndoor/v_RockClimbingIndoor_g05_c05.avi,328,240,320,center_stride,100,227,132,147,2,3,3
3658,RockClimbingIndoor,RockClimbingIndoor/v_RockClimbingIndoor_g06_c01.avi,312,240,320,center_stride,92,219,108,123,1,3,8
3659,RockClimbingIndoor,RockClimbingIndoor/v_RockClimbingIndoor_g07_c02.avi,443,240,320,center_stride,157,284,205,220,3,6,15
3660,RockClimbingIndoor,RockClimbingIndoor/v_RockClimbingIndoor_g07_c03.avi,458,240,320,center_stride,165,292,261,276,6,1,12
3661,RockClimbingIndoor,RockClimbingIndoor/v_RockClimbingIndoor_g07_c05.avi,442,240,320,center_stride,157,284,237,252,5,7,13
3662,RockClimbingIndoor,RockClimbingIndoor/v_RockClimbingIndoor_g08_c03.avi,480,240,320,center_stride,176,303,288,303,7,6,12
3663,RockClimbingIndoor,RockClimbingIndoor/v_RockClimbingIndoor_g08_c05.avi,480,240,320,center_stride,176,303,288,303,7,12,8
3664,RockClimbingIndoor,RockClimbingIndoor/v_RockClimbingIndoor_g08_c07.avi,490,240,320,center_stride,181,308,261,276,5,12,15
3665,RockClimbingIndoor,RockClimbingIndoor/v_RockClimbingIndoor_g10_c03.avi,441,240,320,center_stride,156,283,268,283,7,6,7
3666,RockClimbingIndoor,RockClimbingIndoor/v_RockClimbingIndoor_g10_c04.avi,403,240,320,center_stride,137,264,249,264,7,4,2
3667,RockClimbingIndoor,RockClimbingIndoor/v_RockClimbingIndoor_g10_c05.avi,426,240,320,center_stride,149,276,197,212,3,5,14
3668,RockClimbingIndoor,RockClimbingIndoor/v_RockClimbingIndoor_g10_c06.avi,412,240,320,center_stride,142,269,190,205,3,7,13
3669,RockClimbingIndoor,RockClimbingIndoor/v_RockClimbingIndoor_g11_c01.avi,167,240,320,center_stride,19,146,35,50,1,5,3
3670,RockClimbingIndoor,RockClimbingIndoor/v_RockClimbingIndoor_g11_c03.avi,167,240,320,center_stride,19,146,67,82,3,15,15
3671,RockClimbingIndoor,RockClimbingIndoor/v_RockClimbingIndoor_g12_c06.avi,501,240,320,center_stride,186,313,298,313,7,7,5
3672,RockClimbingIndoor,RockClimbingIndoor/v_RockClimbingIndoor_g13_c06.avi,249,240,320,center_stride,60,187,60,75,0,10,13
3673,RockClimbingIndoor,RockClimbingIndoor/v_RockClimbingIndoor_g14_c02.avi,306,240,320,center_stride,89,216,89,104,0,13,9
3674,RockClimbingIndoor,RockClimbingIndoor/v_RockClimbingIndoor_g14_c04.avi,422,240,320,center_stride,147,274,211,226,4,14,4
3675,RockClimbingIndoor,RockClimbingIndoor/v_RockClimbingIndoor_g15_c01.avi,342,240,320,center_stride,107,234,219,234,7,2,11
3676,RockClimbingIndoor,RockClimbingIndoor/v_RockClimbingIndoor_g16_c01.avi,247,240,320,center_stride,59,186,155,170,6,11,1
3677,RockClimbingIndoor,RockClimbingIndoor/v_RockClimbingIndoor_g16_c03.avi,250,240,320,center_stride,61,188,109,124,3,6,9
3678,RockClimbingIndoor,RockClimbingIndoor/v_RockClimbingIndoor_g16_c04.avi,250,240,320,center_stride,61,188,173,188,7,15,3
3679,RockClimbingIndoor,RockClimbingIndoor/v_RockClimbingIndoor_g16_c05.avi,252,240,320,center_stride,62,189,126,141,4,10,1
3680,RockClimbingIndoor,RockClimbingIndoor/v_RockClimbingIndoor_g17_c01.avi,319,240,320,center_stride,95,222,159,174,4,5,12
3681,RockClimbingIndoor,RockClimbingIndoor/v_RockClimbingIndoor_g17_c02.avi,404,240,320,center_stride,138,265,138,153,0,2,13
3682,RockClimbingIndoor,RockClimbingIndoor/v_RockClimbingIndoor_g17_c03.avi,308,240,320,center_stride,90,217,138,153,3,13,1
3683,RockClimbingIndoor,RockClimbingIndoor/v_RockClimbingIndoor_g17_c04.avi,237,240,320,center_stride,54,181,166,181,7,5,1
3684,RockClimbingIndoor,RockClimbingIndoor/v_RockClimbingIndoor_g18_c03.avi,166,240,320,center_stride,19,146,35,50,1,15,3
3685,RockClimbingIndoor,RockClimbingIndoor/v_RockClimbingIndoor_g18_c04.avi,167,240,320,center_stride,19,146,67,82,3,1,9
3686,RockClimbingIndoor,RockClimbingIndoor/v_RockClimbingIndoor_g19_c03.avi,407,240,320,center_stride,139,266,235,250,6,9,3
3687,RockClimbingIndoor,RockClimbingIndoor/v_RockClimbingIndoor_g19_c04.avi,402,240,320,center_stride,137,264,233,248,6,8,12
3688,RockClimbingIndoor,RockClimbingIndoor/v_RockClimbingIndoor_g20_c04.avi,397,240,320,center_stride,134,261,246,261,7,14,8
3689,RockClimbingIndoor,RockClimbingIndoor/v_RockClimbingIndoor_g20_c06.avi,400,240,320,center_stride,136,263,248,263,7,10,14
3690,RockClimbingIndoor,RockClimbingIndoor/v_RockClimbingIndoor_g21_c03.avi,408,240,320,center_stride,140,267,156,171,1,0,5
3691,RockClimbingIndoor,RockClimbingIndoor/v_RockClimbingIndoor_g21_c07.avi,450,240,320,center_stride,161,288,241,256,5,3,3
3692,RockClimbingIndoor,RockClimbingIndoor/v_RockClimbingIndoor_g22_c02.avi,406,240,320,center_stride,139,266,235,250,6,1,15
3693,RockClimbingIndoor,RockClimbingIndoor/v_RockClimbingIndoor_g22_c03.avi,427,240,320,center_stride,149,276,181,196,2,7,9
3694,RockClimbingIndoor,RockClimbingIndoor/v_RockClimbingIndoor_g22_c06.avi,413,240,320,center_stride,142,269,158,173,1,10,5
3695,RockClimbingIndoor,RockClimbingIndoor/v_RockClimbingIndoor_g23_c01.avi,324,240,320,center_stride,98,225,210,225,7,10,0
3696,RockClimbingIndoor,RockClimbingIndoor/v_RockClimbingIndoor_g23_c06.avi,332,240,320,center_stride,102,229,118,133,1,0,7
3697,RockClimbingIndoor,RockClimbingIndoor/v_RockClimbingIndoor_g24_c05.avi,438,240,320,center_stride,155,282,171,186,1,9,5
3698,RockClimbingIndoor,RockClimbingIndoor/v_RockClimbingIndoor_g25_c03.avi,391,240,320,center_stride,131,258,211,226,5,0,6
3699,RockClimbingIndoor,RockClimbingIndoor/v_RockClimbingIndoor_g25_c04.avi,414,240,320,center_stride,143,270,143,158,0,1,1
3700,RopeClimbing,RopeClimbing/v_RopeClimbing_g01_c01.avi,161,240,320,center_stride,16,143,32,47,1,2,7
3701,RopeClimbing,RopeClimbing/v_RopeClimbing_g01_c02.avi,170,240,320,center_stride,21,148,133,148,7,0,3
3702,RopeClimbing,RopeClimbing/v_RopeClimbing_g02_c03.avi,170,240,320,center_stride,21,148,69,84,3,3,14
3703,RopeClimbing,RopeClimbing/v_RopeClimbing_g02_c05.avi,154,240,320,center_stride,13,140,77,92,4,5,11
3704,RopeClimbing,RopeClimbing/v_RopeClimbing_g02_c06.avi,186,240,320,center_stride,29,156,61,76,2,4,4
3705,RopeClimbing,RopeClimbing/v_RopeClimbing_g04_c01.avi,155,240,320,center_stride,13,140,13,28,0,12,13
3706,RopeClimbing,RopeClimbing/v_RopeClimbing_g04_c02.avi,158,240,320,center_stride,15,142,47,62,2,4,1
3707,RopeClimbing,RopeClimbing/v_RopeClimbing_g04_c04.avi,155,240,320,center_stride,13,140,29,44,1,10,0
3708,RopeClimbing,RopeClimbing/v_RopeClimbing_g05_c06.avi,188,240,320,center_stride,30,157,142,157,7,7,13
3709,RopeClimbing,RopeClimbing/v_RopeClimbing_g06_c01.avi,152,240,320,center_stride,12,139,92,107,5,15,6
3710,RopeClimbing,RopeClimbing/v_RopeClimbing_g06_c02.avi,161,240,320,center_stride,16,143,96,111,5,15,3
3711,RopeClimbing,RopeClimbing/v_RopeClimbing_g07_c02.avi,206,240,320,center_stride,39,166,55,70,1,15,12
3712,RopeClimbing,RopeClimbing/v_RopeClimbing_g08_c01.avi,179,240,320,center_stride,25,152,121,136,6,4,7
3713,RopeClimbing,RopeClimbing/v_RopeClimbing_g08_c02.avi,103,240,320,uniform_fallback,0,102,90,102,7,8,2
3714,RopeClimbing,RopeClimbing/v_RopeClimbing_g08_c03.avi,118,240,320,uniform_fallback,0,117,15,29,1,0,12
3715,RopeClimbing,RopeClimbing/v_RopeClimbing_g09_c04.avi,167,240,320,center_stride,19,146,67,82,3,15,9
3716,RopeClimbing,RopeClimbing/v_RopeClimbing_g10_c02.avi,154,240,320,center_stride,13,140,125,140,7,6,11
3717,RopeClimbing,RopeClimbing/v_RopeClimbing_g10_c03.avi,156,240,320,center_stride,14,141,30,45,1,6,7
3718,RopeClimbing,RopeClimbing/v_RopeClimbing_g11_c01.avi,101,240,320,uniform_fallback,0,100,38,50,3,15,12
3719,RopeClimbing,RopeClimbing/v_RopeClimbing_g11_c02.avi,107,240,320,uniform_fallback,0,106,27,39,2,13,10
3720,RopeClimbing,RopeClimbing/v_RopeClimbing_g12_c03.avi,190,240,320,center_stride,31,158,79,94,3,10,15
3721,RopeClimbing,RopeClimbing/v_RopeClimbing_g13_c01.avi,77,240,320,uniform_fallback,0,76,19,28,2,2,15
3722,RopeClimbing,RopeClimbing/v_RopeClimbing_g13_c04.avi,89,240,320,uniform_fallback,0,88,11,21,1,13,10
3723,RopeClimbing,RopeClimbing/v_RopeClimbing_g13_c06.avi,98,240,320,uniform_fallback,0,97,61,73,5,3,1
3724,RopeClimbing,RopeClimbing/v_RopeClimbing_g13_c07.avi,84,240,320,uniform_fallback,0,83,21,31,2,12,5
3725,RopeClimbing,RopeClimbing/v_RopeClimbing_g14_c03.avi,217,240,320,center_stride,44,171,140,155,6,6,11
3726,RopeClimbing,RopeClimbing/v_RopeClimbing_g15_c01.avi,226,240,320,center_stride,49,176,113,128,4,9,9
3727,RopeClimbing,RopeClimbing/v_RopeClimbing_g15_c04.avi,228,240,320,center_stride,50,177,66,81,1,10,7
3728,RopeClimbing,RopeClimbing/v_RopeClimbing_g16_c01.avi,219,240,320,center_stride,45,172,157,172,7,8,13
3729,RopeClimbing,RopeClimbing/v_RopeClimbing_g16_c03.avi,168,240,320,center_stride,20,147,52,67,2,6,5
3730,RopeClimbing,RopeClimbing/v_RopeClimbing_g16_c05.avi,151,240,320,center_stride,11,138,43,58,2,11,5
3731,RopeClimbing,RopeClimbing/v_RopeClimbing_g17_c01.avi,180,240,320,center_stride,26,153,122,137,6,5,6
3732,RopeClimbing,RopeClimbing/v_RopeClimbing_g17_c02.avi,185,240,320,center_stride,28,155,28,43,0,4,2
3733,RopeClimbing,RopeClimbing/v_RopeClimbing_g18_c01.avi,188,240,320,center_stride,30,157,30,45,0,9,9
3734,RopeClimbing,RopeClimbing/v_RopeClimbing_g18_c03.avi,203,240,320,center_stride,37,164,101,116,4,10,5
3735,RopeClimbing,RopeClimbing/v_RopeClimbing_g18_c04.avi,204,240,320,center_stride,38,165,38,53,0,9,9
3736,RopeClimbing,RopeClimbing/v_RopeClimbing_g19_c02.avi,171,240,320,center_stride,21,148,21,36,0,4,9
3737,RopeClimbing,RopeClimbing/v_RopeClimbing_g19_c04.avi,171,240,320,center_stride,21,148,101,116,5,5,8
3738,RopeClimbing,RopeClimbing/v_RopeClimbing_g19_c05.avi,164,240,320,center_stride,18,145,66,81,3,13,6
3739,RopeClimbing,RopeClimbing/v_RopeClimbing_g19_c07.avi,179,240,320,center_stride,25,152,105,120,5,6,1
3740,RopeClimbing,RopeClimbing/v_RopeClimbing_g20_c02.avi,163,240,320,center_stride,17,144,97,112,5,14,5
3741,RopeClimbing,RopeClimbing/v_RopeClimbing_g21_c04.avi,175,240,320,center_stride,23,150,23,38,0,7,12
3742,RopeClimbing,RopeClimbing/v_RopeClimbing_g22_c04.avi,212,240,320,center_stride,42,169,138,153,6,13,3
3743,RopeClimbing,RopeClimbing/v_RopeClimbing_g23_c02.avi,153,240,320,center_stride,12,139,124,139,7,11,7
3744,RopeClimbing,RopeClimbing/v_RopeClimbing_g24_c01.avi,157,240,320,center_stride,14,141,14,29,0,8,10
3745,RopeClimbing,RopeClimbing/v_RopeClimbing_g24_c02.avi,151,240,320,center_stride,11,138,91,106,5,4,14
3746,RopeClimbing,RopeClimbing/v_RopeClimbing_g25_c01.avi,152,240,320,center_stride,12,139,44,59,2,1,6
3747,RopeClimbing,RopeClimbing/v_RopeClimbing_g25_c02.avi,163,240,320,center_stride,17,144,129,144,7,11,1
3748,RopeClimbing,RopeClimbing/v_RopeClimbing_g25_c03.avi,165,240,320,center_stride,18,145,66,81,3,7,2
3749,RopeClimbing,RopeClimbing/v_RopeClimbing_g25_c05.avi,157,240,320,center_stride,14,141,110,125,6,11,10
3750,Rowing,Rowing/v_Rowing_g01_c01.avi,353,240,320,center_stride,112,239,128,143,1,13,8
3751,Rowing,Rowing/v_Rowing_g01_c02.avi,301,240,320,center_stride,86,213,182,197,6,13,13
3752,Rowing,Rowing/v_Rowing_g01_c03.avi,227,240,320,center_stride,49,176,145,160,6,1,15
3753,Rowing,Rowing/v_Rowing_g02_c01.avi,359,240,320,center_stride,115,242,115,130,0,6,15
3754,Rowing,Rowing/v_Rowing_g02_c02.avi,374,240,320,center_stride,123,250,155,170,2,7,10
3755,Rowing,Rowing/v_Rowing_g02_c06.avi,290,240,320,center_stride,81,208,161,176,5,7,8
3756,Rowing,Rowing/v_Rowing_g03_c01.avi,377,240,320,center_stride,124,251,236,251,7,1,14
3757,Rowing,Rowing/v_Rowing_g03_c02.avi,481,240,320,center_stride,176,303,176,191,0,6,4
3758,Rowing,Rowing/v_Rowing_g04_c01.avi,262,240,320,center_stride,67,194,99,114,2,11,14
3759,Rowing,Rowing/v_Rowing_g04_c05.avi,300,240,320,center_stride,86,213,166,181,5,10,10
3760,Rowing,Rowing/v_Rowing_g04_c06.avi,346,240,320,center_stride,109,236,125,140,1,5,14
3761,Rowing,Rowing/v_Rowing_g05_c02.avi,342,240,320,center_stride,107,234,123,138,1,12,11
3762,Rowing,Rowing/v_Rowing_g05_c03.avi,414,240,320,center_stride,143,270,255,270,7,1,10
3763,Rowing,Rowing/v_Rowing_g05_c04.avi,426,240,320,center_stride,149,276,245,260,6,15,4
3764,Rowing,Rowing/v_Rowing_g06_c04.avi,292,240,320,center_stride,82,209,82,97,0,14,14
3765,Rowing,Rowing/v_Rowing_g07_c01.avi,188,240,320,center_stride,30,157,94,109,4,6,1
3766,Rowing,Rowing/v_Rowing_g07_c03.avi,266,240,320,center_stride,69,196,149,164,5,13,2
3767,Rowing,Rowing/v_Rowing_g08_c02.avi,175,240,320,center_stride,23,150,23,38,0,6,7
3768,Rowing,Rowing/v_Rowing_g08_c04.avi,281,240,320,center_stride,76,203,188,203,7,1,14
3769,Rowing,Rowing/v_Rowing_g09_c01.avi,319,240,320,center_stride,95,222,191,206,6,1,0
3770,Rowing,Rowing/v_Rowing_g09_c04.avi,426,240,320,center_stride,149,276,197,212,3,9,11
3771,Rowing,Rowing/v_Rowing_g10_c04.avi,507,240,320,center_stride,189,316,237,252,3,8,12
3772,Rowing,Rowing/v_Rowing_g10_c05.avi,439,240,320,center_stride,155,282,267,282,7,0,11
3773,Rowing,Rowing/v_Rowing_g10_c06.avi,481,240,320,center_stride,176,303,192,207,1,1,9
3774,Rowing,Rowing/v_Rowing_g11_c01.avi,272,240,320,center_stride,72,199,168,183,6,12,8
3775,Rowing,Rowing/v_Rowing_g11_c05.avi,325,240,320,center_stride,98,225,114,129,1,13,1
3776,Rowing,Rowing/v_Rowing_g11_c06.avi,168,240,320,center_stride,20,147,100,115,5,0,4
3777,Rowing,Rowing/v_Rowing_g13_c06.avi,178,240,320,center_stride,25,152,73,88,3,2,11
3778,Rowing,Rowing/v_Rowing_g15_c01.avi,778,240,320,center_stride,325,452,357,372,2,1,14
3779,Rowing,Rowing/v_Rowing_g15_c02.avi,823,240,320,center_stride,347,474,379,394,2,6,10
3780,Rowing,Rowing/v_Rowing_g15_c05.avi,846,240,320,center_stride,359,486,471,486,7,14,11
3781,Rowing,Rowing/v_Rowing_g15_c06.avi,800,240,320,center_stride,336,463,400,415,4,6,11
3782,Rowing,Rowing/v_Rowing_g16_c01.avi,168,240,320,center_stride,20,147,52,67,2,0,4
3783,Rowing,Rowing/v_Rowing_g16_c03.avi,135,240,320,center_stride,3,130,115,130,7,14,6
3784,Rowing,Rowing/v_Rowing_g17_c02.avi,362,240,320,center_stride,117,244,117,132,0,4,10
3785,Rowing,Rowing/v_Rowing_g17_c04.avi,214,240,320,center_stride,43,170,155,170,7,11,2
3786,Rowing,Rowing/v_Rowing_g17_c06.avi,333,240,320,center_stride,102,229,182,197,5,1,11
3787,Rowing,Rowing/v_Rowing_g18_c01.avi,255,240,320,center_stride,63,190,95,110,2,9,1
3788,Rowing,Rowing/v_Rowing_g19_c01.avi,270,240,320,center_stride,71,198,183,198,7,2,1
3789,Rowing,Rowing/v_Rowing_g19_c03.avi,160,240,320,center_stride,16,143,80,95,4,8,6
3790,Rowing,Rowing/v_Rowing_g19_c04.avi,370,240,320,center_stride,121,248,201,216,5,3,12
3791,Rowing,Rowing/v_Rowing_g19_c05.avi,390,240,320,center_stride,131,258,131,146,0,11,12
3792,Rowing,Rowing/v_Rowing_g21_c03.avi,297,240,320,center_stride,84,211,116,131,2,4,1
3793,Rowing,Rowing/v_Rowing_g21_c05.avi,113,240,320,uniform_fallback,0,112,99,112,7,3,11
3794,Rowing,Rowing/v_Rowing_g22_c02.avi,140,240,320,center_stride,6,133,118,133,7,10,3
3795,Rowing,Rowing/v_Rowing_g22_c03.avi,179,240,320,center_stride,25,152,73,88,3,10,2
3796,Rowing,Rowing/v_Rowing_g23_c03.avi,259,240,320,center_stride,65,192,97,112,2,14,12
3797,Rowing,Rowing/v_Rowing_g23_c05.avi,200,240,320,center_stride,36,163,52,67,1,7,14
3798,Rowing,Rowing/v_Rowing_g24_c02.avi,232,240,320,center_stride,52,179,52,67,0,13,10
3799,Rowing,Rowing/v_Rowing_g25_c05.avi,353,240,320,center_stride,112,239,112,127,0,9,9
3800,SalsaSpin,SalsaSpin/v_SalsaSpin_g01_c03.avi,167,240,320,center_stride,19,146,99,114,5,13,3
3801,SalsaSpin,SalsaSpin/v_SalsaSpin_g01_c06.avi,167,240,320,center_stride,19,146,19,34,0,2,5
3802,SalsaSpin,SalsaSpin/v_SalsaSpin_g02_c02.avi,333,240,320,center_stride,102,229,134,149,2,15,0
3803,SalsaSpin,SalsaSpin/v_SalsaSpin_g02_c03.avi,333,240,320,center_stride,102,229,102,117,0,13,0
3804,SalsaSpin,SalsaSpin/v_SalsaSpin_g02_c06.avi,333,240,320,center_stride,102,229,182,197,5,15,12
3805,SalsaSpin,SalsaSpin/v_SalsaSpin_g03_c02.avi,168,240,320,center_stride,20,147,68,83,3,3,9
3806,SalsaSpin,SalsaSpin/v_SalsaSpin_g03_c03.avi,168,240,320,center_stride,20,147,52,67,2,8,13
3807,SalsaSpin,SalsaSpin/v_SalsaSpin_g04_c02.avi,333,240,320,center_stride,102,229,134,149,2,1,12
3808,SalsaSpin,SalsaSpin/v_SalsaSpin_g04_c06.avi,333,240,320,center_stride,102,229,166,181,4,4,8
3809,SalsaSpin,SalsaSpin/v_SalsaSpin_g05_c04.avi,200,240,320,center_stride,36,163,148,163,7,12,3
3810,SalsaSpin,SalsaSpin/v_SalsaSpin_g05_c06.avi,200,240,320,center_stride,36,163,84,99,3,11,8
3811,SalsaSpin,SalsaSpin/v_SalsaSpin_g06_c01.avi,167,240,320,center_stride,19,146,51,66,2,1,13
3812,SalsaSpin,SalsaSpin/v_SalsaSpin_g06_c02.avi,167,240,320,center_stride,19,146,115,130,6,2,11
3813,SalsaSpin,SalsaSpin/v_SalsaSpin_g07_c01.avi,167,240,320,center_stride,19,146,19,34,0,1,4
3814,SalsaSpin,SalsaSpin/v_SalsaSpin_g08_c02.avi,200,240,320,center_stride,36,163,68,83,2,6,3
3815,SalsaSpin,SalsaSpin/v_SalsaSpin_g08_c05.avi,200,240,320,center_stride,36,163,148,163,7,4,1
3816,SalsaSpin,SalsaSpin/v_SalsaSpin_g09_c05.avi,167,240,320,center_stride,19,146,19,34,0,4,10
3817,SalsaSpin,SalsaSpin/v_SalsaSpin_g10_c01.avi,168,240,320,center_stride,20,147,20,35,0,0,15
3818,SalsaSpin,SalsaSpin/v_SalsaSpin_g10_c02.avi,168,240,320,center_stride,20,147,116,131,6,3,6
3819,SalsaSpin,SalsaSpin/v_SalsaSpin_g10_c04.avi,168,240,320,center_stride,20,147,132,147,7,10,15
3820,SalsaSpin,SalsaSpin/v_SalsaSpin_g11_c01.avi,167,240,320,center_stride,19,146,51,66,2,10,3
3821,SalsaSpin,SalsaSpin/v_SalsaSpin_g11_c03.avi,167,240,320,center_stride,19,146,83,98,4,9,14
3822,SalsaSpin,SalsaSpin/v_SalsaSpin_g11_c05.avi,167,240,320,center_stride,19,146,131,146,7,5,7
3823,SalsaSpin,SalsaSpin/v_SalsaSpin_g12_c02.avi,200,240,320,center_stride,36,163,84,99,3,2,13
3824,SalsaSpin,SalsaSpin/v_SalsaSpin_g12_c03.avi,200,240,320,center_stride,36,163,36,51,0,0,12
3825,SalsaSpin,SalsaSpin/v_SalsaSpin_g12_c05.avi,200,240,320,center_stride,36,163,36,51,0,1,14
3826,SalsaSpin,SalsaSpin/v_SalsaSpin_g12_c06.avi,200,240,320,center_stride,36,163,36,51,0,10,6
3827,SalsaSpin,SalsaSpin/v_SalsaSpin_g13_c04.avi,187,240,320,center_stride,29,156,45,60,1,6,13
3828,SalsaSpin,SalsaSpin/v_SalsaSpin_g14_c03.avi,333,240,320,center_stride,102,229,198,213,6,15,2
3829,SalsaSpin,SalsaSpin/v_SalsaSpin_g14_c04.avi,333,240,320,center_stride,102,229,214,229,7,9,15
3830,SalsaSpin,SalsaSpin/v_SalsaSpin_g15_c03.avi,167,240,320,center_stride,19,146,115,130,6,6,15
3831,SalsaSpin,SalsaSpin/v_SalsaSpin_g15_c04.avi,167,240,320,center_stride,19,146,67,82,3,5,3
3832,SalsaSpin,SalsaSpin/v_SalsaSpin_g15_c05.avi,167,240,320,center_stride,19,146,115,130,6,12,9
3833,SalsaSpin,SalsaSpin/v_SalsaSpin_g16_c01.avi,333,240,320,center_stride,102,229,134,149,2,9,15
3834,SalsaSpin,SalsaSpin/v_SalsaSpin_g16_c03.avi,333,240,320,center_stride,102,229,150,165,3,6,12
3835,SalsaSpin,SalsaSpin/v_SalsaSpin_g17_c02.avi,168,240,320,center_stride,20,147,84,99,4,10,3
3836,SalsaSpin,SalsaSpin/v_SalsaSpin_g18_c01.avi,168,240,320,center_stride,20,147,84,99,4,5,2
3837,SalsaSpin,SalsaSpin/v_SalsaSpin_g18_c02.avi,168,240,320,center_stride,20,147,84,99,4,7,15
3838,SalsaSpin,SalsaSpin/v_SalsaSpin_g19_c02.avi,333,240,320,center_stride,102,229,166,181,4,15,3
3839,SalsaSpin,SalsaSpin/v_SalsaSpin_g19_c03.avi,333,240,320,center_stride,102,229,134,149,2,14,12
3840,SalsaSpin,SalsaSpin/v_SalsaSpin_g20_c03.avi,167,240,320,center_stride,19,146,51,66,2,15,0
3841,SalsaSpin,SalsaSpin/v_SalsaSpin_g20_c04.avi,167,240,320,center_stride,19,146,99,114,5,7,10
3842,SalsaSpin,SalsaSpin/v_SalsaSpin_g21_c02.avi,200,240,320,center_stride,36,163,148,163,7,7,9
3843,SalsaSpin,SalsaSpin/v_SalsaSpin_g21_c03.avi,200,240,320,center_stride,36,163,148,163,7,8,1
3844,SalsaSpin,SalsaSpin/v_SalsaSpin_g21_c04.avi,200,240,320,center_stride,36,163,68,83,2,4,2
3845,SalsaSpin,SalsaSpin/v_SalsaSpin_g22_c02.avi,333,240,320,center_stride,102,229,150,165,3,2,1
3846,SalsaSpin,SalsaSpin/v_SalsaSpin_g22_c04.avi,333,240,320,center_stride,102,229,198,213,6,4,0
3847,SalsaSpin,SalsaSpin/v_SalsaSpin_g23_c02.avi,168,240,320,center_stride,20,147,52,67,2,7,10
3848,SalsaSpin,SalsaSpin/v_SalsaSpin_g24_c01.avi,168,240,320,center_stride,20,147,116,131,6,14,2
3849,SalsaSpin,SalsaSpin/v_SalsaSpin_g24_c03.avi,168,240,320,center_stride,20,147,116,131,6,7,15
3850,ShavingBeard,ShavingBeard/v_ShavingBeard_g01_c01.avi,127,240,320,uniform_fallback,0,126,111,126,7,1,4
3851,ShavingBeard,ShavingBeard/v_ShavingBeard_g01_c02.avi,137,240,320,center_stride,4,131,68,83,4,2,2
3852,ShavingBeard,ShavingBeard/v_ShavingBeard_g02_c04.avi,147,240,320,center_stride,9,136,89,104,5,15,0
3853,ShavingBeard,ShavingBeard/v_ShavingBeard_g03_c02.avi,98,240,320,uniform_fallback,0,97,61,73,5,5,12
3854,ShavingBeard,ShavingBeard/v_ShavingBeard_g03_c05.avi,183,240,320,center_stride,27,154,43,58,1,9,8
3855,ShavingBeard,ShavingBeard/v_ShavingBeard_g03_c07.avi,157,240,320,center_stride,14,141,30,45,1,15,4
3856,ShavingBeard,ShavingBeard/v_ShavingBeard_g04_c02.avi,178,240,320,center_stride,25,152,121,136,6,15,7
3857,ShavingBeard,ShavingBeard/v_ShavingBeard_g05_c02.avi,507,240,320,center_stride,189,316,189,204,0,13,4
3858,ShavingBeard,ShavingBeard/v_ShavingBeard_g05_c05.avi,521,240,320,center_stride,196,323,308,323,7,3,11
3859,ShavingBeard,ShavingBeard/v_ShavingBeard_g05_c07.avi,528,240,320,center_stride,200,327,200,215,0,2,6
3860,ShavingBeard,ShavingBeard/v_ShavingBeard_g06_c01.avi,181,240,320,center_stride,26,153,122,137,6,4,8
3861,ShavingBeard,ShavingBeard/v_ShavingBeard_g06_c05.avi,359,240,320,center_stride,115,242,179,194,4,4,7
3862,ShavingBeard,ShavingBeard/v_ShavingBeard_g06_c07.avi,251,240,320,center_stride,61,188,141,156,5,15,7
3863,ShavingBeard,ShavingBeard/v_ShavingBeard_g07_c02.avi,231,240,320,center_stride,51,178,147,162,6,4,11
3864,ShavingBeard,ShavingBeard/v_ShavingBeard_g07_c04.avi,230,240,320,center_stride,51,178,115,130,4,12,8
3865,ShavingBeard,ShavingBeard/v_ShavingBeard_g07_c06.avi,386,240,320,center_stride,129,256,129,144,0,13,14
3866,ShavingBeard,ShavingBeard/v_ShavingBeard_g08_c02.avi,146,240,320,center_stride,9,136,105,120,6,5,9
3867,ShavingBeard,ShavingBeard/v_ShavingBeard_g09_c02.avi,133,240,320,center_stride,2,129,66,81,4,1,11
3868,ShavingBeard,ShavingBeard/v_ShavingBeard_g09_c03.avi,201,240,320,center_stride,36,163,52,67,1,2,7
3869,ShavingBeard,ShavingBeard/v_ShavingBeard_g09_c05.avi,192,240,320,center_stride,32,159,32,47,0,10,6
3870,ShavingBeard,ShavingBeard/v_ShavingBeard_g10_c02.avi,188,240,320,center_stride,30,157,110,125,5,7,8
3871,ShavingBeard,ShavingBeard/v_ShavingBeard_g10_c04.avi,128,240,320,center_stride,0,127,32,47,2,0,2
3872,ShavingBeard,ShavingBeard/v_ShavingBeard_g11_c01.avi,159,240,320,center_stride,15,142,127,142,7,3,4
3873,ShavingBeard,ShavingBeard/v_ShavingBeard_g12_c01.avi,151,240,320,center_stride,11,138,91,106,5,3,6
3874,ShavingBeard,ShavingBeard/v_ShavingBeard_g13_c02.avi,180,240,320,center_stride,26,153,58,73,2,2,15
3875,ShavingBeard,ShavingBeard/v_ShavingBeard_g15_c05.avi,209,240,320,center_stride,40,167,72,87,2,7,10
3876,ShavingBeard,ShavingBeard/v_ShavingBeard_g17_c01.avi,269,240,320,center_stride,70,197,166,181,6,10,11
3877,ShavingBeard,ShavingBeard/v_ShavingBeard_g17_c02.avi,308,240,320,center_stride,90,217,170,185,5,11,9
3878,ShavingBeard,ShavingBeard/v_ShavingBeard_g17_c03.avi,310,240,320,center_stride,91,218,107,122,1,13,15
3879,ShavingBeard,ShavingBeard/v_ShavingBeard_g17_c05.avi,303,240,320,center_stride,87,214,199,214,7,6,1
3880,ShavingBeard,ShavingBeard/v_ShavingBeard_g17_c07.avi,323,240,320,center_stride,97,224,161,176,4,12,12
3881,ShavingBeard,ShavingBeard/v_ShavingBeard_g18_c02.avi,297,240,320,center_stride,84,211,116,131,2,11,2
3882,ShavingBeard,ShavingBeard/v_ShavingBeard_g18_c03.avi,307,240,320,center_stride,89,216,153,168,4,7,14
3883,ShavingBeard,ShavingBeard/v_ShavingBeard_g18_c04.avi,270,240,320,center_stride,71,198,103,118,2,3,10
3884,ShavingBeard,ShavingBeard/v_ShavingBeard_g18_c07.avi,311,240,320,center_stride,91,218,123,138,2,10,14
3885,ShavingBeard,ShavingBeard/v_ShavingBeard_g19_c01.avi,161,240,320,center_stride,16,143,64,79,3,3,10
3886,ShavingBeard,ShavingBeard/v_ShavingBeard_g19_c02.avi,203,240,320,center_stride,37,164,69,84,2,9,13
3887,ShavingBeard,ShavingBeard/v_ShavingBeard_g20_c04.avi,249,240,320,center_stride,60,187,76,91,1,4,10
3888,ShavingBeard,ShavingBeard/v_ShavingBeard_g20_c06.avi,257,240,320,center_stride,64,191,96,111,2,3,1
3889,ShavingBeard,ShavingBeard/v_ShavingBeard_g21_c04.avi,174,240,320,center_stride,23,150,87,102,4,3,0
3890,ShavingBeard,ShavingBeard/v_ShavingBeard_g22_c05.avi,207,240,320,center_stride,39,166,103,118,4,7,11
3891,ShavingBeard,ShavingBeard/v_ShavingBeard_g22_c06.avi,210,240,320,center_stride,41,168,121,136,5,11,8
3892,ShavingBeard,ShavingBeard/v_ShavingBeard_g23_c02.avi,179,240,320,center_stride,25,152,121,136,6,2,13
3893,ShavingBeard,ShavingBeard/v_ShavingBeard_g23_c03.avi,185,240,320,center_stride,28,155,140,155,7,10,11
3894,ShavingBeard,ShavingBeard/v_ShavingBeard_g23_c04.avi,193,240,320,center_stride,32,159,64,79,2,4,10
3895,ShavingBeard,ShavingBeard/v_ShavingBeard_g23_c05.avi,185,240,320,center_stride,28,155,28,43,0,0,13
3896,ShavingBeard,ShavingBeard/v_ShavingBeard_g23_c06.avi,285,240,320,center_stride,78,205,78,93,0,2,4
3897,ShavingBeard,ShavingBeard/v_ShavingBeard_g24_c01.avi,151,240,320,center_stride,11,138,123,138,7,11,11
3898,ShavingBeard,ShavingBeard/v_ShavingBeard_g25_c04.avi,161,240,320,center_stride,16,143,112,127,6,8,2
3899,ShavingBeard,ShavingBeard/v_ShavingBeard_g25_c05.avi,242,240,320,center_stride,57,184,121,136,4,2,13
3900,Shotput,Shotput/v_Shotput_g01_c02.avi,101,240,320,uniform_fallback,0,100,88,100,7,12,14
3901,Shotput,Shotput/v_Shotput_g01_c03.avi,94,240,320,uniform_fallback,0,93,70,81,6,7,9
3902,Shotput,Shotput/v_Shotput_g02_c02.avi,90,240,320,uniform_fallback,0,89,11,22,1,6,0
3903,Shotput,Shotput/v_Shotput_g02_c04.avi,76,240,320,uniform_fallback,0,75,38,47,4,0,8
3904,Shotput,Shotput/v_Shotput_g02_c05.avi,94,240,320,uniform_fallback,0,93,12,23,1,8,0
3905,Shotput,Shotput/v_Shotput_g02_c07.avi,88,240,320,uniform_fallback,0,87,33,43,3,1,10
3906,Shotput,Shotput/v_Shotput_g03_c01.avi,71,240,320,uniform_fallback,0,70,62,70,7,9,15
3907,Shotput,Shotput/v_Shotput_g03_c03.avi,70,240,320,uniform_fallback,0,69,17,26,2,0,2
3908,Shotput,Shotput/v_Shotput_g04_c01.avi,80,240,320,uniform_fallback,0,79,40,49,4,13,1
3909,Shotput,Shotput/v_Shotput_g05_c04.avi,125,240,320,uniform_fallback,0,124,0,15,0,14,3
3910,Shotput,Shotput/v_Shotput_g05_c06.avi,125,240,320,uniform_fallback,0,124,0,15,0,13,10
3911,Shotput,Shotput/v_Shotput_g06_c01.avi,101,240,320,uniform_fallback,0,100,38,50,3,3,5
3912,Shotput,Shotput/v_Shotput_g06_c06.avi,90,240,320,uniform_fallback,0,89,78,89,7,8,4
3913,Shotput,Shotput/v_Shotput_g06_c07.avi,101,240,320,uniform_fallback,0,100,0,12,0,13,14
3914,Shotput,Shotput/v_Shotput_g07_c01.avi,79,240,320,uniform_fallback,0,78,29,39,3,5,4
3915,Shotput,Shotput/v_Shotput_g07_c02.avi,65,240,320,uniform_fallback,0,64,0,8,0,10,15
3916,Shotput,Shotput/v_Shotput_g09_c01.avi,65,240,320,uniform_fallback,0,64,0,8,0,15,13
3917,Shotput,Shotput/v_Shotput_g11_c03.avi,87,240,320,uniform_fallback,0,86,11,21,1,12,6
3918,Shotput,Shotput/v_Shotput_g11_c07.avi,89,240,320,uniform_fallback,0,88,44,55,4,7,10
3919,Shotput,Shotput/v_Shotput_g12_c01.avi,82,240,320,uniform_fallback,0,81,61,71,6,13,6
3920,Shotput,Shotput/v_Shotput_g12_c02.avi,87,240,320,uniform_fallback,0,86,33,43,3,9,1
3921,Shotput,Shotput/v_Shotput_g12_c03.avi,79,240,320,uniform_fallback,0,78,39,49,4,3,11
3922,Shotput,Shotput/v_Shotput_g12_c04.avi,79,240,320,uniform_fallback,0,78,20,29,2,9,6
3923,Shotput,Shotput/v_Shotput_g12_c07.avi,74,240,320,uniform_fallback,0,73,37,45,4,1,13
3924,Shotput,Shotput/v_Shotput_g13_c02.avi,79,240,320,uniform_fallback,0,78,20,29,2,13,0
3925,Shotput,Shotput/v_Shotput_g13_c03.avi,83,240,320,uniform_fallback,0,82,10,20,1,11,9
3926,Shotput,Shotput/v_Shotput_g14_c02.avi,87,240,320,uniform_fallback,0,86,33,43,3,1,12
3927,Shotput,Shotput/v_Shotput_g15_c06.avi,66,240,320,uniform_fallback,0,65,33,40,4,9,2
3928,Shotput,Shotput/v_Shotput_g15_c07.avi,73,240,320,uniform_fallback,0,72,36,45,4,14,13
3929,Shotput,Shotput/v_Shotput_g16_c01.avi,150,240,320,center_stride,11,138,43,58,2,2,9
3930,Shotput,Shotput/v_Shotput_g17_c02.avi,101,240,320,uniform_fallback,0,100,63,75,5,13,9
3931,Shotput,Shotput/v_Shotput_g17_c03.avi,91,240,320,uniform_fallback,0,90,79,90,7,7,9
3932,Shotput,Shotput/v_Shotput_g17_c04.avi,86,240,320,uniform_fallback,0,85,75,85,7,8,9
3933,Shotput,Shotput/v_Shotput_g17_c05.avi,75,240,320,uniform_fallback,0,74,37,46,4,7,15
3934,Shotput,Shotput/v_Shotput_g18_c03.avi,110,240,320,uniform_fallback,0,109,27,40,2,2,10
3935,Shotput,Shotput/v_Shotput_g18_c04.avi,116,240,320,uniform_fallback,0,115,87,101,6,1,7
3936,Shotput,Shotput/v_Shotput_g19_c03.avi,86,240,320,uniform_fallback,0,85,75,85,7,3,6
3937,Shotput,Shotput/v_Shotput_g20_c03.avi,85,240,320,uniform_fallback,0,84,74,84,7,14,4
3938,Shotput,Shotput/v_Shotput_g20_c04.avi,113,240,320,uniform_fallback,0,112,14,27,1,11,0
3939,Shotput,Shotput/v_Shotput_g21_c02.avi,126,240,320,uniform_fallback,0,125,79,94,5,3,5
3940,Shotput,Shotput/v_Shotput_g21_c04.avi,76,240,320,uniform_fallback,0,75,19,28,2,1,8
3941,Shotput,Shotput/v_Shotput_g22_c02.avi,114,240,320,uniform_fallback,0,113,57,70,4,12,7
3942,Shotput,Shotput/v_Shotput_g23_c01.avi,85,240,320,uniform_fallback,0,84,42,52,4,1,10
3943,Shotput,Shotput/v_Shotput_g23_c05.avi,84,240,320,uniform_fallback,0,83,0,10,0,4,4
3944,Shotput,Shotput/v_Shotput_g23_c07.avi,80,240,320,uniform_fallback,0,79,70,79,7,11,15
3945,Shotput,Shotput/v_Shotput_g24_c01.avi,111,240,320,uniform_fallback,0,110,83,96,6,3,1
3946,Shotput,Shotput/v_Shotput_g24_c02.avi,76,240,320,uniform_fallback,0,75,28,37,3,14,3
3947,Shotput,Shotput/v_Shotput_g24_c04.avi,110,240,320,uniform_fallback,0,109,0,13,0,13,0
3948,Shotput,Shotput/v_Shotput_g25_c02.avi,79,240,320,uniform_fallback,0,78,39,49,4,12,6
3949,Shotput,Shotput/v_Shotput_g25_c05.avi,83,240,320,uniform_fallback,0,82,41,51,4,0,2
3950,SkateBoarding,SkateBoarding/v_SkateBoarding_g01_c01.avi,202,240,320,center_stride,37,164,69,84,2,6,9
3951,SkateBoarding,SkateBoarding/v_SkateBoarding_g01_c02.avi,175,240,320,center_stride,23,150,23,38,0,4,14
3952,SkateBoarding,SkateBoarding/v_SkateBoarding_g02_c01.avi,369,240,320,center_stride,120,247,120,135,0,2,4
3953,SkateBoarding,SkateBoarding/v_SkateBoarding_g02_c04.avi,77,240,320,uniform_fallback,0,76,10,19,1,7,14
3954,SkateBoarding,SkateBoarding/v_SkateBoarding_g03_c01.avi,126,240,320,uniform_fallback,0,125,110,125,7,11,3
3955,SkateBoarding,SkateBoarding/v_SkateBoarding_g03_c02.avi,126,240,320,uniform_fallback,0,125,0,15,0,3,0
3956,SkateBoarding,SkateBoarding/v_SkateBoarding_g04_c01.avi,106,240,320,uniform_fallback,0,105,79,92,6,11,3
3957,SkateBoarding,SkateBoarding/v_SkateBoarding_g04_c03.avi,91,240,320,uniform_fallback,0,90,57,67,5,6,14
3958,SkateBoarding,SkateBoarding/v_SkateBoarding_g05_c03.avi,160,240,320,center_stride,16,143,64,79,3,6,13
3959,SkateBoarding,SkateBoarding/v_SkateBoarding_g06_c02.avi,150,240,320,center_stride,11,138,91,106,5,14,10
3960,SkateBoarding,SkateBoarding/v_SkateBoarding_g06_c04.avi,150,240,320,center_stride,11,138,11,26,0,8,7
3961,SkateBoarding,SkateBoarding/v_SkateBoarding_g07_c01.avi,146,240,320,center_stride,9,136,41,56,2,4,1
3962,SkateBoarding,SkateBoarding/v_SkateBoarding_g07_c02.avi,199,240,320,center_stride,35,162,115,130,5,1,10
3963,SkateBoarding,SkateBoarding/v_SkateBoarding_g07_c04.avi,172,240,320,center_stride,22,149,38,53,1,0,1
3964,SkateBoarding,SkateBoarding/v_SkateBoarding_g07_c05.avi,149,240,320,center_stride,10,137,122,137,7,11,9
3965,SkateBoarding,SkateBoarding/v_SkateBoarding_g08_c02.avi,109,240,320,uniform_fallback,0,108,95,108,7,9,11
3966,SkateBoarding,SkateBoarding/v_SkateBoarding_g08_c04.avi,88,240,320,uniform_fallback,0,87,77,87,7,8,11
3967,SkateBoarding,SkateBoarding/v_SkateBoarding_g09_c03.avi,91,240,320,uniform_fallback,0,90,68,79,6,4,7
3968,SkateBoarding,SkateBoarding/v_SkateBoarding_g09_c04.avi,114,240,320,uniform_fallback,0,113,43,56,3,3,15
3969,SkateBoarding,SkateBoarding/v_SkateBoarding_g10_c03.avi,59,240,320,uniform_fallback,0,58,0,7,0,15,3
3970,SkateBoarding,SkateBoarding/v_SkateBoarding_g11_c03.avi,124,240,320,uniform_fallback,0,123,15,30,1,11,12
3971,SkateBoarding,SkateBoarding/v_SkateBoarding_g11_c05.avi,164,240,320,center_stride,18,145,130,145,7,5,12
3972,SkateBoarding,SkateBoarding/v_SkateBoarding_g13_c01.avi,100,240,320,uniform_fallback,0,99,62,74,5,7,15
3973,SkateBoarding,SkateBoarding/v_SkateBoarding_g13_c02.avi,111,240,320,uniform_fallback,0,110,55,68,4,5,13
3974,SkateBoarding,SkateBoarding/v_SkateBoarding_g13_c03.avi,126,240,320,uniform_fallback,0,125,31,46,2,14,10
3975,SkateBoarding,SkateBoarding/v_SkateBoarding_g15_c01.avi,106,240,320,uniform_fallback,0,105,0,12,0,7,15
3976,SkateBoarding,SkateBoarding/v_SkateBoarding_g15_c03.avi,84,240,320,uniform_fallback,0,83,31,41,3,4,12
3977,SkateBoarding,SkateBoarding/v_SkateBoarding_g15_c04.avi,126,240,320,uniform_fallback,0,125,79,94,5,4,11
3978,SkateBoarding,SkateBoarding/v_SkateBoarding_g16_c03.avi,126,240,320,uniform_fallback,0,125,79,94,5,9,5
3979,SkateBoarding,SkateBoarding/v_SkateBoarding_g17_c02.avi,156,240,320,center_stride,14,141,62,77,3,3,8
3980,SkateBoarding,SkateBoarding/v_SkateBoarding_g17_c03.avi,151,240,320,center_stride,11,138,43,58,2,3,1
3981,SkateBoarding,SkateBoarding/v_SkateBoarding_g17_c04.avi,153,240,320,center_stride,12,139,60,75,3,14,5
3982,SkateBoarding,SkateBoarding/v_SkateBoarding_g18_c04.avi,123,240,320,uniform_fallback,0,122,15,30,1,3,13
3983,SkateBoarding,SkateBoarding/v_SkateBoarding_g18_c05.avi,91,240,320,uniform_fallback,0,90,34,45,3,9,3
3984,SkateBoarding,SkateBoarding/v_SkateBoarding_g19_c01.avi,115,240,320,uniform_fallback,0,114,57,71,4,4,8
3985,SkateBoarding,SkateBoarding/v_SkateBoarding_g19_c03.avi,114,240,320,uniform_fallback,0,113,57,70,4,15,8
3986,SkateBoarding,SkateBoarding/v_SkateBoarding_g19_c04.avi,112,240,320,uniform_fallback,0,111,70,83,5,9,13
3987,SkateBoarding,SkateBoarding/v_SkateBoarding_g19_c05.avi,163,240,320,center_stride,17,144,81,96,4,1,6
3988,SkateBoarding,SkateBoarding/v_SkateBoarding_g20_c03.avi,211,240,320,center_stride,41,168,137,152,6,8,2
3989,SkateBoarding,SkateBoarding/v_SkateBoarding_g20_c04.avi,171,240,320,center_stride,21,148,117,132,6,1,2
3990,SkateBoarding,SkateBoarding/v_SkateBoarding_g21_c02.avi,107,240,320,uniform_fallback,0,106,27,39,2,12,8
3991,SkateBoarding,SkateBoarding/v_SkateBoarding_g22_c01.avi,94,240,320,uniform_fallback,0,93,0,11,0,15,14
3992,SkateBoarding,SkateBoarding/v_SkateBoarding_g22_c05.avi,166,240,320,center_stride,19,146,131,146,7,5,10
3993,SkateBoarding,SkateBoarding/v_SkateBoarding_g23_c02.avi,165,240,320,center_stride,18,145,82,97,4,3,11
3994,SkateBoarding,SkateBoarding/v_SkateBoarding_g24_c01.avi,160,240,320,center_stride,16,143,112,127,6,4,13
3995,SkateBoarding,SkateBoarding/v_SkateBoarding_g24_c05.avi,152,240,320,center_stride,12,139,44,59,2,11,7
3996,SkateBoarding,SkateBoarding/v_SkateBoarding_g25_c01.avi,174,240,320,center_stride,23,150,23,38,0,14,12
3997,SkateBoarding,SkateBoarding/v_SkateBoarding_g25_c02.avi,88,240,320,uniform_fallback,0,87,33,43,3,12,1
3998,SkateBoarding,SkateBoarding/v_SkateBoarding_g25_c03.avi,101,240,320,uniform_fallback,0,100,25,37,2,4,10
3999,SkateBoarding,SkateBoarding/v_SkateBoarding_g25_c05.avi,98,240,320,uniform_fallback,0,97,0,11,0,8,13
4000,Skiing,Skiing/v_Skiing_g02_c02.avi,202,240,320,center_stride,37,164,133,148,6,0,5
4001,Skiing,Skiing/v_Skiing_g02_c03.avi,200,240,320,center_stride,36,163,68,83,2,8,12
4002,Skiing,Skiing/v_Skiing_g03_c01.avi,208,240,320,center_stride,40,167,104,119,4,4,5
4003,Skiing,Skiing/v_Skiing_g03_c07.avi,300,240,320,center_stride,86,213,182,197,6,8,8
4004,Skiing,Skiing/v_Skiing_g04_c06.avi,187,240,320,center_stride,29,156,109,124,5,3,13
4005,Skiing,Skiing/v_Skiing_g04_c07.avi,279,240,320,center_stride,75,202,139,154,4,11,4
4006,Skiing,Skiing/v_Skiing_g05_c01.avi,184,240,320,center_stride,28,155,60,75,2,9,6
4007,Skiing,Skiing/v_Skiing_g05_c04.avi,254,240,320,center_stride,63,190,127,142,4,5,7
4008,Skiing,Skiing/v_Skiing_g06_c05.avi,300,240,320,center_stride,86,213,86,101,0,5,4
4009,Skiing,Skiing/v_Skiing_g06_c06.avi,300,240,320,center_stride,86,213,150,165,4,6,3
4010,Skiing,Skiing/v_Skiing_g06_c07.avi,300,240,320,center_stride,86,213,166,181,5,10,11
4011,Skiing,Skiing/v_Skiing_g07_c03.avi,103,240,320,uniform_fallback,0,102,51,63,4,8,5
4012,Skiing,Skiing/v_Skiing_g07_c04.avi,85,240,320,uniform_fallback,0,84,32,42,3,6,1
4013,Skiing,Skiing/v_Skiing_g08_c03.avi,198,240,320,center_stride,35,162,83,98,3,11,2
4014,Skiing,Skiing/v_Skiing_g08_c05.avi,200,240,320,center_stride,36,163,68,83,2,13,6
4015,Skiing,Skiing/v_Skiing_g08_c06.avi,200,240,320,center_stride,36,163,84,99,3,5,15
4016,Skiing,Skiing/v_Skiing_g08_c07.avi,200,240,320,center_stride,36,163,100,115,4,6,0
4017,Skiing,Skiing/v_Skiing_g09_c02.avi,192,240,320,center_stride,32,159,128,143,6,8,13
4018,Skiing,Skiing/v_Skiing_g09_c05.avi,312,240,320,center_stride,92,219,140,155,3,9,14
4019,Skiing,Skiing/v_Skiing_g09_c06.avi,244,240,320,center_stride,58,185,106,121,3,2,15
4020,Skiing,Skiing/v_Skiing_g10_c03.avi,191,240,320,center_stride,31,158,143,158,7,11,6
4021,Skiing,Skiing/v_Skiing_g11_c03.avi,299,240,320,center_stride,85,212,133,148,3,3,2
4022,Skiing,Skiing/v_Skiing_g12_c02.avi,329,240,320,center_stride,100,227,164,179,4,9,13
4023,Skiing,Skiing/v_Skiing_g12_c03.avi,319,240,320,center_stride,95,222,159,174,4,6,2
4024,Skiing,Skiing/v_Skiing_g12_c04.avi,281,240,320,center_stride,76,203,156,171,5,6,8
4025,Skiing,Skiing/v_Skiing_g13_c03.avi,184,240,320,center_stride,28,155,44,59,1,7,5
4026,Skiing,Skiing/v_Skiing_g13_c04.avi,229,240,320,center_stride,50,177,162,177,7,15,14
4027,Skiing,Skiing/v_Skiing_g13_c06.avi,168,240,320,center_stride,20,147,36,51,1,11,4
4028,Skiing,Skiing/v_Skiing_g13_c07.avi,168,240,320,center_stride,20,147,84,99,4,8,14
4029,Skiing,Skiing/v_Skiing_g14_c01.avi,208,240,320,center_stride,40,167,136,151,6,9,9
4030,Skiing,Skiing/v_Skiing_g15_c02.avi,204,240,320,center_stride,38,165,86,101,3,5,10
4031,Skiing,Skiing/v_Skiing_g15_c04.avi,187,240,320,center_stride,29,156,125,140,6,14,2
4032,Skiing,Skiing/v_Skiing_g16_c02.avi,203,240,320,center_stride,37,164,53,68,1,5,10
4033,Skiing,Skiing/v_Skiing_g19_c03.avi,287,240,320,center_stride,79,206,127,142,3,11,5
4034,Skiing,Skiing/v_Skiing_g19_c06.avi,179,240,320,center_stride,25,152,89,104,4,5,2
4035,Skiing,Skiing/v_Skiing_g20_c01.avi,250,240,320,center_stride,61,188,157,172,6,15,7
4036,Skiing,Skiing/v_Skiing_g20_c02.avi,245,240,320,center_stride,58,185,58,73,0,3,14
4037,Skiing,Skiing/v_Skiing_g20_c03.avi,199,240,320,center_stride,35,162,51,66,1,8,11
4038,Skiing,Skiing/v_Skiing_g20_c04.avi,187,240,320,center_stride,29,156,141,156,7,0,1
4039,Skiing,Skiing/v_Skiing_g20_c05.avi,177,240,320,center_stride,24,151,40,55,1,14,7
4040,Skiing,Skiing/v_Skiing_g20_c06.avi,222,240,320,center_stride,47,174,95,110,3,2,13
4041,Skiing,Skiing/v_Skiing_g21_c01.avi,354,240,320,center_stride,113,240,209,224,6,9,6
4042,Skiing,Skiing/v_Skiing_g21_c07.avi,206,240,320,center_stride,39,166,71,86,2,3,10
4043,Skiing,Skiing/v_Skiing_g22_c02.avi,224,240,320,center_stride,48,175,64,79,1,6,11
4044,Skiing,Skiing/v_Skiing_g22_c05.avi,329,240,320,center_stride,100,227,100,115,0,13,9
4045,Skiing,Skiing/v_Skiing_g23_c01.avi,109,240,320,uniform_fallback,0,108,82,94,6,15,11
4046,Skiing,Skiing/v_Skiing_g23_c04.avi,262,240,320,center_stride,67,194,99,114,2,6,5
4047,Skiing,Skiing/v_Skiing_g24_c01.avi,134,240,320,center_stride,3,130,83,98,5,11,3
4048,Skiing,Skiing/v_Skiing_g25_c04.avi,237,240,320,center_stride,54,181,118,133,4,0,2
4049,Skiing,Skiing/v_Skiing_g25_c05.avi,120,240,320,uniform_fallback,0,119,45,59,3,4,12
4050,Skijet,Skijet/v_Skijet_g01_c02.avi,416,240,320,center_stride,144,271,144,159,0,8,13
4051,Skijet,Skijet/v_Skijet_g02_c02.avi,183,240,320,center_stride,27,154,43,58,1,8,4
4052,Skijet,Skijet/v_Skijet_g03_c01.avi,316,240,320,center_stride,94,221,158,173,4,4,3
4053,Skijet,Skijet/v_Skijet_g04_c01.avi,251,240,320,center_stride,61,188,93,108,2,2,9
4054,Skijet,Skijet/v_Skijet_g04_c02.avi,251,240,320,center_stride,61,188,157,172,6,3,5
4055,Skijet,Skijet/v_Skijet_g04_c04.avi,251,240,320,center_stride,61,188,125,140,4,2,6
4056,Skijet,Skijet/v_Skijet_g05_c01.avi,210,240,320,center_stride,41,168,105,120,4,11,7
4057,Skijet,Skijet/v_Skijet_g05_c02.avi,210,240,320,center_stride,41,168,89,104,3,9,11
4058,Skijet,Skijet/v_Skijet_g05_c03.avi,210,240,320,center_stride,41,168,105,120,4,4,11
4059,Skijet,Skijet/v_Skijet_g06_c01.avi,251,240,320,center_stride,61,188,93,108,2,10,4
4060,Skijet,Skijet/v_Skijet_g07_c03.avi,197,240,320,center_stride,34,161,34,49,0,15,4
4061,Skijet,Skijet/v_Skijet_g07_c04.avi,203,240,320,center_stride,37,164,149,164,7,5,0
4062,Skijet,Skijet/v_Skijet_g08_c01.avi,210,240,320,center_stride,41,168,105,120,4,8,15
4063,Skijet,Skijet/v_Skijet_g08_c02.avi,209,240,320,center_stride,40,167,104,119,4,14,8
4064,Skijet,Skijet/v_Skijet_g10_c01.avi,155,240,320,center_stride,13,140,61,76,3,10,11
4065,Skijet,Skijet/v_Skijet_g10_c03.avi,153,240,320,center_stride,12,139,44,59,2,7,9
4066,Skijet,Skijet/v_Skijet_g11_c01.avi,210,240,320,center_stride,41,168,153,168,7,8,7
4067,Skijet,Skijet/v_Skijet_g11_c02.avi,210,240,320,center_stride,41,168,105,120,4,10,9
4068,Skijet,Skijet/v_Skijet_g12_c01.avi,210,240,320,center_stride,41,168,105,120,4,12,0
4069,Skijet,Skijet/v_Skijet_g12_c04.avi,210,240,320,center_stride,41,168,73,88,2,12,11
4070,Skijet,Skijet/v_Skijet_g14_c01.avi,210,240,320,center_stride,41,168,153,168,7,6,2
4071,Skijet,Skijet/v_Skijet_g14_c02.avi,210,240,320,center_stride,41,168,137,152,6,1,7
4072,Skijet,Skijet/v_Skijet_g14_c03.avi,210,240,320,center_stride,41,168,73,88,2,10,14
4073,Skijet,Skijet/v_Skijet_g14_c04.avi,209,240,320,center_stride,40,167,88,103,3,3,9
4074,Skijet,Skijet/v_Skijet_g15_c02.avi,249,240,320,center_stride,60,187,108,123,3,5,13
4075,Skijet,Skijet/v_Skijet_g15_c03.avi,249,240,320,center_stride,60,187,156,171,6,5,14
4076,Skijet,Skijet/v_Skijet_g15_c04.avi,249,240,320,center_stride,60,187,156,171,6,2,9
4077,Skijet,Skijet/v_Skijet_g16_c02.avi,209,240,320,center_stride,40,167,104,119,4,6,15
4078,Skijet,Skijet/v_Skijet_g16_c03.avi,210,240,320,center_stride,41,168,121,136,5,14,8
4079,Skijet,Skijet/v_Skijet_g17_c01.avi,251,240,320,center_stride,61,188,157,172,6,6,8
4080,Skijet,Skijet/v_Skijet_g17_c02.avi,251,240,320,center_stride,61,188,93,108,2,8,6
4081,Skijet,Skijet/v_Skijet_g17_c03.avi,251,240,320,center_stride,61,188,125,140,4,12,12
4082,Skijet,Skijet/v_Skijet_g18_c02.avi,213,240,320,center_stride,42,169,90,105,3,7,6
4083,Skijet,Skijet/v_Skijet_g18_c03.avi,213,240,320,center_stride,42,169,122,137,5,8,0
4084,Skijet,Skijet/v_Skijet_g18_c04.avi,213,240,320,center_stride,42,169,106,121,4,3,9
4085,Skijet,Skijet/v_Skijet_g19_c02.avi,251,240,320,center_stride,61,188,77,92,1,8,9
4086,Skijet,Skijet/v_Skijet_g20_c01.avi,209,240,320,center_stride,40,167,152,167,7,3,10
4087,Skijet,Skijet/v_Skijet_g21_c01.avi,188,240,320,center_stride,30,157,126,141,6,11,11
4088,Skijet,Skijet/v_Skijet_g21_c03.avi,186,240,320,center_stride,29,156,141,156,7,2,1
4089,Skijet,Skijet/v_Skijet_g21_c04.avi,188,240,320,center_stride,30,157,126,141,6,12,7
4090,Skijet,Skijet/v_Skijet_g22_c01.avi,210,240,320,center_stride,41,168,153,168,7,15,10
4091,Skijet,Skijet/v_Skijet_g22_c02.avi,209,240,320,center_stride,40,167,56,71,1,3,13
4092,Skijet,Skijet/v_Skijet_g23_c02.avi,251,240,320,center_stride,61,188,109,124,3,15,5
4093,Skijet,Skijet/v_Skijet_g23_c03.avi,251,240,320,center_stride,61,188,77,92,1,4,14
4094,Skijet,Skijet/v_Skijet_g23_c04.avi,251,240,320,center_stride,61,188,173,188,7,6,3
4095,Skijet,Skijet/v_Skijet_g24_c01.avi,210,240,320,center_stride,41,168,121,136,5,6,1
4096,Skijet,Skijet/v_Skijet_g24_c02.avi,209,240,320,center_stride,40,167,56,71,1,8,7
4097,Skijet,Skijet/v_Skijet_g24_c03.avi,209,240,320,center_stride,40,167,88,103,3,9,9
4098,Skijet,Skijet/v_Skijet_g24_c04.avi,210,240,320,center_stride,41,168,105,120,4,1,1
4099,Skijet,Skijet/v_Skijet_g25_c02.avi,253,240,320,center_stride,62,189,62,77,0,5,0
4100,SkyDiving,SkyDiving/v_SkyDiving_g01_c02.avi,194,240,320,center_stride,33,160,129,144,6,14,5
4101,SkyDiving,SkyDiving/v_SkyDiving_g01_c04.avi,97,240,320,uniform_fallback,0,96,24,36,2,5,9
4102,SkyDiving,SkyDiving/v_SkyDiving_g02_c01.avi,30,240,320,uniform_fallback,0,29,0,3,0,4,4
4103,SkyDiving,SkyDiving/v_SkyDiving_g02_c03.avi,136,240,320,center_stride,4,131,116,131,7,13,1
4104,SkyDiving,SkyDiving/v_SkyDiving_g02_c04.avi,114,240,320,uniform_fallback,0,113,14,28,1,11,12
4105,SkyDiving,SkyDiving/v_SkyDiving_g03_c02.avi,202,240,320,center_stride,37,164,85,100,3,3,6
4106,SkyDiving,SkyDiving/v_SkyDiving_g04_c01.avi,149,240,320,center_stride,10,137,58,73,3,15,4
4107,SkyDiving,SkyDiving/v_SkyDiving_g04_c03.avi,127,240,320,uniform_fallback,0,126,111,126,7,3,10
4108,SkyDiving,SkyDiving/v_SkyDiving_g05_c03.avi,200,240,320,center_stride,36,163,68,83,2,8,11
4109,SkyDiving,SkyDiving/v_SkyDiving_g05_c04.avi,211,240,320,center_stride,41,168,105,120,4,10,5
4110,SkyDiving,SkyDiving/v_SkyDiving_g05_c05.avi,220,240,320,center_stride,46,173,110,125,4,9,6
4111,SkyDiving,SkyDiving/v_SkyDiving_g06_c03.avi,160,240,320,center_stride,16,143,128,143,7,9,0
4112,SkyDiving,SkyDiving/v_SkyDiving_g06_c04.avi,154,240,320,center_stride,13,140,77,92,4,11,5
4113,SkyDiving,SkyDiving/v_SkyDiving_g07_c03.avi,203,240,320,center_stride,37,164,149,164,7,3,6
4114,SkyDiving,SkyDiving/v_SkyDiving_g07_c05.avi,156,240,320,center_stride,14,141,126,141,7,4,11
4115,SkyDiving,SkyDiving/v_SkyDiving_g08_c01.avi,180,240,320,center_stride,26,153,138,153,7,0,8
4116,SkyDiving,SkyDiving/v_SkyDiving_g08_c03.avi,207,240,320,center_stride,39,166,87,102,3,10,14
4117,SkyDiving,SkyDiving/v_SkyDiving_g09_c01.avi,198,240,320,center_stride,35,162,147,162,7,2,1
4118,SkyDiving,SkyDiving/v_SkyDiving_g09_c03.avi,203,240,320,center_stride,37,164,69,84,2,6,2
4119,SkyDiving,SkyDiving/v_SkyDiving_g10_c02.avi,200,240,320,center_stride,36,163,52,67,1,11,2
4120,SkyDiving,SkyDiving/v_SkyDiving_g10_c04.avi,179,240,320,center_stride,25,152,89,104,4,5,1
4121,SkyDiving,SkyDiving/v_SkyDiving_g10_c05.avi,166,240,320,center_stride,19,146,83,98,4,9,0
4122,SkyDiving,SkyDiving/v_SkyDiving_g11_c01.avi,209,240,320,center_stride,40,167,72,87,2,7,8
4123,SkyDiving,SkyDiving/v_SkyDiving_g11_c03.avi,212,240,320,center_stride,42,169,122,137,5,8,1
4124,SkyDiving,SkyDiving/v_SkyDiving_g12_c03.avi,312,240,320,center_stride,92,219,156,171,4,13,0
4125,SkyDiving,SkyDiving/v_SkyDiving_g13_c02.avi,216,240,320,center_stride,44,171,76,91,2,5,15
4126,SkyDiving,SkyDiving/v_SkyDiving_g13_c04.avi,122,240,320,uniform_fallback,0,121,107,121,7,7,13
4127,SkyDiving,SkyDiving/v_SkyDiving_g14_c02.avi,198,240,320,center_stride,35,162,147,162,7,14,7
4128,SkyDiving,SkyDiving/v_SkyDiving_g15_c02.avi,172,240,320,center_stride,22,149,102,117,5,3,3
4129,SkyDiving,SkyDiving/v_SkyDiving_g15_c04.avi,222,240,320,center_stride,47,174,143,158,6,8,6
4130,SkyDiving,SkyDiving/v_SkyDiving_g16_c01.avi,198,240,320,center_stride,35,162,131,146,6,5,12
4131,SkyDiving,SkyDiving/v_SkyDiving_g17_c01.avi,198,240,320,center_stride,35,162,147,162,7,7,7
4132,SkyDiving,SkyDiving/v_SkyDiving_g17_c03.avi,200,240,320,center_stride,36,163,100,115,4,9,2
4133,SkyDiving,SkyDiving/v_SkyDiving_g18_c02.avi,265,240,320,center_stride,68,195,68,83,0,7,12
4134,SkyDiving,SkyDiving/v_SkyDiving_g19_c02.avi,96,240,320,uniform_fallback,0,95,0,11,0,6,11
4135,SkyDiving,SkyDiving/v_SkyDiving_g19_c03.avi,167,240,320,center_stride,19,146,51,66,2,13,4
4136,SkyDiving,SkyDiving/v_SkyDiving_g20_c01.avi,136,240,320,center_stride,4,131,100,115,6,1,15
4137,SkyDiving,SkyDiving/v_SkyDiving_g20_c02.avi,198,240,320,center_stride,35,162,115,130,5,8,8
4138,SkyDiving,SkyDiving/v_SkyDiving_g20_c04.avi,248,240,320,center_stride,60,187,124,139,4,3,14
4139,SkyDiving,SkyDiving/v_SkyDiving_g20_c06.avi,248,240,320,center_stride,60,187,108,123,3,1,5
4140,SkyDiving,SkyDiving/v_SkyDiving_g21_c03.avi,203,240,320,center_stride,37,164,53,68,1,10,1
4141,SkyDiving,SkyDiving/v_SkyDiving_g22_c01.avi,329,240,320,center_stride,100,227,164,179,4,3,5
4142,SkyDiving,SkyDiving/v_SkyDiving_g22_c02.avi,322,240,320,center_stride,97,224,113,128,1,8,15
4143,SkyDiving,SkyDiving/v_SkyDiving_g22_c03.avi,298,240,320,center_stride,85,212,101,116,1,4,1
4144,SkyDiving,SkyDiving/v_SkyDiving_g23_c01.avi,166,240,320,center_stride,19,146,51,66,2,7,15
4145,SkyDiving,SkyDiving/v_SkyDiving_g23_c02.avi,182,240,320,center_stride,27,154,43,58,1,6,10
4146,SkyDiving,SkyDiving/v_SkyDiving_g23_c04.avi,167,240,320,center_stride,19,146,131,146,7,14,1
4147,SkyDiving,SkyDiving/v_SkyDiving_g24_c01.avi,135,240,320,center_stride,3,130,67,82,4,10,9
4148,SkyDiving,SkyDiving/v_SkyDiving_g24_c02.avi,229,240,320,center_stride,50,177,98,113,3,11,12
4149,SkyDiving,SkyDiving/v_SkyDiving_g25_c02.avi,180,240,320,center_stride,26,153,26,41,0,12,11
4150,SoccerJuggling,SoccerJuggling/v_SoccerJuggling_g01_c02.avi,502,240,320,center_stride,187,314,235,250,3,11,13
4151,SoccerJuggling,SoccerJuggling/v_SoccerJuggling_g02_c02.avi,240,240,320,center_stride,56,183,56,71,0,14,11
4152,SoccerJuggling,SoccerJuggling/v_SoccerJuggling_g03_c03.avi,230,240,320,center_stride,51,178,147,162,6,13,9
4153,SoccerJuggling,SoccerJuggling/v_SoccerJuggling_g04_c05.avi,360,240,320,center_stride,116,243,132,147,1,1,7
4154,SoccerJuggling,SoccerJuggling/v_SoccerJuggling_g05_c04.avi,240,240,320,center_stride,56,183,168,183,7,12,7
4155,SoccerJuggling,SoccerJuggling/v_SoccerJuggling_g06_c01.avi,251,240,320,center_stride,61,188,93,108,2,4,10
4156,SoccerJuggling,SoccerJuggling/v_SoccerJuggling_g06_c02.avi,135,240,320,center_stride,3,130,51,66,3,0,15
4157,SoccerJuggling,SoccerJuggling/v_SoccerJuggling_g07_c01.avi,301,240,320,center_stride,86,213,86,101,0,13,14
4158,SoccerJuggling,SoccerJuggling/v_SoccerJuggling_g07_c05.avi,360,240,320,center_stride,116,243,132,147,1,13,8
4159,SoccerJuggling,SoccerJuggling/v_SoccerJuggling_g08_c01.avi,301,240,320,center_stride,86,213,182,197,6,14,2
4160,SoccerJuggling,SoccerJuggling/v_SoccerJuggling_g08_c02.avi,301,240,320,center_stride,86,213,150,165,4,4,6
4161,SoccerJuggling,SoccerJuggling/v_SoccerJuggling_g09_c02.avi,251,240,320,center_stride,61,188,77,92,1,1,5
4162,SoccerJuggling,SoccerJuggling/v_SoccerJuggling_g09_c04.avi,186,240,320,center_stride,29,156,93,108,4,12,12
4163,SoccerJuggling,SoccerJuggling/v_SoccerJuggling_g09_c05.avi,240,240,320,center_stride,56,183,136,151,5,11,12
4164,SoccerJuggling,SoccerJuggling/v_SoccerJuggling_g09_c06.avi,240,240,320,center_stride,56,183,88,103,2,0,14
4165,SoccerJuggling,SoccerJuggling/v_SoccerJuggling_g10_c03.avi,201,240,320,center_stride,36,163,148,163,7,12,7
4166,SoccerJuggling,SoccerJuggling/v_SoccerJuggling_g11_c01.avi,301,240,320,center_stride,86,213,134,149,3,4,12
4167,SoccerJuggling,SoccerJuggling/v_SoccerJuggling_g11_c04.avi,238,240,320,center_stride,55,182,167,182,7,1,5
4168,SoccerJuggling,SoccerJuggling/v_SoccerJuggling_g12_c03.avi,301,240,320,center_stride,86,213,134,149,3,8,3
4169,SoccerJuggling,SoccerJuggling/v_SoccerJuggling_g12_c04.avi,301,240,320,center_stride,86,213,150,165,4,12,5
4170,SoccerJuggling,SoccerJuggling/v_SoccerJuggling_g12_c05.avi,360,240,320,center_stride,116,243,196,211,5,15,8
4171,SoccerJuggling,SoccerJuggling/v_SoccerJuggling_g13_c03.avi,251,240,320,center_stride,61,188,109,124,3,2,0
4172,SoccerJuggling,SoccerJuggling/v_SoccerJuggling_g13_c04.avi,251,240,320,center_stride,61,188,61,76,0,1,3
4173,SoccerJuggling,SoccerJuggling/v_SoccerJuggling_g15_c03.avi,599,240,320,center_stride,235,362,347,362,7,11,0
4174,SoccerJuggling,SoccerJuggling/v_SoccerJuggling_g15_c04.avi,599,240,320,center_stride,235,362,331,346,6,13,9
4175,SoccerJuggling,SoccerJuggling/v_SoccerJuggling_g16_c01.avi,599,240,320,center_stride,235,362,347,362,7,12,13
4176,SoccerJuggling,SoccerJuggling/v_SoccerJuggling_g17_c02.avi,201,240,320,center_stride,36,163,116,131,5,1,2
4177,SoccerJuggling,SoccerJuggling/v_SoccerJuggling_g17_c03.avi,201,240,320,center_stride,36,163,100,115,4,1,6
4178,SoccerJuggling,SoccerJuggling/v_SoccerJuggling_g17_c05.avi,300,240,320,center_stride,86,213,182,197,6,2,10
4179,SoccerJuggling,SoccerJuggling/v_SoccerJuggling_g17_c07.avi,300,240,320,center_stride,86,213,150,165,4,6,10
4180,SoccerJuggling,SoccerJuggling/v_SoccerJuggling_g18_c01.avi,301,240,320,center_stride,86,213,182,197,6,3,9
4181,SoccerJuggling,SoccerJuggling/v_SoccerJuggling_g18_c06.avi,360,240,320,center_stride,116,243,180,195,4,8,6
4182,SoccerJuggling,SoccerJuggling/v_SoccerJuggling_g18_c07.avi,360,240,320,center_stride,116,243,164,179,3,4,11
4183,SoccerJuggling,SoccerJuggling/v_SoccerJuggling_g19_c01.avi,377,240,320,center_stride,124,251,140,155,1,0,3
4184,SoccerJuggling,SoccerJuggling/v_SoccerJuggling_g19_c04.avi,279,240,320,center_stride,75,202,139,154,4,12,14
4185,SoccerJuggling,SoccerJuggling/v_SoccerJuggling_g19_c07.avi,300,240,320,center_stride,86,213,182,197,6,14,9
4186,SoccerJuggling,SoccerJuggling/v_SoccerJuggling_g20_c02.avi,301,240,320,center_stride,86,213,198,213,7,6,6
4187,SoccerJuggling,SoccerJuggling/v_SoccerJuggling_g20_c05.avi,240,240,320,center_stride,56,183,56,71,0,3,1
4188,SoccerJuggling,SoccerJuggling/v_SoccerJuggling_g21_c01.avi,416,240,320,center_stride,144,271,208,223,4,14,0
4189,SoccerJuggling,SoccerJuggling/v_SoccerJuggling_g21_c02.avi,416,240,320,center_stride,144,271,224,239,5,7,0
4190,SoccerJuggling,SoccerJuggling/v_SoccerJuggling_g21_c03.avi,83,240,320,uniform_fallback,0,82,62,72,6,2,4
4191,SoccerJuggling,SoccerJuggling/v_SoccerJuggling_g21_c04.avi,416,240,320,center_stride,144,271,160,175,1,4,15
4192,SoccerJuggling,SoccerJuggling/v_SoccerJuggling_g21_c05.avi,240,240,320,center_stride,56,183,88,103,2,0,6
4193,SoccerJuggling,SoccerJuggling/v_SoccerJuggling_g22_c02.avi,251,240,320,center_stride,61,188,157,172,6,5,2
4194,SoccerJuggling,SoccerJuggling/v_SoccerJuggling_g23_c01.avi,240,240,320,center_stride,56,183,152,167,6,14,8
4195,SoccerJuggling,SoccerJuggling/v_SoccerJuggling_g23_c02.avi,240,240,320,center_stride,56,183,72,87,1,12,10
4196,SoccerJuggling,SoccerJuggling/v_SoccerJuggling_g23_c03.avi,240,240,320,center_stride,56,183,152,167,6,13,5
4197,SoccerJuggling,SoccerJuggling/v_SoccerJuggling_g23_c05.avi,240,240,320,center_stride,56,183,104,119,3,2,4
4198,SoccerJuggling,SoccerJuggling/v_SoccerJuggling_g24_c02.avi,251,240,320,center_stride,61,188,141,156,5,4,14
4199,SoccerJuggling,SoccerJuggling/v_SoccerJuggling_g24_c04.avi,251,240,320,center_stride,61,188,93,108,2,7,12
4200,SoccerPenalty,SoccerPenalty/v_SoccerPenalty_g01_c01.avi,153,240,320,center_stride,12,139,108,123,6,10,12
4201,SoccerPenalty,SoccerPenalty/v_SoccerPenalty_g01_c05.avi,105,240,320,uniform_fallback,0,104,0,12,0,6,13
4202,SoccerPenalty,SoccerPenalty/v_SoccerPenalty_g02_c01.avi,118,240,320,uniform_fallback,0,117,74,88,5,7,4
4203,SoccerPenalty,SoccerPenalty/v_SoccerPenalty_g02_c02.avi,100,240,320,uniform_fallback,0,99,12,24,1,0,6
4204,SoccerPenalty,SoccerPenalty/v_SoccerPenalty_g02_c05.avi,100,240,320,uniform_fallback,0,99,25,37,2,5,15
4205,SoccerPenalty,SoccerPenalty/v_SoccerPenalty_g03_c02.avi,96,240,320,uniform_fallback,0,95,36,47,3,3,5
4206,SoccerPenalty,SoccerPenalty/v_SoccerPenalty_g04_c01.avi,58,240,320,uniform_fallback,0,57,22,28,3,14,4
4207,SoccerPenalty,SoccerPenalty/v_SoccerPenalty_g04_c02.avi,72,240,320,uniform_fallback,0,71,36,44,4,8,10
4208,SoccerPenalty,SoccerPenalty/v_SoccerPenalty_g04_c03.avi,70,240,320,uniform_fallback,0,69,35,43,4,12,12
4209,SoccerPenalty,SoccerPenalty/v_SoccerPenalty_g05_c06.avi,75,240,320,uniform_fallback,0,74,47,55,5,14,4
4210,SoccerPenalty,SoccerPenalty/v_SoccerPenalty_g05_c07.avi,137,240,320,center_stride,4,131,116,131,7,3,4
4211,SoccerPenalty,SoccerPenalty/v_SoccerPenalty_g06_c01.avi,101,240,320,uniform_fallback,0,100,50,62,4,6,12
4212,SoccerPenalty,SoccerPenalty/v_SoccerPenalty_g06_c02.avi,50,240,320,uniform_fallback,0,49,31,37,5,15,12
4213,SoccerPenalty,SoccerPenalty/v_SoccerPenalty_g07_c05.avi,70,240,320,uniform_fallback,0,69,0,8,0,3,10
4214,SoccerPenalty,SoccerPenalty/v_SoccerPenalty_g08_c01.avi,110,240,320,uniform_fallback,0,109,69,82,5,5,2
4215,SoccerPenalty,SoccerPenalty/v_SoccerPenalty_g08_c04.avi,169,240,320,center_stride,20,147,132,147,7,12,1
4216,SoccerPenalty,SoccerPenalty/v_SoccerPenalty_g09_c04.avi,91,240,320,uniform_fallback,0,90,68,79,6,13,5
4217,SoccerPenalty,SoccerPenalty/v_SoccerPenalty_g10_c04.avi,140,240,320,center_stride,6,133,22,37,1,3,3
4218,SoccerPenalty,SoccerPenalty/v_SoccerPenalty_g11_c03.avi,97,240,320,uniform_fallback,0,96,48,60,4,7,5
4219,SoccerPenalty,SoccerPenalty/v_SoccerPenalty_g12_c03.avi,60,240,320,uniform_fallback,0,59,45,52,6,1,7
4220,SoccerPenalty,SoccerPenalty/v_SoccerPenalty_g12_c07.avi,65,240,320,uniform_fallback,0,64,24,32,3,9,13
4221,SoccerPenalty,SoccerPenalty/v_SoccerPenalty_g13_c01.avi,98,240,320,uniform_fallback,0,97,49,60,4,11,6
4222,SoccerPenalty,SoccerPenalty/v_SoccerPenalty_g13_c02.avi,87,240,320,uniform_fallback,0,86,33,43,3,8,11
4223,SoccerPenalty,SoccerPenalty/v_SoccerPenalty_g13_c03.avi,79,240,320,uniform_fallback,0,78,39,49,4,15,8
4224,SoccerPenalty,SoccerPenalty/v_SoccerPenalty_g13_c04.avi,77,240,320,uniform_fallback,0,76,10,19,1,8,13
4225,SoccerPenalty,SoccerPenalty/v_SoccerPenalty_g13_c05.avi,102,240,320,uniform_fallback,0,101,64,76,5,10,11
4226,SoccerPenalty,SoccerPenalty/v_SoccerPenalty_g14_c06.avi,133,240,320,center_stride,2,129,66,81,4,10,15
4227,SoccerPenalty,SoccerPenalty/v_SoccerPenalty_g15_c01.avi,100,240,320,uniform_fallback,0,99,25,37,2,6,6
4228,SoccerPenalty,SoccerPenalty/v_SoccerPenalty_g15_c03.avi,110,240,320,uniform_fallback,0,109,0,13,0,4,1
4229,SoccerPenalty,SoccerPenalty/v_SoccerPenalty_g16_c01.avi,134,240,320,center_stride,3,130,115,130,7,6,2
4230,SoccerPenalty,SoccerPenalty/v_SoccerPenalty_g16_c02.avi,89,240,320,uniform_fallback,0,88,0,10,0,4,12
4231,SoccerPenalty,SoccerPenalty/v_SoccerPenalty_g16_c05.avi,114,240,320,uniform_fallback,0,113,71,85,5,9,1
4232,SoccerPenalty,SoccerPenalty/v_SoccerPenalty_g17_c04.avi,84,240,320,uniform_fallback,0,83,73,83,7,9,12
4233,SoccerPenalty,SoccerPenalty/v_SoccerPenalty_g18_c02.avi,123,240,320,uniform_fallback,0,122,46,61,3,13,15
4234,SoccerPenalty,SoccerPenalty/v_SoccerPenalty_g18_c04.avi,73,240,320,uniform_fallback,0,72,9,18,1,4,13
4235,SoccerPenalty,SoccerPenalty/v_SoccerPenalty_g18_c05.avi,91,240,320,uniform_fallback,0,90,11,22,1,10,10
4236,SoccerPenalty,SoccerPenalty/v_SoccerPenalty_g19_c02.avi,97,240,320,uniform_fallback,0,96,24,36,2,10,11
4237,SoccerPenalty,SoccerPenalty/v_SoccerPenalty_g19_c03.avi,84,240,320,uniform_fallback,0,83,0,10,0,13,5
4238,SoccerPenalty,SoccerPenalty/v_SoccerPenalty_g21_c02.avi,72,240,320,uniform_fallback,0,71,18,26,2,13,4
4239,SoccerPenalty,SoccerPenalty/v_SoccerPenalty_g21_c05.avi,82,240,320,uniform_fallback,0,81,20,30,2,7,14
4240,SoccerPenalty,SoccerPenalty/v_SoccerPenalty_g22_c04.avi,101,240,320,uniform_fallback,0,100,50,62,4,6,3
4241,SoccerPenalty,SoccerPenalty/v_SoccerPenalty_g23_c01.avi,77,240,320,uniform_fallback,0,76,48,57,5,8,6
4242,SoccerPenalty,SoccerPenalty/v_SoccerPenalty_g23_c02.avi,105,240,320,uniform_fallback,0,104,26,38,2,8,7
4243,SoccerPenalty,SoccerPenalty/v_SoccerPenalty_g23_c03.avi,84,240,320,uniform_fallback,0,83,0,10,0,12,1
4244,SoccerPenalty,SoccerPenalty/v_SoccerPenalty_g23_c04.avi,89,240,320,uniform_fallback,0,88,22,33,2,3,7
4245,SoccerPenalty,SoccerPenalty/v_SoccerPenalty_g23_c06.avi,104,240,320,uniform_fallback,0,103,78,90,6,5,6
4246,SoccerPenalty,SoccerPenalty/v_SoccerPenalty_g24_c02.avi,91,240,320,uniform_fallback,0,90,11,22,1,12,1
4247,SoccerPenalty,SoccerPenalty/v_SoccerPenalty_g24_c05.avi,87,240,320,uniform_fallback,0,86,11,21,1,13,4
4248,SoccerPenalty,SoccerPenalty/v_SoccerPenalty_g25_c02.avi,110,240,320,uniform_fallback,0,109,82,95,6,4,1
4249,SoccerPenalty,SoccerPenalty/v_SoccerPenalty_g25_c04.avi,87,240,320,uniform_fallback,0,86,22,32,2,6,4
4250,StillRings,StillRings/v_StillRings_g01_c02.avi,207,240,320,center_stride,39,166,103,118,4,14,4
4251,StillRings,StillRings/v_StillRings_g01_c03.avi,146,240,320,center_stride,9,136,25,40,1,13,5
4252,StillRings,StillRings/v_StillRings_g01_c04.avi,138,240,320,center_stride,5,132,117,132,7,9,3
4253,StillRings,StillRings/v_StillRings_g01_c05.avi,236,240,320,center_stride,54,181,86,101,2,10,7
4254,StillRings,StillRings/v_StillRings_g02_c01.avi,188,240,320,center_stride,30,157,62,77,2,11,15
4255,StillRings,StillRings/v_StillRings_g02_c02.avi,94,240,320,uniform_fallback,0,93,35,46,3,7,7
4256,StillRings,StillRings/v_StillRings_g03_c01.avi,116,240,320,uniform_fallback,0,115,87,101,6,1,11
4257,StillRings,StillRings/v_StillRings_g03_c03.avi,146,240,320,center_stride,9,136,25,40,1,5,3
4258,StillRings,StillRings/v_StillRings_g03_c06.avi,261,240,320,center_stride,66,193,178,193,7,10,6
4259,StillRings,StillRings/v_StillRings_g03_c07.avi,139,240,320,center_stride,5,132,101,116,6,0,9
4260,StillRings,StillRings/v_StillRings_g04_c03.avi,177,240,320,center_stride,24,151,72,87,3,6,8
4261,StillRings,StillRings/v_StillRings_g05_c01.avi,86,240,320,uniform_fallback,0,85,54,64,5,10,12
4262,StillRings,StillRings/v_StillRings_g06_c01.avi,155,240,320,center_stride,13,140,45,60,2,9,3
4263,StillRings,StillRings/v_StillRings_g06_c03.avi,128,240,320,center_stride,0,127,0,15,0,1,0
4264,StillRings,StillRings/v_StillRings_g07_c02.avi,271,240,320,center_stride,71,198,135,150,4,9,3
4265,StillRings,StillRings/v_StillRings_g08_c01.avi,207,240,320,center_stride,39,166,39,54,0,12,13
4266,StillRings,StillRings/v_StillRings_g08_c03.avi,197,240,320,center_stride,34,161,34,49,0,4,2
4267,StillRings,StillRings/v_StillRings_g09_c02.avi,119,240,320,uniform_fallback,0,118,0,14,0,12,3
4268,StillRings,StillRings/v_StillRings_g09_c03.avi,107,240,320,uniform_fallback,0,106,93,106,7,14,8
4269,StillRings,StillRings/v_StillRings_g09_c04.avi,120,240,320,uniform_fallback,0,119,45,59,3,6,5
4270,StillRings,StillRings/v_StillRings_g10_c01.avi,137,240,320,center_stride,4,131,52,67,3,5,6
4271,StillRings,StillRings/v_StillRings_g11_c02.avi,397,240,320,center_stride,134,261,214,229,5,13,8
4272,StillRings,StillRings/v_StillRings_g11_c04.avi,95,240,320,uniform_fallback,0,94,59,70,5,5,9
4273,StillRings,StillRings/v_StillRings_g12_c03.avi,167,240,320,center_stride,19,146,67,82,3,6,5
4274,StillRings,StillRings/v_StillRings_g12_c04.avi,137,240,320,center_stride,4,131,116,131,7,9,2
4275,StillRings,StillRings/v_StillRings_g13_c02.avi,226,240,320,center_stride,49,176,145,160,6,9,11
4276,StillRings,StillRings/v_StillRings_g14_c01.avi,157,240,320,center_stride,14,141,62,77,3,14,6
4277,StillRings,StillRings/v_StillRings_g15_c04.avi,83,240,320,uniform_fallback,0,82,41,51,4,8,3
4278,StillRings,StillRings/v_StillRings_g16_c01.avi,107,240,320,uniform_fallback,0,106,13,26,1,14,9
4279,StillRings,StillRings/v_StillRings_g16_c03.avi,180,240,320,center_stride,26,153,58,73,2,0,7
4280,StillRings,StillRings/v_StillRings_g16_c04.avi,222,240,320,center_stride,47,174,95,110,3,5,7
4281,StillRings,StillRings/v_StillRings_g17_c01.avi,214,240,320,center_stride,43,170,43,58,0,8,0
4282,StillRings,StillRings/v_StillRings_g17_c03.avi,132,240,320,center_stride,2,129,98,113,6,10,8
4283,StillRings,StillRings/v_StillRings_g17_c04.avi,207,240,320,center_stride,39,166,151,166,7,0,12
4284,StillRings,StillRings/v_StillRings_g18_c02.avi,193,240,320,center_stride,32,159,144,159,7,7,3
4285,StillRings,StillRings/v_StillRings_g18_c03.avi,147,240,320,center_stride,9,136,57,72,3,4,9
4286,StillRings,StillRings/v_StillRings_g18_c04.avi,189,240,320,center_stride,30,157,94,109,4,15,11
4287,StillRings,StillRings/v_StillRings_g20_c02.avi,212,240,320,center_stride,42,169,106,121,4,11,12
4288,StillRings,StillRings/v_StillRings_g20_c03.avi,148,240,320,center_stride,10,137,42,57,2,6,10
4289,StillRings,StillRings/v_StillRings_g21_c06.avi,354,240,320,center_stride,113,240,177,192,4,15,9
4290,StillRings,StillRings/v_StillRings_g22_c01.avi,218,240,320,center_stride,45,172,125,140,5,0,4
4291,StillRings,StillRings/v_StillRings_g22_c02.avi,271,240,320,center_stride,71,198,151,166,5,13,4
4292,StillRings,StillRings/v_StillRings_g22_c04.avi,271,240,320,center_stride,71,198,103,118,2,12,11
4293,StillRings,StillRings/v_StillRings_g24_c01.avi,130,240,320,center_stride,1,128,81,96,5,2,8
4294,StillRings,StillRings/v_StillRings_g24_c02.avi,131,240,320,center_stride,1,128,33,48,2,12,9
4295,StillRings,StillRings/v_StillRings_g24_c03.avi,81,240,320,uniform_fallback,0,80,10,20,1,0,1
4296,StillRings,StillRings/v_StillRings_g25_c01.avi,131,240,320,center_stride,1,128,1,16,0,2,9
4297,StillRings,StillRings/v_StillRings_g25_c04.avi,133,240,320,center_stride,2,129,66,81,4,12,15
4298,StillRings,StillRings/v_StillRings_g25_c06.avi,163,240,320,center_stride,17,144,17,32,0,11,3
4299,StillRings,StillRings/v_StillRings_g25_c07.avi,154,240,320,center_stride,13,140,29,44,1,3,12
4300,SumoWrestling,SumoWrestling/v_SumoWrestling_g01_c01.avi,241,240,320,center_stride,56,183,56,71,0,13,7
4301,SumoWrestling,SumoWrestling/v_SumoWrestling_g01_c02.avi,155,240,320,center_stride,13,140,109,124,6,3,8
4302,SumoWrestling,SumoWrestling/v_SumoWrestling_g01_c03.avi,112,240,320,uniform_fallback,0,111,0,13,0,7,13
4303,SumoWrestling,SumoWrestling/v_SumoWrestling_g01_c04.avi,173,240,320,center_stride,22,149,118,133,6,12,5
4304,SumoWrestling,SumoWrestling/v_SumoWrestling_g02_c02.avi,111,240,320,uniform_fallback,0,110,83,96,6,3,6
4305,SumoWrestling,SumoWrestling/v_SumoWrestling_g03_c04.avi,273,240,320,center_stride,72,199,184,199,7,11,7
4306,SumoWrestling,SumoWrestling/v_SumoWrestling_g04_c01.avi,171,240,320,center_stride,21,148,117,132,6,0,9
4307,SumoWrestling,SumoWrestling/v_SumoWrestling_g05_c03.avi,219,240,320,center_stride,45,172,125,140,5,11,15
4308,SumoWrestling,SumoWrestling/v_SumoWrestling_g06_c01.avi,241,240,320,center_stride,56,183,168,183,7,2,4
4309,SumoWrestling,SumoWrestling/v_SumoWrestling_g06_c02.avi,150,240,320,center_stride,11,138,43,58,2,13,10
4310,SumoWrestling,SumoWrestling/v_SumoWrestling_g06_c03.avi,72,240,320,uniform_fallback,0,71,45,53,5,12,12
4311,SumoWrestling,SumoWrestling/v_SumoWrestling_g06_c05.avi,121,240,320,uniform_fallback,0,120,0,14,0,10,2
4312,SumoWrestling,SumoWrestling/v_SumoWrestling_g06_c07.avi,264,240,320,center_stride,68,195,100,115,2,12,14
4313,SumoWrestling,SumoWrestling/v_SumoWrestling_g07_c02.avi,261,240,320,center_stride,66,193,146,161,5,9,7
4314,SumoWrestling,SumoWrestling/v_SumoWrestling_g07_c03.avi,157,240,320,center_stride,14,141,46,61,2,0,5
4315,SumoWrestling,SumoWrestling/v_SumoWrestling_g07_c06.avi,234,240,320,center_stride,53,180,85,100,2,2,13
4316,SumoWrestling,SumoWrestling/v_SumoWrestling_g07_c07.avi,187,240,320,center_stride,29,156,61,76,2,6,10
4317,SumoWrestling,SumoWrestling/v_SumoWrestling_g08_c01.avi,145,240,320,center_stride,8,135,40,55,2,5,12
4318,SumoWrestling,SumoWrestling/v_SumoWrestling_g08_c02.avi,176,240,320,center_stride,24,151,104,119,5,9,13
4319,SumoWrestling,SumoWrestling/v_SumoWrestling_g08_c03.avi,92,240,320,uniform_fallback,0,91,46,57,4,14,6
4320,SumoWrestling,SumoWrestling/v_SumoWrestling_g08_c05.avi,252,240,320,center_stride,62,189,174,189,7,7,13
4321,SumoWrestling,SumoWrestling/v_SumoWrestling_g10_c01.avi,307,240,320,center_stride,89,216,201,216,7,15,10
4322,SumoWrestling,SumoWrestling/v_SumoWrestling_g10_c03.avi,180,240,320,center_stride,26,153,122,137,6,3,15
4323,SumoWrestling,SumoWrestling/v_SumoWrestling_g10_c04.avi,266,240,320,center_stride,69,196,133,148,4,5,3
4324,SumoWrestling,SumoWrestling/v_SumoWrestling_g11_c01.avi,135,240,320,center_stride,3,130,51,66,3,11,9
4325,SumoWrestling,SumoWrestling/v_SumoWrestling_g11_c02.avi,257,240,320,center_stride,64,191,96,111,2,15,8
4326,SumoWrestling,SumoWrestling/v_SumoWrestling_g12_c03.avi,264,240,320,center_stride,68,195,180,195,7,9,9
4327,SumoWrestling,SumoWrestling/v_SumoWrestling_g12_c04.avi,261,240,320,center_stride,66,193,130,145,4,13,10
4328,SumoWrestling,SumoWrestling/v_SumoWrestling_g13_c04.avi,128,240,320,center_stride,0,127,32,47,2,10,10
4329,SumoWrestling,SumoWrestling/v_SumoWrestling_g14_c04.avi,112,240,320,uniform_fallback,0,111,98,111,7,8,2
4330,SumoWrestling,SumoWrestling/v_SumoWrestling_g15_c01.avi,261,240,320,center_stride,66,193,130,145,4,10,7
4331,SumoWrestling,SumoWrestling/v_SumoWrestling_g15_c02.avi,212,240,320,center_stride,42,169,122,137,5,4,9
4332,SumoWrestling,SumoWrestling/v_SumoWrestling_g15_c03.avi,266,240,320,center_stride,69,196,69,84,0,11,3
4333,SumoWrestling,SumoWrestling/v_SumoWrestling_g16_c01.avi,198,240,320,center_stride,35,162,131,146,6,8,14
4334,SumoWrestling,SumoWrestling/v_SumoWrestling_g17_c04.avi,89,240,320,uniform_fallback,0,88,55,66,5,14,8
4335,SumoWrestling,SumoWrestling/v_SumoWrestling_g17_c05.avi,247,240,320,center_stride,59,186,107,122,3,15,8
4336,SumoWrestling,SumoWrestling/v_SumoWrestling_g18_c03.avi,171,240,320,center_stride,21,148,85,100,4,1,7
4337,SumoWrestling,SumoWrestling/v_SumoWrestling_g18_c04.avi,201,240,320,center_stride,36,163,84,99,3,5,3
4338,SumoWrestling,SumoWrestling/v_SumoWrestling_g18_c06.avi,301,240,320,center_stride,86,213,198,213,7,4,6
4339,SumoWrestling,SumoWrestling/v_SumoWrestling_g19_c01.avi,101,240,320,uniform_fallback,0,100,25,37,2,1,14
4340,SumoWrestling,SumoWrestling/v_SumoWrestling_g19_c04.avi,200,240,320,center_stride,36,163,132,147,6,2,0
4341,SumoWrestling,SumoWrestling/v_SumoWrestling_g20_c04.avi,275,240,320,center_stride,73,200,185,200,7,2,11
4342,SumoWrestling,SumoWrestling/v_SumoWrestling_g21_c02.avi,155,240,320,center_stride,13,140,109,124,6,0,5
4343,SumoWrestling,SumoWrestling/v_SumoWrestling_g22_c03.avi,275,240,320,center_stride,73,200,169,184,6,0,11
4344,SumoWrestling,SumoWrestling/v_SumoWrestling_g22_c04.avi,250,240,320,center_stride,61,188,61,76,0,14,14
4345,SumoWrestling,SumoWrestling/v_SumoWrestling_g23_c01.avi,215,240,320,center_stride,43,170,107,122,4,9,9
4346,SumoWrestling,SumoWrestling/v_SumoWrestling_g23_c02.avi,115,240,320,uniform_fallback,0,114,101,114,7,13,10
4347,SumoWrestling,SumoWrestling/v_SumoWrestling_g24_c01.avi,278,240,320,center_stride,75,202,187,202,7,11,15
4348,SumoWrestling,SumoWrestling/v_SumoWrestling_g25_c01.avi,135,240,320,center_stride,3,130,99,114,6,2,2
4349,SumoWrestling,SumoWrestling/v_SumoWrestling_g25_c02.avi,175,240,320,center_stride,23,150,55,70,2,10,13
4350,Surfing,Surfing/v_Surfing_g01_c01.avi,254,240,320,center_stride,63,190,143,158,5,12,15
4351,Surfing,Surfing/v_Surfing_g01_c02.avi,203,240,320,center_stride,37,164,69,84,2,1,6
4352,Surfing,Surfing/v_Surfing_g01_c03.avi,220,240,320,center_stride,46,173,142,157,6,1,2
4353,Surfing,Surfing/v_Surfing_g01_c04.avi,283,240,320,center_stride,77,204,125,140,3,6,3
4354,Surfing,Surfing/v_Surfing_g01_c05.avi,118,240,320,uniform_fallback,0,117,103,117,7,1,2
4355,Surfing,Surfing/v_Surfing_g01_c07.avi,235,240,320,center_stride,53,180,101,116,3,12,11
4356,Surfing,Surfing/v_Surfing_g02_c01.avi,158,240,320,center_stride,15,142,111,126,6,1,0
4357,Surfing,Surfing/v_Surfing_g02_c06.avi,278,240,320,center_stride,75,202,75,90,0,12,12
4358,Surfing,Surfing/v_Surfing_g03_c02.avi,127,240,320,uniform_fallback,0,126,111,126,7,8,12
4359,Surfing,Surfing/v_Surfing_g04_c01.avi,113,240,320,uniform_fallback,0,112,71,84,5,6,14
4360,Surfing,Surfing/v_Surfing_g04_c02.avi,176,240,320,center_stride,24,151,136,151,7,12,1
4361,Surfing,Surfing/v_Surfing_g06_c02.avi,265,240,320,center_stride,68,195,100,115,2,8,14
4362,Surfing,Surfing/v_Surfing_g06_c03.avi,125,240,320,uniform_fallback,0,124,109,124,7,11,1
4363,Surfing,Surfing/v_Surfing_g07_c01.avi,264,240,320,center_stride,68,195,180,195,7,9,9
4364,Surfing,Surfing/v_Surfing_g08_c03.avi,337,240,320,center_stride,104,231,184,199,5,10,12
4365,Surfing,Surfing/v_Surfing_g08_c04.avi,237,240,320,center_stride,54,181,134,149,5,15,3
4366,Surfing,Surfing/v_Surfing_g08_c05.avi,267,240,320,center_stride,69,196,165,180,6,15,4
4367,Surfing,Surfing/v_Surfing_g09_c03.avi,219,240,320,center_stride,45,172,77,92,2,6,2
4368,Surfing,Surfing/v_Surfing_g10_c02.avi,240,240,320,center_stride,56,183,72,87,1,5,3
4369,Surfing,Surfing/v_Surfing_g10_c03.avi,126,240,320,uniform_fallback,0,125,16,31,1,11,0
4370,Surfing,Surfing/v_Surfing_g10_c04.avi,266,240,320,center_stride,69,196,165,180,6,14,11
4371,Surfing,Surfing/v_Surfing_g10_c05.avi,253,240,320,center_stride,62,189,110,125,3,11,5
4372,Surfing,Surfing/v_Surfing_g11_c01.avi,196,240,320,center_stride,34,161,146,161,7,2,15
4373,Surfing,Surfing/v_Surfing_g12_c03.avi,210,240,320,center_stride,41,168,41,56,0,10,15
4374,Surfing,Surfing/v_Surfing_g12_c05.avi,210,240,320,center_stride,41,168,41,56,0,8,3
4375,Surfing,Surfing/v_Surfing_g13_c01.avi,204,240,320,center_stride,38,165,102,117,4,1,13
4376,Surfing,Surfing/v_Surfing_g13_c02.avi,246,240,320,center_stride,59,186,59,74,0,11,14
4377,Surfing,Surfing/v_Surfing_g13_c05.avi,249,240,320,center_stride,60,187,172,187,7,6,11
4378,Surfing,Surfing/v_Surfing_g14_c02.avi,205,240,320,center_stride,38,165,38,53,0,1,12
4379,Surfing,Surfing/v_Surfing_g14_c03.avi,150,240,320,center_stride,11,138,43,58,2,0,9
4380,Surfing,Surfing/v_Surfing_g14_c04.avi,211,240,320,center_stride,41,168,73,88,2,4,9
4381,Surfing,Surfing/v_Surfing_g15_c03.avi,109,240,320,uniform_fallback,0,108,0,13,0,6,11
4382,Surfing,Surfing/v_Surfing_g16_c01.avi,259,240,320,center_stride,65,192,145,160,5,15,6
4383,Surfing,Surfing/v_Surfing_g16_c02.avi,239,240,320,center_stride,55,182,87,102,2,4,14
4384,Surfing,Surfing/v_Surfing_g16_c04.avi,248,240,320,center_stride,60,187,140,155,5,13,12
4385,Surfing,Surfing/v_Surfing_g16_c05.avi,253,240,320,center_stride,62,189,142,157,5,9,15
4386,Surfing,Surfing/v_Surfing_g16_c06.avi,248,240,320,center_stride,60,187,60,75,0,0,13
4387,Surfing,Surfing/v_Surfing_g18_c01.avi,125,240,320,uniform_fallback,0,124,109,124,7,8,4
4388,Surfing,Surfing/v_Surfing_g18_c02.avi,155,240,320,center_stride,13,140,61,76,3,6,1
4389,Surfing,Surfing/v_Surfing_g18_c03.avi,75,240,320,uniform_fallback,0,74,37,46,4,15,14
4390,Surfing,Surfing/v_Surfing_g18_c04.avi,119,240,320,uniform_fallback,0,118,15,29,1,6,15
4391,Surfing,Surfing/v_Surfing_g19_c02.avi,232,240,320,center_stride,52,179,132,147,5,2,6
4392,Surfing,Surfing/v_Surfing_g20_c02.avi,243,240,320,center_stride,57,184,169,184,7,11,13
4393,Surfing,Surfing/v_Surfing_g20_c03.avi,164,240,320,center_stride,18,145,34,49,1,3,14
4394,Surfing,Surfing/v_Surfing_g20_c05.avi,246,240,320,center_stride,59,186,139,154,5,3,4
4395,Surfing,Surfing/v_Surfing_g21_c03.avi,137,240,320,center_stride,4,131,116,131,7,7,13
4396,Surfing,Surfing/v_Surfing_g21_c04.avi,152,240,320,center_stride,12,139,60,75,3,0,0
4397,Surfing,Surfing/v_Surfing_g22_c01.avi,75,240,320,uniform_fallback,0,74,65,74,7,13,5
4398,Surfing,Surfing/v_Surfing_g22_c02.avi,75,240,320,uniform_fallback,0,74,0,9,0,3,15
4399,Surfing,Surfing/v_Surfing_g23_c03.avi,114,240,320,uniform_fallback,0,113,43,56,3,1,8
4400,Swing,Swing/v_Swing_g02_c04.avi,335,240,320,center_stride,103,230,103,118,0,14,13
4401,Swing,Swing/v_Swing_g03_c02.avi,145,240,320,center_stride,8,135,56,71,3,1,1
4402,Swing,Swing/v_Swing_g03_c03.avi,145,240,320,center_stride,8,135,120,135,7,11,7
4403,Swing,Swing/v_Swing_g03_c04.avi,145,240,320,center_stride,8,135,8,23,0,9,2
4404,Swing,Swing/v_Swing_g04_c02.avi,126,240,320,uniform_fallback,0,125,47,62,3,10,2
4405,Swing,Swing/v_Swing_g05_c05.avi,201,240,320,center_stride,36,163,84,99,3,8,0
4406,Swing,Swing/v_Swing_g05_c06.avi,201,240,320,center_stride,36,163,84,99,3,1,14
4407,Swing,Swing/v_Swing_g06_c02.avi,126,240,320,uniform_fallback,0,125,94,109,6,3,13
4408,Swing,Swing/v_Swing_g06_c05.avi,151,240,320,center_stride,11,138,107,122,6,4,8
4409,Swing,Swing/v_Swing_g06_c06.avi,151,240,320,center_stride,11,138,75,90,4,13,7
4410,Swing,Swing/v_Swing_g07_c03.avi,251,240,320,center_stride,61,188,109,124,3,5,6
4411,Swing,Swing/v_Swing_g07_c04.avi,201,240,320,center_stride,36,163,52,67,1,11,3
4412,Swing,Swing/v_Swing_g07_c06.avi,161,240,320,center_stride,16,143,112,127,6,3,7
4413,Swing,Swing/v_Swing_g08_c03.avi,160,240,320,center_stride,16,143,96,111,5,2,11
4414,Swing,Swing/v_Swing_g08_c04.avi,160,240,320,center_stride,16,143,64,79,3,10,7
4415,Swing,Swing/v_Swing_g09_c01.avi,126,240,320,uniform_fallback,0,125,0,15,0,14,0
4416,Swing,Swing/v_Swing_g09_c02.avi,126,240,320,uniform_fallback,0,125,63,78,4,4,2
4417,Swing,Swing/v_Swing_g09_c03.avi,126,240,320,uniform_fallback,0,125,110,125,7,13,3
4418,Swing,Swing/v_Swing_g09_c04.avi,126,240,320,uniform_fallback,0,125,47,62,3,1,2
4419,Swing,Swing/v_Swing_g10_c02.avi,251,240,320,center_stride,61,188,61,76,0,12,2
4420,Swing,Swing/v_Swing_g10_c04.avi,231,240,320,center_stride,51,178,147,162,6,3,14
4421,Swing,Swing/v_Swing_g11_c04.avi,126,240,320,uniform_fallback,0,125,110,125,7,0,5
4422,Swing,Swing/v_Swing_g12_c01.avi,126,240,320,uniform_fallback,0,125,79,94,5,14,1
4423,Swing,Swing/v_Swing_g12_c03.avi,126,240,320,uniform_fallback,0,125,63,78,4,5,14
4424,Swing,Swing/v_Swing_g12_c04.avi,126,240,320,uniform_fallback,0,125,16,31,1,4,0
4425,Swing,Swing/v_Swing_g13_c01.avi,160,240,320,center_stride,16,143,96,111,5,10,7
4426,Swing,Swing/v_Swing_g14_c04.avi,151,240,320,center_stride,11,138,27,42,1,0,14
4427,Swing,Swing/v_Swing_g14_c05.avi,151,240,320,center_stride,11,138,75,90,4,5,10
4428,Swing,Swing/v_Swing_g15_c05.avi,201,240,320,center_stride,36,163,148,163,7,6,12
4429,Swing,Swing/v_Swing_g15_c07.avi,201,240,320,center_stride,36,163,116,131,5,15,15
4430,Swing,Swing/v_Swing_g16_c01.avi,126,240,320,uniform_fallback,0,125,16,31,1,6,10
4431,Swing,Swing/v_Swing_g16_c04.avi,109,240,320,uniform_fallback,0,108,54,67,4,4,8
4432,Swing,Swing/v_Swing_g16_c05.avi,151,240,320,center_stride,11,138,43,58,2,13,2
4433,Swing,Swing/v_Swing_g17_c01.avi,160,240,320,center_stride,16,143,112,127,6,12,2
4434,Swing,Swing/v_Swing_g17_c03.avi,160,240,320,center_stride,16,143,48,63,2,12,15
4435,Swing,Swing/v_Swing_g18_c01.avi,335,240,320,center_stride,103,230,119,134,1,3,0
4436,Swing,Swing/v_Swing_g19_c04.avi,160,240,320,center_stride,16,143,64,79,3,3,8
4437,Swing,Swing/v_Swing_g20_c06.avi,151,240,320,center_stride,11,138,123,138,7,6,8
4438,Swing,Swing/v_Swing_g21_c02.avi,168,240,320,center_stride,20,147,52,67,2,11,7
4439,Swing,Swing/v_Swing_g21_c04.avi,151,240,320,center_stride,11,138,43,58,2,9,5
4440,Swing,Swing/v_Swing_g21_c06.avi,201,240,320,center_stride,36,163,36,51,0,4,13
4441,Swing,Swing/v_Swing_g22_c01.avi,151,240,320,center_stride,11,138,123,138,7,10,6
4442,Swing,Swing/v_Swing_g22_c02.avi,201,240,320,center_stride,36,163,52,67,1,5,11
4443,Swing,Swing/v_Swing_g22_c04.avi,101,240,320,uniform_fallback,0,100,0,12,0,13,8
4444,Swing,Swing/v_Swing_g22_c05.avi,157,240,320,center_stride,14,141,62,77,3,4,14
4445,Swing,Swing/v_Swing_g23_c02.avi,126,240,320,uniform_fallback,0,125,16,31,1,6,0
4446,Swing,Swing/v_Swing_g23_c03.avi,126,240,320,uniform_fallback,0,125,94,109,6,4,8
4447,Swing,Swing/v_Swing_g23_c05.avi,151,240,320,center_stride,11,138,11,26,0,5,4
4448,Swing,Swing/v_Swing_g24_c01.avi,126,240,320,uniform_fallback,0,125,79,94,5,4,2
4449,Swing,Swing/v_Swing_g24_c03.avi,126,240,320,uniform_fallback,0,125,47,62,3,6,4
4450,TableTennisShot,TableTennisShot/v_TableTennisShot_g01_c02.avi,169,240,320,center_stride,20,147,52,67,2,12,15
4451,TableTennisShot,TableTennisShot/v_TableTennisShot_g02_c01.avi,225,240,320,center_stride,48,175,64,79,1,0,2
4452,TableTennisShot,TableTennisShot/v_TableTennisShot_g02_c03.avi,145,240,320,center_stride,8,135,24,39,1,6,4
4453,TableTennisShot,TableTennisShot/v_TableTennisShot_g03_c01.avi,125,240,320,uniform_fallback,0,124,16,30,1,14,15
4454,TableTennisShot,TableTennisShot/v_TableTennisShot_g03_c04.avi,131,240,320,center_stride,1,128,1,16,0,11,1
4455,TableTennisShot,TableTennisShot/v_TableTennisShot_g03_c05.avi,106,240,320,uniform_fallback,0,105,53,65,4,7,5
4456,TableTennisShot,TableTennisShot/v_TableTennisShot_g04_c01.avi,210,240,320,center_stride,41,168,89,104,3,11,15
4457,TableTennisShot,TableTennisShot/v_TableTennisShot_g04_c03.avi,134,240,320,center_stride,3,130,83,98,5,7,11
4458,TableTennisShot,TableTennisShot/v_TableTennisShot_g04_c06.avi,211,240,320,center_stride,41,168,153,168,7,2,5
4459,TableTennisShot,TableTennisShot/v_TableTennisShot_g04_c07.avi,142,240,320,center_stride,7,134,23,38,1,11,9
4460,TableTennisShot,TableTennisShot/v_TableTennisShot_g05_c01.avi,204,240,320,center_stride,38,165,54,69,1,4,6
4461,TableTennisShot,TableTennisShot/v_TableTennisShot_g05_c02.avi,173,240,320,center_stride,22,149,70,85,3,1,3
4462,TableTennisShot,TableTennisShot/v_TableTennisShot_g05_c03.avi,221,240,320,center_stride,46,173,126,141,5,15,9
4463,TableTennisShot,TableTennisShot/v_TableTennisShot_g05_c04.avi,176,240,320,center_stride,24,151,104,119,5,10,11
4464,TableTennisShot,TableTennisShot/v_TableTennisShot_g05_c05.avi,134,240,320,center_stride,3,130,51,66,3,9,14
4465,TableTennisShot,TableTennisShot/v_TableTennisShot_g05_c07.avi,157,240,320,center_stride,14,141,14,29,0,10,14
4466,TableTennisShot,TableTennisShot/v_TableTennisShot_g06_c01.avi,207,240,320,center_stride,39,166,39,54,0,4,8
4467,TableTennisShot,TableTennisShot/v_TableTennisShot_g06_c04.avi,111,240,320,uniform_fallback,0,110,28,41,2,0,0
4468,TableTennisShot,TableTennisShot/v_TableTennisShot_g07_c03.avi,76,240,320,uniform_fallback,0,75,19,28,2,5,6
4469,TableTennisShot,TableTennisShot/v_TableTennisShot_g08_c02.avi,51,240,320,uniform_fallback,0,50,38,44,6,15,11
4470,TableTennisShot,TableTennisShot/v_TableTennisShot_g09_c07.avi,76,240,320,uniform_fallback,0,75,66,75,7,9,2
4471,TableTennisShot,TableTennisShot/v_TableTennisShot_g10_c01.avi,177,240,320,center_stride,24,151,40,55,1,3,8
4472,TableTennisShot,TableTennisShot/v_TableTennisShot_g10_c02.avi,207,240,320,center_stride,39,166,151,166,7,6,5
4473,TableTennisShot,TableTennisShot/v_TableTennisShot_g12_c01.avi,144,240,320,center_stride,8,135,72,87,4,14,1
4474,TableTennisShot,TableTennisShot/v_TableTennisShot_g13_c01.avi,150,240,320,center_stride,11,138,43,58,2,12,1
4475,TableTennisShot,TableTennisShot/v_TableTennisShot_g14_c03.avi,186,240,320,center_stride,29,156,61,76,2,3,14
4476,TableTennisShot,TableTennisShot/v_TableTennisShot_g14_c04.avi,250,240,320,center_stride,61,188,125,140,4,15,9
4477,TableTennisShot,TableTennisShot/v_TableTennisShot_g15_c02.avi,177,240,320,center_stride,24,151,136,151,7,12,12
4478,TableTennisShot,TableTennisShot/v_TableTennisShot_g15_c05.avi,105,240,320,uniform_fallback,0,104,66,78,5,12,5
4479,TableTennisShot,TableTennisShot/v_TableTennisShot_g16_c01.avi,207,240,320,center_stride,39,166,135,150,6,8,1
4480,TableTennisShot,TableTennisShot/v_TableTennisShot_g16_c05.avi,260,240,320,center_stride,66,193,130,145,4,6,9
4481,TableTennisShot,TableTennisShot/v_TableTennisShot_g16_c06.avi,234,240,320,center_stride,53,180,165,180,7,15,12
4482,TableTennisShot,TableTennisShot/v_TableTennisShot_g16_c07.avi,70,240,320,uniform_fallback,0,69,52,60,6,6,6
4483,TableTennisShot,TableTennisShot/v_TableTennisShot_g17_c02.avi,75,240,320,uniform_fallback,0,74,9,18,1,2,8
4484,TableTennisShot,TableTennisShot/v_TableTennisShot_g18_c01.avi,201,240,320,center_stride,36,163,36,51,0,11,4
4485,TableTennisShot,TableTennisShot/v_TableTennisShot_g18_c02.avi,145,240,320,center_stride,8,135,40,55,2,14,5
4486,TableTennisShot,TableTennisShot/v_TableTennisShot_g18_c04.avi,170,240,320,center_stride,21,148,69,84,3,7,3
4487,TableTennisShot,TableTennisShot/v_TableTennisShot_g19_c06.avi,259,240,320,center_stride,65,192,161,176,6,1,6
4488,TableTennisShot,TableTennisShot/v_TableTennisShot_g20_c06.avi,109,240,320,uniform_fallback,0,108,27,40,2,1,1
4489,TableTennisShot,TableTennisShot/v_TableTennisShot_g22_c06.avi,250,240,320,center_stride,61,188,77,92,1,10,13
4490,TableTennisShot,TableTennisShot/v_TableTennisShot_g23_c01.avi,223,240,320,center_stride,47,174,127,142,5,3,12
4491,TableTennisShot,TableTennisShot/v_TableTennisShot_g23_c02.avi,227,240,320,center_stride,49,176,113,128,4,7,3
4492,TableTennisShot,TableTennisShot/v_TableTennisShot_g23_c03.avi,255,240,320,center_stride,63,190,143,158,5,9,5
4493,TableTennisShot,TableTennisShot/v_TableTennisShot_g24_c04.avi,259,240,320,center_stride,65,192,161,176,6,11,13
4494,TableTennisShot,TableTennisShot/v_TableTennisShot_g24_c05.avi,207,240,320,center_stride,39,166,119,134,5,7,3
4495,TableTennisShot,TableTennisShot/v_TableTennisShot_g24_c07.avi,281,240,320,center_stride,76,203,124,139,3,3,3
4496,TableTennisShot,TableTennisShot/v_TableTennisShot_g25_c01.avi,175,240,320,center_stride,23,150,71,86,3,11,7
4497,TableTennisShot,TableTennisShot/v_TableTennisShot_g25_c02.avi,230,240,320,center_stride,51,178,115,130,4,6,13
4498,TableTennisShot,TableTennisShot/v_TableTennisShot_g25_c03.avi,231,240,320,center_stride,51,178,147,162,6,0,1
4499,TableTennisShot,TableTennisShot/v_TableTennisShot_g25_c04.avi,208,240,320,center_stride,40,167,104,119,4,10,2
4500,TaiChi,TaiChi/v_TaiChi_g01_c02.avi,168,240,320,center_stride,20,147,84,99,4,3,4
4501,TaiChi,TaiChi/v_TaiChi_g02_c02.avi,171,240,320,center_stride,21,148,21,36,0,5,5
4502,TaiChi,TaiChi/v_TaiChi_g03_c01.avi,180,240,320,center_stride,26,153,138,153,7,0,5
4503,TaiChi,TaiChi/v_TaiChi_g03_c03.avi,175,240,320,center_stride,23,150,119,134,6,12,7
4504,TaiChi,TaiChi/v_TaiChi_g05_c02.avi,171,240,320,center_stride,21,148,101,116,5,6,0
4505,TaiChi,TaiChi/v_TaiChi_g05_c03.avi,170,240,320,center_stride,21,148,117,132,6,8,5
4506,TaiChi,TaiChi/v_TaiChi_g05_c04.avi,169,240,320,center_stride,20,147,36,51,1,4,9
4507,TaiChi,TaiChi/v_TaiChi_g06_c02.avi,172,240,320,center_stride,22,149,118,133,6,15,6
4508,TaiChi,TaiChi/v_TaiChi_g06_c03.avi,179,240,320,center_stride,25,152,25,40,0,7,11
4509,TaiChi,TaiChi/v_TaiChi_g06_c04.avi,177,240,320,center_stride,24,151,24,39,0,7,3
4510,TaiChi,TaiChi/v_TaiChi_g07_c04.avi,171,240,320,center_stride,21,148,85,100,4,8,1
4511,TaiChi,TaiChi/v_TaiChi_g08_c02.avi,186,240,320,center_stride,29,156,141,156,7,13,2
4512,TaiChi,TaiChi/v_TaiChi_g08_c03.avi,186,240,320,center_stride,29,156,61,76,2,14,15
4513,TaiChi,TaiChi/v_TaiChi_g08_c04.avi,168,240,320,center_stride,20,147,36,51,1,15,14
4514,TaiChi,TaiChi/v_TaiChi_g09_c01.avi,170,240,320,center_stride,21,148,101,116,5,7,14
4515,TaiChi,TaiChi/v_TaiChi_g09_c03.avi,173,240,320,center_stride,22,149,70,85,3,7,11
4516,TaiChi,TaiChi/v_TaiChi_g09_c04.avi,170,240,320,center_stride,21,148,21,36,0,3,0
4517,TaiChi,TaiChi/v_TaiChi_g10_c02.avi,172,240,320,center_stride,22,149,102,117,5,2,14
4518,TaiChi,TaiChi/v_TaiChi_g10_c04.avi,172,240,320,center_stride,22,149,118,133,6,5,3
4519,TaiChi,TaiChi/v_TaiChi_g11_c01.avi,189,240,320,center_stride,30,157,142,157,7,13,3
4520,TaiChi,TaiChi/v_TaiChi_g11_c02.avi,170,240,320,center_stride,21,148,117,132,6,5,13
4521,TaiChi,TaiChi/v_TaiChi_g11_c04.avi,170,240,320,center_stride,21,148,21,36,0,9,13
4522,TaiChi,TaiChi/v_TaiChi_g12_c01.avi,182,240,320,center_stride,27,154,139,154,7,4,14
4523,TaiChi,TaiChi/v_TaiChi_g12_c02.avi,176,240,320,center_stride,24,151,72,87,3,8,0
4524,TaiChi,TaiChi/v_TaiChi_g12_c03.avi,176,240,320,center_stride,24,151,104,119,5,12,4
4525,TaiChi,TaiChi/v_TaiChi_g12_c04.avi,182,240,320,center_stride,27,154,123,138,6,9,0
4526,TaiChi,TaiChi/v_TaiChi_g13_c04.avi,170,240,320,center_stride,21,148,69,84,3,6,7
4527,TaiChi,TaiChi/v_TaiChi_g14_c01.avi,170,240,320,center_stride,21,148,101,116,5,11,2
4528,TaiChi,TaiChi/v_TaiChi_g14_c02.avi,170,240,320,center_stride,21,148,69,84,3,11,9
4529,TaiChi,TaiChi/v_TaiChi_g14_c03.avi,181,240,320,center_stride,26,153,90,105,4,13,1
4530,TaiChi,TaiChi/v_TaiChi_g15_c03.avi,177,240,320,center_stride,24,151,136,151,7,12,0
4531,TaiChi,TaiChi/v_TaiChi_g16_c02.avi,199,240,320,center_stride,35,162,147,162,7,9,15
4532,TaiChi,TaiChi/v_TaiChi_g16_c04.avi,182,240,320,center_stride,27,154,43,58,1,7,13
4533,TaiChi,TaiChi/v_TaiChi_g18_c01.avi,212,240,320,center_stride,42,169,90,105,3,11,10
4534,TaiChi,TaiChi/v_TaiChi_g18_c02.avi,179,240,320,center_stride,25,152,73,88,3,12,7
4535,TaiChi,TaiChi/v_TaiChi_g18_c03.avi,170,240,320,center_stride,21,148,37,52,1,4,1
4536,TaiChi,TaiChi/v_TaiChi_g20_c01.avi,173,240,320,center_stride,22,149,22,37,0,13,11
4537,TaiChi,TaiChi/v_TaiChi_g20_c02.avi,178,240,320,center_stride,25,152,73,88,3,11,7
4538,TaiChi,TaiChi/v_TaiChi_g20_c04.avi,170,240,320,center_stride,21,148,101,116,5,0,11
4539,TaiChi,TaiChi/v_TaiChi_g21_c02.avi,182,240,320,center_stride,27,154,107,122,5,7,3
4540,TaiChi,TaiChi/v_TaiChi_g21_c03.avi,171,240,320,center_stride,21,148,117,132,6,15,2
4541,TaiChi,TaiChi/v_TaiChi_g21_c04.avi,171,240,320,center_stride,21,148,85,100,4,8,4
4542,TaiChi,TaiChi/v_TaiChi_g22_c04.avi,215,240,320,center_stride,43,170,123,138,5,7,10
4543,TaiChi,TaiChi/v_TaiChi_g23_c01.avi,231,240,320,center_stride,51,178,51,66,0,1,8
4544,TaiChi,TaiChi/v_TaiChi_g23_c03.avi,230,240,320,center_stride,51,178,99,114,3,4,9
4545,TaiChi,TaiChi/v_TaiChi_g23_c04.avi,267,240,320,center_stride,69,196,117,132,3,10,3
4546,TaiChi,TaiChi/v_TaiChi_g24_c01.avi,214,240,320,center_stride,43,170,75,90,2,14,11
4547,TaiChi,TaiChi/v_TaiChi_g24_c03.avi,221,240,320,center_stride,46,173,110,125,4,5,9
4548,TaiChi,TaiChi/v_TaiChi_g24_c04.avi,221,240,320,center_stride,46,173,78,93,2,13,13
4549,TaiChi,TaiChi/v_TaiChi_g25_c03.avi,183,240,320,center_stride,27,154,43,58,1,2,3
4550,TennisSwing,TennisSwing/v_TennisSwing_g01_c06.avi,90,240,320,uniform_fallback,0,89,22,33,2,1,15
4551,TennisSwing,TennisSwing/v_TennisSwing_g02_c03.avi,74,240,320,uniform_fallback,0,73,28,36,3,7,3
4552,TennisSwing,TennisSwing/v_TennisSwing_g02_c05.avi,178,240,320,center_stride,25,152,73,88,3,14,9
4553,TennisSwing,TennisSwing/v_TennisSwing_g03_c02.avi,62,240,320,uniform_fallback,0,61,0,7,0,14,11
4554,TennisSwing,TennisSwing/v_TennisSwing_g03_c04.avi,79,240,320,uniform_fallback,0,78,29,39,3,6,13
4555,TennisSwing,TennisSwing/v_TennisSwing_g03_c07.avi,74,240,320,uniform_fallback,0,73,9,18,1,7,8
4556,TennisSwing,TennisSwing/v_TennisSwing_g04_c01.avi,146,240,320,center_stride,9,136,73,88,4,4,13
4557,TennisSwing,TennisSwing/v_TennisSwing_g04_c03.avi,86,240,320,uniform_fallback,0,85,54,64,5,11,3
4558,TennisSwing,TennisSwing/v_TennisSwing_g04_c06.avi,98,240,320,uniform_fallback,0,97,0,11,0,9,9
4559,TennisSwing,TennisSwing/v_TennisSwing_g04_c07.avi,131,240,320,center_stride,1,128,1,16,0,10,6
4560,TennisSwing,TennisSwing/v_TennisSwing_g05_c01.avi,122,240,320,uniform_fallback,0,121,76,91,5,11,12
4561,TennisSwing,TennisSwing/v_TennisSwing_g05_c06.avi,166,240,320,center_stride,19,146,51,66,2,6,3
4562,TennisSwing,TennisSwing/v_TennisSwing_g05_c07.avi,96,240,320,uniform_fallback,0,95,36,47,3,0,1
4563,TennisSwing,TennisSwing/v_TennisSwing_g06_c05.avi,245,240,320,center_stride,58,185,154,169,6,15,3
4564,TennisSwing,TennisSwing/v_TennisSwing_g07_c06.avi,169,240,320,center_stride,20,147,52,67,2,1,6
4565,TennisSwing,TennisSwing/v_TennisSwing_g08_c03.avi,210,240,320,center_stride,41,168,121,136,5,5,9
4566,TennisSwing,TennisSwing/v_TennisSwing_g08_c06.avi,180,240,320,center_stride,26,153,74,89,3,7,1
4567,TennisSwing,TennisSwing/v_TennisSwing_g09_c04.avi,113,240,320,uniform_fallback,0,112,14,27,1,11,6
4568,TennisSwing,TennisSwing/v_TennisSwing_g10_c01.avi,137,240,320,center_stride,4,131,68,83,4,7,8
4569,TennisSwing,TennisSwing/v_TennisSwing_g10_c02.avi,335,240,320,center_stride,103,230,199,214,6,3,11
4570,TennisSwing,TennisSwing/v_TennisSwing_g10_c05.avi,112,240,320,uniform_fallback,0,111,42,55,3,7,15
4571,TennisSwing,TennisSwing/v_TennisSwing_g10_c06.avi,99,240,320,uniform_fallback,0,98,49,61,4,15,11
4572,TennisSwing,TennisSwing/v_TennisSwing_g10_c07.avi,192,240,320,center_stride,32,159,144,159,7,15,4
4573,TennisSwing,TennisSwing/v_TennisSwing_g12_c03.avi,368,240,320,center_stride,120,247,136,151,1,8,10
4574,TennisSwing,TennisSwing/v_TennisSwing_g12_c06.avi,92,240,320,uniform_fallback,0,91,57,68,5,6,1
4575,TennisSwing,TennisSwing/v_TennisSwing_g13_c01.avi,69,240,320,uniform_fallback,0,68,0,8,0,5,0
4576,TennisSwing,TennisSwing/v_TennisSwing_g13_c02.avi,69,240,320,uniform_fallback,0,68,26,34,3,14,1
4577,TennisSwing,TennisSwing/v_TennisSwing_g13_c07.avi,224,240,320,center_stride,48,175,96,111,3,7,8
4578,TennisSwing,TennisSwing/v_TennisSwing_g14_c03.avi,113,240,320,uniform_fallback,0,112,85,98,6,7,9
4579,TennisSwing,TennisSwing/v_TennisSwing_g14_c04.avi,91,240,320,uniform_fallback,0,90,79,90,7,11,4
4580,TennisSwing,TennisSwing/v_TennisSwing_g15_c01.avi,161,240,320,center_stride,16,143,80,95,4,15,0
4581,TennisSwing,TennisSwing/v_TennisSwing_g15_c07.avi,100,240,320,uniform_fallback,0,99,25,37,2,1,13
4582,TennisSwing,TennisSwing/v_TennisSwing_g16_c05.avi,308,240,320,center_stride,90,217,170,185,5,11,1
4583,TennisSwing,TennisSwing/v_TennisSwing_g16_c06.avi,252,240,320,center_stride,62,189,142,157,5,0,1
4584,TennisSwing,TennisSwing/v_TennisSwing_g16_c07.avi,176,240,320,center_stride,24,151,24,39,0,3,5
4585,TennisSwing,TennisSwing/v_TennisSwing_g17_c02.avi,193,240,320,center_stride,32,159,112,127,5,8,8
4586,TennisSwing,TennisSwing/v_TennisSwing_g17_c06.avi,201,240,320,center_stride,36,163,52,67,1,4,11
4587,TennisSwing,TennisSwing/v_TennisSwing_g17_c07.avi,177,240,320,center_stride,24,151,88,103,4,13,13
4588,TennisSwing,TennisSwing/v_TennisSwing_g18_c03.avi,150,240,320,center_stride,11,138,27,42,1,8,2
4589,TennisSwing,TennisSwing/v_TennisSwing_g18_c04.avi,145,240,320,center_stride,8,135,72,87,4,10,11
4590,TennisSwing,TennisSwing/v_TennisSwing_g18_c05.avi,154,240,320,center_stride,13,140,45,60,2,0,4
4591,TennisSwing,TennisSwing/v_TennisSwing_g19_c05.avi,165,240,320,center_stride,18,145,50,65,2,10,2
4592,TennisSwing,TennisSwing/v_TennisSwing_g20_c05.avi,121,240,320,uniform_fallback,0,120,76,90,5,9,0
4593,TennisSwing,TennisSwing/v_TennisSwing_g20_c06.avi,172,240,320,center_stride,22,149,70,85,3,7,2
4594,TennisSwing,TennisSwing/v_TennisSwing_g21_c02.avi,108,240,320,uniform_fallback,0,107,67,80,5,2,11
4595,TennisSwing,TennisSwing/v_TennisSwing_g22_c04.avi,200,240,320,center_stride,36,163,84,99,3,7,10
4596,TennisSwing,TennisSwing/v_TennisSwing_g22_c06.avi,218,240,320,center_stride,45,172,109,124,4,6,4
4597,TennisSwing,TennisSwing/v_TennisSwing_g23_c02.avi,79,240,320,uniform_fallback,0,78,0,9,0,11,0
4598,TennisSwing,TennisSwing/v_TennisSwing_g25_c02.avi,312,240,320,center_stride,92,219,156,171,4,13,2
4599,TennisSwing,TennisSwing/v_TennisSwing_g25_c04.avi,333,240,320,center_stride,102,229,198,213,6,5,4
4600,ThrowDiscus,ThrowDiscus/v_ThrowDiscus_g01_c01.avi,66,240,320,uniform_fallback,0,65,25,32,3,0,6
4601,ThrowDiscus,ThrowDiscus/v_ThrowDiscus_g01_c03.avi,82,240,320,uniform_fallback,0,81,0,10,0,4,5
4602,ThrowDiscus,ThrowDiscus/v_ThrowDiscus_g01_c04.avi,78,240,320,uniform_fallback,0,77,49,58,5,9,13
4603,ThrowDiscus,ThrowDiscus/v_ThrowDiscus_g02_c02.avi,90,240,320,uniform_fallback,0,89,67,78,6,10,11
4604,ThrowDiscus,ThrowDiscus/v_ThrowDiscus_g03_c03.avi,148,240,320,center_stride,10,137,42,57,2,0,5
4605,ThrowDiscus,ThrowDiscus/v_ThrowDiscus_g03_c04.avi,110,240,320,uniform_fallback,0,109,41,54,3,13,9
4606,ThrowDiscus,ThrowDiscus/v_ThrowDiscus_g04_c02.avi,158,240,320,center_stride,15,142,79,94,4,11,6
4607,ThrowDiscus,ThrowDiscus/v_ThrowDiscus_g04_c03.avi,121,240,320,uniform_fallback,0,120,45,60,3,15,11
4608,ThrowDiscus,ThrowDiscus/v_ThrowDiscus_g04_c04.avi,123,240,320,uniform_fallback,0,122,108,122,7,12,13
4609,ThrowDiscus,ThrowDiscus/v_ThrowDiscus_g05_c03.avi,66,240,320,uniform_fallback,0,65,25,32,3,15,13
4610,ThrowDiscus,ThrowDiscus/v_ThrowDiscus_g06_c01.avi,88,240,320,uniform_fallback,0,87,11,21,1,15,0
4611,ThrowDiscus,ThrowDiscus/v_ThrowDiscus_g06_c04.avi,133,240,320,center_stride,2,129,98,113,6,12,0
4612,ThrowDiscus,ThrowDiscus/v_ThrowDiscus_g06_c05.avi,133,240,320,center_stride,2,129,50,65,3,8,4
4613,ThrowDiscus,ThrowDiscus/v_ThrowDiscus_g06_c06.avi,106,240,320,uniform_fallback,0,105,66,79,5,13,11
4614,ThrowDiscus,ThrowDiscus/v_ThrowDiscus_g06_c07.avi,71,240,320,uniform_fallback,0,70,18,26,2,0,5
4615,ThrowDiscus,ThrowDiscus/v_ThrowDiscus_g07_c02.avi,105,240,320,uniform_fallback,0,104,92,104,7,10,3
4616,ThrowDiscus,ThrowDiscus/v_ThrowDiscus_g07_c03.avi,155,240,320,center_stride,13,140,109,124,6,10,10
4617,ThrowDiscus,ThrowDiscus/v_ThrowDiscus_g07_c04.avi,123,240,320,uniform_fallback,0,122,61,76,4,4,5
4618,ThrowDiscus,ThrowDiscus/v_ThrowDiscus_g07_c05.avi,110,240,320,uniform_fallback,0,109,27,40,2,10,10
4619,ThrowDiscus,ThrowDiscus/v_ThrowDiscus_g08_c02.avi,98,240,320,uniform_fallback,0,97,24,36,2,2,4
4620,ThrowDiscus,ThrowDiscus/v_ThrowDiscus_g09_c02.avi,112,240,320,uniform_fallback,0,111,0,13,0,15,4
4621,ThrowDiscus,ThrowDiscus/v_ThrowDiscus_g09_c06.avi,100,240,320,uniform_fallback,0,99,0,12,0,9,11
4622,ThrowDiscus,ThrowDiscus/v_ThrowDiscus_g10_c01.avi,79,240,320,uniform_fallback,0,78,69,78,7,2,0
4623,ThrowDiscus,ThrowDiscus/v_ThrowDiscus_g10_c05.avi,137,240,320,center_stride,4,131,52,67,3,1,7
4624,ThrowDiscus,ThrowDiscus/v_ThrowDiscus_g11_c04.avi,85,240,320,uniform_fallback,0,84,0,10,0,5,5
4625,ThrowDiscus,ThrowDiscus/v_ThrowDiscus_g11_c07.avi,64,240,320,uniform_fallback,0,63,16,23,2,13,12
4626,ThrowDiscus,ThrowDiscus/v_ThrowDiscus_g12_c01.avi,116,240,320,uniform_fallback,0,115,87,101,6,4,14
4627,ThrowDiscus,ThrowDiscus/v_ThrowDiscus_g12_c04.avi,85,240,320,uniform_fallback,0,84,21,31,2,8,12
4628,ThrowDiscus,ThrowDiscus/v_ThrowDiscus_g13_c05.avi,165,240,320,center_stride,18,145,130,145,7,10,14
4629,ThrowDiscus,ThrowDiscus/v_ThrowDiscus_g14_c02.avi,71,240,320,uniform_fallback,0,70,44,52,5,7,4
4630,ThrowDiscus,ThrowDiscus/v_ThrowDiscus_g14_c03.avi,110,240,320,uniform_fallback,0,109,0,13,0,3,10
4631,ThrowDiscus,ThrowDiscus/v_ThrowDiscus_g15_c01.avi,99,240,320,uniform_fallback,0,98,74,86,6,12,0
4632,ThrowDiscus,ThrowDiscus/v_ThrowDiscus_g15_c05.avi,110,240,320,uniform_fallback,0,109,27,40,2,8,10
4633,ThrowDiscus,ThrowDiscus/v_ThrowDiscus_g16_c02.avi,106,240,320,uniform_fallback,0,105,66,79,5,10,12
4634,ThrowDiscus,ThrowDiscus/v_ThrowDiscus_g16_c03.avi,58,240,320,uniform_fallback,0,57,29,35,4,8,6
4635,ThrowDiscus,ThrowDiscus/v_ThrowDiscus_g16_c04.avi,141,240,320,center_stride,6,133,54,69,3,15,10
4636,ThrowDiscus,ThrowDiscus/v_ThrowDiscus_g17_c02.avi,56,240,320,uniform_fallback,0,55,14,20,2,2,6
4637,ThrowDiscus,ThrowDiscus/v_ThrowDiscus_g17_c03.avi,103,240,320,uniform_fallback,0,102,51,63,4,4,15
4638,ThrowDiscus,ThrowDiscus/v_ThrowDiscus_g17_c05.avi,89,240,320,uniform_fallback,0,88,67,77,6,10,7
4639,ThrowDiscus,ThrowDiscus/v_ThrowDiscus_g18_c01.avi,149,240,320,center_stride,10,137,74,89,4,10,2
4640,ThrowDiscus,ThrowDiscus/v_ThrowDiscus_g18_c02.avi,131,240,320,center_stride,1,128,33,48,2,10,4
4641,ThrowDiscus,ThrowDiscus/v_ThrowDiscus_g18_c04.avi,117,240,320,uniform_fallback,0,116,102,116,7,4,9
4642,ThrowDiscus,ThrowDiscus/v_ThrowDiscus_g18_c05.avi,131,240,320,center_stride,1,128,65,80,4,8,14
4643,ThrowDiscus,ThrowDiscus/v_ThrowDiscus_g20_c02.avi,80,240,320,uniform_fallback,0,79,0,9,0,10,2
4644,ThrowDiscus,ThrowDiscus/v_ThrowDiscus_g20_c03.avi,89,240,320,uniform_fallback,0,88,67,77,6,5,11
4645,ThrowDiscus,ThrowDiscus/v_ThrowDiscus_g20_c04.avi,92,240,320,uniform_fallback,0,91,57,68,5,12,11
4646,ThrowDiscus,ThrowDiscus/v_ThrowDiscus_g21_c03.avi,69,240,320,uniform_fallback,0,68,34,42,4,6,8
4647,ThrowDiscus,ThrowDiscus/v_ThrowDiscus_g21_c06.avi,82,240,320,uniform_fallback,0,81,0,10,0,15,13
4648,ThrowDiscus,ThrowDiscus/v_ThrowDiscus_g22_c01.avi,76,240,320,uniform_fallback,0,75,66,75,7,7,2
4649,ThrowDiscus,ThrowDiscus/v_ThrowDiscus_g23_c05.avi,71,240,320,uniform_fallback,0,70,9,17,1,3,6
4650,TrampolineJumping,TrampolineJumping/v_TrampolineJumping_g01_c01.avi,240,240,320,center_stride,56,183,120,135,4,10,13
4651,TrampolineJumping,TrampolineJumping/v_TrampolineJumping_g02_c01.avi,201,240,320,center_stride,36,163,100,115,4,5,12
4652,TrampolineJumping,TrampolineJumping/v_TrampolineJumping_g02_c04.avi,201,240,320,center_stride,36,163,132,147,6,3,14
4653,TrampolineJumping,TrampolineJumping/v_TrampolineJumping_g02_c06.avi,240,240,320,center_stride,56,183,104,119,3,5,13
4654,TrampolineJumping,TrampolineJumping/v_TrampolineJumping_g03_c02.avi,201,240,320,center_stride,36,163,116,131,5,1,3
4655,TrampolineJumping,TrampolineJumping/v_TrampolineJumping_g04_c01.avi,250,240,320,center_stride,61,188,157,172,6,12,11
4656,TrampolineJumping,TrampolineJumping/v_TrampolineJumping_g04_c02.avi,250,240,320,center_stride,61,188,141,156,5,7,2
4657,TrampolineJumping,TrampolineJumping/v_TrampolineJumping_g04_c05.avi,240,240,320,center_stride,56,183,152,167,6,7,1
4658,TrampolineJumping,TrampolineJumping/v_TrampolineJumping_g05_c04.avi,151,240,320,center_stride,11,138,75,90,4,2,10
4659,TrampolineJumping,TrampolineJumping/v_TrampolineJumping_g06_c02.avi,450,240,320,center_stride,161,288,257,272,6,11,9
4660,TrampolineJumping,TrampolineJumping/v_TrampolineJumping_g06_c04.avi,330,240,320,center_stride,101,228,213,228,7,6,6
4661,TrampolineJumping,TrampolineJumping/v_TrampolineJumping_g08_c01.avi,180,240,320,center_stride,26,153,138,153,7,3,11
4662,TrampolineJumping,TrampolineJumping/v_TrampolineJumping_g09_c03.avi,201,240,320,center_stride,36,163,36,51,0,1,5
4663,TrampolineJumping,TrampolineJumping/v_TrampolineJumping_g09_c05.avi,240,240,320,center_stride,56,183,56,71,0,6,8
4664,TrampolineJumping,TrampolineJumping/v_TrampolineJumping_g10_c03.avi,201,240,320,center_stride,36,163,132,147,6,15,9
4665,TrampolineJumping,TrampolineJumping/v_TrampolineJumping_g10_c04.avi,201,240,320,center_stride,36,163,116,131,5,7,15
4666,TrampolineJumping,TrampolineJumping/v_TrampolineJumping_g10_c05.avi,240,240,320,center_stride,56,183,120,135,4,14,3
4667,TrampolineJumping,TrampolineJumping/v_TrampolineJumping_g10_c06.avi,240,240,320,center_stride,56,183,152,167,6,9,5
4668,TrampolineJumping,TrampolineJumping/v_TrampolineJumping_g11_c02.avi,151,240,320,center_stride,11,138,43,58,2,8,6
4669,TrampolineJumping,TrampolineJumping/v_TrampolineJumping_g11_c03.avi,201,240,320,center_stride,36,163,148,163,7,9,15
4670,TrampolineJumping,TrampolineJumping/v_TrampolineJumping_g11_c06.avi,240,240,320,center_stride,56,183,88,103,2,9,2
4671,TrampolineJumping,TrampolineJumping/v_TrampolineJumping_g12_c02.avi,180,240,320,center_stride,26,153,58,73,2,2,12
4672,TrampolineJumping,TrampolineJumping/v_TrampolineJumping_g12_c03.avi,180,240,320,center_stride,26,153,90,105,4,10,11
4673,TrampolineJumping,TrampolineJumping/v_TrampolineJumping_g13_c02.avi,187,240,320,center_stride,29,156,29,44,0,9,13
4674,TrampolineJumping,TrampolineJumping/v_TrampolineJumping_g13_c04.avi,125,240,320,uniform_fallback,0,124,109,124,7,12,15
4675,TrampolineJumping,TrampolineJumping/v_TrampolineJumping_g14_c01.avi,349,240,320,center_stride,110,237,206,221,6,4,7
4676,TrampolineJumping,TrampolineJumping/v_TrampolineJumping_g14_c02.avi,229,240,320,center_stride,50,177,130,145,5,10,6
4677,TrampolineJumping,TrampolineJumping/v_TrampolineJumping_g14_c03.avi,201,240,320,center_stride,36,163,148,163,7,6,5
4678,TrampolineJumping,TrampolineJumping/v_TrampolineJumping_g14_c04.avi,201,240,320,center_stride,36,163,52,67,1,14,13
4679,TrampolineJumping,TrampolineJumping/v_TrampolineJumping_g15_c04.avi,151,240,320,center_stride,11,138,107,122,6,5,11
4680,TrampolineJumping,TrampolineJumping/v_TrampolineJumping_g15_c05.avi,180,240,320,center_stride,26,153,106,121,5,12,8
4681,TrampolineJumping,TrampolineJumping/v_TrampolineJumping_g16_c01.avi,144,240,320,center_stride,8,135,88,103,5,5,4
4682,TrampolineJumping,TrampolineJumping/v_TrampolineJumping_g16_c02.avi,171,240,320,center_stride,21,148,37,52,1,10,2
4683,TrampolineJumping,TrampolineJumping/v_TrampolineJumping_g16_c03.avi,116,240,320,uniform_fallback,0,115,14,28,1,0,10
4684,TrampolineJumping,TrampolineJumping/v_TrampolineJumping_g16_c04.avi,151,240,320,center_stride,11,138,123,138,7,2,1
4685,TrampolineJumping,TrampolineJumping/v_TrampolineJumping_g17_c02.avi,251,240,320,center_stride,61,188,109,124,3,9,7
4686,TrampolineJumping,TrampolineJumping/v_TrampolineJumping_g17_c03.avi,201,240,320,center_stride,36,163,100,115,4,12,5
4687,TrampolineJumping,TrampolineJumping/v_TrampolineJumping_g18_c01.avi,201,240,320,center_stride,36,163,52,67,1,1,7
4688,TrampolineJumping,TrampolineJumping/v_TrampolineJumping_g18_c02.avi,151,240,320,center_stride,11,138,107,122,6,8,2
4689,TrampolineJumping,TrampolineJumping/v_TrampolineJumping_g19_c03.avi,106,240,320,uniform_fallback,0,105,26,39,2,2,11
4690,TrampolineJumping,TrampolineJumping/v_TrampolineJumping_g20_c01.avi,201,240,320,center_stride,36,163,36,51,0,8,1
4691,TrampolineJumping,TrampolineJumping/v_TrampolineJumping_g20_c02.avi,201,240,320,center_stride,36,163,148,163,7,3,0
4692,TrampolineJumping,TrampolineJumping/v_TrampolineJumping_g22_c02.avi,180,240,320,center_stride,26,153,90,105,4,3,15
4693,TrampolineJumping,TrampolineJumping/v_TrampolineJumping_g22_c04.avi,180,240,320,center_stride,26,153,106,121,5,7,1
4694,TrampolineJumping,TrampolineJumping/v_TrampolineJumping_g22_c06.avi,180,240,320,center_stride,26,153,106,121,5,13,9
4695,TrampolineJumping,TrampolineJumping/v_TrampolineJumping_g23_c01.avi,151,240,320,center_stride,11,138,91,106,5,10,10
4696,TrampolineJumping,TrampolineJumping/v_TrampolineJumping_g23_c02.avi,151,240,320,center_stride,11,138,75,90,4,15,12
4697,TrampolineJumping,TrampolineJumping/v_TrampolineJumping_g23_c04.avi,151,240,320,center_stride,11,138,27,42,1,8,5
4698,TrampolineJumping,TrampolineJumping/v_TrampolineJumping_g24_c01.avi,225,240,320,center_stride,48,175,96,111,3,7,13
4699,TrampolineJumping,TrampolineJumping/v_TrampolineJumping_g25_c02.avi,123,240,320,uniform_fallback,0,122,46,61,3,12,12
4700,Typing,Typing/v_Typing_g01_c01.avi,127,240,320,uniform_fallback,0,126,95,110,6,2,9
4701,Typing,Typing/v_Typing_g01_c02.avi,121,240,320,uniform_fallback,0,120,45,60,3,11,9
4702,Typing,Typing/v_Typing_g01_c05.avi,124,240,320,uniform_fallback,0,123,108,123,7,5,5
4703,Typing,Typing/v_Typing_g01_c06.avi,144,240,320,center_stride,8,135,88,103,5,14,3
4704,Typing,Typing/v_Typing_g02_c01.avi,250,240,320,center_stride,61,188,157,172,6,10,4
4705,Typing,Typing/v_Typing_g02_c02.avi,250,240,320,center_stride,61,188,173,188,7,7,8
4706,Typing,Typing/v_Typing_g02_c03.avi,250,240,320,center_stride,61,188,157,172,6,6,9
4707,Typing,Typing/v_Typing_g02_c04.avi,250,240,320,center_stride,61,188,173,188,7,2,12
4708,Typing,Typing/v_Typing_g04_c03.avi,150,240,320,center_stride,11,138,91,106,5,1,6
4709,Typing,Typing/v_Typing_g05_c01.avi,250,240,320,center_stride,61,188,125,140,4,6,15
4710,Typing,Typing/v_Typing_g05_c02.avi,250,240,320,center_stride,61,188,141,156,5,8,15
4711,Typing,Typing/v_Typing_g05_c03.avi,250,240,320,center_stride,61,188,77,92,1,10,15
4712,Typing,Typing/v_Typing_g05_c05.avi,250,240,320,center_stride,61,188,77,92,1,14,11
4713,Typing,Typing/v_Typing_g06_c03.avi,126,240,320,uniform_fallback,0,125,79,94,5,11,1
4714,Typing,Typing/v_Typing_g06_c05.avi,125,240,320,uniform_fallback,0,124,62,77,4,15,10
4715,Typing,Typing/v_Typing_g06_c07.avi,119,240,320,uniform_fallback,0,118,15,29,1,12,3
4716,Typing,Typing/v_Typing_g07_c01.avi,120,240,320,uniform_fallback,0,119,75,89,5,11,8
4717,Typing,Typing/v_Typing_g07_c06.avi,110,240,320,uniform_fallback,0,109,55,68,4,2,9
4718,Typing,Typing/v_Typing_g08_c01.avi,176,240,320,center_stride,24,151,24,39,0,0,7
4719,Typing,Typing/v_Typing_g08_c03.avi,250,240,320,center_stride,61,188,157,172,6,8,3
4720,Typing,Typing/v_Typing_g09_c03.avi,250,240,320,center_stride,61,188,77,92,1,0,2
4721,Typing,Typing/v_Typing_g09_c05.avi,250,240,320,center_stride,61,188,93,108,2,3,5
4722,Typing,Typing/v_Typing_g09_c07.avi,250,240,320,center_stride,61,188,141,156,5,14,7
4723,Typing,Typing/v_Typing_g10_c01.avi,250,240,320,center_stride,61,188,93,108,2,15,5
4724,Typing,Typing/v_Typing_g10_c02.avi,260,240,320,center_stride,66,193,114,129,3,5,0
4725,Typing,Typing/v_Typing_g10_c03.avi,260,240,320,center_stride,66,193,114,129,3,13,7
4726,Typing,Typing/v_Typing_g10_c07.avi,250,240,320,center_stride,61,188,93,108,2,12,3
4727,Typing,Typing/v_Typing_g11_c04.avi,120,240,320,uniform_fallback,0,119,45,59,3,3,8
4728,Typing,Typing/v_Typing_g11_c06.avi,119,240,320,uniform_fallback,0,118,104,118,7,12,0
4729,Typing,Typing/v_Typing_g12_c02.avi,137,240,320,center_stride,4,131,84,99,5,10,6
4730,Typing,Typing/v_Typing_g12_c03.avi,113,240,320,uniform_fallback,0,112,85,98,6,12,12
4731,Typing,Typing/v_Typing_g12_c07.avi,111,240,320,uniform_fallback,0,110,97,110,7,14,14
4732,Typing,Typing/v_Typing_g13_c02.avi,75,240,320,uniform_fallback,0,74,28,37,3,11,2
4733,Typing,Typing/v_Typing_g13_c03.avi,75,240,320,uniform_fallback,0,74,19,27,2,0,2
4734,Typing,Typing/v_Typing_g13_c04.avi,97,240,320,uniform_fallback,0,96,60,72,5,1,13
4735,Typing,Typing/v_Typing_g14_c01.avi,251,240,320,center_stride,61,188,93,108,2,4,12
4736,Typing,Typing/v_Typing_g17_c01.avi,110,240,320,uniform_fallback,0,109,27,40,2,8,3
4737,Typing,Typing/v_Typing_g18_c01.avi,133,240,320,center_stride,2,129,114,129,7,9,8
4738,Typing,Typing/v_Typing_g18_c02.avi,122,240,320,uniform_fallback,0,121,76,91,5,9,13
4739,Typing,Typing/v_Typing_g18_c03.avi,130,240,320,center_stride,1,128,1,16,0,2,5
4740,Typing,Typing/v_Typing_g19_c03.avi,250,240,320,center_stride,61,188,125,140,4,15,3
4741,Typing,Typing/v_Typing_g20_c02.avi,190,240,320,center_stride,31,158,143,158,7,6,11
4742,Typing,Typing/v_Typing_g21_c02.avi,109,240,320,uniform_fallback,0,108,54,67,4,12,8
4743,Typing,Typing/v_Typing_g21_c04.avi,111,240,320,uniform_fallback,0,110,69,82,5,5,10
4744,Typing,Typing/v_Typing_g22_c01.avi,253,240,320,center_stride,62,189,62,77,0,12,10
4745,Typing,Typing/v_Typing_g23_c01.avi,203,240,320,center_stride,37,164,117,132,5,0,10
4746,Typing,Typing/v_Typing_g24_c04.avi,224,240,320,center_stride,48,175,144,159,6,6,2
4747,Typing,Typing/v_Typing_g25_c02.avi,250,240,320,center_stride,61,188,125,140,4,9,5
4748,Typing,Typing/v_Typing_g25_c03.avi,250,240,320,center_stride,61,188,157,172,6,8,6
4749,Typing,Typing/v_Typing_g25_c04.avi,250,240,320,center_stride,61,188,93,108,2,12,12
4750,UnevenBars,UnevenBars/v_UnevenBars_g01_c01.avi,161,240,320,center_stride,16,143,112,127,6,5,11
4751,UnevenBars,UnevenBars/v_UnevenBars_g02_c01.avi,146,240,320,center_stride,9,136,9,24,0,6,13
4752,UnevenBars,UnevenBars/v_UnevenBars_g03_c01.avi,129,240,320,center_stride,0,127,0,15,0,15,6
4753,UnevenBars,UnevenBars/v_UnevenBars_g03_c02.avi,142,240,320,center_stride,7,134,23,38,1,15,8
4754,UnevenBars,UnevenBars/v_UnevenBars_g03_c03.avi,150,240,320,center_stride,11,138,43,58,2,8,1
4755,UnevenBars,UnevenBars/v_UnevenBars_g04_c02.avi,125,240,320,uniform_fallback,0,124,31,46,2,15,15
4756,UnevenBars,UnevenBars/v_UnevenBars_g04_c03.avi,120,240,320,uniform_fallback,0,119,105,119,7,11,4
4757,UnevenBars,UnevenBars/v_UnevenBars_g06_c03.avi,79,240,320,uniform_fallback,0,78,29,39,3,7,13
4758,UnevenBars,UnevenBars/v_UnevenBars_g07_c01.avi,150,240,320,center_stride,11,138,107,122,6,5,0
4759,UnevenBars,UnevenBars/v_UnevenBars_g07_c02.avi,73,240,320,uniform_fallback,0,72,9,18,1,12,5
4760,UnevenBars,UnevenBars/v_UnevenBars_g07_c04.avi,123,240,320,uniform_fallback,0,122,77,91,5,1,9
4761,UnevenBars,UnevenBars/v_UnevenBars_g08_c03.avi,168,240,320,center_stride,20,147,132,147,7,3,14
4762,UnevenBars,UnevenBars/v_UnevenBars_g09_c01.avi,167,240,320,center_stride,19,146,19,34,0,0,3
4763,UnevenBars,UnevenBars/v_UnevenBars_g10_c01.avi,189,240,320,center_stride,30,157,62,77,2,8,14
4764,UnevenBars,UnevenBars/v_UnevenBars_g10_c02.avi,129,240,320,center_stride,0,127,16,31,1,7,2
4765,UnevenBars,UnevenBars/v_UnevenBars_g11_c02.avi,150,240,320,center_stride,11,138,107,122,6,14,2
4766,UnevenBars,UnevenBars/v_UnevenBars_g11_c03.avi,164,240,320,center_stride,18,145,50,65,2,11,12
4767,UnevenBars,UnevenBars/v_UnevenBars_g12_c02.avi,202,240,320,center_stride,37,164,101,116,4,7,12
4768,UnevenBars,UnevenBars/v_UnevenBars_g12_c04.avi,160,240,320,center_stride,16,143,112,127,6,14,5
4769,UnevenBars,UnevenBars/v_UnevenBars_g13_c01.avi,116,240,320,uniform_fallback,0,115,72,86,5,5,1
4770,UnevenBars,UnevenBars/v_UnevenBars_g13_c04.avi,139,240,320,center_stride,5,132,21,36,1,1,5
4771,UnevenBars,UnevenBars/v_UnevenBars_g14_c01.avi,121,240,320,uniform_fallback,0,120,0,14,0,0,6
4772,UnevenBars,UnevenBars/v_UnevenBars_g14_c02.avi,171,240,320,center_stride,21,148,101,116,5,15,4
4773,UnevenBars,UnevenBars/v_UnevenBars_g14_c04.avi,109,240,320,uniform_fallback,0,108,82,94,6,0,2
4774,UnevenBars,UnevenBars/v_UnevenBars_g15_c01.avi,63,240,320,uniform_fallback,0,62,0,7,0,15,9
4775,UnevenBars,UnevenBars/v_UnevenBars_g15_c02.avi,122,240,320,uniform_fallback,0,121,46,60,3,14,14
4776,UnevenBars,UnevenBars/v_UnevenBars_g15_c04.avi,257,240,320,center_stride,64,191,128,143,4,13,2
4777,UnevenBars,UnevenBars/v_UnevenBars_g15_c06.avi,168,240,320,center_stride,20,147,68,83,3,2,5
4778,UnevenBars,UnevenBars/v_UnevenBars_g16_c03.avi,300,240,320,center_stride,86,213,150,165,4,6,0
4779,UnevenBars,UnevenBars/v_UnevenBars_g16_c04.avi,300,240,320,center_stride,86,213,150,165,4,8,6
4780,UnevenBars,UnevenBars/v_UnevenBars_g17_c02.avi,132,240,320,center_stride,2,129,18,33,1,0,7
4781,UnevenBars,UnevenBars/v_UnevenBars_g18_c01.avi,166,240,320,center_stride,19,146,35,50,1,8,5
4782,UnevenBars,UnevenBars/v_UnevenBars_g18_c02.avi,190,240,320,center_stride,31,158,31,46,0,6,6
4783,UnevenBars,UnevenBars/v_UnevenBars_g18_c04.avi,75,240,320,uniform_fallback,0,74,56,65,6,5,0
4784,UnevenBars,UnevenBars/v_UnevenBars_g19_c01.avi,167,240,320,center_stride,19,146,51,66,2,7,9
4785,UnevenBars,UnevenBars/v_UnevenBars_g19_c02.avi,125,240,320,uniform_fallback,0,124,16,30,1,8,15
4786,UnevenBars,UnevenBars/v_UnevenBars_g19_c03.avi,115,240,320,uniform_fallback,0,114,0,13,0,8,3
4787,UnevenBars,UnevenBars/v_UnevenBars_g19_c04.avi,100,240,320,uniform_fallback,0,99,25,37,2,2,4
4788,UnevenBars,UnevenBars/v_UnevenBars_g20_c02.avi,137,240,320,center_stride,4,131,20,35,1,9,10
4789,UnevenBars,UnevenBars/v_UnevenBars_g20_c03.avi,100,240,320,uniform_fallback,0,99,75,87,6,4,0
4790,UnevenBars,UnevenBars/v_UnevenBars_g20_c04.avi,147,240,320,center_stride,9,136,9,24,0,8,11
4791,UnevenBars,UnevenBars/v_UnevenBars_g21_c02.avi,158,240,320,center_stride,15,142,79,94,4,8,8
4792,UnevenBars,UnevenBars/v_UnevenBars_g22_c01.avi,241,240,320,center_stride,56,183,104,119,3,14,5
4793,UnevenBars,UnevenBars/v_UnevenBars_g22_c03.avi,139,240,320,center_stride,5,132,101,116,6,7,13
4794,UnevenBars,UnevenBars/v_UnevenBars_g22_c04.avi,125,240,320,uniform_fallback,0,124,16,30,1,13,0
4795,UnevenBars,UnevenBars/v_UnevenBars_g23_c02.avi,129,240,320,center_stride,0,127,112,127,7,7,12
4796,UnevenBars,UnevenBars/v_UnevenBars_g23_c03.avi,166,240,320,center_stride,19,146,131,146,7,7,4
4797,UnevenBars,UnevenBars/v_UnevenBars_g24_c02.avi,186,240,320,center_stride,29,156,29,44,0,1,8
4798,UnevenBars,UnevenBars/v_UnevenBars_g24_c04.avi,94,240,320,uniform_fallback,0,93,59,70,5,7,3
4799,UnevenBars,UnevenBars/v_UnevenBars_g25_c02.avi,159,240,320,center_stride,15,142,111,126,6,11,13
4800,VolleyballSpiking,VolleyballSpiking/v_VolleyballSpiking_g01_c01.avi,93,240,320,uniform_fallback,0,92,46,57,4,11,5
4801,VolleyballSpiking,VolleyballSpiking/v_VolleyballSpiking_g01_c03.avi,154,240,320,center_stride,13,140,93,108,5,5,7
4802,VolleyballSpiking,VolleyballSpiking/v_VolleyballSpiking_g01_c04.avi,69,240,320,uniform_fallback,0,68,43,51,5,15,14
4803,VolleyballSpiking,VolleyballSpiking/v_VolleyballSpiking_g02_c04.avi,91,240,320,uniform_fallback,0,90,79,90,7,6,5
4804,VolleyballSpiking,VolleyballSpiking/v_VolleyballSpiking_g03_c03.avi,123,240,320,uniform_fallback,0,122,0,14,0,10,12
4805,VolleyballSpiking,VolleyballSpiking/v_VolleyballSpiking_g04_c01.avi,65,240,320,uniform_fallback,0,64,8,16,1,1,7
4806,VolleyballSpiking,VolleyballSpiking/v_VolleyballSpiking_g04_c04.avi,111,240,320,uniform_fallback,0,110,83,96,6,1,4
4807,VolleyballSpiking,VolleyballSpiking/v_VolleyballSpiking_g04_c06.avi,110,240,320,uniform_fallback,0,109,69,82,5,15,5
4808,VolleyballSpiking,VolleyballSpiking/v_VolleyballSpiking_g06_c01.avi,121,240,320,uniform_fallback,0,120,106,120,7,2,13
4809,VolleyballSpiking,VolleyballSpiking/v_VolleyballSpiking_g07_c03.avi,89,240,320,uniform_fallback,0,88,67,77,6,2,8
4810,VolleyballSpiking,VolleyballSpiking/v_VolleyballSpiking_g07_c04.avi,67,240,320,uniform_fallback,0,66,25,33,3,0,14
4811,VolleyballSpiking,VolleyballSpiking/v_VolleyballSpiking_g07_c05.avi,86,240,320,uniform_fallback,0,85,0,10,0,3,7
4812,VolleyballSpiking,VolleyballSpiking/v_VolleyballSpiking_g07_c06.avi,67,240,320,uniform_fallback,0,66,8,16,1,5,11
4813,VolleyballSpiking,VolleyballSpiking/v_VolleyballSpiking_g07_c07.avi,79,240,320,uniform_fallback,0,78,69,78,7,7,7
4814,VolleyballSpiking,VolleyballSpiking/v_VolleyballSpiking_g08_c04.avi,117,240,320,uniform_fallback,0,116,88,101,6,1,13
4815,VolleyballSpiking,VolleyballSpiking/v_VolleyballSpiking_g09_c01.avi,82,240,320,uniform_fallback,0,81,51,61,5,0,14
4816,VolleyballSpiking,VolleyballSpiking/v_VolleyballSpiking_g09_c06.avi,105,240,320,uniform_fallback,0,104,13,25,1,2,8
4817,VolleyballSpiking,VolleyballSpiking/v_VolleyballSpiking_g11_c02.avi,164,240,320,center_stride,18,145,66,81,3,6,14
4818,VolleyballSpiking,VolleyballSpiking/v_VolleyballSpiking_g11_c03.avi,116,240,320,uniform_fallback,0,115,0,14,0,15,8
4819,VolleyballSpiking,VolleyballSpiking/v_VolleyballSpiking_g11_c04.avi,178,240,320,center_stride,25,152,137,152,7,6,8
4820,VolleyballSpiking,VolleyballSpiking/v_VolleyballSpiking_g12_c01.avi,101,240,320,uniform_fallback,0,100,38,50,3,15,1
4821,VolleyballSpiking,VolleyballSpiking/v_VolleyballSpiking_g12_c03.avi,116,240,320,uniform_fallback,0,115,58,72,4,14,15
4822,VolleyballSpiking,VolleyballSpiking/v_VolleyballSpiking_g13_c01.avi,77,240,320,uniform_fallback,0,76,48,57,5,13,4
4823,VolleyballSpiking,VolleyballSpiking/v_VolleyballSpiking_g13_c02.avi,73,240,320,uniform_fallback,0,72,27,36,3,5,12
4824,VolleyballSpiking,VolleyballSpiking/v_VolleyballSpiking_g13_c03.avi,73,240,320,uniform_fallback,0,72,18,27,2,0,0
4825,VolleyballSpiking,VolleyballSpiking/v_VolleyballSpiking_g13_c06.avi,104,240,320,uniform_fallback,0,103,39,51,3,13,0
4826,VolleyballSpiking,VolleyballSpiking/v_VolleyballSpiking_g13_c07.avi,102,240,320,uniform_fallback,0,101,76,88,6,6,2
4827,VolleyballSpiking,VolleyballSpiking/v_VolleyballSpiking_g14_c02.avi,57,240,320,uniform_fallback,0,56,21,28,3,12,11
4828,VolleyballSpiking,VolleyballSpiking/v_VolleyballSpiking_g14_c04.avi,84,240,320,uniform_fallback,0,83,42,52,4,7,1
4829,VolleyballSpiking,VolleyballSpiking/v_VolleyballSpiking_g15_c02.avi,102,240,320,uniform_fallback,0,101,64,76,5,3,15
4830,VolleyballSpiking,VolleyballSpiking/v_VolleyballSpiking_g15_c04.avi,86,240,320,uniform_fallback,0,85,75,85,7,15,2
4831,VolleyballSpiking,VolleyballSpiking/v_VolleyballSpiking_g16_c03.avi,89,240,320,uniform_fallback,0,88,11,21,1,3,12
4832,VolleyballSpiking,VolleyballSpiking/v_VolleyballSpiking_g16_c04.avi,180,240,320,center_stride,26,153,106,121,5,4,11
4833,VolleyballSpiking,VolleyballSpiking/v_VolleyballSpiking_g17_c02.avi,87,240,320,uniform_fallback,0,86,11,21,1,0,11
4834,VolleyballSpiking,VolleyballSpiking/v_VolleyballSpiking_g17_c03.avi,104,240,320,uniform_fallback,0,103,91,103,7,7,8
4835,VolleyballSpiking,VolleyballSpiking/v_VolleyballSpiking_g17_c04.avi,124,240,320,uniform_fallback,0,123,0,15,0,8,5
4836,VolleyballSpiking,VolleyballSpiking/v_VolleyballSpiking_g18_c03.avi,153,240,320,center_stride,12,139,44,59,2,3,0
4837,VolleyballSpiking,VolleyballSpiking/v_VolleyballSpiking_g19_c02.avi,101,240,320,uniform_fallback,0,100,13,24,1,4,4
4838,VolleyballSpiking,VolleyballSpiking/v_VolleyballSpiking_g19_c03.avi,59,240,320,uniform_fallback,0,58,15,21,2,13,10
4839,VolleyballSpiking,VolleyballSpiking/v_VolleyballSpiking_g20_c03.avi,78,240,320,uniform_fallback,0,77,68,77,7,7,12
4840,VolleyballSpiking,VolleyballSpiking/v_VolleyballSpiking_g21_c01.avi,121,240,320,uniform_fallback,0,120,106,120,7,10,11
4841,VolleyballSpiking,VolleyballSpiking/v_VolleyballSpiking_g21_c02.avi,119,240,320,uniform_fallback,0,118,59,73,4,5,1
4842,VolleyballSpiking,VolleyballSpiking/v_VolleyballSpiking_g22_c01.avi,113,240,320,uniform_fallback,0,112,14,27,1,14,7
4843,VolleyballSpiking,VolleyballSpiking/v_VolleyballSpiking_g22_c02.avi,111,240,320,uniform_fallback,0,110,55,68,4,10,10
4844,VolleyballSpiking,VolleyballSpiking/v_VolleyballSpiking_g22_c03.avi,200,240,320,center_stride,36,163,68,83,2,7,8
4845,VolleyballSpiking,VolleyballSpiking/v_VolleyballSpiking_g23_c04.avi,262,240,320,center_stride,67,194,147,162,5,14,11
4846,VolleyballSpiking,VolleyballSpiking/v_VolleyballSpiking_g24_c02.avi,101,240,320,uniform_fallback,0,100,13,24,1,12,6
4847,VolleyballSpiking,VolleyballSpiking/v_VolleyballSpiking_g24_c04.avi,133,240,320,center_stride,2,129,34,49,2,5,11
4848,VolleyballSpiking,VolleyballSpiking/v_VolleyballSpiking_g25_c03.avi,179,240,320,center_stride,25,152,121,136,6,6,1
4849,VolleyballSpiking,VolleyballSpiking/v_VolleyballSpiking_g25_c04.avi,102,240,320,uniform_fallback,0,101,25,37,2,4,15
4850,WalkingWithDog,WalkingWithDog/v_WalkingWithDog_g01_c02.avi,240,240,320,center_stride,56,183,72,87,1,10,2
4851,WalkingWithDog,WalkingWithDog/v_WalkingWithDog_g02_c03.avi,240,240,320,center_stride,56,183,104,119,3,4,11
4852,WalkingWithDog,WalkingWithDog/v_WalkingWithDog_g02_c04.avi,240,240,320,center_stride,56,183,72,87,1,12,4
4853,WalkingWithDog,WalkingWithDog/v_WalkingWithDog_g03_c03.avi,215,240,320,center_stride,43,170,59,74,1,10,2
4854,WalkingWithDog,WalkingWithDog/v_WalkingWithDog_g03_c04.avi,240,240,320,center_stride,56,183,120,135,4,9,4
4855,WalkingWithDog,WalkingWithDog/v_WalkingWithDog_g04_c03.avi,240,240,320,center_stride,56,183,168,183,7,10,15
4856,WalkingWithDog,WalkingWithDog/v_WalkingWithDog_g04_c05.avi,240,240,320,center_stride,56,183,104,119,3,11,8
4857,WalkingWithDog,WalkingWithDog/v_WalkingWithDog_g05_c03.avi,240,240,320,center_stride,56,183,136,151,5,5,1
4858,WalkingWithDog,WalkingWithDog/v_WalkingWithDog_g06_c02.avi,125,240,320,uniform_fallback,0,124,94,108,6,1,9
4859,WalkingWithDog,WalkingWithDog/v_WalkingWithDog_g06_c03.avi,240,240,320,center_stride,56,183,104,119,3,3,13
4860,WalkingWithDog,WalkingWithDog/v_WalkingWithDog_g06_c04.avi,240,240,320,center_stride,56,183,56,71,0,12,4
4861,WalkingWithDog,WalkingWithDog/v_WalkingWithDog_g07_c01.avi,94,240,320,uniform_fallback,0,93,0,11,0,14,12
4862,WalkingWithDog,WalkingWithDog/v_WalkingWithDog_g07_c02.avi,159,240,320,center_stride,15,142,31,46,1,8,14
4863,WalkingWithDog,WalkingWithDog/v_WalkingWithDog_g07_c04.avi,240,240,320,center_stride,56,183,120,135,4,13,7
4864,WalkingWithDog,WalkingWithDog/v_WalkingWithDog_g08_c01.avi,201,240,320,center_stride,36,163,36,51,0,3,14
4865,WalkingWithDog,WalkingWithDog/v_WalkingWithDog_g08_c03.avi,240,240,320,center_stride,56,183,120,135,4,2,14
4866,WalkingWithDog,WalkingWithDog/v_WalkingWithDog_g10_c03.avi,240,240,320,center_stride,56,183,136,151,5,9,8
4867,WalkingWithDog,WalkingWithDog/v_WalkingWithDog_g11_c02.avi,240,240,320,center_stride,56,183,136,151,5,8,0
4868,WalkingWithDog,WalkingWithDog/v_WalkingWithDog_g11_c05.avi,240,240,320,center_stride,56,183,136,151,5,14,6
4869,WalkingWithDog,WalkingWithDog/v_WalkingWithDog_g12_c03.avi,230,240,320,center_stride,51,178,83,98,2,9,11
4870,WalkingWithDog,WalkingWithDog/v_WalkingWithDog_g12_c04.avi,240,240,320,center_stride,56,183,72,87,1,1,9
4871,WalkingWithDog,WalkingWithDog/v_WalkingWithDog_g12_c05.avi,240,240,320,center_stride,56,183,152,167,6,13,4
4872,WalkingWithDog,WalkingWithDog/v_WalkingWithDog_g13_c01.avi,201,240,320,center_stride,36,163,132,147,6,12,3
4873,WalkingWithDog,WalkingWithDog/v_WalkingWithDog_g13_c04.avi,127,240,320,uniform_fallback,0,126,111,126,7,7,7
4874,WalkingWithDog,WalkingWithDog/v_WalkingWithDog_g14_c01.avi,240,240,320,center_stride,56,183,120,135,4,1,2
4875,WalkingWithDog,WalkingWithDog/v_WalkingWithDog_g15_c02.avi,240,240,320,center_stride,56,183,168,183,7,11,7
4876,WalkingWithDog,WalkingWithDog/v_WalkingWithDog_g16_c01.avi,118,240,320,uniform_fallback,0,117,103,117,7,15,1
4877,WalkingWithDog,WalkingWithDog/v_WalkingWithDog_g16_c05.avi,199,240,320,center_stride,35,162,99,114,4,8,11
4878,WalkingWithDog,WalkingWithDog/v_WalkingWithDog_g17_c01.avi,240,240,320,center_stride,56,183,72,87,1,4,11
4879,WalkingWithDog,WalkingWithDog/v_WalkingWithDog_g17_c04.avi,240,240,320,center_stride,56,183,56,71,0,8,6
4880,WalkingWithDog,WalkingWithDog/v_WalkingWithDog_g18_c03.avi,240,240,320,center_stride,56,183,88,103,2,15,10
4881,WalkingWithDog,WalkingWithDog/v_WalkingWithDog_g19_c01.avi,240,240,320,center_stride,56,183,56,71,0,11,7
4882,WalkingWithDog,WalkingWithDog/v_WalkingWithDog_g19_c04.avi,240,240,320,center_stride,56,183,120,135,4,1,3
4883,WalkingWithDog,WalkingWithDog/v_WalkingWithDog_g19_c05.avi,240,240,320,center_stride,56,183,88,103,2,0,0
4884,WalkingWithDog,WalkingWithDog/v_WalkingWithDog_g20_c03.avi,240,240,320,center_stride,56,183,72,87,1,5,8
4885,WalkingWithDog,WalkingWithDog/v_WalkingWithDog_g20_c04.avi,240,240,320,center_stride,56,183,168,183,7,11,2
4886,WalkingWithDog,WalkingWithDog/v_WalkingWithDog_g20_c07.avi,240,240,320,center_stride,56,183,152,167,6,4,1
4887,WalkingWithDog,WalkingWithDog/v_WalkingWithDog_g21_c01.avi,240,240,320,center_stride,56,183,56,71,0,12,0
4888,WalkingWithDog,WalkingWithDog/v_WalkingWithDog_g21_c03.avi,240,240,320,center_stride,56,183,168,183,7,7,2
4889,WalkingWithDog,WalkingWithDog/v_WalkingWithDog_g22_c02.avi,240,240,320,center_stride,56,183,72,87,1,13,13
4890,WalkingWithDog,WalkingWithDog/v_WalkingWithDog_g22_c03.avi,240,240,320,center_stride,56,183,104,119,3,7,6
4891,WalkingWithDog,WalkingWithDog/v_WalkingWithDog_g23_c02.avi,240,240,320,center_stride,56,183,104,119,3,5,4
4892,WalkingWithDog,WalkingWithDog/v_WalkingWithDog_g23_c03.avi,240,240,320,center_stride,56,183,136,151,5,2,11
4893,WalkingWithDog,WalkingWithDog/v_WalkingWithDog_g24_c01.avi,240,240,320,center_stride,56,183,120,135,4,2,0
4894,WalkingWithDog,WalkingWithDog/v_WalkingWithDog_g24_c02.avi,240,240,320,center_stride,56,183,152,167,6,15,5
4895,WalkingWithDog,WalkingWithDog/v_WalkingWithDog_g24_c05.avi,240,240,320,center_stride,56,183,152,167,6,7,15
4896,WalkingWithDog,WalkingWithDog/v_WalkingWithDog_g24_c06.avi,240,240,320,center_stride,56,183,104,119,3,15,13
4897,WalkingWithDog,WalkingWithDog/v_WalkingWithDog_g25_c01.avi,240,240,320,center_stride,56,183,152,167,6,15,11
4898,WalkingWithDog,WalkingWithDog/v_WalkingWithDog_g25_c02.avi,240,240,320,center_stride,56,183,136,151,5,1,12
4899,WalkingWithDog,WalkingWithDog/v_WalkingWithDog_g25_c04.avi,205,240,320,center_stride,38,165,102,117,4,5,10
4900,WallPushups,WallPushups/v_WallPushups_g03_c01.avi,114,240,320,uniform_fallback,0,113,100,113,7,4,12
4901,WallPushups,WallPushups/v_WallPushups_g03_c03.avi,108,240,320,uniform_fallback,0,107,94,107,7,7,11
4902,WallPushups,WallPushups/v_WallPushups_g05_c02.avi,91,240,320,uniform_fallback,0,90,11,22,1,3,6
4903,WallPushups,WallPushups/v_WallPushups_g05_c03.avi,84,240,320,uniform_fallback,0,83,31,41,3,3,15
4904,WallPushups,WallPushups/v_WallPushups_g06_c02.avi,101,240,320,uniform_fallback,0,100,50,62,4,7,6
4905,WallPushups,WallPushups/v_WallPushups_g06_c05.avi,115,240,320,uniform_fallback,0,114,14,28,1,6,2
4906,WallPushups,WallPushups/v_WallPushups_g07_c03.avi,95,240,320,uniform_fallback,0,94,71,82,6,4,13
4907,WallPushups,WallPushups/v_WallPushups_g07_c05.avi,85,240,320,uniform_fallback,0,84,74,84,7,4,9
4908,WallPushups,WallPushups/v_WallPushups_g08_c01.avi,140,240,320,center_stride,6,133,86,101,5,1,15
4909,WallPushups,WallPushups/v_WallPushups_g08_c02.avi,150,240,320,center_stride,11,138,27,42,1,8,7
4910,WallPushups,WallPushups/v_WallPushups_g09_c05.avi,125,240,320,uniform_fallback,0,124,0,15,0,5,15
4911,WallPushups,WallPushups/v_WallPushups_g10_c01.avi,92,240,320,uniform_fallback,0,91,57,68,5,1,11
4912,WallPushups,WallPushups/v_WallPushups_g10_c02.avi,69,240,320,uniform_fallback,0,68,9,17,1,15,11
4913,WallPushups,WallPushups/v_WallPushups_g10_c03.avi,71,240,320,uniform_fallback,0,70,9,17,1,13,11
4914,WallPushups,WallPushups/v_WallPushups_g11_c01.avi,154,240,320,center_stride,13,140,45,60,2,14,12
4915,WallPushups,WallPushups/v_WallPushups_g11_c04.avi,125,240,320,uniform_fallback,0,124,31,46,2,10,5
4916,WallPushups,WallPushups/v_WallPushups_g11_c06.avi,118,240,320,uniform_fallback,0,117,59,73,4,10,1
4917,WallPushups,WallPushups/v_WallPushups_g12_c01.avi,101,240,320,uniform_fallback,0,100,25,37,2,11,10
4918,WallPushups,WallPushups/v_WallPushups_g12_c02.avi,122,240,320,uniform_fallback,0,121,107,121,7,4,13
4919,WallPushups,WallPushups/v_WallPushups_g12_c05.avi,106,240,320,uniform_fallback,0,105,53,65,4,2,5
4920,WallPushups,WallPushups/v_WallPushups_g13_c01.avi,108,240,320,uniform_fallback,0,107,67,80,5,9,0
4921,WallPushups,WallPushups/v_WallPushups_g13_c03.avi,95,240,320,uniform_fallback,0,94,59,70,5,4,9
4922,WallPushups,WallPushups/v_WallPushups_g13_c04.avi,101,240,320,uniform_fallback,0,100,38,50,3,3,1
4923,WallPushups,WallPushups/v_WallPushups_g14_c01.avi,105,240,320,uniform_fallback,0,104,0,12,0,14,15
4924,WallPushups,WallPushups/v_WallPushups_g14_c04.avi,130,240,320,center_stride,1,128,49,64,3,8,15
4925,WallPushups,WallPushups/v_WallPushups_g15_c02.avi,62,240,320,uniform_fallback,0,61,8,15,1,11,7
4926,WallPushups,WallPushups/v_WallPushups_g15_c03.avi,61,240,320,uniform_fallback,0,60,15,22,2,9,9
4927,WallPushups,WallPushups/v_WallPushups_g15_c05.avi,114,240,320,uniform_fallback,0,113,100,113,7,5,7
4928,WallPushups,WallPushups/v_WallPushups_g17_c03.avi,113,240,320,uniform_fallback,0,112,14,27,1,11,15
4929,WallPushups,WallPushups/v_WallPushups_g17_c07.avi,93,240,320,uniform_fallback,0,92,23,34,2,2,15
4930,WallPushups,WallPushups/v_WallPushups_g18_c02.avi,125,240,320,uniform_fallback,0,124,109,124,7,5,2
4931,WallPushups,WallPushups/v_WallPushups_g18_c03.avi,105,240,320,uniform_fallback,0,104,13,25,1,15,10
4932,WallPushups,WallPushups/v_WallPushups_g18_c04.avi,121,240,320,uniform_fallback,0,120,106,120,7,6,6
4933,WallPushups,WallPushups/v_WallPushups_g18_c05.avi,110,240,320,uniform_fallback,0,109,14,27,1,9,0
4934,WallPushups,WallPushups/v_WallPushups_g19_c01.avi,88,240,320,uniform_fallback,0,87,55,65,5,11,9
4935,WallPushups,WallPushups/v_WallPushups_g19_c02.avi,86,240,320,uniform_fallback,0,85,54,64,5,13,2
4936,WallPushups,WallPushups/v_WallPushups_g20_c01.avi,93,240,320,uniform_fallback,0,92,12,22,1,5,12
4937,WallPushups,WallPushups/v_WallPushups_g20_c03.avi,106,240,320,uniform_fallback,0,105,66,79,5,12,0
4938,WallPushups,WallPushups/v_WallPushups_g20_c04.avi,101,240,320,uniform_fallback,0,100,0,12,0,4,15
4939,WallPushups,WallPushups/v_WallPushups_g21_c01.avi,72,240,320,uniform_fallback,0,71,45,53,5,4,0
4940,WallPushups,WallPushups/v_WallPushups_g21_c02.avi,81,240,320,uniform_fallback,0,80,71,80,7,0,2
4941,WallPushups,WallPushups/v_WallPushups_g21_c05.avi,133,240,320,center_stride,2,129,50,65,3,5,13
4942,WallPushups,WallPushups/v_WallPushups_g22_c02.avi,93,240,320,uniform_fallback,0,92,0,11,0,4,13
4943,WallPushups,WallPushups/v_WallPushups_g22_c03.avi,80,240,320,uniform_fallback,0,79,30,39,3,8,3
4944,WallPushups,WallPushups/v_WallPushups_g22_c04.avi,70,240,320,uniform_fallback,0,69,43,52,5,14,6
4945,WallPushups,WallPushups/v_WallPushups_g23_c01.avi,143,240,320,center_stride,7,134,71,86,4,15,14
4946,WallPushups,WallPushups/v_WallPushups_g23_c03.avi,70,240,320,uniform_fallback,0,69,17,26,2,1,6
4947,WallPushups,WallPushups/v_WallPushups_g23_c04.avi,61,240,320,uniform_fallback,0,60,38,45,5,13,15
4948,WallPushups,WallPushups/v_WallPushups_g24_c04.avi,176,240,320,center_stride,24,151,72,87,3,7,7
4949,WallPushups,WallPushups/v_WallPushups_g25_c05.avi,143,240,320,center_stride,7,134,39,54,2,3,13
4950,WritingOnBoard,WritingOnBoard/v_WritingOnBoard_g01_c05.avi,185,240,320,center_stride,28,155,76,91,3,6,7
4951,WritingOnBoard,WritingOnBoard/v_WritingOnBoard_g01_c06.avi,71,240,320,uniform_fallback,0,70,18,26,2,1,0
4952,WritingOnBoard,WritingOnBoard/v_WritingOnBoard_g02_c01.avi,183,240,320,center_stride,27,154,139,154,7,7,9
4953,WritingOnBoard,WritingOnBoard/v_WritingOnBoard_g02_c03.avi,146,240,320,center_stride,9,136,73,88,4,7,0
4954,WritingOnBoard,WritingOnBoard/v_WritingOnBoard_g02_c04.avi,191,240,320,center_stride,31,158,143,158,7,3,8
4955,WritingOnBoard,WritingOnBoard/v_WritingOnBoard_g02_c06.avi,212,240,320,center_stride,42,169,122,137,5,5,6
4956,WritingOnBoard,WritingOnBoard/v_WritingOnBoard_g02_c07.avi,200,240,320,center_stride,36,163,100,115,4,10,10
4957,WritingOnBoard,WritingOnBoard/v_WritingOnBoard_g03_c03.avi,114,240,320,uniform_fallback,0,113,28,42,2,8,4
4958,WritingOnBoard,WritingOnBoard/v_WritingOnBoard_g03_c05.avi,160,240,320,center_stride,16,143,32,47,1,4,0
4959,WritingOnBoard,WritingOnBoard/v_WritingOnBoard_g04_c01.avi,126,240,320,uniform_fallback,0,125,94,109,6,11,12
4960,WritingOnBoard,WritingOnBoard/v_WritingOnBoard_g05_c03.avi,112,240,320,uniform_fallback,0,111,70,83,5,15,6
4961,WritingOnBoard,WritingOnBoard/v_WritingOnBoard_g05_c05.avi,109,240,320,uniform_fallback,0,108,41,54,3,7,1
4962,WritingOnBoard,WritingOnBoard/v_WritingOnBoard_g05_c06.avi,130,240,320,center_stride,1,128,49,64,3,12,9
4963,WritingOnBoard,WritingOnBoard/v_WritingOnBoard_g06_c04.avi,211,240,320,center_stride,41,168,41,56,0,3,7
4964,WritingOnBoard,WritingOnBoard/v_WritingOnBoard_g06_c05.avi,189,240,320,center_stride,30,157,62,77,2,13,4
4965,WritingOnBoard,WritingOnBoard/v_WritingOnBoard_g06_c06.avi,134,240,320,center_stride,3,130,83,98,5,9,7
4966,WritingOnBoard,WritingOnBoard/v_WritingOnBoard_g07_c02.avi,163,240,320,center_stride,17,144,49,64,2,11,14
4967,WritingOnBoard,WritingOnBoard/v_WritingOnBoard_g08_c01.avi,252,240,320,center_stride,62,189,126,141,4,14,9
4968,WritingOnBoard,WritingOnBoard/v_WritingOnBoard_g09_c01.avi,182,240,320,center_stride,27,154,139,154,7,4,12
4969,WritingOnBoard,WritingOnBoard/v_WritingOnBoard_g09_c03.avi,155,240,320,center_stride,13,140,13,28,0,8,8
4970,WritingOnBoard,WritingOnBoard/v_WritingOnBoard_g09_c04.avi,129,240,320,center_stride,0,127,96,111,6,2,9
4971,WritingOnBoard,WritingOnBoard/v_WritingOnBoard_g09_c06.avi,175,240,320,center_stride,23,150,39,54,1,3,9
4972,WritingOnBoard,WritingOnBoard/v_WritingOnBoard_g10_c07.avi,264,240,320,center_stride,68,195,116,131,3,1,3
4973,WritingOnBoard,WritingOnBoard/v_WritingOnBoard_g11_c01.avi,167,240,320,center_stride,19,146,83,98,4,14,8
4974,WritingOnBoard,WritingOnBoard/v_WritingOnBoard_g13_c05.avi,145,240,320,center_stride,8,135,88,103,5,5,0
4975,WritingOnBoard,WritingOnBoard/v_WritingOnBoard_g15_c02.avi,100,240,320,uniform_fallback,0,99,75,87,6,0,10
4976,WritingOnBoard,WritingOnBoard/v_WritingOnBoard_g16_c02.avi,268,240,320,center_stride,70,197,166,181,6,9,0
4977,WritingOnBoard,WritingOnBoard/v_WritingOnBoard_g16_c07.avi,244,240,320,center_stride,58,185,138,153,5,14,0
4978,WritingOnBoard,WritingOnBoard/v_WritingOnBoard_g17_c01.avi,182,240,320,center_stride,27,154,107,122,5,7,7
4979,WritingOnBoard,WritingOnBoard/v_WritingOnBoard_g17_c05.avi,286,240,320,center_stride,79,206,143,158,4,14,10
4980,WritingOnBoard,WritingOnBoard/v_WritingOnBoard_g18_c03.avi,118,240,320,uniform_fallback,0,117,74,88,5,4,0
4981,WritingOnBoard,WritingOnBoard/v_WritingOnBoard_g18_c06.avi,131,240,320,center_stride,1,128,97,112,6,8,8
4982,WritingOnBoard,WritingOnBoard/v_WritingOnBoard_g19_c02.avi,101,240,320,uniform_fallback,0,100,0,12,0,15,5
4983,WritingOnBoard,WritingOnBoard/v_WritingOnBoard_g19_c03.avi,238,240,320,center_stride,55,182,71,86,1,3,5
4984,WritingOnBoard,WritingOnBoard/v_WritingOnBoard_g20_c03.avi,170,240,320,center_stride,21,148,85,100,4,8,0
4985,WritingOnBoard,WritingOnBoard/v_WritingOnBoard_g21_c01.avi,131,240,320,center_stride,1,128,49,64,3,0,10
4986,WritingOnBoard,WritingOnBoard/v_WritingOnBoard_g21_c02.avi,309,240,320,center_stride,90,217,106,121,1,1,5
4987,WritingOnBoard,WritingOnBoard/v_WritingOnBoard_g21_c04.avi,142,240,320,center_stride,7,134,119,134,7,5,9
4988,WritingOnBoard,WritingOnBoard/v_WritingOnBoard_g21_c06.avi,304,240,320,center_stride,88,215,200,215,7,4,2
4989,WritingOnBoard,WritingOnBoard/v_WritingOnBoard_g22_c01.avi,201,240,320,center_stride,36,163,100,115,4,11,13
4990,WritingOnBoard,WritingOnBoard/v_WritingOnBoard_g23_c01.avi,251,240,320,center_stride,61,188,61,76,0,4,11
4991,WritingOnBoard,WritingOnBoard/v_WritingOnBoard_g23_c05.avi,178,240,320,center_stride,25,152,121,136,6,13,7
4992,WritingOnBoard,WritingOnBoard/v_WritingOnBoard_g23_c07.avi,162,240,320,center_stride,17,144,65,80,3,13,2
4993,WritingOnBoard,WritingOnBoard/v_WritingOnBoard_g24_c02.avi,135,240,320,center_stride,3,130,51,66,3,6,5
4994,WritingOnBoard,WritingOnBoard/v_WritingOnBoard_g24_c03.avi,118,240,320,uniform_fallback,0,117,103,117,7,7,0
4995,WritingOnBoard,WritingOnBoard/v_WritingOnBoard_g24_c05.avi,107,240,320,uniform_fallback,0,106,80,93,6,15,9
4996,WritingOnBoard,WritingOnBoard/v_WritingOnBoard_g24_c06.avi,222,240,320,center_stride,47,174,111,126,4,11,6
4997,WritingOnBoard,WritingOnBoard/v_WritingOnBoard_g25_c01.avi,130,240,320,center_stride,1,128,65,80,4,2,11
4998,WritingOnBoard,WritingOnBoard/v_WritingOnBoard_g25_c06.avi,175,240,320,center_stride,23,150,119,134,6,8,7
4999,WritingOnBoard,WritingOnBoard/v_WritingOnBoard_g25_c07.avi,175,240,320,center_stride,23,150,119,134,6,11,2
5000,YoYo,YoYo/v_YoYo_g01_c01.avi,187,240,320,center_stride,29,156,61,76,2,10,6
5001,YoYo,YoYo/v_YoYo_g01_c03.avi,165,240,320,center_stride,18,145,114,129,6,15,9
5002,YoYo,YoYo/v_YoYo_g01_c05.avi,178,240,320,center_stride,25,152,89,104,4,11,3
5003,YoYo,YoYo/v_YoYo_g01_c07.avi,189,240,320,center_stride,30,157,46,61,1,2,12
5004,YoYo,YoYo/v_YoYo_g02_c01.avi,188,240,320,center_stride,30,157,126,141,6,6,14
5005,YoYo,YoYo/v_YoYo_g02_c02.avi,188,240,320,center_stride,30,157,94,109,4,11,11
5006,YoYo,YoYo/v_YoYo_g03_c02.avi,198,240,320,center_stride,35,162,51,66,1,14,11
5007,YoYo,YoYo/v_YoYo_g03_c04.avi,205,240,320,center_stride,38,165,38,53,0,0,11
5008,YoYo,YoYo/v_YoYo_g04_c01.avi,177,240,320,center_stride,24,151,88,103,4,14,1
5009,YoYo,YoYo/v_YoYo_g04_c02.avi,192,240,320,center_stride,32,159,96,111,4,6,8
5010,YoYo,YoYo/v_YoYo_g04_c03.avi,154,240,320,center_stride,13,140,93,108,5,5,4
5011,YoYo,YoYo/v_YoYo_g05_c02.avi,179,240,320,center_stride,25,152,57,72,2,14,5
5012,YoYo,YoYo/v_YoYo_g06_c01.avi,204,240,320,center_stride,38,165,118,133,5,4,3
5013,YoYo,YoYo/v_YoYo_g08_c04.avi,190,240,320,center_stride,31,158,95,110,4,2,14
5014,YoYo,YoYo/v_YoYo_g08_c05.avi,176,240,320,center_stride,24,151,72,87,3,15,14
5015,YoYo,YoYo/v_YoYo_g09_c01.avi,151,240,320,center_stride,11,138,27,42,1,0,15
5016,YoYo,YoYo/v_YoYo_g10_c02.avi,211,240,320,center_stride,41,168,137,152,6,3,7
5017,YoYo,YoYo/v_YoYo_g11_c01.avi,175,240,320,center_stride,23,150,103,118,5,15,15
5018,YoYo,YoYo/v_YoYo_g11_c03.avi,181,240,320,center_stride,26,153,26,41,0,4,15
5019,YoYo,YoYo/v_YoYo_g11_c04.avi,195,240,320,center_stride,33,160,145,160,7,15,5
5020,YoYo,YoYo/v_YoYo_g11_c05.avi,168,240,320,center_stride,20,147,100,115,5,1,15
5021,YoYo,YoYo/v_YoYo_g11_c06.avi,178,240,320,center_stride,25,152,57,72,2,14,3
5022,YoYo,YoYo/v_YoYo_g12_c01.avi,182,240,320,center_stride,27,154,59,74,2,13,6
5023,YoYo,YoYo/v_YoYo_g12_c02.avi,198,240,320,center_stride,35,162,67,82,2,5,1
5024,YoYo,YoYo/v_YoYo_g12_c03.avi,199,240,320,center_stride,35,162,147,162,7,10,11
5025,YoYo,YoYo/v_YoYo_g12_c04.avi,171,240,320,center_stride,21,148,69,84,3,8,13
5026,YoYo,YoYo/v_YoYo_g13_c01.avi,184,240,320,center_stride,28,155,44,59,1,12,4
5027,YoYo,YoYo/v_YoYo_g13_c05.avi,176,240,320,center_stride,24,151,56,71,2,12,1
5028,YoYo,YoYo/v_YoYo_g14_c01.avi,190,240,320,center_stride,31,158,63,78,2,14,1
5029,YoYo,YoYo/v_YoYo_g14_c02.avi,166,240,320,center_stride,19,146,83,98,4,7,11
5030,YoYo,YoYo/v_YoYo_g14_c03.avi,190,240,320,center_stride,31,158,127,142,6,0,15
5031,YoYo,YoYo/v_YoYo_g16_c05.avi,173,240,320,center_stride,22,149,86,101,4,13,6
5032,YoYo,YoYo/v_YoYo_g16_c06.avi,163,240,320,center_stride,17,144,81,96,4,8,6
5033,YoYo,YoYo/v_YoYo_g17_c02.avi,193,240,320,center_stride,32,159,112,127,5,10,12
5034,YoYo,YoYo/v_YoYo_g17_c03.avi,181,240,320,center_stride,26,153,90,105,4,8,0
5035,YoYo,YoYo/v_YoYo_g17_c05.avi,180,240,320,center_stride,26,153,74,89,3,5,2
5036,YoYo,YoYo/v_YoYo_g18_c02.avi,173,240,320,center_stride,22,149,38,53,1,0,8
5037,YoYo,YoYo/v_YoYo_g18_c03.avi,173,240,320,center_stride,22,149,38,53,1,15,2
5038,YoYo,YoYo/v_YoYo_g19_c06.avi,202,240,320,center_stride,37,164,53,68,1,2,11
5039,YoYo,YoYo/v_YoYo_g20_c03.avi,168,240,320,center_stride,20,147,20,35,0,7,6
5040,YoYo,YoYo/v_YoYo_g20_c04.avi,186,240,320,center_stride,29,156,61,76,2,11,5
5041,YoYo,YoYo/v_YoYo_g21_c01.avi,185,240,320,center_stride,28,155,76,91,3,7,12
5042,YoYo,YoYo/v_YoYo_g21_c02.avi,194,240,320,center_stride,33,160,65,80,2,2,10
5043,YoYo,YoYo/v_YoYo_g21_c06.avi,183,240,320,center_stride,27,154,123,138,6,4,5
5044,YoYo,YoYo/v_YoYo_g22_c05.avi,212,240,320,center_stride,42,169,154,169,7,7,11
5045,YoYo,YoYo/v_YoYo_g23_c01.avi,205,240,320,center_stride,38,165,102,117,4,0,12
5046,YoYo,YoYo/v_YoYo_g24_c01.avi,193,240,320,center_stride,32,159,144,159,7,9,10
5047,YoYo,YoYo/v_YoYo_g25_c01.avi,175,240,320,center_stride,23,150,119,134,6,12,13
5048,YoYo,YoYo/v_YoYo_g25_c02.avi,200,240,320,center_stride,36,163,148,163,7,2,12
5049,YoYo,YoYo/v_YoYo_g25_c05.avi,196,240,320,center_stride,34,161,130,145,6,12,11
