model,t_clean,point,images,noises,dimensions,between_raw,within,between_corrected,between_raw_per_coordinate,within_per_coordinate,between_corrected_per_coordinate,ratio_raw,ratio_corrected
deco_b_velocity,0.25,workspace/b01_attn,2048,128,196608,71684.6613014975,120239.357344952,70745.29132224007,0.364607041938769,0.6115689969123942,0.359829159150391,0.5961830043372819,0.5883705043372819
deco_b_velocity,0.25,workspace/b01_mlp,2048,128,196608,20061.881073098746,26207.717391144804,19857.133280980426,0.1020400038304583,0.13329934382703046,0.10099860270680962,0.7654951697501651,0.7576826697501651
deco_b_velocity,0.25,workspace/b02_attn,2048,128,196608,23549.22025238034,29319.72722470047,23320.159883437365,0.11977752813914154,0.14912784436391432,0.11861246685504845,0.8031868806931207,0.7953743806931207
deco_b_velocity,0.25,workspace/b02_mlp,2048,128,196608,15589.33655499746,17623.12562898877,15451.655886020986,0.0792914660390089,0.08963585219822577,0.07859118594371026,0.8845954391515047,0.8767829391515047
deco_b_velocity,0.25,workspace/b03_attn,2048,128,196608,14983.400831756891,14881.880309488437,14867.136141839013,0.07620951757688849,0.07569315749861875,0.07561816478393053,1.0068217537137243,0.9990092537137244
deco_b_velocity,0.25,workspace/b03_mlp,2048,128,196608,16575.53888876365,15735.155056523357,16452.607989884564,0.0843075505003034,0.08003313729107339,0.0836822916152169,1.0534080426421915,1.0455955426421915
deco_b_velocity,0.25,workspace/b04_attn,2048,128,196608,15419.359277486266,12519.851222200603,15321.547939812825,0.07842691689802178,0.06367925629781394,0.07792942270819511,1.2315928523291206,1.2237803523291206
deco_b_velocity,0.25,workspace/b04_mlp,2048,128,196608,16554.926809841934,13082.127494629443,16452.72268879014,0.08420271204550138,0.06653914130976075,0.08368287500401887,1.265461356850265,1.257648856850265
deco_b_velocity,0.25,workspace/b05_attn,2048,128,196608,15333.90730024078,11331.597756144301,15245.379192770903,0.07799228566610097,0.057635486634034734,0.07754200842677257,1.3531990483801208,1.3453865483801206
deco_b_velocity,0.25,workspace/b05_mlp,2048,128,196608,17492.181834875246,13168.95144721403,17389.299401693886,0.08896983762041853,0.06698075076911433,0.08844655050503482,1.3282896443950227,1.3204771443950227
deco_b_velocity,0.25,workspace/b06_attn,2048,128,196608,15882.15719320061,12608.80037541085,15783.650940267713,0.0807808288228384,0.06413167508652166,0.08027980011122494,1.2596089017455874,1.2517964017455874
deco_b_velocity,0.25,workspace/b06_mlp,2048,128,196608,22166.274856992677,16493.20008568413,22037.42173132327,0.11274350411474954,0.08388875369102035,0.11208812322653844,1.343964466679374,1.336151966679374
deco_b_velocity,0.25,workspace/b07_attn,2048,128,196608,18856.657298166057,15086.551484572683,18738.793614692833,0.09590991871218901,0.07673416892788026,0.09531043301743995,1.249898448790543,1.242085948790543
deco_b_velocity,0.25,workspace/b07_mlp,2048,128,196608,23801.472964473294,16781.85728725069,23670.36470441665,0.12106055178056485,0.08535694014104557,0.12039370068571294,1.4182859833133883,1.4104734833133885
deco_b_velocity,0.25,workspace/b08_attn,2048,128,196608,16697.21316695596,12814.324913146294,16597.101253572004,0.08492641788205953,0.06517702694267931,0.08441722235906984,1.3030115343669948,1.2951990343669948
deco_b_velocity,0.25,workspace/b08_mlp,2048,128,196608,18035.024194110472,12255.796374851067,17939.27578493195,0.09173087663833858,0.062336203892268204,0.09124387504543024,1.4715505743158723,1.4637380743158723
deco_b_velocity,0.25,workspace/b09_attn,2048,128,196608,12667.00689687908,9197.12344847411,12595.154369937876,0.06442772876423686,0.04677898889401302,0.06406226791350238,1.377279207770192,1.369466707770192
deco_b_velocity,0.25,workspace/b09_mlp,2048,128,196608,16629.575963835465,11632.476966607392,16538.697237533845,0.08458239727699517,0.059165837435950684,0.08412016417202679,1.4295816799442567,1.4217691799442567
deco_b_velocity,0.25,workspace/b10_attn,2048,128,196608,12035.398640751791,8130.63236471145,11971.878075402483,0.0612152030474436,0.041354534732622523,0.060892120744844985,1.4802536999443978,1.4724411999443978
deco_b_velocity,0.25,workspace/b10_mlp,2048,128,196608,13494.477157579226,8823.93045858981,13425.540200871492,0.06863646015207532,0.04488083118993027,0.06828582865840399,1.529304567948265,1.5214920679482649
deco_b_velocity,0.25,workspace/b11_attn,2048,128,196608,11484.910065498114,5874.76530877675,11439.013461523296,0.05841527336373959,0.029880601546105705,0.05818183116416065,1.954956404529037,1.9471439045290373
deco_b_velocity,0.25,workspace/b11_mlp,2048,128,196608,16298.534367413464,7710.613451497643,16238.295199823639,0.0828986326467563,0.03921820806629254,0.0825922403962384,2.1137792044610637,2.1059667044610637
deco_b_velocity,0.25,workspace/b12_attn,2048,128,196608,16885.361299380045,6481.134850342005,16834.72743336175,0.085883388770447,0.03296475652232872,0.08562585161011632,2.6053093615987666,2.5974968615987666
deco_b_velocity,0.25,workspace/b12_mlp,2048,128,196608,23346.686754692142,7142.600106843197,23290.88519135743,0.11874738949937003,0.036329142796036766,0.11846356807127599,3.26865376829988,3.26084126829988
deco_b_velocity,0.5,workspace/b01_attn,2048,128,196608,146506.97484836262,40301.89093084075,146192.1163254654,0.745173008465386,0.2049860175111936,0.7435715552035798,3.635238234845431,3.6274257348454304
deco_b_velocity,0.5,workspace/b01_mlp,2048,128,196608,47818.10964212665,8257.196327622829,47753.600295817094,0.24321548279890262,0.0419982723369488,0.24288737129627022,5.791083043788187,5.783270543788187
deco_b_velocity,0.5,workspace/b02_attn,2048,128,196608,50386.458250721545,9954.915401475366,50308.68547414752,0.2562787793514076,0.05063331808204837,0.2558832065538916,5.061465237891829,5.053652737891829
deco_b_velocity,0.5,workspace/b02_mlp,2048,128,196608,30720.207336119354,6069.723826898957,30672.787618721708,0.15625105456603675,0.03087221184742715,0.15600986541097875,5.061219952047541,5.053407452047542
deco_b_velocity,0.5,workspace/b03_attn,2048,128,196608,26877.69204571089,5311.253402472179,26836.197878504077,0.13670701113744552,0.027014431775269465,0.13649596088920124,5.060517736397285,5.052705236397285
deco_b_velocity,0.5,workspace/b03_mlp,2048,128,196608,26610.512170516708,5488.266101522837,26567.63509159856,0.1353480640183345,0.027914764920668727,0.13512997991739176,4.848619159179081,4.840806659179081
deco_b_velocity,0.5,workspace/b04_attn,2048,128,196608,23270.142275505248,4695.786082746318,23233.45644673379,0.11835806414543278,0.023884003106416415,0.11817147037116389,4.955537127427186,4.947724627427186
deco_b_velocity,0.5,workspace/b04_mlp,2048,128,196608,23245.3830789897,4813.640690747855,23207.776511093234,0.1182321323597702,0.02448344264092944,0.11804085546413795,4.829064853899235,4.821252353899235
deco_b_velocity,0.5,workspace/b05_attn,2048,128,196608,21141.337144848036,4409.181352688152,21106.89041553016,0.10753040133081072,0.022426256066325645,0.10735519620529256,4.794844088678449,4.78703158867845
deco_b_velocity,0.5,workspace/b05_mlp,2048,128,196608,22722.596072096494,5019.95554605616,22683.37766939293,0.11557310013883715,0.02553281426013265,0.11537362502742986,4.52645364358816,4.51864114358816
deco_b_velocity,0.5,workspace/b06_attn,2048,128,196608,20245.39079575458,5101.803975500048,20205.532952195987,0.10297338254676607,0.025949116900126384,0.10277065507098382,3.968280806745471,3.9604683067454705
deco_b_velocity,0.5,workspace/b06_mlp,2048,128,196608,24094.212123299396,6139.226494068954,24046.249416314484,0.12254950013885191,0.03122572069330319,0.12230554919593549,3.924633200383888,3.9168207003838886
deco_b_velocity,0.5,workspace/b07_attn,2048,128,196608,20803.918944778652,5897.645334217698,20757.843590605076,0.10581420361724168,0.029996975373421723,0.10557985224713683,3.5274957658229913,3.5196832658229913
deco_b_velocity,0.5,workspace/b07_mlp,2048,128,196608,23590.72798909456,6387.172734550184,23540.828202105888,0.11998864740546956,0.03248684048741752,0.11973484396416162,3.6934538910283496,3.6856413910283496
deco_b_velocity,0.5,workspace/b08_attn,2048,128,196608,18409.814564709057,5454.811323535554,18367.198851243935,0.09363715904087859,0.02774460512052182,0.0934204043133745,3.3749681653107433,3.3671556653107433
deco_b_velocity,0.5,workspace/b08_mlp,2048,128,196608,19673.28351445228,5491.338799400419,19630.382430081965,0.10006349443792867,0.027930393470257664,0.09984528823894229,3.5826023913513296,3.5747898913513296
deco_b_velocity,0.5,workspace/b09_attn,2048,128,196608,15714.280044181198,4432.034448837479,15679.654775049656,0.07992696148773802,0.022542492924181517,0.07975084826176786,3.5456132450195748,3.5378007450195748
deco_b_velocity,0.5,workspace/b09_mlp,2048,128,196608,19886.231997717285,5668.284982376424,19841.94852129247,0.101146606433702,0.028830388297406126,0.10092136902512854,3.5083331306641536,3.5005206306641536
deco_b_velocity,0.5,workspace/b10_attn,2048,128,196608,16065.849975051375,4214.35560566053,16032.925321882152,0.08171513862635994,0.02143532107371282,0.08154767518047155,3.8121723647317416,3.8043598647317416
deco_b_velocity,0.5,workspace/b10_mlp,2048,128,196608,17779.58901298715,4587.499103041278,17743.74917624464,0.09043166612237118,0.02333322704590494,0.09024937528607503,3.8756604881296193,3.867847988129619
deco_b_velocity,0.5,workspace/b11_attn,2048,128,196608,15944.845789339255,3437.7811267587176,15917.988124286452,0.08109967951120634,0.017485459018751617,0.08096307436262233,4.638121276898368,4.630308776898368
deco_b_velocity,0.5,workspace/b11_mlp,2048,128,196608,21747.53312813088,4632.11767963942,21711.344708758697,0.11061367354395996,0.023560168862098288,0.11042960972472482,4.6949440044933795,4.6871315044933795
deco_b_velocity,0.5,workspace/b12_attn,2048,128,196608,22549.764080291417,4000.3298243515087,22518.51150353867,0.11469403117010202,0.02034672965673578,0.11453507234465876,5.636976217066539,5.629163717066538
deco_b_velocity,0.5,workspace/b12_mlp,2048,128,196608,29019.476559038954,4583.6717197602775,28983.666623728328,0.14760069050617958,0.02331375996785623,0.1474185517564307,6.331054738046697,6.323242238046697
deco_b_velocity,0.75,workspace/b01_attn,2048,128,196608,177669.20864544626,7434.083817883422,177611.12986561903,0.9036723258740552,0.037811705616675934,0.9033769219239249,23.899274342057517,23.891461842057517
deco_b_velocity,0.75,workspace/b01_mlp,2048,128,196608,73367.21691802464,1556.5131653692606,73355.05665892019,0.37316496235160646,0.00791683535445791,0.37310311207539976,47.13562246074502,47.12780996074501
deco_b_velocity,0.75,workspace/b02_attn,2048,128,196608,72179.38324683404,2107.9909497016642,72162.9145675395,0.367123327874929,0.010721796415718915,0.3670395638404312,34.240841146423946,34.233028646423946
deco_b_velocity,0.75,workspace/b02_mlp,2048,128,196608,47633.85436213177,1385.6387104375508,47623.02905970648,0.2422783119818714,0.007047722933133702,0.2422232516464563,34.3768213195272,34.3690088195272
deco_b_velocity,0.75,workspace/b03_attn,2048,128,196608,40511.267396493444,1418.758832462947,40500.183343114826,0.20605096128587566,0.0072161805850369624,0.20599458487505506,28.554019520122672,28.546207020122672
deco_b_velocity,0.75,workspace/b03_mlp,2048,128,196608,38494.02551342993,1445.1167485700792,38482.73553883172,0.1957907384919735,0.007350243879038896,0.19573331471166852,26.63731186530028,26.629499365300276
deco_b_velocity,0.75,workspace/b04_attn,2048,128,196608,33061.96441661433,1501.8517849244165,33050.231199544614,0.168161847008333,0.007638813196433596,0.16810216878023587,22.014132651763795,22.006320151763795
deco_b_velocity,0.75,workspace/b04_mlp,2048,128,196608,32425.413338779923,1523.9129933503261,32413.507768519372,0.16492418080027224,0.007751022305045197,0.16486362593851406,21.2777327053906,21.269920205390598
deco_b_velocity,0.75,workspace/b05_attn,2048,128,196608,29734.52917703811,1538.8644003712852,29722.50679891021,0.15123763619505876,0.00782706909368533,0.15117648721776433,19.322384200884752,19.314571700884752
deco_b_velocity,0.75,workspace/b05_mlp,2048,128,196608,32325.59956678439,1768.4462430613942,32311.783580510473,0.16441650170280145,0.008994782730414807,0.1643462299627201,18.279096519679822,18.271284019679825
deco_b_velocity,0.75,workspace/b06_attn,2048,128,196608,27291.43298775968,1831.325054652796,27277.125760770203,0.13881140639119302,0.0093146009046061,0.1387386360716258,14.902560808864107,14.894748308864107
deco_b_velocity,0.75,workspace/b06_mlp,2048,128,196608,29225.427874953148,2039.245937137655,29209.496266069258,0.1486482130684059,0.01037214120044787,0.14856718071527739,14.331487606627189,14.323675106627187
deco_b_velocity,0.75,workspace/b07_attn,2048,128,196608,25345.040381371433,1995.6122846356636,25329.449660397717,0.12891154165329707,0.0101502089672631,0.12883224314574035,12.700383023548406,12.692570523548406
deco_b_velocity,0.75,workspace/b07_mlp,2048,128,196608,27230.260763507842,2162.584245004729,27213.365574093743,0.13850026836907878,0.010999472274804327,0.13841433499193187,12.59153756733685,12.58372506733685
deco_b_velocity,0.75,workspace/b08_attn,2048,128,196608,21726.358038872157,1917.4341483089252,21711.378084588494,0.11050597147050047,0.009752574403426743,0.11042977948297371,11.33095395116106,11.32314145116106
deco_b_velocity,0.75,workspace/b08_mlp,2048,128,196608,22994.83014142743,2044.6067513750777,22978.856651182312,0.11695775421868605,0.010399407711665231,0.11687650884593868,11.24657840729642,11.23876590729642
deco_b_velocity,0.75,workspace/b09_attn,2048,128,196608,19168.582011357368,1634.1938248695883,19155.814872100575,0.09749644984617802,0.008311939620308371,0.09743151281789436,11.729686968366225,11.721874468366225
deco_b_velocity,0.75,workspace/b09_mlp,2048,128,196608,23651.421973026885,2140.453440826459,23634.69968052043,0.1202973529715316,0.010886909183891088,0.12021229899353246,11.049725035782483,11.041912535782485
deco_b_velocity,0.75,workspace/b10_attn,2048,128,196608,20532.827093196047,1652.4101410261576,20519.91763896928,0.10443535915728784,0.008404592595551338,0.10436969827763509,12.42598709812143,12.41817459812143
deco_b_velocity,0.75,workspace/b10_mlp,2048,128,196608,22064.94624982139,1791.0939875593049,22050.953328043583,0.11222812016714168,0.00910997511575981,0.11215694848654979,12.319256500821009,12.311444000821009
deco_b_velocity,0.75,workspace/b11_attn,2048,128,196608,20170.138351009537,1519.0294376926981,20158.27093352756,0.10259062881983204,0.0077261832564936225,0.10253026801314068,13.278306430747383,13.270493930747383
deco_b_velocity,0.75,workspace/b11_mlp,2048,128,196608,27095.87552115795,2096.7735238381483,27079.494478002962,0.1378167496803688,0.010664741637360373,0.1377334313863269,12.922652452973983,12.914839952973981
deco_b_velocity,0.75,workspace/b12_attn,2048,128,196608,28532.625503186075,1893.9560369420901,28517.828971647465,0.1451244379841414,0.009633158553782604,0.14504917893293998,15.06509388108806,15.05728138108806
deco_b_velocity,0.75,workspace/b12_mlp,2048,128,196608,34827.170039930104,2155.16426292564,34810.332819126,0.17714014709437106,0.010961732294340209,0.17705450856082153,16.159868015188852,16.152055515188852
dip_b_velocity,0.25,workspace/b01_attn,2048,128,196608,88688.31724929683,102929.81848587807,87884.1780423759,0.4510921084050335,0.5235281295058088,0.4470020448932694,0.861638721936198,0.853826221936198
dip_b_velocity,0.25,workspace/b01_mlp,2048,128,196608,16640.69353311688,13468.56990376096,16535.470330743745,0.08463894415851277,0.06850468904500813,0.08410375127534864,1.2355204488688987,1.2277079488688984
dip_b_velocity,0.25,workspace/b02_attn,2048,128,196608,17413.607459666848,12946.77697452843,17312.460764553343,0.08857018768141096,0.06585071296452041,0.08805572898637565,1.3450148630756897,1.3372023630756895
dip_b_velocity,0.25,workspace/b02_mlp,2048,128,196608,19983.575971867675,13743.234918651899,19876.206949065705,0.1016417234897241,0.06990170755336456,0.10109561639946342,1.454066389038186,1.446253889038186
dip_b_velocity,0.25,workspace/b03_attn,2048,128,196608,20472.976689646483,13562.713138463745,20367.017993252233,0.10413094426293174,0.06898352629833855,0.10359201046372596,1.5095045128975917,1.5016920128975917
dip_b_velocity,0.25,workspace/b03_mlp,2048,128,196608,20815.90064344663,13951.09086651306,20706.907746051995,0.10587514568810337,0.07095891757463103,0.10532077914455157,1.4920625808130346,1.4842500808130343
dip_b_velocity,0.25,workspace/b04_attn,2048,128,196608,20660.800606331097,13958.069585001347,20551.753187698272,0.10508626610479277,0.07099441317241083,0.1045316222518833,1.4802047289212668,1.4723922289212665
dip_b_velocity,0.25,workspace/b04_mlp,2048,128,196608,20841.7916206968,13898.414708806093,20733.21025578425,0.10600683400826416,0.07069099278160651,0.10545456062715786,1.499580495859816,1.491767995859816
dip_b_velocity,0.25,workspace/b05_attn,2048,128,196608,19576.263584292086,12433.283649061152,19479.128555783795,0.09957002555487104,0.06323895085175146,0.09907597125134172,1.5745047034111788,1.5666922034111785
dip_b_velocity,0.25,workspace/b05_mlp,2048,128,196608,20516.998349122434,13085.41248857599,20414.768564055434,0.10435485000163998,0.06655584965299474,0.10383488242622596,1.5679290482462414,1.5601165482462414
dip_b_velocity,0.25,workspace/b06_attn,2048,128,196608,18844.426195358817,11777.616723649879,18752.413564705304,0.09584770810627653,0.05990405641504862,0.09537970766553398,1.60002032987867,1.59220782987867
dip_b_velocity,0.25,workspace/b06_mlp,2048,128,196608,23014.317967261704,14669.057905160598,22899.715952377635,0.11705687442658337,0.07461068677348123,0.11647397843616554,1.5689022509867678,1.5610897509867678
dip_b_velocity,0.25,workspace/b07_attn,2048,128,196608,20187.73251419824,13914.363277327771,20079.026551094117,0.10268011736144124,0.07077211139591355,0.10212721024116067,1.450855645481987,1.443043145481987
dip_b_velocity,0.25,workspace/b07_mlp,2048,128,196608,24647.048182622624,15618.99791786419,24525.02476138931,0.12536136974397086,0.07944233153210546,0.1247407265288763,1.578017252594203,1.570204752594203
dip_b_velocity,0.25,workspace/b08_attn,2048,128,196608,19735.490360631567,13226.699578669617,19632.156770173213,0.10037989481929305,0.0672744729546591,0.09985431299933478,1.4920948527823616,1.4842823527823619
dip_b_velocity,0.25,workspace/b08_mlp,2048,128,196608,24064.919225751404,15003.907598824702,23947.701197635586,0.1224005087572805,0.07631382038790234,0.1218043070355,1.6039101192303047,1.5960976192303047
dip_b_velocity,0.25,workspace/b09_attn,2048,128,196608,18395.43328885346,12058.912404249306,18301.22303569526,0.09356401208930186,0.061334800233201626,0.09308483396247996,1.5254637128279742,1.5176512128279742
dip_b_velocity,0.25,workspace/b09_mlp,2048,128,196608,25752.402774079143,16020.8494767279,25627.239887542204,0.1309834939274045,0.08148625425581818,0.1303468825660309,1.6074305430237907,1.5996180430237905
dip_b_velocity,0.25,workspace/b10_attn,2048,128,196608,20865.23831766548,14027.414336214253,20755.649143163806,0.10612609007601664,0.07134711881619392,0.10556869071026513,1.487461467777292,1.479648967777292
dip_b_velocity,0.25,workspace/b10_mlp,2048,128,196608,17233.080979925042,10674.078035675315,17149.689745271327,0.087651982523219,0.05429116839434466,0.08722783277013818,1.614479575877933,1.606667075877933
dip_b_velocity,0.25,workspace/b11_attn,2048,128,196608,14013.644913125469,8654.31077110255,13946.03311022623,0.07127708390871922,0.044018100845858506,0.07093319249586096,1.6192675862667392,1.6114550862667392
dip_b_velocity,0.25,workspace/b11_mlp,2048,128,196608,24131.829431345708,9411.125430129247,24058.30501392282,0.12274083166171117,0.04786745925969058,0.12236686713624483,2.564181044074587,2.5563685440745867
dip_b_velocity,0.25,workspace/b12_attn,2048,128,196608,26335.058199438718,8172.6561728497745,26271.20932308833,0.13394703267129882,0.041568278873951085,0.13362228049259608,3.2223377127898654,3.2145252127898654
dip_b_velocity,0.25,workspace/b12_mlp,2048,128,196608,29530.652123754626,6669.957318279544,29478.543082205568,0.15020066387814648,0.03392515725850191,0.14993562358706444,4.427412457771438,4.419599957771438
dip_b_velocity,0.5,workspace/b01_attn,2048,128,196608,155810.4050173028,30785.990000945407,155569.88947042043,0.7924927013005717,0.15658564250155338,0.7912693759685284,5.061081518330839,5.053269018330839
dip_b_velocity,0.5,workspace/b01_mlp,2048,128,196608,36130.63102268688,3578.2837684691535,36102.67568074571,0.18376989249006592,0.0182000924096128,0.1836277042681158,10.097195572095204,10.089383072095204
dip_b_velocity,0.5,workspace/b02_attn,2048,128,196608,34013.75369357396,4054.04694435389,33982.0814518212,0.17300289761135845,0.02061994905778956,0.17284180425934448,8.390073958306093,8.382261458306093
dip_b_velocity,0.5,workspace/b02_mlp,2048,128,196608,31191.614461751957,4352.622184919339,31157.609600932275,0.1586487551968992,0.02213858126281402,0.15847579753078347,7.166166310005606,7.1583538100056066
dip_b_velocity,0.5,workspace/b03_attn,2048,128,196608,31512.75500572049,8563.304222468869,31445.854191482453,0.16028216047017665,0.04355521760288935,0.15994188533265408,3.679976115181753,3.672163615181753
dip_b_velocity,0.5,workspace/b03_mlp,2048,128,196608,31739.59957992555,8811.205131411758,31670.762039836398,0.16143595163943253,0.04481610682887654,0.16108582580483194,3.602185978711874,3.594373478711874
dip_b_velocity,0.5,workspace/b04_attn,2048,128,196608,31146.522990924015,11580.309853197175,31056.051820195913,0.15841940811627206,0.05890050177610868,0.15795924794614621,2.6896105014258196,2.6817980014258196
dip_b_velocity,0.5,workspace/b04_mlp,2048,128,196608,30394.523193724555,11210.119637891052,30306.94413405353,0.15459453935610226,0.05701761697332281,0.15414908922349818,2.71134690578937,2.70353440578937
dip_b_velocity,0.5,workspace/b05_attn,2048,128,196608,26526.899494817357,10513.322776580055,26444.764160625324,0.13492278795785195,0.05347352486460396,0.13450502604484724,2.523169892006917,2.515357392006917
dip_b_velocity,0.5,workspace/b05_mlp,2048,128,196608,26141.395757233415,10339.213987383426,26060.62064795698,0.1329620145529857,0.05258796176851108,0.13255117110166922,2.5283736064591396,2.5205611064591396
dip_b_velocity,0.5,workspace/b06_attn,2048,128,196608,22701.574396500135,9186.984617215425,22629.801079178138,0.11546617836761543,0.04672742013150749,0.11510112039783803,2.471058278900328,2.463245778900328
dip_b_velocity,0.5,workspace/b06_mlp,2048,128,196608,25197.801796074084,10281.326189119238,25117.47893522159,0.12816264748165937,0.05229352920084248,0.12775410428477776,2.450831860848944,2.443019360848944
dip_b_velocity,0.5,workspace/b07_attn,2048,128,196608,22008.09524129499,9505.974120799228,21933.829818476243,0.11193896098477675,0.04834988464761977,0.11156122751096721,2.3151856886650797,2.3073731886650797
dip_b_velocity,0.5,workspace/b07_mlp,2048,128,196608,24280.777697891557,9784.883855316413,24204.3332927719,0.12349842172186054,0.04976849291644497,0.12310960537095082,2.4814579362328457,2.4736454362328457
dip_b_velocity,0.5,workspace/b08_attn,2048,128,196608,20264.824492478037,8386.210538544141,20199.30722264566,0.10307222743976867,0.042654472547119855,0.10273898937299429,2.4164459500913082,2.4086334500913082
dip_b_velocity,0.5,workspace/b08_mlp,2048,128,196608,23600.191842260116,9131.906689774638,23528.84882124625,0.12003678305186012,0.04644727930590128,0.11967391368228276,2.584366293261209,2.576553793261209
dip_b_velocity,0.5,workspace/b09_attn,2048,128,196608,20335.903344414524,8110.473436786478,20272.54027068963,0.1034337531759365,0.041252001122978096,0.10311147191716324,2.5073632880883947,2.4995507880883947
dip_b_velocity,0.5,workspace/b09_mlp,2048,128,196608,26986.795789033764,9977.434745592136,26908.847080083826,0.13726194147254314,0.05074785738928292,0.13686547383668937,2.704782990533321,2.6969704905333214
dip_b_velocity,0.5,workspace/b10_attn,2048,128,196608,24437.476984614335,9651.031283168806,24362.07830271458,0.12429543550930956,0.04908768352848717,0.12391193798174327,2.532110431268913,2.524297931268913
dip_b_velocity,0.5,workspace/b10_mlp,2048,128,196608,21647.04559512784,7909.609477685033,21585.25177108343,0.11010256752079184,0.04023035419558224,0.10978826787863886,2.7368033347536964,2.7289908347536964
dip_b_velocity,0.5,workspace/b11_attn,2048,128,196608,18819.819634985688,7753.5711786891125,18759.24486015218,0.09572255266818079,0.039436702365565554,0.0954144534309498,2.4272453558835494,2.4194328558835494
dip_b_velocity,0.5,workspace/b11_mlp,2048,128,196608,27104.645101604674,8309.317033173022,27039.72856228301,0.1378613540731032,0.042263371954208484,0.13753117147971095,3.2619582323547966,3.2541457323547966
dip_b_velocity,0.5,workspace/b12_attn,2048,128,196608,25339.44800365419,9355.321535529978,25266.35955415786,0.12888309734931533,0.047583625974171845,0.12851135027139213,2.70855981886022,2.70074731886022
dip_b_velocity,0.5,workspace/b12_mlp,2048,128,196608,27160.826570190653,7744.44435781067,27100.323098645258,0.13814710779922817,0.03939028095403376,0.13783937122927478,3.507136899085286,3.4993243990852863
dip_b_velocity,0.75,workspace/b01_attn,2048,128,196608,179658.25028988472,5399.910728273872,179616.0634873201,0.9137891148370602,0.027465366253020592,0.9135745416632085,33.27059637286152,33.262783872861526
dip_b_velocity,0.75,workspace/b01_mlp,2048,128,196608,49436.140122366065,572.4502740237643,49431.66785460025,0.25144521139712556,0.002911632660032981,0.25142246426696907,86.35883737967048,86.35102487967046
dip_b_velocity,0.75,workspace/b02_attn,2048,128,196608,47853.71434037543,1035.7523910594637,47845.622524820275,0.24339657765897335,0.005268109085385456,0.24335542055674375,46.2018864290781,46.1940739290781
dip_b_velocity,0.75,workspace/b02_mlp,2048,128,196608,41786.23163738388,1161.1638185009904,41777.16004505184,0.2125357647572015,0.005905984591171216,0.212489624252583,35.98650851120043,35.97869601120043
dip_b_velocity,0.75,workspace/b03_attn,2048,128,196608,42849.02920630271,8747.71811117177,42780.68765855918,0.21794143273062494,0.044493195145526986,0.21759382964355053,4.898309326129282,4.890496826129283
dip_b_velocity,0.75,workspace/b03_mlp,2048,128,196608,44233.93530529577,9170.357034089897,44162.29189096694,0.2249854294092599,0.04664284787033029,0.22462103216027293,4.8235783122576885,4.8157658122576885
dip_b_velocity,0.75,workspace/b04_attn,2048,128,196608,40482.9410347818,12188.924956826117,40387.71505855659,0.20590688595978698,0.06199607827161721,0.20542254159828996,3.321288889559558,3.313476389559558
dip_b_velocity,0.75,workspace/b04_mlp,2048,128,196608,39107.01611966763,11569.995739500253,39016.62552795278,0.19890856994459852,0.05884804148101935,0.19844881962052807,3.3800372100531813,3.3722247100531813
dip_b_velocity,0.75,workspace/b05_attn,2048,128,196608,30394.934042472443,9761.438729328645,30318.672802399564,0.1545966290408958,0.04964924483911461,0.15420874431559023,3.1137760411433626,3.1059635411433626
dip_b_velocity,0.75,workspace/b05_mlp,2048,128,196608,27888.221943374203,8914.472219303218,27818.577629160896,0.14184683198737694,0.045341350399288015,0.14149260268738248,3.128420983015193,3.120608483015193
dip_b_velocity,0.75,workspace/b06_attn,2048,128,196608,23239.5909350723,7448.870521779175,23181.3966341209,0.1182026719923518,0.03788691468190091,0.11790668047139945,3.11988117757234,3.11206867757234
dip_b_velocity,0.75,workspace/b06_mlp,2048,128,196608,23497.416841993847,7679.4651634353495,23437.42102040451,0.11951404236853967,0.03905977968055903,0.1192088878397853,3.0597725677399206,3.0519600677399206
dip_b_velocity,0.75,workspace/b07_attn,2048,128,196608,20977.640006770653,6933.908055573668,20923.468850086483,0.10669779463079149,0.03526768013292271,0.10642226587975302,3.025370373913199,3.017557873913199
dip_b_velocity,0.75,workspace/b07_mlp,2048,128,196608,21061.90283589815,6655.001112735398,21009.910639704904,0.10712637754261346,0.03384908606331074,0.10686193155774386,3.1648233379845516,3.1570108379845516
dip_b_velocity,0.75,workspace/b08_attn,2048,128,196608,18706.201631612894,5672.818421558089,18661.882737694472,0.09514466161912483,0.028853446561473026,0.09491924406786333,3.2975146111718967,3.2897021111718967
dip_b_velocity,0.75,workspace/b08_mlp,2048,128,196608,19901.336104880542,5848.552155050742,19855.644291169207,0.10122342989542919,0.02974727455164969,0.10099102931299442,3.4027799662680582,3.394967466268058
dip_b_velocity,0.75,workspace/b09_attn,2048,128,196608,19314.331690008945,5535.2766706440425,19271.087341019538,0.09823777104700188,0.028153873039978242,0.09801781891387705,3.48931640444301,3.48150390444301
dip_b_velocity,0.75,workspace/b09_mlp,2048,128,196608,23932.347855039134,6400.3111935907455,23882.345423839208,0.12172621589680549,0.03255366614578626,0.12147189038004154,3.739247535183121,3.731435035183121
dip_b_velocity,0.75,workspace/b10_attn,2048,128,196608,24249.4262392497,6746.3587777160865,24196.72031129879,0.12333895995712128,0.034313755176371696,0.12307088374480586,3.594446580479538,3.5866340804795374
dip_b_velocity,0.75,workspace/b10_mlp,2048,128,196608,22408.450981406408,5786.592720103089,22363.243225780603,0.11397527558088383,0.029432132568883714,0.11374533704518942,3.8724776505451377,3.8646651505451377
dip_b_velocity,0.75,workspace/b11_attn,2048,128,196608,21644.437946891434,6754.377284981205,21591.669374352517,0.11008930433599566,0.034354539413356554,0.10982090949682881,3.2045053205747394,3.1966928205747394
dip_b_velocity,0.75,workspace/b11_mlp,2048,128,196608,27832.81468843382,7180.318310465683,27776.718451633307,0.14156501611548777,0.03652098750033408,0.1412796959006414,3.8762647399441974,3.868452239944198
dip_b_velocity,0.75,workspace/b12_attn,2048,128,196608,25107.56144663293,11920.364002222826,25014.433602865567,0.12770366132930974,0.060630106619378794,0.12722998862134585,2.106274728015944,2.098462228015944
dip_b_velocity,0.75,workspace/b12_mlp,2048,128,196608,24846.94362038934,9462.868936804689,24773.014956820552,0.126378090517117,0.04813064034426213,0.12600206988942744,2.6257305037534806,2.6179180037534806
hyperdit_b_velocity,0.25,workspace/b01_attn,2048,128,196608,66001.37566468558,99062.20933477634,65227.45215425763,0.3357003563674193,0.5038564521015235,0.33176397783537614,0.6662618985372802,0.6584493985372802
hyperdit_b_velocity,0.25,workspace/b01_mlp,2048,128,196608,29124.87046761627,31196.084432781914,28881.15105798516,0.14813675164599746,0.15867149064525307,0.1468971306253314,0.9336066047125728,0.9257941047125727
hyperdit_b_velocity,0.25,workspace/b02_attn,2048,128,196608,29496.102823510504,32459.827518650905,29242.510421021045,0.15002493704991915,0.16509922037074232,0.14873509939077273,0.9086956117238303,0.9008831117238303
hyperdit_b_velocity,0.25,workspace/b02_mlp,2048,128,196608,32242.173079746994,33304.30588791156,31981.983189997685,0.1639921726468251,0.16939445947220644,0.1626687784321985,0.9681082436685735,0.9602957436685735
hyperdit_b_velocity,0.25,workspace/b03_attn,2048,128,196608,34276.423468570465,34045.77708519086,34010.44083509241,0.17433890517461378,0.17316577700394112,0.1729860475417705,1.0067745959448209,0.9989620959448209
hyperdit_b_velocity,0.25,workspace/b03_mlp,2048,128,196608,23055.709018490183,20204.07905026807,22897.864650909964,0.11726740019984021,0.10276326014337193,0.1164645622299701,1.1411412992954153,1.1333287992954153
hyperdit_b_velocity,0.25,workspace/b04_attn,2048,128,196608,22619.348022037862,20093.65733882386,22462.366324078303,0.11504795339985079,0.10220162627575613,0.11424950319457144,1.1256959169067744,1.1178834169067744
hyperdit_b_velocity,0.25,workspace/b04_mlp,2048,128,196608,27646.736104900046,22602.417448903652,27470.15471858049,0.1406185714970909,0.11496184005179673,0.13972043212168625,1.223176068108638,1.2153635681086383
hyperdit_b_velocity,0.25,workspace/b05_attn,2048,128,196608,29338.98947344984,27030.68724248779,29127.812229367904,0.14922581722742637,0.137485184949177,0.14815171422001092,1.0853956175902837,1.0775831175902837
hyperdit_b_velocity,0.25,workspace/b05_mlp,2048,128,196608,42540.9425562031,35510.82492782588,42263.514236454466,0.2163744229950109,0.1806173956696873,0.21496334959134147,1.1979711156433457,1.190158615643346
hyperdit_b_velocity,0.25,workspace/b06_attn,2048,128,196608,46045.49208005247,42373.110993916474,45714.4521504125,0.234199483642845,0.21552078752602374,0.23251572749029795,1.0866677239408558,1.078855223940856
hyperdit_b_velocity,0.25,workspace/b06_mlp,2048,128,196608,53221.166233468095,40555.62017269115,52904.32545086894,0.27069684973891245,0.20627655117132138,0.26908531418288645,1.3123006381568174,1.3044881381568172
hyperdit_b_velocity,0.25,workspace/b07_attn,2048,128,196608,53124.25307936118,45915.80268719861,52765.53587086744,0.2702039239469461,0.23353984927977808,0.2683793938744478,1.156992799217083,1.149180299217083
hyperdit_b_velocity,0.25,workspace/b07_mlp,2048,128,196608,65727.18042668814,34530.73397548149,65457.40906750469,0.33430572726790436,0.1756323953017247,0.33293359917960963,1.9034400042975528,1.8956275042975528
hyperdit_b_velocity,0.25,workspace/b08_attn,2048,128,196608,70305.12343728897,44061.81755059567,69960.89048767494,0.3575903495142058,0.22410999323829991,0.3558394901920316,1.595601982522814,1.587789482522814
hyperdit_b_velocity,0.25,workspace/b08_mlp,2048,128,196608,60410.50524917217,31388.695327479814,60165.28106692624,0.3072637189187224,0.15965116031636462,0.3060164442287508,1.9245943362381386,1.9167818362381386
hyperdit_b_velocity,0.5,workspace/b01_attn,2048,128,196608,138261.00172776,31771.224110217503,138012.78903939895,0.7032318203112794,0.1615968023184077,0.7019693452931669,4.351768167575759,4.34395566757576
hyperdit_b_velocity,0.5,workspace/b01_mlp,2048,128,196608,53847.82616568206,10529.222222826753,53765.56661706623,0.27388420697877025,0.05355439363010026,0.2734658132785351,5.11413141693819,5.10631891693819
hyperdit_b_velocity,0.5,workspace/b02_attn,2048,128,196608,47319.62512205862,12756.46720002451,47219.96522205843,0.24068005941802276,0.064882747395958,0.24017316295399185,3.7094615915265083,3.701649091526509
hyperdit_b_velocity,0.5,workspace/b02_mlp,2048,128,196608,49163.24995728347,13226.300951108858,49059.91948110293,0.2500572202417169,0.06727244543003773,0.2495316542617947,3.7170823602922596,3.709269860292259
hyperdit_b_velocity,0.5,workspace/b03_attn,2048,128,196608,48575.19550841194,14053.574694365718,48465.40195611221,0.24706622064418507,0.07148017727847146,0.24650778175919705,3.4564298809957896,3.44861738099579
hyperdit_b_velocity,0.5,workspace/b03_mlp,2048,128,196608,30535.957354753882,9305.969989773823,30463.254464208774,0.1553139106992283,0.047332611031971346,0.15494412467554106,3.281329876230994,3.273517376230994
hyperdit_b_velocity,0.5,workspace/b04_attn,2048,128,196608,28838.485615076595,10157.826654061886,28759.12759434174,0.1466801229607981,0.05166537808259016,0.14627648719452788,2.839040928459311,2.8312284284593114
hyperdit_b_velocity,0.5,workspace/b04_mlp,2048,128,196608,32762.769407265743,11545.81617518863,32672.567718397084,0.16664006249626537,0.05872505785720128,0.166181272981756,2.8376313038545744,2.8298188038545744
hyperdit_b_velocity,0.5,workspace/b05_attn,2048,128,196608,35957.5522891528,16300.692555316395,35830.20312856439,0.18288956852799887,0.082909609758079,0.18224183720176387,2.205891078991329,2.1980785789913284
hyperdit_b_velocity,0.5,workspace/b05_mlp,2048,128,196608,44884.46087049075,20119.59864594764,44727.276506069284,0.22829417353561784,0.1023335705868919,0.22749469251540774,2.230882517108814,2.2230700171088134
hyperdit_b_velocity,0.5,workspace/b06_attn,2048,128,196608,54052.71260060319,27367.923348251155,53838.90069944498,0.27492631327617995,0.13920045648321103,0.2738388097099049,1.9750388771845646,1.9672263771845646
hyperdit_b_velocity,0.5,workspace/b06_mlp,2048,128,196608,61187.96333059468,25690.43461877791,60987.25681013548,0.3112180752085097,0.13066830759062656,0.31019722905545793,2.3817410736161917,2.373928573616192
hyperdit_b_velocity,0.5,workspace/b07_attn,2048,128,196608,66376.27782125368,32157.338248281903,66125.04861618897,0.3376072073428023,0.1635606803806656,0.3363293895273283,2.0641098249106493,2.056297324910649
hyperdit_b_velocity,0.5,workspace/b07_mlp,2048,128,196608,74424.09150566909,23238.015849444364,74242.5445068453,0.37854050448440085,0.11819466069256777,0.3776171086977402,3.202687010278832,3.194874510278832
hyperdit_b_velocity,0.5,workspace/b08_attn,2048,128,196608,85951.86505647423,31913.46392128822,85702.54111958916,0.43717379280840163,0.16232027140954702,0.43590566568801453,2.693279089617693,2.685466589617693
hyperdit_b_velocity,0.5,workspace/b08_mlp,2048,128,196608,72451.37578567785,22426.55545744603,72276.16832116655,0.36850675346719286,0.11406735970787572,0.36761560221947504,3.2306064978704816,3.2227939978704816
hyperdit_b_velocity,0.75,workspace/b01_attn,2048,128,196608,169722.3145462032,5446.229783443631,169679.76587602007,0.8632523322865967,0.027700957150490476,0.8630359185588586,31.163267305054546,31.155454805054546
hyperdit_b_velocity,0.75,workspace/b01_mlp,2048,128,196608,84509.02990102464,2124.8803546951162,84492.42927325358,0.4298351537120801,0.010807700371780986,0.4297507185529255,39.77119451186711,39.76338201186711
hyperdit_b_velocity,0.75,workspace/b02_attn,2048,128,196608,71300.22929390849,3695.6279638195133,71271.35720044115,0.3626517196345443,0.01879693585113278,0.36250486857320735,19.293129609350103,19.285317109350107
hyperdit_b_velocity,0.75,workspace/b02_mlp,2048,128,196608,70192.13204830146,3648.575237975477,70163.62755425477,0.357015645590726,0.018557613311642848,0.35687066423672875,19.23823067089873,19.230418170898727
hyperdit_b_velocity,0.75,workspace/b03_attn,2048,128,196608,66530.82110861847,4458.230012493565,66495.99118664587,0.3383932551504439,0.02267573045091535,0.3382161010062961,14.923146836788407,14.915334336788407
hyperdit_b_velocity,0.75,workspace/b03_mlp,2048,128,196608,42540.86482798457,3324.099996683806,42514.89529676048,0.2163740276488473,0.016907246890685047,0.21624193978251383,12.797709115376872,12.789896615376872
hyperdit_b_velocity,0.75,workspace/b04_attn,2048,128,196608,39125.09181298889,4302.839613710174,39091.475878506775,0.19900050767511437,0.02188537401179084,0.19882952819064725,9.092853865229902,9.085041365229902
hyperdit_b_velocity,0.75,workspace/b04_mlp,2048,128,196608,42332.33516280667,4935.595381001796,42293.77582389259,0.21531339092410617,0.025103736272185245,0.21511726798447972,8.57694602068744,8.56913352068744
hyperdit_b_velocity,0.75,workspace/b05_attn,2048,128,196608,47341.05649801143,8350.302864017913,47275.81975688629,0.2407890650330171,0.04247183667001298,0.24045725380903263,5.6693819696058725,5.6615694696058725
hyperdit_b_velocity,0.75,workspace/b05_mlp,2048,128,196608,49071.66713780286,9483.0973328806,48997.58043988973,0.249591405933649,0.0482335272871938,0.2492145815017178,5.1746455208951,5.166833020895099
hyperdit_b_velocity,0.75,workspace/b06_attn,2048,128,196608,59945.66461558299,13712.912394160543,59838.53248750361,0.304899417193517,0.06974747921834586,0.3043545150121237,4.371475795405069,4.363663295405069
hyperdit_b_velocity,0.75,workspace/b06_mlp,2048,128,196608,64513.192088254495,12887.388070160989,64412.509368956366,0.3281310632744064,0.06554864537638849,0.3276189644824034,5.005916772043677,4.998104272043678
hyperdit_b_velocity,0.75,workspace/b07_attn,2048,128,196608,73551.61015430567,17453.38668184632,73415.25557085375,0.3741028348505944,0.08877251526817993,0.3734092995750618,4.21417410242841,4.20636160242841
hyperdit_b_velocity,0.75,workspace/b07_mlp,2048,128,196608,75771.10732269053,12610.935820789507,75672.5843865906,0.3853917812229946,0.06414253652338413,0.38489066765640567,6.00836515223395,6.00055265223395
hyperdit_b_velocity,0.75,workspace/b08_attn,2048,128,196608,91653.35382748378,18435.517633276173,91509.32634597381,0.466173064308084,0.09376789160805345,0.46544050265489606,4.97156389371184,4.96375139371184
hyperdit_b_velocity,0.75,workspace/b08_mlp,2048,128,196608,76483.27754703708,12981.697095935087,76381.8580384751,0.3890140662996271,0.0660283258867141,0.38849822000363715,5.891623951924284,5.883811451924284
pixeldit_b_velocity,0.25,workspace/b01_attn,2048,128,196608,91289.64648047509,99405.81168837228,90513.03857665967,0.4643231530785883,0.5056041040464899,0.4603731210157251,0.9183532122514064,0.9105407122514063
pixeldit_b_velocity,0.25,workspace/b01_mlp,2048,128,196608,24019.87945788878,14945.166244916058,23903.12034660037,0.12217142465153391,0.07601504641172312,0.12157755710144232,1.6072005532932558,1.5993880532932558
pixeldit_b_velocity,0.25,workspace/b02_attn,2048,128,196608,23212.739039187407,13724.754617267861,23105.514393740003,0.11806609618727319,0.06980771187982107,0.11752072343821209,1.691304484961953,1.6834919849619532
pixeldit_b_velocity,0.25,workspace/b02_mlp,2048,128,196608,24834.37373907448,11270.806644797442,24746.320562162,0.12631415679460897,0.05732628705239584,0.12586629517701212,2.2034246990243527,2.195612199024353
pixeldit_b_velocity,0.25,workspace/b03_attn,2048,128,196608,26278.22104772216,10591.246344798015,26195.476935653423,0.1336579439683134,0.05386986462808235,0.1332370856509065,2.48112641253302,2.47331391253302
pixeldit_b_velocity,0.25,workspace/b03_mlp,2048,128,196608,32598.65888573511,11163.581108571574,32511.443408324394,0.16580535321927445,0.05678090977260119,0.165361752361676,2.9200897605075258,2.912277260507526
pixeldit_b_velocity,0.25,workspace/b04_attn,2048,128,196608,33894.76492943903,10430.272441084126,33813.278425993056,0.1723976894604443,0.05305110901430321,0.17198322767127003,3.2496528849936728,3.2418403849936728
pixeldit_b_velocity,0.25,workspace/b04_mlp,2048,128,196608,36033.906402965134,10409.34571076898,35952.58338959975,0.18327792563357104,0.05294467015975433,0.18286429539794793,3.461687929692477,3.4538754296924767
pixeldit_b_velocity,0.25,workspace/b05_attn,2048,128,196608,33917.02852809208,10249.31696476237,33836.955739304874,0.17251092797898396,0.05213072186667059,0.17210365671440062,3.3091989100054575,3.3013864100054575
pixeldit_b_velocity,0.25,workspace/b05_mlp,2048,128,196608,36200.112547614,10692.768774534154,36116.57529156295,0.18412329380093384,0.054386234408234424,0.18369840134461948,3.3854760456270236,3.377663545627023
pixeldit_b_velocity,0.25,workspace/b06_attn,2048,128,196608,33624.72378292879,9270.991688203561,33552.2941603647,0.1710241891628458,0.04715470219016297,0.17065579305198517,3.6268745473812682,3.619062047381268
pixeldit_b_velocity,0.25,workspace/b06_mlp,2048,128,196608,40496.08451928133,11302.070314355142,40407.78709495043,0.20597373717896184,0.057485302298762725,0.20552463325475276,3.5830678267720457,3.5752553267720457
pixeldit_b_velocity,0.25,workspace/b07_attn,2048,128,196608,37303.33567370314,11150.615958361632,37216.22148652844,0.1897345767908892,0.05671496560852881,0.18929149112207255,3.3454058334535404,3.3375933334535404
pixeldit_b_velocity,0.25,workspace/b07_mlp,2048,128,196608,40948.72211255332,11781.15052819026,40856.68187405183,0.20827597103146014,0.05992203027440521,0.20780783016994134,3.4757829479022524,3.4679704479022524
pixeldit_b_velocity,0.25,workspace/b08_attn,2048,128,196608,36690.657398530784,11901.833377628913,36597.67432526806,0.18661833393621208,0.06053585498875383,0.18614539756911244,3.082773572304901,3.074961072304901
pixeldit_b_velocity,0.25,workspace/b08_mlp,2048,128,196608,44227.30788135646,14579.840352409692,44113.40287860326,0.22495172058795398,0.07415690283411505,0.22437236978456246,3.0334562527666336,3.0256437527666336
pixeldit_b_velocity,0.25,workspace/b09_attn,2048,128,196608,39838.25569421042,14853.821648675015,39722.21021258015,0.20262784675196543,0.07555044376970935,0.20203760891001457,2.6820206029445663,2.6742081029445663
pixeldit_b_velocity,0.25,workspace/b09_mlp,2048,128,196608,51397.91146179674,19879.456539173734,51242.60320758445,0.2614232964162025,0.10111214466946276,0.26063335778597235,2.585478700613062,2.577666200613062
pixeldit_b_velocity,0.25,workspace/b10_attn,2048,128,196608,41176.34121678394,18898.27147272653,41028.69847090326,0.20943370166414357,0.09612157934939845,0.20868275182547638,2.17884166158839,2.1710291615883897
pixeldit_b_velocity,0.25,workspace/b10_mlp,2048,128,196608,44073.46216122889,18883.046833914068,43925.93835783894,0.22416922079075566,0.09604414283200108,0.22341887592488066,2.334022816809027,2.326210316809027
pixeldit_b_velocity,0.25,workspace/b11_attn,2048,128,196608,34117.91134804453,16768.625235125055,33986.90646339511,0.17353267083762883,0.08528963844362923,0.17286634553728797,2.034627816511643,2.026815316511643
pixeldit_b_velocity,0.25,workspace/b11_mlp,2048,128,196608,43718.38283999087,16885.91427606434,43586.461634709114,0.2223631939696801,0.08588620135530772,0.22169220802159176,2.5890444618661457,2.5812319618661457
pixeldit_b_velocity,0.25,workspace/b12_attn,2048,128,196608,44250.81410858168,18627.461727873877,44105.28706383267,0.22507127944224894,0.09474416975847309,0.2243310906160109,2.3755686499339506,2.367756149933951
pixeldit_b_velocity,0.25,workspace/b12_mlp,2048,128,196608,38522.061947028495,8008.598488993538,38459.49477133323,0.19593333916742195,0.04073383834326954,0.19561510605536514,4.810087807494725,4.802275307494725
pixeldit_b_velocity,0.5,workspace/b01_attn,2048,128,196608,157650.16686552064,28750.17908609558,157425.55609141052,0.8018502139563021,0.14623097272794383,0.800707784481865,5.483449908030828,5.475637408030828
pixeldit_b_velocity,0.5,workspace/b01_mlp,2048,128,196608,44156.26412165069,4541.459422816242,44120.783969909935,0.22459037334010157,0.023099057122885347,0.224409911956329,9.722923846860791,9.715111346860791
pixeldit_b_velocity,0.5,workspace/b02_attn,2048,128,196608,41360.16498922185,4958.025510596692,41321.43041492031,0.2103686777202446,0.025217821810896258,0.21017166348734695,8.342063771318557,8.334251271318555
pixeldit_b_velocity,0.5,workspace/b02_mlp,2048,128,196608,33171.59805240883,3693.367122582327,33142.74362176366,0.16871947251591404,0.018785436617952102,0.1685727112923363,8.981397448844978,8.973584948844978
pixeldit_b_velocity,0.5,workspace/b03_attn,2048,128,196608,33928.88968083036,3717.97877210659,33899.84297167328,0.17257125692154116,0.01891061794080907,0.17242351771887857,9.12562759512648,9.11781509512648
pixeldit_b_velocity,0.5,workspace/b03_mlp,2048,128,196608,38901.93830294941,3854.4536126734392,38871.825384100404,0.19786549022903144,0.019604764875658362,0.19771232800344038,10.092724472034087,10.084911972034087
pixeldit_b_velocity,0.5,workspace/b04_attn,2048,128,196608,40033.16337613489,3829.9892737267255,40003.2415849339,0.20361919848701424,0.019480332813144558,0.20346700838691154,10.452552348059477,10.444739848059475
pixeldit_b_velocity,0.5,workspace/b04_mlp,2048,128,196608,42328.979238778586,3850.499115195818,42298.89721444112,0.21529632181182143,0.019584651261371957,0.21514331672384193,10.993114911188842,10.98530241118884
pixeldit_b_velocity,0.5,workspace/b05_attn,2048,128,196608,37024.268423717236,3917.13952014117,36993.66577121613,0.18831516735696022,0.019923601888738863,0.18815951421720445,9.451863594172647,9.444051094172647
pixeldit_b_velocity,0.5,workspace/b05_mlp,2048,128,196608,37029.416267235545,3859.2728458888223,36999.26569812704,0.18834135064308444,0.019629276763350537,0.18818799691837076,9.5949205319033,9.587108031903302
pixeldit_b_velocity,0.5,workspace/b06_attn,2048,128,196608,33487.40653878082,3534.449281232978,33459.79365377119,0.17032575754181326,0.01797713867814625,0.17018531114589022,9.474575492309478,9.466762992309476
pixeldit_b_velocity,0.5,workspace/b06_mlp,2048,128,196608,38527.69393035899,4134.118377202904,38495.39613053709,0.1959619849159698,0.021027213425714644,0.19579770981108138,9.319446231345308,9.311633731345308
pixeldit_b_velocity,0.5,workspace/b07_attn,2048,128,196608,34878.83329899916,4161.156936485149,34846.32426043287,0.17740292001850974,0.021164738649928534,0.17723757049780717,8.382003810810522,8.374191310810522
pixeldit_b_velocity,0.5,workspace/b07_mlp,2048,128,196608,37863.85525873562,4350.768878008392,37829.86487687618,0.1925855268286927,0.022129154856406614,0.19241264280637704,8.702796291966715,8.694983791966715
pixeldit_b_velocity,0.5,workspace/b08_attn,2048,128,196608,34104.382464153576,4757.7956000195545,34067.212186028424,0.17346385937578113,0.024199399821063002,0.1732748015646791,7.168105848013607,7.160293348013607
pixeldit_b_velocity,0.5,workspace/b08_mlp,2048,128,196608,39230.12342954372,5501.031907490853,39187.14661776645,0.19953472610241554,0.02797969516749498,0.19931613473391951,7.1314117222485764,7.123599222248577
pixeldit_b_velocity,0.5,workspace/b09_attn,2048,128,196608,36641.27423256336,5909.773708578844,36595.104125465085,0.18636715816530028,0.030058663475437643,0.18613232485689843,6.200114596498601,6.192302096498601
pixeldit_b_velocity,0.5,workspace/b09_mlp,2048,128,196608,43645.27870418726,7424.162780486223,43587.27743246471,0.22199136710707223,0.03776124461103426,0.22169635738354854,5.878814890603577,5.871002390603577
pixeldit_b_velocity,0.5,workspace/b10_attn,2048,128,196608,37460.07230158053,7719.473157202089,37399.76391753989,0.19053178050527206,0.039263270859792525,0.19022503620167994,4.852672136910166,4.844859636910166
pixeldit_b_velocity,0.5,workspace/b10_mlp,2048,128,196608,40483.957208265,7926.2811515241565,40422.03313676872,0.20591205448539732,0.040315150713725566,0.20559709237044635,5.107560082003939,5.099747582003939
pixeldit_b_velocity,0.5,workspace/b11_attn,2048,128,196608,35679.01314168487,7798.988321952195,35618.08354541961,0.18147284516237827,0.03966770590185646,0.18116294121002,4.574825819556287,4.567013319556287
pixeldit_b_velocity,0.5,workspace/b11_mlp,2048,128,196608,46830.98078321348,8201.01163599816,46766.91037980725,0.2381946857870152,0.04171250221760132,0.23786880686344017,5.710390725169797,5.702578225169797
pixeldit_b_velocity,0.5,workspace/b12_attn,2048,128,196608,48267.22389344026,9083.028335512694,48196.26273456907,0.2454997960074883,0.04619867114009956,0.2451388688892063,5.314001246118077,5.306188746118077
pixeldit_b_velocity,0.5,workspace/b12_mlp,2048,128,196608,45218.32545088738,4985.996010012222,45179.37235705916,0.22999229660485523,0.025360087127747708,0.22979417092416973,9.069065711261278,9.061253211261278
pixeldit_b_velocity,0.75,workspace/b01_attn,2048,128,196608,180355.24326289722,4916.253003900564,180316.83503630426,0.9173342044214743,0.025005355854800234,0.9171388500788588,36.68550888650422,36.67769638650422
pixeldit_b_velocity,0.75,workspace/b01_mlp,2048,128,196608,67061.20617668348,926.3892456367913,67053.96876070194,0.3410909331089451,0.004711859362980099,0.34105412170767185,72.38987983996536,72.38206733996536
pixeldit_b_velocity,0.75,workspace/b02_attn,2048,128,196608,63242.18989853194,1290.899492084409,63232.104746250036,0.3216664118374224,0.006565854350201462,0.32161511610031146,48.99079307593118,48.98298057593118
pixeldit_b_velocity,0.75,workspace/b02_mlp,2048,128,196608,39721.92521987476,779.2754940751545,39715.8371300773,0.202036159362156,0.003963600128556084,0.20200519373615164,50.97289151510765,50.96507901510765
pixeldit_b_velocity,0.75,workspace/b03_attn,2048,128,196608,39811.119664423604,1009.6965282925044,39803.23141029632,0.2024898257671285,0.005135582114117962,0.202449704031862,39.42879721667272,39.42098471667272
pixeldit_b_velocity,0.75,workspace/b03_mlp,2048,128,196608,43606.00162541218,1041.005472381281,43597.8687701592,0.2217915935537322,0.005294827638658045,0.22175022771280517,41.88835004456245,41.88053754456244
pixeldit_b_velocity,0.75,workspace/b04_attn,2048,128,196608,46913.18979623798,1188.791846636499,46903.90235993613,0.2386128224499409,0.006046508009015396,0.23856558410612047,39.46291348562957,39.45510098562957
pixeldit_b_velocity,0.75,workspace/b04_mlp,2048,128,196608,50100.485810817416,1217.3415672208275,50090.9753298235,0.2548242483053457,0.0061917193970785905,0.25477587549755604,41.1556519220781,41.1478394220781
pixeldit_b_velocity,0.75,workspace/b05_attn,2048,128,196608,42025.9291580002,1390.8130842649175,42015.06343077938,0.21375492939249777,0.007074041159387805,0.21369966344594005,30.216806006115515,30.20899350611551
pixeldit_b_velocity,0.75,workspace/b05_mlp,2048,128,196608,38395.40416819764,1267.863584452395,38385.498983944104,0.19528912439065368,0.006448687665061416,0.19523874401827038,30.28354520078835,30.27573270078835
pixeldit_b_velocity,0.75,workspace/b06_attn,2048,128,196608,33815.565487917534,1235.5136346593958,33805.91303764676,0.17199486026976285,0.00628414731170347,0.17194576536889017,27.369641693383453,27.361829193383457
pixeldit_b_velocity,0.75,workspace/b06_mlp,2048,128,196608,37240.497797106706,1393.1544600158331,37229.61377788783,0.18941496682284906,0.007085950012287563,0.18935960783837805,26.73106167759996,26.723249177599964
pixeldit_b_velocity,0.75,workspace/b07_attn,2048,128,196608,33785.122046355464,1440.104767039051,33773.87122786297,0.17184001691871878,0.007324751622716528,0.1717827922966663,23.460183466943082,23.45237096694308
pixeldit_b_velocity,0.75,workspace/b07_mlp,2048,128,196608,36448.72414458723,1513.877910387821,36436.896973412324,0.18538779777316908,0.007699981233662012,0.1853276416697811,24.076396051812328,24.068583551812328
pixeldit_b_velocity,0.75,workspace/b08_attn,2048,128,196608,32616.32992105581,1728.148208609939,32602.828763176047,0.16589523275276596,0.008789816327972102,0.16582656231270368,18.8735721615516,18.8657596615516
pixeldit_b_velocity,0.75,workspace/b08_mlp,2048,128,196608,36157.08425813181,1928.363067642354,36142.01892166585,0.18390444060329084,0.009808161761690033,0.18382781433952763,18.750143510235343,18.742331010235343
pixeldit_b_velocity,0.75,workspace/b09_attn,2048,128,196608,33649.95796071905,2031.3346367095583,33634.08815886976,0.17115253682820156,0.01033190224563374,0.17107181884190756,16.56544291256052,16.55763041256052
pixeldit_b_velocity,0.75,workspace/b09_mlp,2048,128,196608,38719.2916791977,2531.481355755972,38699.514481105856,0.19693650146076302,0.012875780007710632,0.1968359094294528,15.295112322735248,15.287299822735248
pixeldit_b_velocity,0.75,workspace/b10_attn,2048,128,196608,34411.23225759642,2670.103817546894,34390.37207152184,0.1750245781331198,0.01358085030897468,0.17491847774008096,12.887600860857566,12.879788360857566
pixeldit_b_velocity,0.75,workspace/b10_mlp,2048,128,196608,36662.40918345338,2817.517450972656,36640.39732836766,0.18647465608445934,0.014330634821434816,0.1863626979999169,13.012309531852901,13.004497031852901
pixeldit_b_velocity,0.75,workspace/b11_attn,2048,128,196608,33314.811729129775,2712.7691159976516,33293.618220411045,0.16944789494389736,0.013797857238757587,0.16934009918421958,12.28073982878483,12.27292732878483
pixeldit_b_velocity,0.75,workspace/b11_mlp,2048,128,196608,45219.68688428539,3052.8589059536976,45195.83642408263,0.22999922121320285,0.015527643361174,0.2298779114994437,14.812242647735136,14.804430147735136
pixeldit_b_velocity,0.75,workspace/b12_attn,2048,128,196608,48462.24141045367,3420.4851655715925,48435.51887009764,0.24649170639268836,0.017397487210955773,0.24635578852385276,14.168236102364506,14.160423602364506
pixeldit_b_velocity,0.75,workspace/b12_mlp,2048,128,196608,46605.4687463086,2081.7572906656396,46589.20501747527,0.2370476722529531,0.010588365125862831,0.23696495065040726,22.387561199032262,22.379748699032262
plain_jit_clean,0.25,workspace/b01_attn,2048,128,196608,63714.968670242146,106272.51054888316,62884.714681579,0.324071089021007,0.5405299405359048,0.31984819886057025,0.5995432717375635,0.5917307717375635
plain_jit_clean,0.25,workspace/b01_mlp,2048,128,196608,34734.35342720423,38652.34071659565,34432.382015355826,0.17666805738934444,0.19659597125547104,0.17513215136391105,0.8986351869834055,0.8908226869834055
plain_jit_clean,0.25,workspace/b02_attn,2048,128,196608,34378.25868187811,40788.4274193488,34059.59909266445,0.17485686585427915,0.2074606700609782,0.17323607936942775,0.8428434449907255,0.8350309449907256
plain_jit_clean,0.25,workspace/b02_mlp,2048,128,196608,35490.7760905829,41406.404472011665,35167.288555645304,0.18051542201020762,0.2106038638916609,0.178870079323554,0.8571325267948008,0.8493200267948007
plain_jit_clean,0.25,workspace/b03_attn,2048,128,196608,34733.03969442663,39426.88515058318,34425.0171541877,0.17666137539889848,0.20053550796805408,0.17509469174289805,0.8809481033505606,0.8731356033505605
plain_jit_clean,0.25,workspace/b03_mlp,2048,128,196608,20570.076342270113,19848.950409511865,20415.0064171958,0.10462481863540707,0.10095698247025485,0.10383609220985819,1.0363306833802495,1.0285181833802495
plain_jit_clean,0.25,workspace/b04_attn,2048,128,196608,20328.100142388295,17479.901984502467,20191.53840813437,0.10339406403802641,0.0889073790715661,0.10269947513902979,1.162941311708213,1.155128811708213
plain_jit_clean,0.25,workspace/b04_mlp,2048,128,196608,15772.43216882398,13267.639659856173,15668.778733981353,0.0802227384888915,0.0674827049756682,0.07969552985626908,1.1887896093942425,1.1809771093942425
plain_jit_clean,0.25,workspace/b05_attn,2048,128,196608,16119.287198586431,12402.49322069454,16022.392720299755,0.0819869344003623,0.06308234263455474,0.08149410359852984,1.2996811940755693,1.2918686940755693
plain_jit_clean,0.25,workspace/b05_mlp,2048,128,196608,19567.813039162902,13837.734967639868,19459.705734728217,0.09952704385967459,0.07038235965799901,0.09897718167484648,1.4140907514794194,1.4062782514794196
plain_jit_clean,0.25,workspace/b06_attn,2048,128,196608,19290.961819792294,13023.276826810583,19189.217469582836,0.09811890574031724,0.06623981133428235,0.09760140721426817,1.4812678925843485,1.4734553925843485
plain_jit_clean,0.25,workspace/b06_mlp,2048,128,196608,20860.458670165688,13393.348846895293,20755.82313229932,0.10610177953168583,0.0681220949650843,0.10556957566477111,1.5575237312661607,1.5497112312661607
plain_jit_clean,0.25,workspace/b07_attn,2048,128,196608,19014.176586938014,12520.860562880762,18916.357363790506,0.09671110324573778,0.06368439006999085,0.09621356894831597,1.518599819193521,1.510787319193521
plain_jit_clean,0.25,workspace/b07_mlp,2048,128,196608,22546.779571981006,13562.603739672059,22440.82173026482,0.1146788511758474,0.06898296986730987,0.11413992172375904,1.66242264426183,1.65461014426183
plain_jit_clean,0.25,workspace/b08_attn,2048,128,196608,20794.671986367808,13447.94218697914,20689.609938032034,0.10576717115462142,0.06839977105193655,0.10523279794327817,1.5463088476467484,1.5384963476467484
plain_jit_clean,0.25,workspace/b08_mlp,2048,128,196608,31284.8298347302,17944.09678642601,31144.64157858625,0.15912287310145162,0.09126839592705287,0.15840983875827153,1.7434608276520176,1.7356483276520178
plain_jit_clean,0.25,workspace/b09_attn,2048,128,196608,30671.427217137134,20215.49638345291,30513.49365164141,0.15600294605070564,0.10282133170294654,0.15519965439677638,1.5172235514455517,1.5094110514455519
plain_jit_clean,0.25,workspace/b09_mlp,2048,128,196608,28122.326750152526,15556.527709217053,28000.791377424266,0.14303755060909285,0.07912459161995979,0.1424193897370619,1.8077508860470444,1.7999383860470444
plain_jit_clean,0.25,workspace/b10_attn,2048,128,196608,20896.4659177193,13107.892844759266,20794.060504869616,0.10628492186339976,0.0666701906573449,0.10576406099888924,1.594189559313801,1.586377059313801
plain_jit_clean,0.25,workspace/b10_mlp,2048,128,196608,34501.47534663571,18049.93018532643,34360.460267062845,0.1754835782197861,0.09180669243024918,0.17476633843517478,1.911446470562166,1.903633970562166
plain_jit_clean,0.25,workspace/b11_attn,2048,128,196608,29587.81781711307,17707.23082728307,29449.480076274922,0.15049142363033585,0.09006363335816991,0.14978780149472515,1.6709455084035245,1.6631330084035245
plain_jit_clean,0.25,workspace/b11_mlp,2048,128,196608,29024.552230041216,13354.142328810854,28920.22299309738,0.1476265067039043,0.06792268030197578,0.1470958607640451,2.173449369894934,2.165636869894934
plain_jit_clean,0.25,workspace/b12_attn,2048,128,196608,29617.08779578549,15282.084441660954,29497.696511085014,0.15064029844047797,0.07772870097687253,0.15003304296409614,1.9380267076031492,1.9302142076031492
plain_jit_clean,0.25,workspace/b12_mlp,2048,128,196608,19890.538167266277,5095.666374098942,19850.72827371863,0.10116850874464049,0.025917899445083322,0.10096602515522578,3.9034223803130144,3.8956098803130144
plain_jit_clean,0.5,workspace/b01_attn,2048,128,196608,136576.78568320407,35664.891415776474,136298.15371901833,0.6946654545247603,0.18140101835010006,0.6932482590689002,3.829446277881808,3.8216337778818086
plain_jit_clean,0.5,workspace/b01_mlp,2048,128,196608,64726.19414873983,9610.563987116506,64651.11161759048,0.3292144477780143,0.04888185621702324,0.3288325582763188,6.7349007025507435,6.7270882025507435
plain_jit_clean,0.5,workspace/b02_attn,2048,128,196608,63377.70720623675,12710.394307246812,63278.40725071139,0.3223556885082843,0.06464840854515998,0.3218506228165252,4.9862896204645715,4.9784771204645715
plain_jit_clean,0.5,workspace/b02_mlp,2048,128,196608,62727.98566477853,13467.14707661491,62622.77357824247,0.31905103385812644,0.06849745217191015,0.3185158975130334,4.657852573222641,4.650040073222641
plain_jit_clean,0.5,workspace/b03_attn,2048,128,196608,60629.47435134846,13583.52616145334,60523.3530532121,0.3083774533658267,0.06908938680752227,0.3078376925313929,4.463456221213001,4.455643721213001
plain_jit_clean,0.5,workspace/b03_mlp,2048,128,196608,35017.22734203337,7466.805070180229,34958.89292742259,0.17810682852189827,0.03797813451222854,0.17781012434602148,4.6897203037855855,4.681907803785585
plain_jit_clean,0.5,workspace/b04_attn,2048,128,196608,32709.5628448338,7046.55509431971,32654.511633159425,0.16636943992530212,0.03584063260050308,0.16608943498311068,4.641922529095283,4.634110029095282
plain_jit_clean,0.5,workspace/b04_mlp,2048,128,196608,25164.11149774888,5402.602890779818,25121.903662664663,0.12799128976312704,0.02747905929962066,0.12777660961234874,4.657775521627625,4.649963021627625
plain_jit_clean,0.5,workspace/b05_attn,2048,128,196608,24069.790765002246,5287.537313264775,24028.481879742365,0.12242528668722659,0.02689380550773506,0.12221517883169741,4.552174167096407,4.544361667096406
plain_jit_clean,0.5,workspace/b05_mlp,2048,128,196608,26037.404804030888,5693.450201385709,25992.924724332563,0.13243308921321048,0.028958385220264227,0.13220685182867717,4.573220785823986,4.565408285823986
plain_jit_clean,0.5,workspace/b06_attn,2048,128,196608,24476.745224338207,5663.188163337344,24432.501566812134,0.12449516410491031,0.028804464535203776,0.12427012922572904,4.3220787511170995,4.3142662511170995
plain_jit_clean,0.5,workspace/b06_mlp,2048,128,196608,25447.24779785652,5680.141712478304,25402.87169072778,0.1294313954562201,0.028890694745271322,0.12920568690352266,4.480037486028429,4.472224986028429
plain_jit_clean,0.5,workspace/b07_attn,2048,128,196608,21676.76107520294,5491.477577247152,21633.858906630696,0.11025370826824411,0.027931099330887613,0.11003549655472156,3.947345822737454,3.9395333227374536
plain_jit_clean,0.5,workspace/b07_mlp,2048,128,196608,23821.364849148416,5697.1506778558205,23776.85585947767,0.1211617271380026,0.028977206816893617,0.12093534270974564,4.181276956872383,4.173464456872383
plain_jit_clean,0.5,workspace/b08_attn,2048,128,196608,21268.004067104495,5879.327177939369,21222.071823526843,0.10817466261344653,0.029903804412533413,0.10794103914147361,3.6174214197344035,3.609608919734403
plain_jit_clean,0.5,workspace/b08_mlp,2048,128,196608,27522.366963781984,7198.583173102987,27466.128032742115,0.1399859973336893,0.0366138873957468,0.13969995133841,3.823303322606235,3.815490822606235
plain_jit_clean,0.5,workspace/b09_attn,2048,128,196608,28113.267155109694,8799.45158993453,28044.52143956333,0.14299147112584276,0.04475632522549708,0.14264181233501858,3.1948885527443265,3.1870760527443265
plain_jit_clean,0.5,workspace/b09_mlp,2048,128,196608,25060.50356497336,6674.35375101304,25008.360176293572,0.12746431256598592,0.03394751867173788,0.12719909757636297,3.7547460772767183,3.7469335772767183
plain_jit_clean,0.5,workspace/b10_attn,2048,128,196608,21329.19625552239,6346.434215596077,21279.614738213048,0.10848590217856034,0.032279633664937725,0.10823371754055301,3.3608157795296845,3.353003279529685
plain_jit_clean,0.5,workspace/b10_mlp,2048,128,196608,33907.926541205874,8548.494191306316,33841.14143033629,0.17246463287966854,0.04347988988904986,0.17212494623991034,3.9665379401777803,3.95872544017778
plain_jit_clean,0.5,workspace/b11_attn,2048,128,196608,32286.583584499986,9216.98852375635,32214.57586165814,0.1642180561548868,0.04688002789182714,0.16385180593698193,3.5029427997314793,3.4951302997314797
plain_jit_clean,0.5,workspace/b11_mlp,2048,128,196608,34936.70647303657,7668.655425762811,34876.795102522796,0.17769727820351444,0.039004798511570286,0.1773925532151428,4.555779929251596,4.547967429251596
plain_jit_clean,0.5,workspace/b12_attn,2048,128,196608,35958.525876389875,8797.796272666645,35889.79309300967,0.18289452044876034,0.04474790584648969,0.18254492743433468,4.087219658416881,4.079407158416882
plain_jit_clean,0.5,workspace/b12_mlp,2048,128,196608,20525.59121474999,2917.1802694739877,20502.800743894724,0.10439855557632442,0.014837546129730162,0.1042826372471859,7.036106554515765,7.028294054515765
plain_jit_clean,0.75,workspace/b01_attn,2048,128,196608,169761.67651991584,6324.3969196836715,169712.26716898082,0.8634525376379183,0.0321675461816593,0.8632012286833741,26.842350136431165,26.834537636431165
plain_jit_clean,0.75,workspace/b01_mlp,2048,128,196608,79432.46194391223,1395.0639136853795,79421.56300708656,0.40401439383907184,0.007095661995876971,0.403958958979729,56.938224238109115,56.93041173810911
plain_jit_clean,0.75,workspace/b02_attn,2048,128,196608,79840.64185911938,2690.615382189337,79819.62142644603,0.4060905042476368,0.013685177521714971,0.4059835887982484,29.67374764435991,29.66593514435991
plain_jit_clean,0.75,workspace/b02_mlp,2048,128,196608,78893.91299241305,2939.040868348771,78870.95173562907,0.40127519222215297,0.014948734885400243,0.40115840523086077,26.843421553623273,26.835609053623273
plain_jit_clean,0.75,workspace/b03_attn,2048,128,196608,78061.69492116982,3267.9914233244804,78036.1637381751,0.3970423122211193,0.016621863928855795,0.3969124539091751,23.88675024176128,23.878937741761284
plain_jit_clean,0.75,workspace/b03_mlp,2048,128,196608,51574.96698453117,2073.885148132451,51558.76475681139,0.26232384737412096,0.010548325338401545,0.2622414385824147,24.86876721740103,24.86095471740103
plain_jit_clean,0.75,workspace/b04_attn,2048,128,196608,49476.41338671223,2457.0235098010544,49457.217890541906,0.2516500518122977,0.01249706781921923,0.25155241846996007,20.136727707061436,20.128915207061436
plain_jit_clean,0.75,workspace/b04_mlp,2048,128,196608,39547.472336571445,1970.1895160850354,39532.08023097703,0.20114884611293257,0.010020902079696836,0.20107055781543492,20.07292801717687,20.065115517176867
plain_jit_clean,0.75,workspace/b05_attn,2048,128,196608,36930.718252141254,2042.387011438712,36914.76210361439,0.1878393465786807,0.010388117530511028,0.1877581894104736,18.082135288417383,18.074322788417383
plain_jit_clean,0.75,workspace/b05_mlp,2048,128,196608,37842.263547951865,2135.582532210008,37825.57930941897,0.19247570570857678,0.010862134461517375,0.19239084528309616,17.719878757760203,17.7120662577602
plain_jit_clean,0.75,workspace/b06_attn,2048,128,196608,34896.08124383283,2302.1500463780235,34878.0956965955,0.17749064760250258,0.011709340649302284,0.1773991683786799,15.158039459128606,15.150226959128604
plain_jit_clean,0.75,workspace/b06_mlp,2048,128,196608,35803.44235244077,2296.515883583857,35785.50082210027,0.1821057248557575,0.01168068381542896,0.18201446951344946,15.590330817380305,15.582518317380307
plain_jit_clean,0.75,workspace/b07_attn,2048,128,196608,27694.813556731624,2239.5835002409553,27677.31681063599,0.14086310606247773,0.011391110739344052,0.14077411300982662,12.366055364201404,12.358242864201404
plain_jit_clean,0.75,workspace/b07_mlp,2048,128,196608,29906.89947493186,2302.4300242766585,29888.9117403672,0.15211435686712574,0.011710764690534762,0.15202286651798094,12.989276181945005,12.981463681945005
plain_jit_clean,0.75,workspace/b08_attn,2048,128,196608,24761.17379823728,2357.7778920065125,24742.75365845598,0.12594184264240152,0.011992278503451094,0.12584815296659332,10.501911092721743,10.494098592721743
plain_jit_clean,0.75,workspace/b08_mlp,2048,128,196608,29708.734828496752,2761.250430892769,29687.162559505403,0.15110643935392634,0.014044445957909999,0.1509967171198802,10.759159870512471,10.751347370512471
plain_jit_clean,0.75,workspace/b09_attn,2048,128,196608,28865.38693867905,3266.0195049891236,28839.871161296323,0.14681695016824875,0.016611834233546566,0.14668717021329916,8.838093861529213,8.830281361529213
plain_jit_clean,0.75,workspace/b09_mlp,2048,128,196608,24425.58967009729,2488.791385794345,24406.145987395772,0.12423497350106451,0.012658647592134323,0.12413607781675096,9.814237468642396,9.806424968642395
plain_jit_clean,0.75,workspace/b10_attn,2048,128,196608,21627.5301770043,2448.5665778558227,21608.4007506148,0.11000330697125398,0.012454053638996494,0.10990600967719931,8.83273110586327,8.824918605863267
plain_jit_clean,0.75,workspace/b10_mlp,2048,128,196608,30567.4069550465,3184.641710848927,30542.52694168049,0.15547387163821666,0.016197925368494296,0.1553473253462753,9.598381774286997,9.590569274286997
plain_jit_clean,0.75,workspace/b11_attn,2048,128,196608,30311.939090153937,3508.119759980531,30284.53190452909,0.15417449488400237,0.017843219807843685,0.15403509472925359,8.640508638257595,8.632696138257595
plain_jit_clean,0.75,workspace/b11_mlp,2048,128,196608,33828.70965335412,3049.3829939739794,33804.8863487137,0.17206171495236267,0.015509963958607887,0.17194054335893605,11.093624421794352,11.085811921794352
plain_jit_clean,0.75,workspace/b12_attn,2048,128,196608,34506.92382563257,3595.0912035420947,34478.837175604895,0.17551129061702764,0.01828557944509936,0.17536843452761278,9.598344484733607,9.590531984733607
plain_jit_clean,0.75,workspace/b12_mlp,2048,128,196608,17268.67182795763,1090.421847485919,17260.152907274147,0.08783300693744726,0.005546172319976395,0.08778967746619744,15.83668913803621,15.82887663803621
plain_jit_velocity,0.25,workspace/b01_attn,2048,128,196608,8052.520663473883,176383.89286740785,6674.521500447259,0.04095723807512351,0.8971348717621249,0.03394837188948191,0.045653378732984216,0.03784087873298421
plain_jit_velocity,0.25,workspace/b01_mlp,2048,128,196608,32070.03248723745,150956.24137547737,30890.686851491533,0.1631166203167595,0.7678031482720814,0.15711815822088385,0.21244588627156413,0.20463338627156413
plain_jit_velocity,0.25,workspace/b02_attn,2048,128,196608,10914.172543377908,41086.440361495755,10593.184728053722,0.05551235221037754,0.20897644226835,0.05387972375515606,0.2656392826282938,0.2578267826282938
plain_jit_velocity,0.25,workspace/b02_mlp,2048,128,196608,9529.749713986323,30680.06260886305,9290.06172485458,0.04847081356804567,0.15604686792431158,0.04725169741238699,0.31061702303154065,0.30280452303154065
plain_jit_velocity,0.25,workspace/b03_attn,2048,128,196608,8587.901201230838,68780.01832319697,8050.557308080861,0.04368032430639057,0.34983326376951585,0.04094725193319123,0.12486040874366057,0.11704790874366057
plain_jit_velocity,0.25,workspace/b03_mlp,2048,128,196608,11279.600929937875,52408.09008043367,10870.162726184486,0.05737101709970029,0.26656133056861203,0.055288506704633006,0.21522633075592779,0.20741383075592776
plain_jit_velocity,0.25,workspace/b04_attn,2048,128,196608,25498.64414110011,39942.33475490283,25186.594650827432,0.12969281077626602,0.20315722022960833,0.12810564499322222,0.6383864212637247,0.6305739212637247
plain_jit_velocity,0.25,workspace/b04_mlp,2048,128,196608,17724.546461344,20865.2153694938,17561.536966269832,0.09015170522737631,0.10612597335557962,0.08932259606053584,0.8494782415358317,0.8416657415358317
plain_jit_velocity,0.25,workspace/b05_attn,2048,128,196608,18177.508078164952,19641.102915280975,18024.06196163932,0.09245558714886959,0.0998998154463754,0.09167511984069478,0.9254830625637966,0.9176705625637966
plain_jit_velocity,0.25,workspace/b05_mlp,2048,128,196608,17337.11404054572,12815.940141214274,17236.989508192484,0.08818112203239807,0.06518524241747169,0.08767186232601158,1.352777388901184,1.3449648889011843
plain_jit_velocity,0.25,workspace/b06_attn,2048,128,196608,14457.37893871384,12065.24555569919,14363.119207809941,0.07353403187415487,0.061367012307226514,0.07305460209050467,1.1982664482021,1.1904539482021
plain_jit_velocity,0.25,workspace/b06_mlp,2048,128,196608,19835.639272728185,13112.709484446665,19733.196229880945,0.10088927852746676,0.0666946893536716,0.1003682262668912,1.5127033277337356,1.5048908277337354
plain_jit_velocity,0.25,workspace/b07_attn,2048,128,196608,19794.71935516362,12984.34269722324,19693.279177841563,0.10068114906394256,0.0660417821107139,0.10016519764120262,1.5245068477279802,1.5166943477279802
plain_jit_velocity,0.25,workspace/b07_mlp,2048,128,196608,22499.491267041074,13840.804826951784,22391.359979330515,0.11443833041911354,0.07039797376989636,0.11388834624903622,1.6255912534239692,1.6177787534239694
plain_jit_velocity,0.25,workspace/b08_attn,2048,128,196608,21358.97342592153,13394.312325640132,21254.330360877466,0.10863735669922653,0.06812699547139553,0.10810511454710625,1.5946300867596617,1.5868175867596617
plain_jit_velocity,0.25,workspace/b08_mlp,2048,128,196608,18513.237746800576,11130.908406714732,18426.277524873116,0.09416319654744759,0.05661472781735602,0.0937208939863745,1.6632279298635182,1.6554154298635182
plain_jit_velocity,0.25,workspace/b09_attn,2048,128,196608,17025.99888887442,10107.293945529093,16947.035654924974,0.08659870854123138,0.051408355435837265,0.08619708076438891,1.684525945384796,1.676713445384796
plain_jit_velocity,0.25,workspace/b09_mlp,2048,128,196608,17166.079148377707,9452.279821323684,17092.233212273615,0.08731119358509169,0.04807678131776776,0.08693559373104663,1.8160781814406541,1.8082656814406541
plain_jit_velocity,0.25,workspace/b10_attn,2048,128,196608,16861.06874671416,9284.64268266636,16788.53247575583,0.08575983045814088,0.0472241347384967,0.08539089190549637,1.8160169780353903,1.8082044780353903
plain_jit_velocity,0.25,workspace/b10_mlp,2048,128,196608,14261.93946800107,8640.120878018895,14194.438523641547,0.07253997532145727,0.04394592731739754,0.07219664776429009,1.6506643447876401,1.6428518447876401
plain_jit_velocity,0.25,workspace/b11_attn,2048,128,196608,12352.34014065729,8817.748836252491,12283.451477874067,0.06282725087818039,0.044849389832827206,0.062476865020111426,1.4008496238714583,1.393037123871458
plain_jit_velocity,0.25,workspace/b11_mlp,2048,128,196608,8828.547329153604,9188.381858004193,8756.763095887945,0.04490431380795087,0.0467345268656626,0.044539200316812876,0.9608380959333845,0.9530255959333845
plain_jit_velocity,0.25,workspace/b12_attn,2048,128,196608,11571.505349751043,13179.315443135305,11468.541947851549,0.05885571975581382,0.06703346477831677,0.058332020812233217,0.8780050374906445,0.8701925374906445
plain_jit_velocity,0.25,workspace/b12_mlp,2048,128,196608,15034.650039741617,15799.30527544756,14911.217967277182,0.07647018452830819,0.08035942217736593,0.07584237654254751,0.9516019709490497,0.9437894709490496
plain_jit_velocity,0.5,workspace/b01_attn,2048,128,196608,41942.15178833584,131427.4843281226,40915.37456702238,0.21332881565519124,0.6684747534592824,0.2081063566437906,0.31912770759290215,0.3113152075929021
plain_jit_velocity,0.5,workspace/b01_mlp,2048,128,196608,58612.926916642326,112439.28886783228,57734.49497236239,0.29812076271892457,0.5718957970572524,0.2936528268044148,0.5212851086735295,0.5134726086735295
plain_jit_velocity,0.5,workspace/b02_attn,2048,128,196608,21330.653597015786,35617.0868429185,21052.395106055486,0.10849331460070692,0.18115787171894582,0.10707801872790267,0.5988882159590998,0.5910757159590998
plain_jit_velocity,0.5,workspace/b02_mlp,2048,128,196608,15660.084015145185,25713.80020526776,15459.19495104153,0.07965130622937615,0.13078715110914998,0.07862953161133591,0.6090147660063503,0.6012022660063503
plain_jit_velocity,0.5,workspace/b03_attn,2048,128,196608,19793.772343111203,51092.43942357665,19394.61266011451,0.10067633231156008,0.2598695852843051,0.09864610117652645,0.38741098617376546,0.37959848617376546
plain_jit_velocity,0.5,workspace/b03_mlp,2048,128,196608,22480.902975794288,40423.48877140644,22165.094469767675,0.11434378548072453,0.20560449611107603,0.11273750035485675,0.5561346548518632,0.5483221548518632
plain_jit_velocity,0.5,workspace/b04_attn,2048,128,196608,40889.61562733948,32959.49820532263,40632.1195476104,0.20797533990142558,0.16764067690695508,0.20666564711309,1.2406018857634253,1.2327893857634251
plain_jit_velocity,0.5,workspace/b04_mlp,2048,128,196608,31280.67542131146,19082.40102371777,31131.594163313664,0.1591017426621066,0.09705811067564785,0.15834347617245312,1.6392421154147367,1.6314296154147367
plain_jit_velocity,0.5,workspace/b05_attn,2048,128,196608,30365.624589651397,17889.85448023448,30225.860101524566,0.15444755345485126,0.09099250529090618,0.15373667450726605,1.6973656562271489,1.6895531562271489
plain_jit_velocity,0.5,workspace/b05_mlp,2048,128,196608,30208.248032731673,11863.051729715617,30115.56794109327,0.1536470948930444,0.060338601327085455,0.15317569957017654,2.546414592213519,2.538602092213519
plain_jit_velocity,0.5,workspace/b06_attn,2048,128,196608,23644.759998905236,11157.145436564564,23557.594800182076,0.1202634684189109,0.05674817625205772,0.11982012329194171,2.1192481655223254,2.1114356655223254
plain_jit_velocity,0.5,workspace/b06_mlp,2048,128,196608,31122.662852341913,11665.539273576362,31031.525826767098,0.15829804917572995,0.059334001025270394,0.15783450229272003,2.667914626359188,2.660102126359188
plain_jit_velocity,0.5,workspace/b07_attn,2048,128,196608,31305.94780077565,11588.751543416982,31215.410679342705,0.15923028463122382,0.05894343843290701,0.15876978901846672,2.701408144224049,2.693595644224049
plain_jit_velocity,0.5,workspace/b07_mlp,2048,128,196608,35640.55078545123,11969.737309190848,35547.03721272318,0.18127721550217302,0.0608812322448265,0.18080158087526033,2.9775549675668302,2.9697424675668302
plain_jit_velocity,0.5,workspace/b08_attn,2048,128,196608,33461.512545355414,11695.6732457163,33370.14009812326,0.17019405388059192,0.059487270333436586,0.16972930958111196,2.8610163641166317,2.853203864116632
plain_jit_velocity,0.5,workspace/b08_mlp,2048,128,196608,28501.670335186787,9603.442229067536,28426.643442772198,0.14496699185784295,0.04884563308241544,0.14458538534938659,2.9678598210252587,2.9600473210252587
plain_jit_velocity,0.5,workspace/b09_attn,2048,128,196608,25476.693353697672,8695.527180192987,25408.759547602414,0.12958116329802283,0.04422773834326674,0.12923563409221606,2.9298618503234035,2.9220493503234035
plain_jit_velocity,0.5,workspace/b09_mlp,2048,128,196608,25572.713672362443,8220.665489667981,25508.48972322441,0.13006954789409608,0.041812466886739,0.12974288799654343,3.110783878081783,3.102971378081783
plain_jit_velocity,0.5,workspace/b10_attn,2048,128,196608,23978.759931155666,7961.289515287056,23916.562356817485,0.12196227992327711,0.04049321245975269,0.12164592670093528,3.0119190974166044,3.0041065974166044
plain_jit_velocity,0.5,workspace/b10_mlp,2048,128,196608,23015.47526702854,7761.682121031755,22954.83712545798,0.11706276075759146,0.03947795675166705,0.11675433922046906,2.9652689852710834,2.9574564852710834
plain_jit_velocity,0.5,workspace/b11_attn,2048,128,196608,19245.934801363106,8118.486289706925,19182.50912722477,0.0978898864815425,0.04129275660047874,0.09756728682060124,2.3706309420962115,2.3628184420962115
plain_jit_velocity,0.5,workspace/b11_mlp,2048,128,196608,15582.261018349434,9029.653334427758,15511.716851674217,0.07925547799860348,0.04592719184584431,0.07889667181230782,1.7256765504981526,1.7178640504981526
plain_jit_velocity,0.5,workspace/b12_attn,2048,128,196608,19737.81242229723,13370.091812243238,19633.35858001408,0.1003917054356752,0.06800380356975931,0.09986042572028646,1.476266034629841,1.468453534629841
plain_jit_velocity,0.5,workspace/b12_mlp,2048,128,196608,27699.541540768256,16742.73688976896,27568.738908816937,0.14088715383284636,0.08515796350997396,0.14022185724292469,1.654421360326979,1.646608860326979
plain_jit_velocity,0.75,workspace/b01_attn,2048,128,196608,110884.27347633772,48682.69575741116,110503.93991573295,0.5639865797746669,0.24761299518540017,0.562052103249781,2.27769378320545,2.2698812832054496
plain_jit_velocity,0.75,workspace/b01_mlp,2048,128,196608,108929.58362170667,46496.002687064945,108566.33360071397,0.5540445130498589,0.23649089908378573,0.5521969279007669,2.3427730842765664,2.3349605842765664
plain_jit_velocity,0.75,workspace/b02_attn,2048,128,196608,43977.25859035633,18769.672560533305,43830.62052347716,0.22367990412575445,0.09546749145779065,0.22293406434874044,2.3429955130291735,2.3351830130291735
plain_jit_velocity,0.75,workspace/b02_mlp,2048,128,196608,30461.565340399782,14171.038772055806,30350.854099993096,0.15493553334757376,0.07207763047310285,0.15437242685950264,2.149564744714949,2.1417522447149486
plain_jit_velocity,0.75,workspace/b03_attn,2048,128,196608,36206.735002476235,25259.15140947482,36009.39788208971,0.18415697734820677,0.12847468775164195,0.18315326885014704,1.4334105851590457,1.4255980851590455
plain_jit_velocity,0.75,workspace/b03_mlp,2048,128,196608,36619.430771012005,21203.611364240733,36453.777557228874,0.18625605657456465,0.10784714439005906,0.1854135007590173,1.7270374438558895,1.7192249438558895
plain_jit_velocity,0.75,workspace/b04_attn,2048,128,196608,57148.72832135308,19618.282988101786,56995.460485508534,0.2906734635485488,0.09978374729462579,0.28989390302280954,2.913034150644732,2.905221650644732
plain_jit_velocity,0.75,workspace/b04_mlp,2048,128,196608,47077.79895843965,12557.56799145529,46979.692958506406,0.2394500679445376,0.06387109370653936,0.23895107502495527,3.7489583166480496,3.7411458166480496
plain_jit_velocity,0.75,workspace/b05_attn,2048,128,196608,43473.42188290509,11963.303634513331,43379.958573260454,0.22111725811210678,0.060848508883226175,0.22064187913645658,3.6338977268358525,3.6260852268358525
plain_jit_velocity,0.75,workspace/b05_mlp,2048,128,196608,43354.36371979205,8249.05810471016,43289.917953349,0.22051169697973658,0.04195687919469279,0.22018390886102804,5.255674426033801,5.247861926033801
plain_jit_velocity,0.75,workspace/b06_attn,2048,128,196608,34108.182898361796,7909.617654798384,34046.38901043368,0.1734831893837575,0.040230395786531495,0.17316888941667521,4.312241676773087,4.304429176773087
plain_jit_velocity,0.75,workspace/b06_mlp,2048,128,196608,42065.723109941886,8016.501201464345,42003.09419430544,0.21395733189871158,0.04077403361747409,0.21363878476107503,5.2473918549725775,5.239579354972577
plain_jit_velocity,0.75,workspace/b07_attn,2048,128,196608,43027.27559723894,7958.72407732782,42965.09806538482,0.2188480407574409,0.04048016396752838,0.21853178947644458,5.406303218855347,5.398490718855347
plain_jit_velocity,0.75,workspace/b07_mlp,2048,128,196608,47691.120869066144,7906.127498915938,47629.35424798086,0.242569584498424,0.04021264393572967,0.2422554232176761,6.03217199262286,6.024359492622859
plain_jit_velocity,0.75,workspace/b08_attn,2048,128,196608,43895.342806678455,7868.862775187667,43833.8673162473,0.2232632589044111,0.040023105749448985,0.2229505783907435,5.578359168378252,5.570546668378252
plain_jit_velocity,0.75,workspace/b08_mlp,2048,128,196608,37509.39983231552,6588.187708512991,37457.92961584276,0.19078267330075846,0.03350925551611832,0.19052088224203878,5.693432168583688,5.685619668583688
plain_jit_velocity,0.75,workspace/b09_attn,2048,128,196608,32170.784791755155,5997.546068698144,32123.92896309345,0.16362907303749163,0.030505096784963704,0.1633907519688591,5.363991276308495,5.356178776308495
plain_jit_velocity,0.75,workspace/b09_mlp,2048,128,196608,32348.36557772555,5776.073066599968,32303.240006892738,0.1645322956223834,0.029378626844278808,0.16430277510016245,5.600407959653308,5.592595459653308
plain_jit_velocity,0.75,workspace/b10_attn,2048,128,196608,29368.207936325336,5615.303804636559,29324.338375351614,0.14937443001467557,0.028560912092267656,0.14915129788895473,5.230030103104305,5.222217603104305
plain_jit_velocity,0.75,workspace/b10_mlp,2048,128,196608,30175.515992104447,5646.4372042099485,30131.403201446556,0.15348061112520572,0.028719264751230614,0.15325624186933673,5.344169234646897,5.336356734646897
plain_jit_velocity,0.75,workspace/b11_attn,2048,128,196608,24366.31300728361,5984.506100344802,24319.559053374665,0.12393347680299688,0.030438772076135264,0.12369567389615206,4.07156624101022,4.063753741010219
plain_jit_velocity,0.75,workspace/b11_mlp,2048,128,196608,21520.882673068674,7035.100029558852,21465.920954087745,0.10946086971572201,0.03578236912820868,0.10918131995690789,3.059072732817728,3.051260232817728
plain_jit_velocity,0.75,workspace/b12_attn,2048,128,196608,25764.84939490359,10818.7633953914,25680.327805877096,0.13104680071463823,0.05502707618912455,0.13061690168191067,2.3814967065347745,2.3736842065347745
plain_jit_velocity,0.75,workspace/b12_mlp,2048,128,196608,40966.2828024828,15086.916891085815,40848.41626427119,0.2083652893192688,0.07673602748151558,0.20776578910456944,2.7153515259759895,2.7075390259759895
raev1-g2a-01-jit-b-clean-epoch200,0.25,workspace/b01_attn,2048,128,196608,23175.8427244481,153960.33152272215,21973.02763442683,0.11787843182600961,0.7830827408992622,0.11176059791273413,0.15053126019690147,0.14271876019690147
raev1-g2a-01-jit-b-clean-epoch200,0.25,workspace/b01_mlp,2048,128,196608,16315.01712795511,62685.730788785826,15825.284856167722,0.08298246830218053,0.3188361144449149,0.08049156115807964,0.26026684099651254,0.25245434099651254
raev1-g2a-01-jit-b-clean-epoch200,0.25,workspace/b02_attn,2048,128,196608,17124.04759974321,62544.04761259416,16635.42222776982,0.0870974100735637,0.31811547654517697,0.08461213291305451,0.27379180359115474,0.2659793035911548
raev1-g2a-01-jit-b-clean-epoch200,0.25,workspace/b02_mlp,2048,128,196608,46539.56594042067,54778.404482483966,46111.60965540126,0.23671247324839614,0.2786173730595091,0.23453577502136871,0.8495969603368465,0.8417844603368466
raev1-g2a-01-jit-b-clean-epoch200,0.25,workspace/b03_attn,2048,128,196608,37080.147817492536,58631.884274298085,36622.08622159958,0.18859938465114612,0.2982171848261418,0.18626956289469188,0.6324229261338444,0.6246104261338444
raev1-g2a-01-jit-b-clean-epoch200,0.25,workspace/b03_mlp,2048,128,196608,49053.15226723936,45967.48052379323,48694.03132564723,0.24949723443216634,0.23380269634904596,0.24767065086693943,1.067127275810754,1.059314775810754
raev1-g2a-01-jit-b-clean-epoch200,0.25,workspace/b04_attn,2048,128,196608,38014.48320149172,41001.242455787906,37694.160994805876,0.19335166016383729,0.2085431033110957,0.19172241716921934,0.9271544208076904,0.9193419208076904
raev1-g2a-01-jit-b-clean-epoch200,0.25,workspace/b04_mlp,2048,128,196608,45594.5317902805,37148.338797506934,45304.31039342498,0.23190578099711356,0.18894622191114774,0.23042963863843272,1.227363948595742,1.219551448595742
raev1-g2a-01-jit-b-clean-epoch200,0.25,workspace/b05_attn,2048,128,196608,51100.678375205454,37630.97314606092,50806.68639750186,0.2599114907593051,0.19140102715078186,0.2584161702346896,1.3579419850999654,1.3501294850999654
raev1-g2a-01-jit-b-clean-epoch200,0.25,workspace/b05_mlp,2048,128,196608,58534.33913799668,30244.218458852934,58298.05618128689,0.2977210446065098,0.1538300499412686,0.29651924734134366,1.9353893775642532,1.9275768775642532
raev1-g2a-01-jit-b-clean-epoch200,0.25,workspace/b06_attn,2048,128,196608,57360.30701845191,29247.444802096077,57131.81135593553,0.29174960845159864,0.14876019695076537,0.2905874194129208,1.9612074629624079,1.9533949629624079
raev1-g2a-01-jit-b-clean-epoch200,0.25,workspace/b06_mlp,2048,128,196608,64039.8015258455,26448.21071489362,63833.17487963539,0.32572327436241405,0.13452255612637135,0.3246723168926768,2.421328316542153,2.413515816542153
raev1-g2a-01-jit-b-clean-epoch200,0.25,workspace/b07_attn,2048,128,196608,62687.760697351194,23643.320095424682,62503.04725910569,0.31884643909378657,0.1202561446910842,0.3179069379633875,2.651394154642527,2.643581654642527
raev1-g2a-01-jit-b-clean-epoch200,0.25,workspace/b07_mlp,2048,128,196608,61588.39156153215,24183.783054861626,61399.45575641605,0.3132547585120247,0.12300508145579847,0.3122937813131513,2.5466814444132693,2.5388689444132697
raev1-g2a-01-jit-b-clean-epoch200,0.25,workspace/b08_attn,2048,128,196608,62046.97401954087,22891.17542787689,61868.136711510575,0.3155872295101973,0.11643053908221888,0.3146776159236174,2.7105193534090004,2.7027068534090004
raev1-g2a-01-jit-b-clean-epoch200,0.25,workspace/b08_mlp,2048,128,196608,66371.81735138572,17889.30371878724,66232.0571660827,0.33758452021985735,0.09098970397332377,0.3368736631575658,3.710139779318657,3.702327279318657
raev1-g2a-01-jit-b-clean-epoch200,0.25,workspace/b09_attn,2048,128,196608,68940.24533197239,15827.311312747317,68816.59446234154,0.350648220479189,0.08050186824924375,0.3500192996334917,4.355777426103188,4.347964926103188
raev1-g2a-01-jit-b-clean-epoch200,0.25,workspace/b09_mlp,2048,128,196608,64802.4314613974,11601.79710538864,64711.79242151155,0.32960221080219215,0.059009791592349446,0.32914119680537696,5.585551175627686,5.577738675627685
raev1-g2a-01-jit-b-clean-epoch200,0.25,workspace/b10_attn,2048,128,196608,73488.13377723756,11870.854488694758,73395.39272654463,0.3737799773012164,0.060378288211541536,0.37330827192456373,6.190635547527281,6.182823047527281
raev1-g2a-01-jit-b-clean-epoch200,0.25,workspace/b10_mlp,2048,128,196608,72613.45631508288,8169.363964429153,72549.63315911077,0.36933113767030273,0.0415515338360044,0.36900651631220893,8.888507921945285,8.880695421945285
raev1-g2a-01-jit-b-clean-epoch200,0.25,workspace/b11_attn,2048,128,196608,93719.33463930005,10248.534777731007,93639.26796134903,0.47668118611297633,0.052126743457697584,0.4762739459297131,9.144656936027808,9.136844436027808
raev1-g2a-01-jit-b-clean-epoch200,0.25,workspace/b11_mlp,2048,128,196608,58281.32308195639,4125.069068589916,58249.09597985803,0.296434138396995,0.020981186261952292,0.2962702228793235,14.128569028270563,14.120756528270563
raev1-g2a-01-jit-b-clean-epoch200,0.25,workspace/b12_attn,2048,128,196608,80170.79052673512,5448.09677682895,80128.22727066615,0.40776972720710813,0.027710453169906363,0.40755323929171827,14.715375627633088,14.707563127633088
raev1-g2a-01-jit-b-clean-epoch200,0.25,workspace/b12_mlp,2048,128,196608,87297.85834223668,4481.335621443865,87262.84790769414,0.4440198686840651,0.022793251655293098,0.44384179640550814,19.480321430178826,19.472508930178826
raev1-g2a-01-jit-b-clean-epoch200,0.5,workspace/b01_attn,2048,128,196608,81771.6676147641,63361.078735273106,81276.65918714477,0.4159122091408493,0.3222711117313289,0.4133944660804483,1.2905662158375126,1.2827537158375124
raev1-g2a-01-jit-b-clean-epoch200,0.5,workspace/b01_mlp,2048,128,196608,15876.061040850826,10918.703939426836,15790.758666324053,0.08074982218857231,0.05553540008253396,0.08031595187542752,1.4540243172564875,1.4462118172564875
raev1-g2a-01-jit-b-clean-epoch200,0.5,workspace/b02_attn,2048,128,196608,17369.72385446106,11994.347023088038,17276.018018343184,0.08834698412303192,0.06100640372257506,0.0878703715939493,1.4481591887433227,1.4403466887433227
raev1-g2a-01-jit-b-clean-epoch200,0.5,workspace/b02_mlp,2048,128,196608,34318.145359175294,11568.835476312499,34227.7638320166,0.17455111368395637,0.05884214007727304,0.17409140946460266,2.9664304094774807,2.9586179094774807
raev1-g2a-01-jit-b-clean-epoch200,0.5,workspace/b03_attn,2048,128,196608,30240.962518016357,12370.383421129793,30144.31889753878,0.15381348936979347,0.0629190237484222,0.15332193449675893,2.444626127461976,2.436813627461976
raev1-g2a-01-jit-b-clean-epoch200,0.5,workspace/b03_mlp,2048,128,196608,34884.246471043945,10246.75686666829,34804.1936830231,0.17743045283530653,0.052117700534404954,0.17702328329988148,3.404418288143347,3.396605788143347
raev1-g2a-01-jit-b-clean-epoch200,0.5,workspace/b04_attn,2048,128,196608,26150.606871643926,8706.688530085727,26082.585867502632,0.13300886470359255,0.04428450790448876,0.13266289198558875,3.0035077953324287,2.9956952953324287
raev1-g2a-01-jit-b-clean-epoch200,0.5,workspace/b04_mlp,2048,128,196608,33587.951619391504,9702.724412623153,33512.14908491789,0.17083715626725007,0.049350608381261964,0.17045160463927148,3.4617031455303313,3.4538906455303318
raev1-g2a-01-jit-b-clean-epoch200,0.5,workspace/b05_attn,2048,128,196608,39136.60653084412,10978.028244149431,39050.8406851867,0.19905907455873675,0.05583713909988114,0.19862284690951892,3.5649941556400497,3.5571816556400493
raev1-g2a-01-jit-b-clean-epoch200,0.5,workspace/b05_mlp,2048,128,196608,43913.63851524599,9528.042122627285,43839.20068616296,0.2233563156903381,0.0484621283092615,0.22297770531292196,4.608883750729802,4.601071250729802
raev1-g2a-01-jit-b-clean-epoch200,0.5,workspace/b06_attn,2048,128,196608,44215.82616203961,9602.941633695526,44140.80318052636,0.2248933215435771,0.048843086922686386,0.2245117349269936,4.604404342820515,4.596591842820515
raev1-g2a-01-jit-b-clean-epoch200,0.5,workspace/b06_mlp,2048,128,196608,49832.64282839644,9808.171196656662,49756.016490922564,0.2534619284484682,0.049886938459557405,0.25307218674175297,5.0807272659946054,5.072914765994606
raev1-g2a-01-jit-b-clean-epoch200,0.5,workspace/b07_attn,2048,128,196608,50065.28968040571,8940.782963811525,49995.43981350093,0.25464523152875623,0.045475173766131215,0.25428995673370836,5.5996538427393485,5.5918413427393485
raev1-g2a-01-jit-b-clean-epoch200,0.5,workspace/b07_mlp,2048,128,196608,46987.36754164356,9960.715401819052,46909.54945256685,0.2389901099733661,0.05066281840931728,0.2385943067045433,4.717268353341629,4.709455853341629
raev1-g2a-01-jit-b-clean-epoch200,0.5,workspace/b08_attn,2048,128,196608,46409.22843861498,8924.887568758682,46339.50275448405,0.23604954243273404,0.0453943256060724,0.2356948992639366,5.199979056438669,5.192166556438669
raev1-g2a-01-jit-b-clean-epoch200,0.5,workspace/b08_mlp,2048,128,196608,57683.48685310167,8934.74660492586,57613.684145250685,0.2933933860936568,0.04544447125715057,0.29303835116196025,6.456085371385899,6.448272871385899
raev1-g2a-01-jit-b-clean-epoch200,0.5,workspace/b09_attn,2048,128,196608,55677.21921839272,7174.02941366865,55621.17211359843,0.28318898121334185,0.03648900051711349,0.28290391089680195,7.760941028804695,7.753128528804696
raev1-g2a-01-jit-b-clean-epoch200,0.5,workspace/b09_mlp,2048,128,196608,60881.10896328057,6667.696647661213,60829.01758322072,0.30965733318725874,0.033913658893133615,0.30939238272715613,9.130755668771382,9.122943168771384
raev1-g2a-01-jit-b-clean-epoch200,0.5,workspace/b10_attn,2048,128,196608,66644.29190409549,6114.572348101189,66596.52180762595,0.33897039746142316,0.03110032322235712,0.3387274261862485,10.899256417301386,10.891443917301386
raev1-g2a-01-jit-b-clean-epoch200,0.5,workspace/b10_mlp,2048,128,196608,70200.54059499409,5022.246770139531,70161.30429210237,0.3570584136708277,0.025544468028460342,0.3568588475143553,13.977915424702188,13.970102924702188
raev1-g2a-01-jit-b-clean-epoch200,0.5,workspace/b11_attn,2048,128,196608,85407.39373430003,5066.8602935391,85367.80888825675,0.43440446845652275,0.02577138414275665,0.43420312951790746,16.856078278535815,16.848265778535815
raev1-g2a-01-jit-b-clean-epoch200,0.5,workspace/b11_mlp,2048,128,196608,55939.373482330055,2280.15429393845,55921.55977690866,0.2845223667517601,0.011597464467053476,0.2844317615606113,24.533152704200322,24.52534020420032
raev1-g2a-01-jit-b-clean-epoch200,0.5,workspace/b12_attn,2048,128,196608,76244.9850779525,2731.396809768378,76223.64604037619,0.3878020481259791,0.01389260258874704,0.38769351216825454,27.914283565564414,27.906471065564414
raev1-g2a-01-jit-b-clean-epoch200,0.5,workspace/b12_mlp,2048,128,196608,86373.93183877376,2454.348973140548,86354.7572374211,0.43932053547553385,0.012483464422305033,0.4392230084097346,35.19219670226886,35.184384202268866
raev1-g2a-01-jit-b-clean-epoch200,0.75,workspace/b01_attn,2048,128,196608,116593.06372343743,10098.899280475995,116514.16607280872,0.5930229885021842,0.05136565796140541,0.5926216942993607,11.545125907814976,11.537313407814977
raev1-g2a-01-jit-b-clean-epoch200,0.75,workspace/b01_mlp,2048,128,196608,9665.576332851579,820.5447757286977,9659.165826791199,0.049161663476824845,0.004173506549726856,0.04912905795690511,11.77946239955999,11.771649899559991
raev1-g2a-01-jit-b-clean-epoch200,0.75,workspace/b02_attn,2048,128,196608,10368.552528232873,977.7745082723163,10360.913664886995,0.052737185303918827,0.004973218324138978,0.05269833203576149,10.60423690790798,10.59642440790798
raev1-g2a-01-jit-b-clean-epoch200,0.75,workspace/b02_mlp,2048,128,196608,15518.825431398698,1045.5411970430393,15510.657140796799,0.0789328279184911,0.005317897527277828,0.07889128184405923,14.842863653090344,14.835051153090344
raev1-g2a-01-jit-b-clean-epoch200,0.75,workspace/b03_attn,2048,128,196608,15138.497519874792,1121.9163102407513,15129.732548701037,0.07699838012631628,0.0057063614412473105,0.07695379917755654,13.493428504151288,13.485616004151288
raev1-g2a-01-jit-b-clean-epoch200,0.75,workspace/b03_mlp,2048,128,196608,16216.21231847095,1057.044172893427,16207.95416087022,0.08247992105342077,0.005376404687975195,0.08243791789179596,15.341092391704521,15.33327989170452
raev1-g2a-01-jit-b-clean-epoch200,0.75,workspace/b04_attn,2048,128,196608,13198.252309937463,901.9077516670848,13191.206155627564,0.06712978266366304,0.004587340045507226,0.06709394406955752,14.633705371244272,14.625892871244272
raev1-g2a-01-jit-b-clean-epoch200,0.75,workspace/b04_mlp,2048,128,196608,16930.50797546933,1129.7737674830366,16921.68161791087,0.08611301663955347,0.005746326535456526,0.08606812346349522,14.985750654476528,14.977938154476528
raev1-g2a-01-jit-b-clean-epoch200,0.75,workspace/b05_attn,2048,128,196608,19871.163965482654,1299.368076609452,19861.012652384143,0.10106996645855028,0.006608927798509989,0.10101833421012442,15.292944565279853,15.285132065279853
raev1-g2a-01-jit-b-clean-epoch200,0.75,workspace/b05_mlp,2048,128,196608,21664.97132929193,1266.693495254528,21655.075286360254,0.11019374251959192,0.006442736283643229,0.11014340864237597,17.10356247226058,17.09574997226058
raev1-g2a-01-jit-b-clean-epoch200,0.75,workspace/b06_attn,2048,128,196608,23009.451631920645,1329.1872743765866,22999.06735633958,0.11703212296509118,0.006760596081423882,0.11697930580820505,17.310917788249593,17.303105288249593
raev1-g2a-01-jit-b-clean-epoch200,0.75,workspace/b06_mlp,2048,128,196608,25394.600557319172,1446.5598372691525,25383.299308590507,0.12916361774352605,0.007357583807724774,0.1291061366200282,17.555167717956042,17.547355217956042
raev1-g2a-01-jit-b-clean-epoch200,0.75,workspace/b07_attn,2048,128,196608,26784.240903289596,1423.2772181089729,26773.12155002312,0.13623169404749347,0.007239162282862207,0.13617513809215862,18.818709779445697,18.810897279445697
raev1-g2a-01-jit-b-clean-epoch200,0.75,workspace/b07_mlp,2048,128,196608,24998.201731975303,1568.5267369353032,24985.947616842997,0.12714742905667778,0.007977939539262407,0.1270851014040273,15.937376866663127,15.92956436666313
raev1-g2a-01-jit-b-clean-epoch200,0.75,workspace/b08_attn,2048,128,196608,24633.5117453422,1441.3705282173996,24622.2510380905,0.1252925198635976,0.007331189616991168,0.12523524494471486,17.090339550516163,17.082527050516163
raev1-g2a-01-jit-b-clean-epoch200,0.75,workspace/b08_mlp,2048,128,196608,34530.72640386104,1861.8757266449534,34516.180499746624,0.1756323567904716,0.009469989657821419,0.17555837249626985,18.54620365349755,18.53839115349755
raev1-g2a-01-jit-b-clean-epoch200,0.75,workspace/b09_attn,2048,128,196608,30567.221995373762,1504.806743305408,30555.46569269169,0.15547293088467287,0.007653842891974935,0.1554131352370793,20.31305490313715,20.30524240313715
raev1-g2a-01-jit-b-clean-epoch200,0.75,workspace/b09_mlp,2048,128,196608,43309.42760842485,1949.18009542434,43294.19963892935,0.22028314009818953,0.009914042640301208,0.2202056866400622,22.219305291539165,22.211492791539165
raev1-g2a-01-jit-b-clean-epoch200,0.75,workspace/b10_attn,2048,128,196608,44879.43543201389,1840.0161527327118,44865.06030582066,0.22826861283372948,0.00935880611538041,0.22819549716095308,24.39078339902664,24.382970899026635
raev1-g2a-01-jit-b-clean-epoch200,0.75,workspace/b10_mlp,2048,128,196608,55344.70626739865,2046.5995582979795,55328.71720834945,0.28149773288675256,0.010409543651824846,0.28141640832697273,27.04227411903927,27.03446161903927
raev1-g2a-01-jit-b-clean-epoch200,0.75,workspace/b11_attn,2048,128,196608,60019.27251258088,1955.917564582621,60003.991906607574,0.30527380631805867,0.009948311180534979,0.3051960851369607,30.685992906551032,30.678180406551032
raev1-g2a-01-jit-b-clean-epoch200,0.75,workspace/b11_mlp,2048,128,196608,45521.33997296065,1213.533985198321,45511.85923870129,0.23153350816325202,0.006172353033438726,0.23148528665517829,37.51138454150615,37.503572041506146
raev1-g2a-01-jit-b-clean-epoch200,0.75,workspace/b12_attn,2048,128,196608,56401.06876746958,1343.8787285236056,56390.56971490299,0.2868706704074584,0.006835320681374133,0.28681726946463515,41.96886785270586,41.96105535270586
raev1-g2a-01-jit-b-clean-epoch200,0.75,workspace/b12_mlp,2048,128,196608,74824.6818144245,1553.9269388974299,74812.54176021437,0.38057801215832776,0.007903681126390736,0.38051626464952787,48.15199475691917,48.14418225691917
raev1-g2a-02-jit-b-velocity-epoch200,0.25,workspace/b01_attn,2048,128,196608,22039.3741994828,163406.67587863014,20762.759544181004,0.11209805399313762,0.8311293328787747,0.1056048560800222,0.134874380627218,0.127061880627218
raev1-g2a-02-jit-b-velocity-epoch200,0.25,workspace/b01_mlp,2048,128,196608,56865.03651698365,120664.19037616735,55922.347529669845,0.28923053241467106,0.6137298094490934,0.28443576827835004,0.4712668799227711,0.4634543799227711
raev1-g2a-02-jit-b-velocity-epoch200,0.25,workspace/b02_attn,2048,128,196608,58808.44041901783,107431.8941768463,57969.12874576122,0.2991151958161307,0.5464268706097732,0.2948462358894919,0.5474020622052126,0.5395895622052126
raev1-g2a-02-jit-b-velocity-epoch200,0.25,workspace/b02_mlp,2048,128,196608,55329.655688442486,65764.71784661294,54815.86883026582,0.2814211816835657,0.33449665245876536,0.2788079265862316,0.8413273484650419,0.8335148484650419
raev1-g2a-02-jit-b-velocity-epoch200,0.25,workspace/b03_attn,2048,128,196608,70991.4763775324,75040.21707205048,70405.224681657,0.3610813210934061,0.38167428116887653,0.3580994907717743,0.94604572251396,0.93823322251396
raev1-g2a-02-jit-b-velocity-epoch200,0.25,workspace/b03_mlp,2048,128,196608,71977.92730770625,55781.483911012954,71542.13446465146,0.3660986699814161,0.2837192988637947,0.36388211295904266,1.2903551906674113,1.2825426906674111
raev1-g2a-02-jit-b-velocity-epoch200,0.25,workspace/b04_attn,2048,128,196608,81410.22560079211,63710.50158717237,80912.48730714232,0.41407381999100806,0.32404836826157823,0.4115421921139644,1.2778148589742613,1.270002358974261
raev1-g2a-02-jit-b-velocity-epoch200,0.25,workspace/b04_mlp,2048,128,196608,82425.22057634915,45867.43292201328,82066.88125664592,0.41923635140151544,0.23329382793178954,0.41741374337079834,1.797031473649152,1.789218973649152
raev1-g2a-02-jit-b-velocity-epoch200,0.25,workspace/b05_attn,2048,128,196608,79056.01237219604,49057.27480754454,78672.7524127621,0.4020996723032432,0.2495182027564725,0.40015031134420825,1.6115043626524068,1.6036918626524068
raev1-g2a-02-jit-b-velocity-epoch200,0.25,workspace/b05_mlp,2048,128,196608,76254.51147821338,48371.5085684611,75876.60906752227,0.38785050190334763,0.2460302152936864,0.3859283908463657,1.5764344287565262,1.568621928756526
raev1-g2a-02-jit-b-velocity-epoch200,0.25,workspace/b06_attn,2048,128,196608,67087.0381544062,48564.13830710293,66707.63082388196,0.34122232134199115,0.24700998081005313,0.33929255586691265,1.3814110677753781,1.3735985677753781
raev1-g2a-02-jit-b-velocity-epoch200,0.25,workspace/b06_mlp,2048,128,196608,67195.06958835015,31208.690925054532,66951.25169049816,0.34177179762954785,0.1587356105807217,0.34053167567188597,2.15308837367496,2.14527587367496
raev1-g2a-02-jit-b-velocity-epoch200,0.25,workspace/b07_attn,2048,128,196608,58988.75408986819,33709.69467612062,58725.397100211,0.30003231857232765,0.1714563734747346,0.29869281565455624,1.7499047279017579,1.7420922279017579
raev1-g2a-02-jit-b-velocity-epoch200,0.25,workspace/b07_mlp,2048,128,196608,76089.14138046259,29517.597409708607,75858.53515069924,0.38700938609040625,0.15013426416884668,0.3858364621515871,2.57775523950456,2.56994273950456
raev1-g2a-02-jit-b-velocity-epoch200,0.25,workspace/b08_attn,2048,128,196608,77924.56172978233,28900.726054918705,77698.77480747829,0.39634481674083627,0.14699669420836745,0.3951964050673334,2.6962838781872094,2.6884713781872094
raev1-g2a-02-jit-b-velocity-epoch200,0.25,workspace/b08_mlp,2048,128,196608,83611.76813943367,27397.43676171198,83397.72566473279,0.42527144439409215,0.1393505694667154,0.4241827680701334,3.051809877932867,3.0439973779328664
raev1-g2a-02-jit-b-velocity-epoch200,0.25,workspace/b09_attn,2048,128,196608,83253.0667760322,27354.55386128663,83039.3593239909,0.42344699491390075,0.13913245575605585,0.4223600226033066,3.043481067108742,3.0356685671087424
raev1-g2a-02-jit-b-velocity-epoch200,0.25,workspace/b09_mlp,2048,128,196608,91614.24494082895,26001.463750659732,91411.10850527692,0.4659741462241056,0.13225028356251897,0.4649409408837734,3.523426443194162,3.515613943194162
raev1-g2a-02-jit-b-velocity-epoch200,0.25,workspace/b10_attn,2048,128,196608,86872.247402067,25100.845755955364,86676.1470445986,0.44185509949781804,0.12766950356015708,0.4408576815012543,3.4609290956443535,3.4531165956443535
raev1-g2a-02-jit-b-velocity-epoch200,0.25,workspace/b10_mlp,2048,128,196608,86893.7126372757,24357.80799718689,86703.41726229768,0.4419642773298935,0.12389021808465012,0.44099638500110716,3.5673863858074237,3.5595738858074237
raev1-g2a-02-jit-b-velocity-epoch200,0.25,workspace/b11_attn,2048,128,196608,84421.15844371592,23806.927338172707,84235.16682388644,0.429388216368184,0.12108829415981398,0.4284422140700604,3.5460753605255317,3.5382628605255313
raev1-g2a-02-jit-b-velocity-epoch200,0.25,workspace/b11_mlp,2048,128,196608,78852.65425951319,25223.10926190362,78655.59871840457,0.40106533945471795,0.12829136790925913,0.4000630631429269,3.126206743219019,3.118394243219019
raev1-g2a-02-jit-b-velocity-epoch200,0.25,workspace/b12_attn,2048,128,196608,61572.20690015325,19799.397796412755,61417.524104868775,0.3131724390673485,0.10070494484666319,0.31238568168573394,3.1098020017209245,3.1019895017209245
raev1-g2a-02-jit-b-velocity-epoch200,0.25,workspace/b12_mlp,2048,128,196608,47473.57151705527,24043.242279341477,47285.73368674792,0.24146307127408484,0.1222902541063511,0.24050767866387898,1.974507887309595,1.9666953873095951
raev1-g2a-02-jit-b-velocity-epoch200,0.5,workspace/b01_attn,2048,128,196608,86354.92475764341,75000.01330535664,85768.98715369531,0.4392238604616466,0.38146979423704347,0.4362436276941697,1.151398792504958,1.143586292504958
raev1-g2a-02-jit-b-velocity-epoch200,0.5,workspace/b01_mlp,2048,128,196608,97212.05389983334,59899.59962385911,96744.08827777194,0.4944460749299791,0.30466511852955686,0.49206587869146695,1.6229165889301203,1.6151040889301203
raev1-g2a-02-jit-b-velocity-epoch200,0.5,workspace/b02_attn,2048,128,196608,89126.6107127877,45675.51092264908,88769.7707837045,0.4533213842406601,0.23231766216353902,0.45150640250500745,1.9512996989507687,1.9434871989507687
raev1-g2a-02-jit-b-velocity-epoch200,0.5,workspace/b02_mlp,2048,128,196608,67605.96287043544,28323.21751773866,67384.6877335781,0.34386170893572715,0.14405933389149303,0.3427362453896998,2.3869450152721607,2.3791325152721607
raev1-g2a-02-jit-b-velocity-epoch200,0.5,workspace/b03_attn,2048,128,196608,89346.49228994836,34796.68529071628,89074.64318611464,0.4544397597755349,0.17698509364174542,0.45305706373145876,2.5676725108579785,2.5598600108579785
raev1-g2a-02-jit-b-velocity-epoch200,0.5,workspace/b03_mlp,2048,128,196608,82878.53405790527,26827.50433867667,82668.94418025936,0.4215420229995996,0.13645174325905696,0.4204759937553882,3.0893121108705204,3.081499610870521
raev1-g2a-02-jit-b-velocity-epoch200,0.5,workspace/b04_attn,2048,128,196608,96313.31719141682,29730.043935288908,96081.05122317237,0.48987486364449473,0.15121482307581027,0.48869349783921495,3.239595521656631,3.2317830216566303
raev1-g2a-02-jit-b-velocity-epoch200,0.5,workspace/b04_mlp,2048,128,196608,88599.61043328235,22665.01578597231,88422.53999745444,0.45064092220704316,0.11528023165879471,0.4497402953972089,3.909091053363301,3.901278553363301
raev1-g2a-02-jit-b-velocity-epoch200,0.5,workspace/b05_attn,2048,128,196608,89863.71564730241,23184.942826099017,89682.5832814735,0.457070493811556,0.1179247173365225,0.45614920695736444,3.8759515743184787,3.8681390743184787
raev1-g2a-02-jit-b-velocity-epoch200,0.5,workspace/b05_mlp,2048,128,196608,85418.9441604467,23677.24347909738,85233.96569576625,0.43446321696190743,0.12042868794300017,0.43352236783735276,3.60763888059249,3.59982638059249
raev1-g2a-02-jit-b-velocity-epoch200,0.5,workspace/b06_attn,2048,128,196608,80709.53474785655,23818.4512904859,80523.45309714963,0.41050992201668574,0.12114690801231842,0.4095634617978395,3.388529915884807,3.3807174158848063
raev1-g2a-02-jit-b-velocity-epoch200,0.5,workspace/b06_mlp,2048,128,196608,73024.98268558727,17333.6435086758,72889.56359567573,0.371424269030697,0.08816346999448547,0.370735491921365,4.212904381530459,4.205091881530459
raev1-g2a-02-jit-b-velocity-epoch200,0.5,workspace/b07_attn,2048,128,196608,65572.04093062136,18717.08451004525,65425.81370788663,0.33351664698598915,0.09520001480125555,0.33277289687035433,3.5033255791215545,3.4955130791215545
raev1-g2a-02-jit-b-velocity-epoch200,0.5,workspace/b07_mlp,2048,128,196608,78302.28490629556,18004.878220026603,78161.6217952016,0.3982660161656472,0.0915775462851288,0.3975505665852946,4.348948321083388,4.341135821083388
raev1-g2a-02-jit-b-velocity-epoch200,0.5,workspace/b08_attn,2048,128,196608,80151.84498035791,17850.23767742206,80012.38999850306,0.4076733651751603,0.09079100381175771,0.40696406045788097,4.490239649959299,4.482427149959299
raev1-g2a-02-jit-b-velocity-epoch200,0.5,workspace/b08_mlp,2048,128,196608,84523.90937371115,17435.65623683916,84387.69330936085,0.429910834623775,0.0886823335613971,0.4292180038928266,4.847761863710279,4.839949363710279
raev1-g2a-02-jit-b-velocity-epoch200,0.5,workspace/b09_attn,2048,128,196608,84296.57536906571,17699.193365911895,84158.30042089453,0.42875455408256896,0.09002275271561633,0.42805125132697824,4.762735432419103,4.754922932419103
raev1-g2a-02-jit-b-velocity-epoch200,0.5,workspace/b09_mlp,2048,128,196608,94867.67204672392,17547.13873984839,94730.58502531885,0.48252193220379597,0.08924936289392288,0.4818246715561872,5.406446797578782,5.398634297578782
raev1-g2a-02-jit-b-velocity-epoch200,0.5,workspace/b10_attn,2048,128,196608,89889.63926273765,17111.508332585927,89755.95560388932,0.4572023481381106,0.08703363206271325,0.45652239788762067,5.253168657935214,5.245356157935214
raev1-g2a-02-jit-b-velocity-epoch200,0.5,workspace/b10_mlp,2048,128,196608,89396.86496630796,16748.179572509718,89266.01981339772,0.45469596845656307,0.0851856464259324,0.4540304555938605,5.337706380521678,5.329893880521678
raev1-g2a-02-jit-b-velocity-epoch200,0.5,workspace/b11_attn,2048,128,196608,86324.96438777541,16414.305772370506,86196.72762392877,0.4390714741402965,0.08348747646265924,0.438419228230432,5.259129785012444,5.251317285012444
raev1-g2a-02-jit-b-velocity-epoch200,0.5,workspace/b11_mlp,2048,128,196608,80885.46049028783,17483.680150226122,80748.8692391142,0.41140472661482663,0.0889265958161729,0.4107099875850128,4.626340667141621,4.618528167141621
raev1-g2a-02-jit-b-velocity-epoch200,0.5,workspace/b12_attn,2048,128,196608,64453.95720820068,14206.152518669727,64342.97164164857,0.32782977909444516,0.07225622822402815,0.32726527731144495,4.537045278339457,4.529232778339457
raev1-g2a-02-jit-b-velocity-epoch200,0.5,workspace/b12_mlp,2048,128,196608,52420.08284980381,18057.31330991122,52279.010089570125,0.2666223289479767,0.091844244943803,0.2659047957843533,2.9029835142214484,2.8951710142214484
raev1-g2a-02-jit-b-velocity-epoch200,0.75,workspace/b01_attn,2048,128,196608,130830.10525328894,12698.979363583432,130730.89447701095,0.6654363263615364,0.06459034913932003,0.6649317142588854,10.302411044817301,10.294598544817303
raev1-g2a-02-jit-b-velocity-epoch200,0.75,workspace/b01_mlp,2048,128,196608,128275.37372144348,11822.214997024463,128183.01266677922,0.6524422898429539,0.06013089496370678,0.6519725172260499,10.850367190389377,10.842554690389377
raev1-g2a-02-jit-b-velocity-epoch200,0.75,workspace/b02_attn,2048,128,196608,105610.22905445448,8288.48101495161,105545.47529652517,0.5371614026614099,0.04215739448522751,0.536832048016994,12.74180743901614,12.73399493901614
raev1-g2a-02-jit-b-velocity-epoch200,0.75,workspace/b02_mlp,2048,128,196608,78513.63561802714,5750.441945454173,78468.71029032828,0.39934100147515433,0.029248260220612454,0.3991124994421808,13.65349591609973,13.64568341609973
raev1-g2a-02-jit-b-velocity-epoch200,0.75,workspace/b03_attn,2048,128,196608,100065.48614228521,7375.302846726839,100007.86658879516,0.5089593818272157,0.03751273013675353,0.5086663136230223,13.567644369572472,13.559831869572472
raev1-g2a-02-jit-b-velocity-epoch200,0.75,workspace/b03_mlp,2048,128,196608,90404.73486512758,6166.234113794271,90356.56116111357,0.4598222598527404,0.031363088550792804,0.45957723572343734,14.66125567027795,14.65344317027795
raev1-g2a-02-jit-b-velocity-epoch200,0.75,workspace/b04_attn,2048,128,196608,102665.13663303287,6850.887980171459,102611.61407068779,0.5221818879853967,0.03484541819341766,0.5219096581557606,14.98566856299166,14.977856062991663
raev1-g2a-02-jit-b-velocity-epoch200,0.75,workspace/b04_mlp,2048,128,196608,90040.92005574197,5656.902113556504,89996.7255079798,0.4579718020413308,0.028772492032656374,0.45774701694732567,15.917001611175676,15.909189111175676
raev1-g2a-02-jit-b-velocity-epoch200,0.75,workspace/b05_attn,2048,128,196608,93337.2137367471,5751.895235519493,93292.2770552196,0.4747376186968338,0.029255652036130234,0.47450905891530154,16.227210321976106,16.219397821976106
raev1-g2a-02-jit-b-velocity-epoch200,0.75,workspace/b05_mlp,2048,128,196608,88122.54954390576,5903.4397005148485,88076.42892124549,0.4482144650467212,0.030026447044448082,0.44797988342918643,14.927322715978693,14.919510215978695
raev1-g2a-02-jit-b-velocity-epoch200,0.75,workspace/b06_attn,2048,128,196608,87416.33445802068,6027.011375689931,87369.2484316481,0.44462246937062927,0.030654965086313532,0.44438297745589245,14.504093158114182,14.496280658114182
raev1-g2a-02-jit-b-velocity-epoch200,0.75,workspace/b06_mlp,2048,128,196608,75160.57540759763,4844.497356678806,75122.72777199857,0.38228645532021904,0.02464038775980024,0.3820939522908456,15.514628221228863,15.506815721228863
raev1-g2a-02-jit-b-velocity-epoch200,0.75,workspace/b07_attn,2048,128,196608,68909.34872509859,5237.562699693146,68868.43026650725,0.35049107221017756,0.02663962147874525,0.35028295016737493,13.156758720833222,13.148946220833224
raev1-g2a-02-jit-b-velocity-epoch200,0.75,workspace/b07_mlp,2048,128,196608,75402.02811664644,5502.03760809241,75359.04344783322,0.3835145473055341,0.027984810425274707,0.3832959159740866,13.704382537433943,13.696570037433943
raev1-g2a-02-jit-b-velocity-epoch200,0.75,workspace/b08_attn,2048,128,196608,76623.1262275484,5595.292477086393,76579.41300507117,0.3897253734718242,0.02845912921695146,0.3895030365248167,13.694212865785339,13.68640036578534
raev1-g2a-02-jit-b-velocity-epoch200,0.75,workspace/b08_mlp,2048,128,196608,79233.58727894948,5554.144437844058,79190.19552552882,0.40300286498489113,0.028249839466573376,0.4027821631140585,14.265669207138124,14.257856707138126
raev1-g2a-02-jit-b-velocity-epoch200,0.75,workspace/b09_attn,2048,128,196608,79100.62347216709,5770.738456448367,79055.53957797609,0.40232657609134465,0.02935149361393416,0.4020972675474858,13.707192600936208,13.699380100936207
raev1-g2a-02-jit-b-velocity-epoch200,0.75,workspace/b09_mlp,2048,128,196608,92178.49789458036,6076.615453399085,92131.02433635067,0.46884408515716736,0.030907264472448143,0.4686026221534763,15.169381475837564,15.161568975837564
raev1-g2a-02-jit-b-velocity-epoch200,0.75,workspace/b10_attn,2048,128,196608,88059.08653048004,6074.109627522134,88011.63254901502,0.4478916754683433,0.030894519182953564,0.44765031203722644,14.497447680476384,14.489635180476384
raev1-g2a-02-jit-b-velocity-epoch200,0.75,workspace/b10_mlp,2048,128,196608,86455.2332116369,5927.373509596657,86408.92560609318,0.4397340556418707,0.03014818069252857,0.43949852298021025,14.585757599324962,14.577945099324962
raev1-g2a-02-jit-b-velocity-epoch200,0.75,workspace/b11_attn,2048,128,196608,83240.44458354409,5863.559329474306,83194.63552628257,0.42338279512300664,0.029823604987967458,0.42314979820903814,14.196231317234231,14.188418817234231
raev1-g2a-02-jit-b-velocity-epoch200,0.75,workspace/b11_mlp,2048,128,196608,76227.36185895492,6146.0488921612005,76179.34585198491,0.38771241179888366,0.03126042120443319,0.387468189758224,12.402661156206696,12.394848656206696
raev1-g2a-02-jit-b-velocity-epoch200,0.75,workspace/b12_attn,2048,128,196608,62489.97929422612,5180.633085310497,62449.50559824713,0.317840470856863,0.02635006248632048,0.3176346109936886,12.06222835417823,12.05441585417823
raev1-g2a-02-jit-b-velocity-epoch200,0.75,workspace/b12_mlp,2048,128,196608,54198.09164380333,6887.260736127431,54144.284919302336,0.27566574932761295,0.035030419597002316,0.2753920741745114,7.8693247896808725,7.8615122896808725
raev1-g2b-01-jit-b-mhc4-clean-epoch200,0.25,workspace/b01_attn,2048,128,196608,23084.872241876412,160104.1163524903,21834.058832872583,0.11741573202451788,0.8143316464868687,0.11105376603633922,0.1441866253522928,0.1363741253522928
raev1-g2b-01-jit-b-mhc4-clean-epoch200,0.25,workspace/b01_mlp,2048,128,196608,16521.314659289616,44240.221376456335,16175.68792978605,0.08403175180709643,0.2250174020205502,0.08227380335381089,0.3734455693316646,0.3656330693316646
raev1-g2b-01-jit-b-mhc4-clean-epoch200,0.25,workspace/b02_attn,2048,128,196608,27158.36405308456,151905.5136027813,25971.60222806283,0.13813458278953328,0.7726313964985215,0.13209840000438858,0.1787845839756754,0.17097208397567543
raev1-g2b-01-jit-b-mhc4-clean-epoch200,0.25,workspace/b02_mlp,2048,128,196608,8987.852300792465,11802.125616357367,8895.648194414673,0.04571458079423251,0.060028715089708286,0.04524560645759416,0.761545215917342,0.753732715917342
raev1-g2b-01-jit-b-mhc4-clean-epoch200,0.25,workspace/b03_attn,2048,128,196608,42941.54513876611,101340.78046058842,42149.82029141776,0.21841199309675144,0.5154458641590801,0.21438507228300863,0.4237341072725026,0.4159216072725026
raev1-g2b-01-jit-b-mhc4-clean-epoch200,0.25,workspace/b03_mlp,2048,128,196608,54776.296378343824,32864.84043374774,54519.53981245517,0.27860665068737706,0.16715922258375926,0.2773007192609414,1.6667142044631984,1.6589017044631986
raev1-g2b-01-jit-b-mhc4-clean-epoch200,0.25,workspace/b04_attn,2048,128,196608,31724.97660528384,132360.79705646087,30690.90787828024,0.1613615753442578,0.6732218274763024,0.1561020298170992,0.2396855965724578,0.2318730965724578
raev1-g2b-01-jit-b-mhc4-clean-epoch200,0.25,workspace/b04_mlp,2048,128,196608,37013.52409346942,35803.75100766078,36733.80728872207,0.18826051886733716,0.1821072947573892,0.18683780562704502,1.0337890039942963,1.0259765039942963
raev1-g2b-01-jit-b-mhc4-clean-epoch200,0.25,workspace/b05_attn,2048,128,196608,62700.62858440956,29190.02996857572,62472.581475280065,0.31891188855188785,0.14846817000618348,0.31775198097371454,2.148015217932609,2.140202717932609
raev1-g2b-01-jit-b-mhc4-clean-epoch200,0.25,workspace/b05_mlp,2048,128,196608,44656.65830319282,19518.515182173258,44504.16990333209,0.22713550976151944,0.09927630199266184,0.2263599136522018,2.287912676061489,2.280100176061489
raev1-g2b-01-jit-b-mhc4-clean-epoch200,0.25,workspace/b06_attn,2048,128,196608,46790.06951445732,24377.401558354133,46599.621064782674,0.23798660031360533,0.1239898760902615,0.23701792940665015,1.9194034853326016,1.9115909853326016
raev1-g2b-01-jit-b-mhc4-clean-epoch200,0.25,workspace/b06_mlp,2048,128,196608,25931.650486299008,5867.758829856356,25885.808620440755,0.13189519493763738,0.029844964751466654,0.13166203115051653,4.419344972794974,4.411532472794974
raev1-g2b-01-jit-b-mhc4-clean-epoch200,0.25,workspace/b07_attn,2048,128,196608,60185.14913613096,14269.595343952704,60073.66792250633,0.30611749845444214,0.07257891512020215,0.30555047568006555,4.217719401667319,4.209906901667319
raev1-g2b-01-jit-b-mhc4-clean-epoch200,0.25,workspace/b07_mlp,2048,128,196608,29006.649122403313,6218.567335650212,28958.066565093544,0.14753544678956762,0.03162926908187974,0.14728834312486544,4.664522800309983,4.656710300309983
raev1-g2b-01-jit-b-mhc4-clean-epoch200,0.25,workspace/b08_attn,2048,128,196608,78237.80220363165,16597.277421151783,78108.1359737789,0.3979380401796044,0.08441811839371634,0.39727852362965344,4.713893744038067,4.706081244038067
raev1-g2b-01-jit-b-mhc4-clean-epoch200,0.25,workspace/b08_mlp,2048,128,196608,52469.50289508945,9391.533449829227,52396.131540012655,0.26687369229680097,0.0477678092947857,0.2665005062866855,5.586894107909879,5.579081607909879
raev1-g2b-01-jit-b-mhc4-clean-epoch200,0.25,workspace/b09_attn,2048,128,196608,71814.90617432361,12749.619173123354,71715.29977453359,0.3652695016190776,0.06484791652996498,0.3647628772711873,5.632709902873959,5.624897402873959
raev1-g2b-01-jit-b-mhc4-clean-epoch200,0.25,workspace/b09_mlp,2048,128,196608,45914.63341863942,6173.7914040865935,45866.400673295,0.23353390207234406,0.031401526916944346,0.23328857764330546,7.437023769259086,7.429211269259087
raev1-g2b-01-jit-b-mhc4-clean-epoch200,0.25,workspace/b10_attn,2048,128,196608,75741.90164251316,15600.995978566318,75620.01886143061,0.3852432334519102,0.0793507689339514,0.3846233055696137,4.854940142704504,4.847127642704504
raev1-g2b-01-jit-b-mhc4-clean-epoch200,0.25,workspace/b10_mlp,2048,128,196608,33813.96782092869,2596.861202977935,33793.679842780424,0.17198673411523788,0.013208319106943436,0.17188354412221488,13.021091686437735,13.013279186437735
raev1-g2b-01-jit-b-mhc4-clean-epoch200,0.25,workspace/b11_attn,2048,128,196608,38119.47336554345,125012.4440480879,37142.81364641776,0.1938856677528048,0.6358461713057856,0.18891811953947835,0.30492543087054774,0.29711293087054774
raev1-g2b-01-jit-b-mhc4-clean-epoch200,0.25,workspace/b11_mlp,2048,128,196608,38718.14674466592,2707.894516708734,38696.99131875414,0.1969306780225928,0.013773063744652985,0.1968230759620877,14.298247773596904,14.290435273596906
raev1-g2b-01-jit-b-mhc4-clean-epoch200,0.25,workspace/b12_attn,2048,128,196608,75847.99274297469,9508.12538212542,75773.71051342683,0.3857828406930272,0.04836082652855133,0.3854050217357729,7.977176330211565,7.969363830211565
raev1-g2b-01-jit-b-mhc4-clean-epoch200,0.25,workspace/b12_mlp,2048,128,196608,56377.71815399648,3008.83748378883,56354.21161115438,0.2867519030456364,0.01530373882949234,0.286632342586031,18.73737563352998,18.72956313352998
raev1-g2b-01-jit-b-mhc4-clean-epoch200,0.5,workspace/b01_attn,2048,128,196608,89429.90644477025,72534.8022683089,88863.22830204909,0.4548640261066195,0.3689310825007573,0.45198175202458235,1.2329241088155967,1.2251116088155964
raev1-g2b-01-jit-b-mhc4-clean-epoch200,0.5,workspace/b01_mlp,2048,128,196608,24866.618763242925,16595.025274755062,24736.9701282839,0.1264781634686428,0.0844066633847812,0.1258187364109492,1.4984381374260938,1.4906256374260938
raev1-g2b-01-jit-b-mhc4-clean-epoch200,0.5,workspace/b02_attn,2048,128,196608,75654.68526195033,59946.410291969056,75186.35393154432,0.38479962800064255,0.30490320989974495,0.38241757167330076,1.2620386257237775,1.2542261257237772
raev1-g2b-01-jit-b-mhc4-clean-epoch200,0.5,workspace/b02_mlp,2048,128,196608,8369.339674366009,3732.606377212898,8340.178687044034,0.042568662894521124,0.01898501778774464,0.04242034244305437,2.242224019510816,2.234411519510816
raev1-g2b-01-jit-b-mhc4-clean-epoch200,0.5,workspace/b03_attn,2048,128,196608,78632.27240664008,31690.207751206097,78384.6926585838,0.39994441938598674,0.16118473180748544,0.3986851636687408,2.481279801759817,2.4734673017598174
raev1-g2b-01-jit-b-mhc4-clean-epoch200,0.5,workspace/b03_mlp,2048,128,196608,72039.62896099554,14876.984722028114,71923.4025178547,0.36641250081886567,0.07566825725315406,0.36582134255907545,4.842354166992429,4.83454166699243
raev1-g2b-01-jit-b-mhc4-clean-epoch200,0.5,workspace/b04_attn,2048,128,196608,83330.25397751565,53525.420234914694,82912.08663193038,0.4238395893224876,0.2722443656154108,0.42171268021611724,1.5568351189358665,1.5490226189358665
raev1-g2b-01-jit-b-mhc4-clean-epoch200,0.5,workspace/b04_mlp,2048,128,196608,50997.94451949612,16855.87349322761,50866.258007830285,0.2593889593480231,0.08573340603244838,0.2587191671133946,3.025529619689314,3.0177171196893147
raev1-g2b-01-jit-b-mhc4-clean-epoch200,0.5,workspace/b05_attn,2048,128,196608,78196.43191082445,12120.217496367082,78101.74271163408,0.397727619989138,0.06164661405622906,0.39724600581682373,6.45173503976006,6.44392253976006
raev1-g2b-01-jit-b-mhc4-clean-epoch200,0.5,workspace/b05_mlp,2048,128,196608,49684.81105718797,8923.820889454386,49615.09370648911,0.2527100171772663,0.04538890019457187,0.2523554163944962,5.567661170329223,5.559848670329223
raev1-g2b-01-jit-b-mhc4-clean-epoch200,0.5,workspace/b06_attn,2048,128,196608,47626.85679108419,10590.260771535231,47544.12037880657,0.2422427204950164,0.053864851743241536,0.24182190134077233,4.497231731922678,4.489419231922678
raev1-g2b-01-jit-b-mhc4-clean-epoch200,0.5,workspace/b06_mlp,2048,128,196608,22716.802492730818,2169.9323630410067,22699.84989614456,0.11554363247035125,0.011036846735844964,0.11545740710522745,10.468898883509357,10.461086383509357
raev1-g2b-01-jit-b-mhc4-clean-epoch200,0.5,workspace/b07_attn,2048,128,196608,63453.99631211774,5394.863169745763,63411.848943604105,0.3227437149664192,0.027439693042733578,0.32252934236452285,11.761928767344077,11.754116267344077
raev1-g2b-01-jit-b-mhc4-clean-epoch200,0.5,workspace/b07_mlp,2048,128,196608,24852.059646113972,2267.2384976085523,24834.346845351407,0.12640411196957382,0.011531771329796103,0.12631402000605982,10.961378642929509,10.95356614292951
raev1-g2b-01-jit-b-mhc4-clean-epoch200,0.5,workspace/b08_attn,2048,128,196608,86417.2442951175,5548.89942568048,86373.89351835438,0.4395408340205765,0.028223161955161946,0.43932034056780184,15.573762951113476,15.565950451113476
raev1-g2b-01-jit-b-mhc4-clean-epoch200,0.5,workspace/b08_mlp,2048,128,196608,46504.07249154872,4064.321235289311,46472.31998189803,0.23653194423191692,0.020672206803839677,0.23637044261626194,11.442026798415313,11.434214298415313
raev1-g2b-01-jit-b-mhc4-clean-epoch200,0.5,workspace/b09_attn,2048,128,196608,72122.2160592837,5630.549163880151,72078.22739394089,0.36683256052288665,0.028638453999227657,0.36660882260101774,12.809090900394962,12.801278400394962
raev1-g2b-01-jit-b-mhc4-clean-epoch200,0.5,workspace/b09_mlp,2048,128,196608,39638.39516016568,2619.0583055823017,39617.93376715332,0.20161130350832968,0.013321219409089669,0.20150723148169616,15.134598216343557,15.126785716343557
raev1-g2b-01-jit-b-mhc4-clean-epoch200,0.5,workspace/b10_attn,2048,128,196608,68671.1549510997,8627.903597196073,68603.7494542466,0.34927955602569427,0.04388378701373328,0.3489367139396495,7.959193583643737,7.951381083643736
raev1-g2b-01-jit-b-mhc4-clean-epoch200,0.5,workspace/b10_mlp,2048,128,196608,31239.02411812558,1299.1622502328914,31228.874413045636,0.15888989317894278,0.006607880911422177,0.15883826910932228,24.045514032235456,24.037701532235456
raev1-g2b-01-jit-b-mhc4-clean-epoch200,0.5,workspace/b11_attn,2048,128,196608,88211.80661256993,66691.45602902764,87690.77961234315,0.44866844997441574,0.3392102866059756,0.44601836961030655,1.3226852713213442,1.3148727713213442
raev1-g2b-01-jit-b-mhc4-clean-epoch200,0.5,workspace/b11_mlp,2048,128,196608,36976.268665408796,1300.961788148337,36966.104901438885,0.18807102796126707,0.006617033834576096,0.18801933238443444,28.422255751290923,28.41444325129092
raev1-g2b-01-jit-b-mhc4-clean-epoch200,0.5,workspace/b12_attn,2048,128,196608,72835.69524029558,4568.065544547384,72800.0072282288,0.37046150329740185,0.023234382855974244,0.37027998468133955,15.944538126698953,15.936725626698953
raev1-g2b-01-jit-b-mhc4-clean-epoch200,0.5,workspace/b12_mlp,2048,128,196608,49956.96065614219,1359.6962483300451,49946.33802920211,0.25409424161856176,0.006915772747446925,0.2540402121439723,36.74126535062404,36.73345285062404
raev1-g2b-01-jit-b-mhc4-clean-epoch200,0.75,workspace/b01_attn,2048,128,196608,135248.98429601532,12269.523169251452,135153.12864625553,0.6879119074300909,0.06240602197902146,0.6874243603833797,11.023165483314108,11.015352983314106
raev1-g2b-01-jit-b-mhc4-clean-epoch200,0.75,workspace/b01_mlp,2048,128,196608,22432.95104262644,1929.7947066299082,22417.87452148089,0.11409988933627542,0.009815443454131613,0.11402320618429002,11.624527192222516,11.616714692222514
raev1-g2b-01-jit-b-mhc4-clean-epoch200,0.75,workspace/b02_attn,2048,128,196608,78534.00741775177,7601.782594318733,78474.61849123365,0.3994446178067615,0.03866466570189785,0.3991425501059654,10.330998873401738,10.323186373401738
raev1-g2b-01-jit-b-mhc4-clean-epoch200,0.75,workspace/b02_mlp,2048,128,196608,6017.243359222203,444.9927447016129,6013.766853404222,0.030605282385366837,0.002263350141914942,0.030587599962383128,13.522115654395733,13.514303154395733
raev1-g2b-01-jit-b-mhc4-clean-epoch200,0.75,workspace/b03_attn,2048,128,196608,84929.8142444332,5052.746494002035,84890.33966244881,0.4319753735577047,0.025699597646087827,0.4317745954510946,16.808643446737502,16.800830946737502
raev1-g2b-01-jit-b-mhc4-clean-epoch200,0.75,workspace/b03_mlp,2048,128,196608,73927.3466117589,2896.1974889770986,73904.72006887627,0.3760139292997177,0.014730822189214572,0.3758988447513645,25.525658002648544,25.517845502648544
raev1-g2b-01-jit-b-mhc4-clean-epoch200,0.75,workspace/b04_attn,2048,128,196608,113273.84547948767,9230.765453044218,113201.73012438577,0.5761405714899072,0.04695010097780466,0.5757737738260181,12.271338282366502,12.263525782366502
raev1-g2b-01-jit-b-mhc4-clean-epoch200,0.75,workspace/b04_mlp,2048,128,196608,49204.19604170226,2687.923879188309,49183.1966363961,0.25026548279674404,0.01367148782953038,0.25015867429807587,18.305650849220026,18.297838349220026
raev1-g2b-01-jit-b-mhc4-clean-epoch200,0.75,workspace/b05_attn,2048,128,196608,73275.6030275971,2284.64253930839,73257.75425775876,0.3726989900085302,0.011620292863507029,0.37260820647053405,32.07311505710613,32.06530255710613
raev1-g2b-01-jit-b-mhc4-clean-epoch200,0.75,workspace/b05_mlp,2048,128,196608,45782.88803984747,1687.572975437738,45769.70387597686,0.2328638104240289,0.008583440019926647,0.2327967522988732,27.12942711586851,27.12161461586851
raev1-g2b-01-jit-b-mhc4-clean-epoch200,0.75,workspace/b06_attn,2048,128,196608,39749.41204288313,1773.7029489436413,39735.55498859451,0.20217596457358364,0.009021519719155076,0.20210548395077774,22.41041098034852,22.40259848034852
raev1-g2b-01-jit-b-mhc4-clean-epoch200,0.75,workspace/b06_mlp,2048,128,196608,16840.447452051772,442.8303351313547,16836.98784005856,0.08565494512965786,0.0022523515580818412,0.08563734863311034,38.0291188657084,38.0213063657084
raev1-g2b-01-jit-b-mhc4-clean-epoch200,0.75,workspace/b07_attn,2048,128,196608,57236.10418947836,1287.4127988204668,57226.04627698758,0.2911178801955076,0.006548120111188084,0.291066723007139,44.458237670091776,44.450425170091776
raev1-g2b-01-jit-b-mhc4-clean-epoch200,0.75,workspace/b07_mlp,2048,128,196608,18577.31876140205,487.68984739882353,18573.508684469245,0.09448912944235255,0.0024805188364604874,0.09446975038894269,38.09248615792871,38.084673657928704
raev1-g2b-01-jit-b-mhc4-clean-epoch200,0.75,workspace/b08_attn,2048,128,196608,83728.03272106218,1578.1028016158332,83715.70379292456,0.42586279663626186,0.008026645922932094,0.425800088464989,53.05613337441155,53.04832087441155
raev1-g2b-01-jit-b-mhc4-clean-epoch200,0.75,workspace/b08_mlp,2048,128,196608,34237.67775336889,1181.4694055544333,34228.447523637995,0.17414183427616825,0.006009264147717454,0.1740948869000142,28.97889491882528,28.97108241882528
raev1-g2b-01-jit-b-mhc4-clean-epoch200,0.75,workspace/b09_attn,2048,128,196608,57592.85255918293,1747.746102698112,57579.1982927556,0.29293239623607853,0.008889496371958985,0.2928629470456726,32.95264253215785,32.94483003215785
raev1-g2b-01-jit-b-mhc4-clean-epoch200,0.75,workspace/b09_mlp,2048,128,196608,27206.867780233668,738.9667816184949,27201.094602252273,0.1383812855033044,0.003758579414970372,0.13835192160162493,36.817443567144956,36.809631067144956
raev1-g2b-01-jit-b-mhc4-clean-epoch200,0.75,workspace/b10_attn,2048,128,196608,63104.225485794406,3055.469705561537,63080.35462871971,0.3209646885467245,0.01554092257467416,0.32084327508910987,20.652872247737456,20.64505974773746
raev1-g2b-01-jit-b-mhc4-clean-epoch200,0.75,workspace/b10_mlp,2048,128,196608,21851.703216138816,437.7927984176603,21848.28295990118,0.11114351001047168,0.0022267293213788877,0.11112611368764841,49.91334552582565,49.90553302582565
raev1-g2b-01-jit-b-mhc4-clean-epoch200,0.75,workspace/b11_attn,2048,128,196608,134977.99963847856,12695.291800345636,134878.81767128836,0.6865336081872485,0.06457159322278665,0.6860291426151955,10.632130537937199,10.624318037937199
raev1-g2b-01-jit-b-mhc4-clean-epoch200,0.75,workspace/b11_mlp,2048,128,196608,25666.867882504204,429.361422789702,25663.51349638866,0.1305484409713959,0.0021838451273076477,0.1305313796813388,59.779166269149535,59.771353769149535
raev1-g2b-01-jit-b-mhc4-clean-epoch200,0.75,workspace/b12_attn,2048,128,196608,53384.23179987433,1311.1246472119055,53373.988638567986,0.2715262440992957,0.006668724808817065,0.2714741446867268,40.71636660434643,40.70855410434643
raev1-g2b-01-jit-b-mhc4-clean-epoch200,0.75,workspace/b12_mlp,2048,128,196608,33890.83457516804,447.0654032152988,33887.34187670542,0.17237769864485697,0.0022738922282679176,0.1723599338618236,75.80733004930559,75.79951754930559
raev1-g2b-02-jit-b-mhc4-velocity-epoch200,0.25,workspace/b01_attn,2048,128,196608,21479.80535813757,163071.45609802636,20205.80960737174,0.10925193968779283,0.8294243169048379,0.10277206221197377,0.13172020335199264,0.12390770335199262
raev1-g2b-02-jit-b-mhc4-velocity-epoch200,0.25,workspace/b01_mlp,2048,128,196608,7845.3399883990905,4464.551099289803,7810.460682935889,0.03990346266885931,0.02270788116093853,0.03972605734728948,1.7572516953937622,1.7494391953937622
raev1-g2b-02-jit-b-mhc4-velocity-epoch200,0.25,workspace/b02_attn,2048,128,196608,33986.18960747272,121553.04666404074,33036.5564304099,0.17286269941951862,0.618250766316939,0.16803261530766755,0.27959965249910035,0.27178715249910035
raev1-g2b-02-jit-b-mhc4-velocity-epoch200,0.25,workspace/b02_mlp,2048,128,196608,23317.43892451075,21252.545884384686,23151.403409788993,0.11859862734227879,0.10809603823030949,0.1177541270436045,1.0971597968243063,1.0893472968243063
raev1-g2b-02-jit-b-mhc4-velocity-epoch200,0.25,workspace/b03_attn,2048,128,196608,92287.90778612638,58226.63941563926,91833.0121656917,0.4694005726426513,0.2961560028871626,0.46708685387009535,1.584977404025459,1.577164904025459
raev1-g2b-02-jit-b-mhc4-velocity-epoch200,0.25,workspace/b03_mlp,2048,128,196608,26689.201315696566,6667.0743807518265,26637.114797096943,0.1357482977076038,0.03391049387996331,0.13548337197416657,4.003135377152775,3.995322877152775
raev1-g2b-02-jit-b-mhc4-velocity-epoch200,0.25,workspace/b04_attn,2048,128,196608,66265.79043894782,27047.343389041507,66054.48306872093,0.33704523945591136,0.13756990249146275,0.3359704745926968,2.4499925736069166,2.4421800736069166
raev1-g2b-02-jit-b-mhc4-velocity-epoch200,0.25,workspace/b04_mlp,2048,128,196608,18327.612645646423,3742.825515853457,18298.37182130382,0.09321905845970878,0.019036995014716885,0.09307033193615631,4.89673177871004,4.88891927871004
raev1-g2b-02-jit-b-mhc4-velocity-epoch200,0.25,workspace/b05_attn,2048,128,196608,103437.89433843395,27853.60842192141,103220.28802263769,0.5261123369264422,0.14167077851319076,0.5250055339693079,3.7136263557516673,3.705813855751667
raev1-g2b-02-jit-b-mhc4-velocity-epoch200,0.25,workspace/b05_mlp,2048,128,196608,23695.04814246805,5455.75696728651,23652.425041161125,0.12051924714390082,0.02774941491336319,0.12030245483989016,4.34312750449606,4.335315004496059
raev1-g2b-02-jit-b-mhc4-velocity-epoch200,0.25,workspace/b06_attn,2048,128,196608,36540.2256903957,100959.68574798075,35751.4781454896,0.18585319870196382,0.5135075162149086,0.18184142123153482,0.3619288770530521,0.3541163770530521
raev1-g2b-02-jit-b-mhc4-velocity-epoch200,0.25,workspace/b06_mlp,2048,128,196608,21195.633918248677,4357.925103734442,21161.587628375753,0.10780656900150898,0.02216555330268576,0.10763340061633175,4.863698529395441,4.855886029395441
raev1-g2b-02-jit-b-mhc4-velocity-epoch200,0.25,workspace/b07_attn,2048,128,196608,105715.07401653295,38744.22860864632,105412.3847305279,0.5376946717149503,0.1970633372428707,0.5361551143927404,2.7285373283426564,2.7207248283426564
raev1-g2b-02-jit-b-mhc4-velocity-epoch200,0.25,workspace/b07_mlp,2048,128,196608,30810.7366232745,5724.662850157341,30766.012694757646,0.1567115103315964,0.029117140961493638,0.1564840326678347,5.3821050129489585,5.3742925129489585
raev1-g2b-02-jit-b-mhc4-velocity-epoch200,0.25,workspace/b08_attn,2048,128,196608,39936.495917126456,88352.14073678263,39246.24481762034,0.2031275223649417,0.44938222624095986,0.1996167237224342,0.45201503420392114,0.44420253420392114
raev1-g2b-02-jit-b-mhc4-velocity-epoch200,0.25,workspace/b08_mlp,2048,128,196608,28510.962439136434,6029.93121283095,28463.853601536193,0.14501425394254777,0.030669816145990753,0.14477464600390724,4.72824007983186,4.72042757983186
raev1-g2b-02-jit-b-mhc4-velocity-epoch200,0.25,workspace/b09_attn,2048,128,196608,118096.13854271581,21867.815082367706,117925.29623738481,0.6006680223730255,0.1112254591998683,0.5997990734730266,5.400454416588615,5.392641916588615
raev1-g2b-02-jit-b-mhc4-velocity-epoch200,0.25,workspace/b09_mlp,2048,128,196608,34257.50556850883,4708.918544111421,34220.71714238296,0.17424268375909846,0.02395079825903026,0.17405556814769976,7.275026154646143,7.2672136546461426
raev1-g2b-02-jit-b-mhc4-velocity-epoch200,0.25,workspace/b10_attn,2048,128,196608,84308.99105269423,21806.074626320966,84138.6310946761,0.428817703515087,0.11091143100138838,0.42795120796038866,3.8663075540853775,3.8584950540853775
raev1-g2b-02-jit-b-mhc4-velocity-epoch200,0.25,workspace/b10_mlp,2048,128,196608,45337.522253660325,4619.969113219985,45301.4287449633,0.23059856289500083,0.02349837805796298,0.23041498181642303,9.813382111998878,9.80556961199888
raev1-g2b-02-jit-b-mhc4-velocity-epoch200,0.25,workspace/b11_attn,2048,128,196608,74704.17185643585,6274.971586310342,74655.14864091779,0.37996506681536785,0.03191615593623017,0.37971572184711605,11.905101215025836,11.897288715025834
raev1-g2b-02-jit-b-mhc4-velocity-epoch200,0.25,workspace/b11_mlp,2048,128,196608,71587.44507918278,4002.621387525749,71556.17459959273,0.36411257466218455,0.020358385149768825,0.363953524778202,17.88514029887676,17.87732779887676
raev1-g2b-02-jit-b-mhc4-velocity-epoch200,0.25,workspace/b12_attn,2048,128,196608,8445.05017307347,154578.73322065012,7237.403819787141,0.042953746404385734,0.7862280945874538,0.03681133941542125,0.0546326780995078,0.0468201780995078
raev1-g2b-02-jit-b-mhc4-velocity-epoch200,0.25,workspace/b12_mlp,2048,128,196608,70433.46442675224,4073.362001144913,70401.64128611829,0.35824312554296994,0.020718190516891038,0.35808126467955675,17.291236184497052,17.283423684497052
raev1-g2b-02-jit-b-mhc4-velocity-epoch200,0.5,workspace/b01_attn,2048,128,196608,87408.67588067176,77963.3540366812,86799.58717726018,0.4445835158318672,0.39654212461690874,0.44148553048329764,1.1211507888635295,1.1133382888635295
raev1-g2b-02-jit-b-mhc4-velocity-epoch200,0.5,workspace/b01_mlp,2048,128,196608,7967.839324611138,974.7190272313328,7960.224332210893,0.040526526512711276,0.004957677343909367,0.04048779465846198,8.174498601144172,8.166686101144172
raev1-g2b-02-jit-b-mhc4-velocity-epoch200,0.5,workspace/b02_attn,2048,128,196608,56044.91270693301,28717.019234053227,55820.560994166975,0.2850591670071056,0.1460623129987245,0.2839180551868031,1.951627090895068,1.9438145908950681
raev1-g2b-02-jit-b-mhc4-velocity-epoch200,0.5,workspace/b02_mlp,2048,128,196608,22119.939059803695,6014.280898140491,22072.952490286974,0.11250782806296639,0.03059021452911627,0.11226884201195768,3.6779025513495367,3.6700900513495367
raev1-g2b-02-jit-b-mhc4-velocity-epoch200,0.5,workspace/b03_attn,2048,128,196608,112285.76322278254,22132.692874976157,112112.85155969679,0.5711149252460863,0.11257269732145263,0.5702354510482625,5.073298755694386,5.0654862556943865
raev1-g2b-02-jit-b-mhc4-velocity-epoch200,0.5,workspace/b03_mlp,2048,128,196608,21265.767033778317,1842.127676335299,21251.375411306948,0.10816328447356321,0.009369545879797866,0.1080900848963773,11.544133073383987,11.536320573383987
raev1-g2b-02-jit-b-mhc4-velocity-epoch200,0.5,workspace/b04_attn,2048,128,196608,70532.51496942661,9272.33377760472,70460.07486178908,0.3587469226553681,0.047161528409854735,0.35837847321466615,7.606770491780869,7.598957991780869
raev1-g2b-02-jit-b-mhc4-velocity-epoch200,0.5,workspace/b04_mlp,2048,128,196608,14755.536940637827,1017.3181851678353,14747.589142316203,0.0750505418937064,0.005174347865640438,0.07501011730100608,14.504347956980132,14.496535456980132
raev1-g2b-02-jit-b-mhc4-velocity-epoch200,0.5,workspace/b05_attn,2048,128,196608,108780.64671084382,9390.773001211404,108707.28129677186,0.5532869807477001,0.04776394145310162,0.5529138249550978,11.583779812035834,11.575967312035834
raev1-g2b-02-jit-b-mhc4-velocity-epoch200,0.5,workspace/b05_mlp,2048,128,196608,17929.5944888471,1921.9960323776,17914.578894844148,0.09119463342716012,0.009775777345670573,0.09111826016664708,9.32863241484809,9.32081991484809
raev1-g2b-02-jit-b-mhc4-velocity-epoch200,0.5,workspace/b06_attn,2048,128,196608,76571.5232279801,49099.67778906661,76187.93199525302,0.3894629070433558,0.24973387547336126,0.3875118611412202,1.5595117254523174,1.5516992254523174
raev1-g2b-02-jit-b-mhc4-velocity-epoch200,0.5,workspace/b06_mlp,2048,128,196608,15642.021902933213,1260.6517530803976,15632.173061112273,0.07955943757595425,0.006412006393841541,0.07950934377600237,12.407884941033076,12.400072441033076
raev1-g2b-02-jit-b-mhc4-velocity-epoch200,0.5,workspace/b07_attn,2048,128,196608,107408.54085348737,18401.870926179097,107264.7762368766,0.5463080894647592,0.09359675560597279,0.5455768648115875,5.836827205470967,5.829014705470967
raev1-g2b-02-jit-b-mhc4-velocity-epoch200,0.5,workspace/b07_mlp,2048,128,196608,24214.502034987396,2135.815011020201,24197.8159802138,0.12316132626844989,0.010863316909892786,0.12307645660509135,11.337359232914563,11.329546732914563
raev1-g2b-02-jit-b-mhc4-velocity-epoch200,0.5,workspace/b08_attn,2048,128,196608,51416.6380142358,32948.86078207102,51159.22503937587,0.261518544587381,0.16758657217443348,0.2602092744922682,1.5604982021780234,1.5526857021780234
raev1-g2b-02-jit-b-mhc4-velocity-epoch200,0.5,workspace/b08_mlp,2048,128,196608,23802.437604020775,2414.472557798321,23783.574537162975,0.12106545819102364,0.012280642485546472,0.1209695156716053,9.858234887426281,9.850422387426281
raev1-g2b-02-jit-b-mhc4-velocity-epoch200,0.5,workspace/b09_attn,2048,128,196608,120748.29602788211,10147.289560767156,120669.02032818862,0.6141575929152533,0.051611783654618104,0.6137543758554516,11.899561484352999,11.891748984352999
raev1-g2b-02-jit-b-mhc4-velocity-epoch200,0.5,workspace/b09_mlp,2048,128,196608,28915.60745134391,2050.972415376628,28899.58422934878,0.1470723849047033,0.010431785153079366,0.1469908865831949,14.09848676391585,14.09067426391585
raev1-g2b-02-jit-b-mhc4-velocity-epoch200,0.5,workspace/b10_attn,2048,128,196608,86239.50991621676,10720.811745282383,86155.75357445674,0.43863683022164285,0.05452886833334545,0.4382108234377886,8.044121281596595,8.036308781596595
raev1-g2b-02-jit-b-mhc4-velocity-epoch200,0.5,workspace/b10_mlp,2048,128,196608,41353.904252275024,2032.978433832608,41338.02160826071,0.2103368339654288,0.01034026303015446,0.2102560506605057,20.341536124568666,20.333723624568666
raev1-g2b-02-jit-b-mhc4-velocity-epoch200,0.5,workspace/b11_attn,2048,128,196608,69828.91357950347,2442.212138623433,69809.83379717048,0.3551682209243951,0.012421733289710657,0.3550711761330692,28.592484852222107,28.58467235222211
raev1-g2b-02-jit-b-mhc4-velocity-epoch200,0.5,workspace/b11_mlp,2048,128,196608,63136.14225196901,1638.5626813298027,63123.34098102112,0.32112702561426293,0.008334160773365289,0.32106191498322106,38.531417181263905,38.523604681263905
raev1-g2b-02-jit-b-mhc4-velocity-epoch200,0.5,workspace/b12_attn,2048,128,196608,23954.156910557558,92304.88882909685,23233.02496658024,0.12183714248940815,0.4694869426935671,0.11816927574961467,0.25951124815185955,0.25169874815185955
raev1-g2b-02-jit-b-mhc4-velocity-epoch200,0.5,workspace/b12_mlp,2048,128,196608,67785.84327085767,2042.2233080251704,67769.88840126373,0.34477662796456743,0.010387284891892347,0.34469547730134953,33.19217981916315,33.18436731916315
raev1-g2b-02-jit-b-mhc4-velocity-epoch200,0.75,workspace/b01_attn,2048,128,196608,138257.9549436538,13803.427947666483,138150.11566281266,0.7032163235659475,0.07020786513095338,0.702667824619612,10.016204341982078,10.008391841982078
raev1-g2b-02-jit-b-mhc4-velocity-epoch200,0.75,workspace/b01_mlp,2048,128,196608,7521.8761406563235,130.8337129359059,7520.854002274012,0.03825824046150881,0.0006654546759842219,0.03825304159685268,57.49188012680809,57.48406762680809
raev1-g2b-02-jit-b-mhc4-velocity-epoch200,0.75,workspace/b02_attn,2048,128,196608,51631.92559067669,3398.341042157498,51605.37605128484,0.2626135538262771,0.017284856374905896,0.2624785158858482,15.193273703305902,15.185461203305904
raev1-g2b-02-jit-b-mhc4-velocity-epoch200,0.75,workspace/b02_mlp,2048,128,196608,18674.997250965145,745.1374099134499,18669.175864950197,0.09498594793174818,0.0037899648534823094,0.09495633883133035,25.062487807630415,25.054675307630415
raev1-g2b-02-jit-b-mhc4-velocity-epoch200,0.75,workspace/b03_attn,2048,128,196608,115713.38454911555,4195.203851428285,115680.60951902627,0.5885487088476337,0.021337910214377264,0.5883820064240838,27.582303184080118,27.574490684080118
raev1-g2b-02-jit-b-mhc4-velocity-epoch200,0.75,workspace/b03_mlp,2048,128,196608,17370.049276359725,281.2564945533942,17367.851959996027,0.08834863930440127,0.0014305445076161407,0.08833746317543552,61.75874908752433,61.75093658752433
raev1-g2b-02-jit-b-mhc4-velocity-epoch200,0.75,workspace/b04_attn,2048,128,196608,67627.9854638397,1741.6696768319393,67614.37866948944,0.343973721638182,0.008858590071777035,0.3439045139032462,38.829398228287225,38.821585728287225
raev1-g2b-02-jit-b-mhc4-velocity-epoch200,0.75,workspace/b04_mlp,2048,128,196608,11990.935136532964,170.47666228950143,11989.603287608827,0.060989049970158714,0.0008670891433181835,0.060982275836226535,70.33769300439553,70.32988050439552
raev1-g2b-02-jit-b-mhc4-velocity-epoch200,0.75,workspace/b05_attn,2048,128,196608,102385.68450087709,1887.0059548111421,102370.94226685513,0.5207605209395197,0.009597808608048208,0.5206855380597694,54.25827313360237,54.25046063360237
raev1-g2b-02-jit-b-mhc4-velocity-epoch200,0.75,workspace/b05_mlp,2048,128,196608,13717.63571856261,361.8034137330023,13714.809129392821,0.06977150328858749,0.0018402273240814325,0.0697571265126181,37.914611078506084,37.906798578506084
raev1-g2b-02-jit-b-mhc4-velocity-epoch200,0.75,workspace/b06_attn,2048,128,196608,108102.76249087,9491.189879973213,108028.61256993271,0.5498390833072407,0.04827468811021532,0.5494619373063797,11.389800842460344,11.381988342460344
raev1-g2b-02-jit-b-mhc4-velocity-epoch200,0.75,workspace/b06_mlp,2048,128,196608,11153.450368740121,234.72922757850398,11151.616546649664,0.05672938216522278,0.0011938945901413167,0.0567200548637373,47.51624023902139,47.50842773902139
raev1-g2b-02-jit-b-mhc4-velocity-epoch200,0.75,workspace/b07_attn,2048,128,196608,92809.21188067306,4770.644627901075,92771.94121951758,0.47205206238135305,0.024264753356430437,0.4718624939957559,19.45422875094891,19.44641625094891
raev1-g2b-02-jit-b-mhc4-velocity-epoch200,0.75,workspace/b07_mlp,2048,128,196608,18267.571935590695,521.5261644933646,18263.49751243059,0.09291367561640775,0.0026526192448596427,0.09289295202855728,35.02714375478493,35.01933125478493
raev1-g2b-02-jit-b-mhc4-velocity-epoch200,0.75,workspace/b08_attn,2048,128,196608,50262.61630310326,6386.272116376305,50212.723552194075,0.25564888663280877,0.032482259706503834,0.2553951189788517,7.8704156959135725,7.8626031959135725
raev1-g2b-02-jit-b-mhc4-velocity-epoch200,0.75,workspace/b08_mlp,2048,128,196608,19542.576903874146,649.0470601171834,19537.50622371698,0.09939868623796665,0.003301224060654619,0.09937289542499278,30.109645516837862,30.101833016837865
raev1-g2b-02-jit-b-mhc4-velocity-epoch200,0.75,workspace/b09_attn,2048,128,196608,108509.92922439727,3113.288087453193,108485.60666121404,0.5519100404072941,0.015835002072414107,0.5517863294536033,34.85380285290694,34.84599035290694
raev1-g2b-02-jit-b-mhc4-velocity-epoch200,0.75,workspace/b09_mlp,2048,128,196608,23642.102404387068,611.0946925402102,23637.328227101596,0.12024995119418878,0.0031081883368947864,0.12022566847280679,38.68811608575935,38.68030358575935
raev1-g2b-02-jit-b-mhc4-velocity-epoch200,0.75,workspace/b10_attn,2048,128,196608,78491.54964489937,3130.256853197986,78467.09451323375,0.3992286664067554,0.015921309678131032,0.399104281174895,25.075114703353975,25.067302203353975
raev1-g2b-02-jit-b-mhc4-velocity-epoch200,0.75,workspace/b10_mlp,2048,128,196608,35136.30132186626,641.9876387193087,35131.285793438765,0.17871247010226574,0.00326531798665013,0.178686959805495,54.73049511040295,54.72268261040295
raev1-g2b-02-jit-b-mhc4-velocity-epoch200,0.75,workspace/b11_attn,2048,128,196608,58682.05307668595,735.6861433390492,58676.30552869112,0.2984723565505267,0.003741893225804897,0.2984431230097001,79.76506504573605,79.75725254573605
raev1-g2b-02-jit-b-mhc4-velocity-epoch200,0.75,workspace/b11_mlp,2048,128,196608,49889.62778384516,513.9282399422996,49885.612719470606,0.25375176892011087,0.0026139742021804788,0.2537313472466563,97.07508540384244,97.06727290384244
raev1-g2b-02-jit-b-mhc4-velocity-epoch200,0.75,workspace/b12_attn,2048,128,196608,44296.523832540755,23668.372799914676,44111.614670041425,0.2253037711209145,0.12038356933550352,0.22436327448548088,1.8715491853626898,1.8637366853626898
raev1-g2b-02-jit-b-mhc4-velocity-epoch200,0.75,workspace/b12_mlp,2048,128,196608,59771.26672526908,914.4070822394044,59764.12291993909,0.304012383653102,0.004650914928382387,0.303976048380224,65.3661458733323,65.35833337333231
sihc_sublayer_p4,0.25,carrier/b01_attn,2048,128,3145728,456314.7249151151,2655583.522572743,435567.97864501557,0.1450585444498428,0.844187266849754,0.1384633314275791,0.17183218717708984,0.16401968717708984
sihc_sublayer_p4,0.25,workspace/b01_attn,2048,128,196608,18066.071944869156,152776.13385158195,16872.508399153674,0.09188879366490253,0.7770596000751849,0.08581801553931516,0.1182519251496433,0.11043942514964332
sihc_sublayer_p4,0.25,carrier/b01_mlp,2048,128,3145728,647544.2585569292,1826941.0133246982,633271.28189033,0.2058487760406905,0.5807689073323244,0.2013115189521567,0.3544417985222835,0.3466292985222835
sihc_sublayer_p4,0.25,workspace/b01_mlp,2048,128,196608,7460.558678799396,11863.97584876841,7367.871367480893,0.03794636372273456,0.06034330163965052,0.03747493167867479,0.6288413575600688,0.6210288575600688
sihc_sublayer_p4,0.25,carrier/b02_attn,2048,128,3145728,622204.5167660133,1703151.3848227472,608898.6465720857,0.19779348906390296,0.5414172442190638,0.19356366684344153,0.3653254327892692,0.35751293278926927
sihc_sublayer_p4,0.25,workspace/b02_attn,2048,128,196608,16795.653890389913,8319.598279364864,16730.657028832375,0.08542711329340573,0.04231566507652213,0.0850965221599954,2.01880587576545,2.01099337576545
sihc_sublayer_p4,0.25,carrier/b02_mlp,2048,128,3145728,346753.8474226547,579707.3131264478,342224.88403885433,0.11023007946734577,0.18428399185385635,0.10879036078098753,0.5981533086973831,0.5903408086973831
sihc_sublayer_p4,0.25,workspace/b02_mlp,2048,128,196608,9538.06029446649,3311.8789193036882,9512.18624040943,0.0485130833662236,0.016845087276731813,0.04838148112187413,2.879954408620662,2.872141908620662
sihc_sublayer_p4,0.25,carrier/b03_attn,2048,128,3145728,455700.30740538763,552759.6029238609,451381.87300754496,0.14486322638365035,0.1757175454851344,0.14349043305954773,0.8244095715297006,0.8165970715297006
sihc_sublayer_p4,0.25,workspace/b03_attn,2048,128,196608,15609.524785994156,4945.7680668738385,15570.885972971704,0.07939414869178342,0.025155477228158765,0.07919762152593844,3.1561376463536335,3.1483251463536335
sihc_sublayer_p4,0.25,carrier/b03_mlp,2048,128,3145728,481208.8443319914,549220.0738379158,476918.0625051327,0.1529721718889845,0.17459235949132149,0.15160816908045854,0.8761676188733122,0.8683551188733123
sihc_sublayer_p4,0.25,workspace/b03_mlp,2048,128,196608,11861.635385499632,4979.271890533032,11822.734823854844,0.06033139742787492,0.02532588648749304,0.06013353893969139,2.3822027891370765,2.3743902891370765
sihc_sublayer_p4,0.25,carrier/b04_attn,2048,128,3145728,564757.9010418976,533011.6661717464,560593.7473999308,0.17953170173705343,0.16943984545763222,0.1782079529444157,1.0595601126297336,1.0517476126297336
sihc_sublayer_p4,0.25,workspace/b04_attn,2048,128,196608,9616.491223290597,6249.916918953716,9567.663747361272,0.04891200369919127,0.03178872130815489,0.048663654313971315,1.538659049071083,1.530846549071083
sihc_sublayer_p4,0.25,carrier/b04_mlp,2048,128,3145728,688945.957973398,524515.2030114002,684848.1829498715,0.21901002183704313,0.16673889255886085,0.21770737423892705,1.3134909226995732,1.3056784226995735
sihc_sublayer_p4,0.25,workspace/b04_mlp,2048,128,196608,8381.869773196226,5094.916239847598,8342.065740072416,0.042632394272848644,0.025914084064980053,0.04242994049109098,1.645143782274809,1.637331282274809
sihc_sublayer_p4,0.25,carrier/b05_attn,2048,128,3145728,676651.6852360963,520198.9547075716,672587.6309024433,0.21510177778755704,0.1653667941753297,0.21380984970806227,1.3007555649866196,1.2929430649866196
sihc_sublayer_p4,0.25,workspace/b05_attn,2048,128,196608,20542.892353654872,10739.915098251024,20458.986766949787,0.10448655371935461,0.05462603301112378,0.10405978783645521,1.912761149946171,1.9049486499461712
sihc_sublayer_p4,0.25,carrier/b05_mlp,2048,128,3145728,695277.0226745784,523712.7945709887,691185.5164669926,0.22102261310405044,0.1664838137852315,0.21972195830885333,1.3275922029824199,1.3197797029824199
sihc_sublayer_p4,0.25,workspace/b05_mlp,2048,128,196608,10684.932922072527,6878.56493069395,10631.19413355148,0.05434637920162214,0.03498619044338964,0.054073049588783166,1.5533665858693242,1.5455540858693242
sihc_sublayer_p4,0.25,carrier/b06_attn,2048,128,3145728,680187.7683905144,522842.07061276893,676103.0647138521,0.21622586834923885,0.16620701809335356,0.2149273760203845,1.300943069851546,1.293130569851546
sihc_sublayer_p4,0.25,workspace/b06_attn,2048,128,196608,25349.382096005542,19514.121937989887,25196.928018364997,0.12893362475588757,0.09925395679723047,0.1281582032184092,1.2990275543300585,1.2912150543300585
sihc_sublayer_p4,0.25,carrier/b06_mlp,2048,128,3145728,714662.8113198642,528204.8297743412,710536.2110872522,0.22718518934881346,0.16791179331917483,0.2258733784635074,1.3530031742140285,1.3451906742140287
sihc_sublayer_p4,0.25,workspace/b06_mlp,2048,128,196608,21819.67063116535,10526.223037808828,21737.43451368247,0.11098058385805944,0.053539138986250956,0.11056230933472937,2.0728869750139176,2.0650744750139176
sihc_sublayer_p4,0.25,carrier/b07_attn,2048,128,3145728,701941.9413934826,532548.4506332289,697781.4066229105,0.22314133370510184,0.16929259320361736,0.2218187353206986,1.318080900543107,1.310268400543107
sihc_sublayer_p4,0.25,workspace/b07_attn,2048,128,196608,16572.050240353692,11873.613981693426,16479.28763112171,0.08428980631690314,0.06039232371873691,0.0838179912878505,1.3957039757149128,1.3878914757149128
sihc_sublayer_p4,0.25,carrier/b07_mlp,2048,128,3145728,780647.8985671167,581106.7770072651,776108.0018717474,0.24816128367332355,0.18472886944048092,0.24671808938081977,1.3433811641080842,1.3355686641080842
sihc_sublayer_p4,0.25,workspace/b07_mlp,2048,128,196608,21891.77877484912,12962.078699388627,21790.512535010148,0.11134734484277914,0.0659285415618318,0.11083227811182733,1.6889095709534363,1.6810970709534363
sihc_sublayer_p4,0.25,carrier/b08_attn,2048,128,3145728,773795.6046023883,603665.2239509438,769079.4700402716,0.2459829980857812,0.19190000659654738,0.2444837792842457,1.28182902360675,1.27401652360675
sihc_sublayer_p4,0.25,workspace/b08_attn,2048,128,196608,24899.65522836787,19603.727700701515,24746.50110570614,0.12664619561954685,0.09970971527456418,0.12586721346896432,1.2701490047465227,1.262336504746523
sihc_sublayer_p4,0.25,carrier/b08_mlp,2048,128,3145728,902201.7753292326,671245.5129959516,896957.6697589516,0.28680222044920367,0.21338320191572557,0.28513516418423707,1.344071219638341,1.336258719638341
sihc_sublayer_p4,0.25,workspace/b08_mlp,2048,128,196608,40933.3715376576,26719.011103299905,40724.62926341307,0.20819789397001953,0.13589991812794955,0.20713617585964494,1.531994256052469,1.5241817560524693
sihc_sublayer_p4,0.25,carrier/b09_attn,2048,128,3145728,878720.8615147836,707832.0585442157,873190.9235574069,0.27933783897234077,0.22501375152086123,0.27757991903858403,1.2414256332526552,1.2336131332526552
sihc_sublayer_p4,0.25,workspace/b09_attn,2048,128,196608,26500.647019720935,18703.470935768048,26354.526153035247,0.13478926096456367,0.09513077258182805,0.13404605180376813,1.416883909448153,1.409071409448153
sihc_sublayer_p4,0.25,carrier/b09_mlp,2048,128,3145728,1066346.9937560572,752261.9280775787,1060469.9474429511,0.3389825801073892,0.23913762667261082,0.33711431739900943,1.417520884622102,1.409708384622102
sihc_sublayer_p4,0.25,workspace/b09_mlp,2048,128,196608,28562.518097504748,14950.45331647475,28445.71768096979,0.14527647958122125,0.07604193784828059,0.14468240194178156,1.9104783977372843,1.9026658977372843
sihc_sublayer_p4,0.25,carrier/b10_attn,2048,128,3145728,989867.6508596693,764222.3734896536,983897.1635667814,0.3146704517554186,0.24293974987336908,0.31277248495953286,1.2952612815294273,1.2874487815294273
sihc_sublayer_p4,0.25,workspace/b10_attn,2048,128,196608,23083.50240898742,13342.485270734354,22979.264242809808,0.11740876469414989,0.06786338943854957,0.11687858196416122,1.7300751652032316,1.7222626652032313
sihc_sublayer_p4,0.25,carrier/b10_mlp,2048,128,3145728,976658.8665599286,635238.5361761252,971696.0654960526,0.3104714923095476,0.2019368922475577,0.30889386033886357,1.5374679131386038,1.5296554131386038
sihc_sublayer_p4,0.25,workspace/b10_mlp,2048,128,196608,18195.6504395702,8333.279886145827,18130.546690459687,0.09254786397079569,0.04238525332715773,0.09221672917917728,2.18349205692955,2.1756795569295506
sihc_sublayer_p4,0.25,carrier/b11_attn,2048,128,3145728,947265.7193679872,662083.3851804835,942093.1929212647,0.30112766245777994,0.21047063992197781,0.2994833605833895,1.4307347693217876,1.4229222693217876
sihc_sublayer_p4,0.25,workspace/b11_attn,2048,128,196608,22198.92398780878,9479.507660349953,22124.865334212296,0.11290956618148183,0.048215269268544275,0.11253288439032133,2.341780267836111,2.333967767836111
sihc_sublayer_p4,0.25,carrier/b11_mlp,2048,128,3145728,711547.5754793228,348852.4285750238,708822.1658810804,0.2261948825452559,0.11089720044931532,0.22532849816674563,2.0396807279967044,2.0318682279967044
sihc_sublayer_p4,0.25,workspace/b11_mlp,2048,128,196608,14425.895856022687,4095.9228386778523,14393.896458845516,0.07337390063488101,0.020832940870553856,0.07321114328432982,3.522013578917739,3.514201078917739
sihc_sublayer_p4,0.25,carrier/b12_attn,2048,128,3145728,596083.5384308107,318224.882476288,593597.4065364647,0.18948985367800733,0.10116096575301108,0.18869953363306194,1.873151884894566,1.8653393848945663
sihc_sublayer_p4,0.25,workspace/b12_attn,2048,128,196608,22908.97759922481,8533.517875873877,22842.309490819545,0.11652108560803635,0.043403716409677516,0.11618199407358575,2.68458775530236,2.6767752553023594
sihc_sublayer_p4,0.25,carrier/b12_mlp,2048,128,3145728,117986.36850483298,54243.7571398119,117562.5891521782,0.03750685644303416,0.017243626003205587,0.03737214061488412,2.1751142385053845,2.1673017385053845
sihc_sublayer_p4,0.25,workspace/b12_mlp,2048,128,196608,9000.738876898562,3828.7392222599187,8970.826851724656,0.0457801253097461,0.0194739747225948,0.04562798488222583,2.3508362294744805,2.3430237294744805
sihc_sublayer_p4,0.5,carrier/b01_attn,2048,128,3145728,1565827.3009584232,1469579.4579118562,1554346.2114434869,0.4977630936172559,0.46716672830958567,0.49411335355233726,1.0654934597298513,1.0576809597298513
sihc_sublayer_p4,0.5,workspace/b01_attn,2048,128,196608,74874.76796299597,86481.0782751523,74199.13453897135,0.3808327634836628,0.43986551043270006,0.37739631418340736,0.8657936447643595,0.8579811447643596
sihc_sublayer_p4,0.5,carrier/b01_mlp,2048,128,3145728,1319849.0580060089,977130.9123201977,1312215.2227535073,0.4195687160511045,0.31062155161545996,0.4171419851791087,1.3507392319336482,1.3429267319336484
sihc_sublayer_p4,0.5,workspace/b01_mlp,2048,128,196608,9898.937236020414,4781.908030221422,9861.578579534309,0.05034859840912076,0.024322041983141186,0.05015858245612747,2.0700810583264295,2.0622685583264295
sihc_sublayer_p4,0.5,carrier/b02_attn,2048,128,3145728,1170228.2662695064,820201.93566903,1163820.438647092,0.3720055472912809,0.2607351734380817,0.36996855374879584,1.4267562844934811,1.4189437844934811
sihc_sublayer_p4,0.5,workspace/b02_attn,2048,128,196608,24604.96954150328,3264.550194090272,24579.46524311195,0.12514734670767863,0.01660436093185563,0.12501762513789852,7.53701676452854,7.52920426452854
sihc_sublayer_p4,0.5,carrier/b02_mlp,2048,128,3145728,512101.2363360625,270645.969170402,509986.81470191875,0.16279259883119662,0.08603603654556337,0.16212044229568442,1.892144331230137,1.884331831230137
sihc_sublayer_p4,0.5,workspace/b02_mlp,2048,128,196608,9058.729265384618,1021.6433767565633,9050.747676503708,0.04607507967826649,0.005196346927676205,0.04603448321789402,8.86682131111503,8.859008811115032
sihc_sublayer_p4,0.5,carrier/b03_attn,2048,128,3145728,608189.4365378284,253005.7842797115,606212.8288481432,0.19333821504523863,0.080428372789927,0.19270986838281734,2.403855857561906,2.396043357561906
sihc_sublayer_p4,0.5,workspace/b03_attn,2048,128,196608,16527.50827076098,1628.0286894744468,16514.78929662446,0.08406325414408865,0.008280582120129632,0.08399856209627514,10.151853206036755,10.144040706036757
sihc_sublayer_p4,0.5,carrier/b03_mlp,2048,128,3145728,610798.765169259,253170.77413282782,608820.8684963463,0.19416769827819158,0.08048082165172189,0.1935389418590375,2.4125958743120925,2.4047833743120925
sihc_sublayer_p4,0.5,workspace/b03_mlp,2048,128,196608,18944.53669362143,2598.9979039802374,18924.232022496584,0.09635689643158686,0.013219186930238025,0.09625362153369438,7.289169669821128,7.281357169821128
sihc_sublayer_p4,0.5,carrier/b04_attn,2048,128,3145728,686688.8403272378,246473.43021878647,684763.2666536536,0.2182925034609597,0.07835179335873492,0.2176803800753446,2.786056248406518,2.778243748406518
sihc_sublayer_p4,0.5,workspace/b04_attn,2048,128,196608,9163.250723620644,2481.7226770095745,9143.862265206506,0.046606703306175966,0.012622694280037304,0.04650808850711317,3.69229439232194,3.6844818923219393
sihc_sublayer_p4,0.5,carrier/b04_mlp,2048,128,3145728,780246.3189514193,247237.52512046453,778314.7757864157,0.24803362495149592,0.07859469258641069,0.24741960391566456,3.1558571805442983,3.1480446805442983
sihc_sublayer_p4,0.5,workspace/b04_mlp,2048,128,196608,10527.401906239715,2855.3575420685343,10505.094425442305,0.0535451350211574,0.014523099477480745,0.05343167330648959,3.686894461074478,3.6790819610744783
sihc_sublayer_p4,0.5,carrier/b05_attn,2048,128,3145728,757959.4561314533,247677.71333984294,756024.4739959857,0.24094882206327226,0.07873462465281263,0.24033370780817212,3.0602650755719947,3.0524525755719942
sihc_sublayer_p4,0.5,workspace/b05_attn,2048,128,196608,16456.71364104801,4259.287484688043,16423.437957573882,0.08370317403690597,0.021663856428467018,0.08353392515855856,3.863724554918914,3.8559120549189134
sihc_sublayer_p4,0.5,carrier/b05_mlp,2048,128,3145728,773876.3522704262,249964.1855378109,771923.507070912,0.2460086670781537,0.07946147458960562,0.2453878743079224,3.095948928064999,3.088136428064999
sihc_sublayer_p4,0.5,workspace/b05_mlp,2048,128,196608,11696.406070395618,4086.540248221205,11664.47997470639,0.05949099767250376,0.020785218547674584,0.059328613152600046,2.862178116436476,2.854365616436476
sihc_sublayer_p4,0.5,carrier/b06_attn,2048,128,3145728,746580.052024899,253237.32707323335,744601.6354071394,0.23733140691912938,0.08050197826170392,0.23670248521395984,2.948143785331444,2.940331285331444
sihc_sublayer_p4,0.5,workspace/b06_attn,2048,128,196608,19706.68416682049,8193.852052267528,19642.66969766215,0.10023337894094081,0.041676086691627645,0.09990778451366246,2.4050573577743517,2.3972448577743517
sihc_sublayer_p4,0.5,carrier/b06_mlp,2048,128,3145728,792454.6397400905,260419.1876749703,790420.1148363798,0.251914545612364,0.08278503026166607,0.2512677875634447,3.042996358352652,3.035183858352652
sihc_sublayer_p4,0.5,workspace/b06_mlp,2048,128,196608,23906.552979931053,6159.5951767693605,23858.431142612542,0.12159501637741625,0.03132932117090536,0.12135025605576855,3.8811889895124203,3.8733764895124203
sihc_sublayer_p4,0.5,carrier/b07_attn,2048,128,3145728,792915.0888709016,273475.2879907657,790778.5631834738,0.2520609184490527,0.08693545277619862,0.2513817352242386,2.8994030674452587,2.8915905674452587
sihc_sublayer_p4,0.5,workspace/b07_attn,2048,128,196608,12787.791941496615,5091.950095893718,12748.011081372444,0.06504207327014473,0.02589899747667296,0.06483973735235822,2.511374169163407,2.5035616691634064
sihc_sublayer_p4,0.5,carrier/b07_mlp,2048,128,3145728,870641.1829812045,308349.1999453585,868232.2048566313,0.276769378338243,0.09802157082410129,0.2760035848161797,2.8235558358364083,2.8157433358364083
sihc_sublayer_p4,0.5,workspace/b07_mlp,2048,128,196608,26004.306770401967,8310.882582375503,25939.37800022716,0.1322647439087014,0.042271334749224364,0.1319344991059731,3.1289464762199954,3.1211339762199954
sihc_sublayer_p4,0.5,carrier/b08_attn,2048,128,3145728,880279.8797311337,340402.8581524659,877620.4824018176,0.27983343751625495,0.10821115435042887,0.2789880378728922,2.5859943847382674,2.5781818847382674
sihc_sublayer_p4,0.5,workspace/b08_attn,2048,128,196608,21394.426428922132,9951.476122821281,21316.68052171259,0.10881767999736598,0.050615825006211757,0.10842224386450496,2.149874668327771,2.142062168327771
sihc_sublayer_p4,0.5,carrier/b08_mlp,2048,128,3145728,1034394.0814577573,388270.9367378584,1031360.7147644927,0.32882502284296583,0.12342800672463049,0.32786074154042966,2.664103808923844,2.6562913089238434
sihc_sublayer_p4,0.5,workspace/b08_mlp,2048,128,196608,48314.81400595763,17093.033792811508,48181.27467945129,0.24574185183694272,0.08693966569423171,0.24506263569870654,2.8265792130052696,2.8187667130052696
sihc_sublayer_p4,0.5,carrier/b09_attn,2048,128,3145728,1056538.5907429617,430567.7475987438,1053174.7802148466,0.33586457276120557,0.13687380078593694,0.33479524619256545,2.4538265967091775,2.446014096709178
sihc_sublayer_p4,0.5,workspace/b09_attn,2048,128,196608,27267.867297102934,10509.880210565527,27185.75885795789,0.13869154509024523,0.053456015068387486,0.13827391997252345,2.59449839111303,2.58668589111303
sihc_sublayer_p4,0.5,carrier/b09_mlp,2048,128,3145728,1297906.692602132,462020.2333311642,1294297.1595292322,0.41259342594214504,0.14687227672931805,0.4114459862801972,2.8091988163466985,2.801386316346698
sihc_sublayer_p4,0.5,workspace/b09_mlp,2048,128,196608,38836.183571591566,10186.70386972487,38756.59994760934,0.1975310443704812,0.05181225519676142,0.1971262611267565,3.8124386522134643,3.804626152213465
sihc_sublayer_p4,0.5,carrier/b10_attn,2048,128,3145728,1282070.8932561255,500139.6587287335,1278163.5521723074,0.40755936090346195,0.15899011571526003,0.4063172506244365,2.5634257769418305,2.5556132769418305
sihc_sublayer_p4,0.5,workspace/b10_attn,2048,128,196608,27025.928691676687,8251.321221625296,26961.465244632738,0.1374609817081537,0.04196839000257007,0.13713310366125864,3.275345604149596,3.267533104149596
sihc_sublayer_p4,0.5,carrier/b10_mlp,2048,128,3145728,1250603.4071075292,407839.0741667259,1247417.1643406018,0.39755611645620004,0.12964855008657009,0.39654323715864875,3.0664139027450776,3.058601402745078
sihc_sublayer_p4,0.5,workspace/b10_mlp,2048,128,196608,28934.306371685285,6259.17966453699,28885.40653055609,0.14716749253176517,0.03183583406848648,0.1469187750781051,4.622699446641566,4.614886946641566
sihc_sublayer_p4,0.5,carrier/b11_attn,2048,128,3145728,1226712.62657992,435124.32357224467,1223313.2178020119,0.38996144186017356,0.1383222972781641,0.3888807989126879,2.819223288895837,2.811410788895837
sihc_sublayer_p4,0.5,workspace/b11_attn,2048,128,196608,28733.95783803991,6405.441795016312,28683.915324016347,0.1461484671938065,0.03257976173409176,0.14589393780525892,4.4858666673696215,4.4780541673696215
sihc_sublayer_p4,0.5,carrier/b11_mlp,2048,128,3145728,926767.9951907458,252762.21955703245,924793.2903504565,0.29461161142690845,0.08035094564979313,0.2939838696640194,3.666560599186513,3.658748099186513
sihc_sublayer_p4,0.5,workspace/b11_mlp,2048,128,196608,25148.585989941686,3996.915674574239,25117.360086234075,0.12791232294688765,0.020329364392976067,0.12775349978756753,6.291998139945891,6.284185639945891
sihc_sublayer_p4,0.5,carrier/b12_attn,2048,128,3145728,798819.7188307742,263654.1262516098,796759.9209694335,0.2539379497625905,0.08381338954023038,0.2532831576568074,3.029801695834058,3.021989195834058
sihc_sublayer_p4,0.5,workspace/b12_attn,2048,128,196608,27618.21969440951,6263.561836750434,27569.285617559897,0.14047352953292597,0.031858122948966644,0.14022463794738718,4.409347335307537,4.401534835307538
sihc_sublayer_p4,0.5,carrier/b12_mlp,2048,128,3145728,188220.08068922602,56221.53999540765,187780.8499080119,0.05983355226174228,0.017872346240809012,0.059693924556735965,3.3478286205714114,3.3400161205714114
sihc_sublayer_p4,0.5,workspace/b12_mlp,2048,128,196608,14807.671547455157,4305.042739172375,14774.038401055372,0.07531571221646706,0.02189657968735949,0.07514464518765956,3.4396108109955406,3.4317983109955406
sihc_sublayer_p4,0.75,carrier/b01_attn,2048,128,3145728,2535365.722585783,440383.1684250417,2531925.2290824624,0.8059710574422781,0.13999403903485672,0.8048773540123184,5.757181255707622,5.749368755707622
sihc_sublayer_p4,0.75,workspace/b01_attn,2048,128,196608,137877.77009659572,21746.955169149995,137707.87200933674,0.7012826034372748,0.11061073389256793,0.7004184570787392,6.340095384579985,6.3322828845799854
sihc_sublayer_p4,0.75,carrier/b01_mlp,2048,128,3145728,2037175.993917052,276749.69982805144,2035013.8868871452,0.6476008077993558,0.08797636026638395,0.6469134924847747,7.361077519443666,7.353265019443666
sihc_sublayer_p4,0.75,workspace/b01_mlp,2048,128,196608,15466.136642189369,1319.6491965753146,15455.826882841124,0.0786648388783232,0.006712082909013441,0.07861240073059654,11.719884862072654,11.712072362072654
sihc_sublayer_p4,0.75,carrier/b02_attn,2048,128,3145728,1683484.3917085654,202906.91042644155,1681899.1814708589,0.535165275481086,0.06450236969834695,0.5346613507178176,8.296831232462472,8.289018732462472
sihc_sublayer_p4,0.75,workspace/b02_attn,2048,128,196608,35968.927290153035,925.8514652864988,35961.69407558048,0.1829474247749483,0.004709124070671075,0.18291063474314617,38.84956565794567,38.84175315794566
sihc_sublayer_p4,0.75,carrier/b02_mlp,2048,128,3145728,803226.3546969623,78438.24330355861,802613.5559211533,0.25533878157836987,0.024934846020876127,0.25514397809383177,10.240238955740628,10.232426455740628
sihc_sublayer_p4,0.75,workspace/b02_mlp,2048,128,196608,9913.294194975564,239.47104693607943,9911.423327421377,0.05042162167854596,0.0012180127305912243,0.05041210595408822,41.396629454005186,41.388816954005186
sihc_sublayer_p4,0.75,carrier/b03_attn,2048,128,3145728,790962.5864519542,73518.76332058673,790388.2211135122,0.25144023464582893,0.023370985450931147,0.2512576488219936,10.758649230848375,10.750836730848377
sihc_sublayer_p4,0.75,workspace/b03_attn,2048,128,196608,16677.596957030895,420.68609289480776,16674.310346930153,0.08482664467890877,0.002139720117669717,0.08480992811548947,39.64380386874618,39.635991368746176
sihc_sublayer_p4,0.75,carrier/b03_mlp,2048,128,3145728,756090.1179188286,74428.83879193809,755508.6426157666,0.2403545754492533,0.023660290651937515,0.240169729428535,10.15856394095357,10.15075144095357
sihc_sublayer_p4,0.75,workspace/b03_mlp,2048,128,196608,27332.569984196936,1013.5409158871119,27324.651695791566,0.13902063997496,0.005155135680578165,0.1389803654774555,26.96740659973636,26.95959409973636
sihc_sublayer_p4,0.75,carrier/b04_attn,2048,128,3145728,811970.9552716454,75014.85429189092,811384.9017224901,0.2581186152368054,0.02384657996237784,0.25793231383084936,10.82413560535862,10.81632310535862
sihc_sublayer_p4,0.75,workspace/b04_attn,2048,128,196608,9659.056920317576,775.8239348131133,9652.99579582685,0.04912850402993559,0.003946044590317349,0.04909767555657374,12.450063070874872,12.442250570874874
sihc_sublayer_p4,0.75,carrier/b04_mlp,2048,128,3145728,833856.8786746411,78418.40941452395,833244.2348510901,0.2650759629168959,0.024928540997353855,0.2648812086903541,10.633432696483661,10.625620196483661
sihc_sublayer_p4,0.75,workspace/b04_mlp,2048,128,196608,13868.57540375282,1340.5126286916757,13858.102648841166,0.07053922222774668,0.0068181998122745545,0.07048595504171329,10.345725289651606,10.337912789651604
sihc_sublayer_p4,0.75,carrier/b05_attn,2048,128,3145728,798208.5250452253,81184.42380523805,797574.2717342469,0.25374365649071545,0.02580783329176523,0.25354203279312354,9.83204028102894,9.82422778102894
sihc_sublayer_p4,0.75,workspace/b05_attn,2048,128,196608,15061.978267951485,1439.6553397591008,15050.730960609617,0.07660918308487694,0.007322465717361963,0.07655197632146005,10.462211233469132,10.454398733469132
sihc_sublayer_p4,0.75,carrier/b05_mlp,2048,128,3145728,809831.5220450173,82901.39599060058,809183.8548888408,0.25743850773017163,0.02635364405015328,0.2572326198860298,9.768611401149826,9.760798901149828
sihc_sublayer_p4,0.75,workspace/b05_mlp,2048,128,196608,14215.91880264739,2130.869654372119,14199.271383472607,0.0723059021130747,0.010838163525248815,0.07222122896053369,6.6714164207459445,6.6636039207459445
sihc_sublayer_p4,0.75,carrier/b06_attn,2048,128,3145728,748965.1411999805,86627.0920828061,748288.3670430835,0.2380896063486673,0.027538010941443796,0.23787446563818726,8.645853429825983,8.638040929825983
sihc_sublayer_p4,0.75,workspace/b06_attn,2048,128,196608,17028.864378386377,2862.967157861186,17006.497447465586,0.08661328317457263,0.01456180398488966,0.08649951908094068,5.947977548966365,5.940165048966365
sihc_sublayer_p4,0.75,carrier/b06_mlp,2048,128,3145728,801172.9851457505,92886.91085013023,800447.3061547338,0.25468603297734277,0.029527953736028744,0.25445534583878,8.625251693841072,8.617439193841072
sihc_sublayer_p4,0.75,workspace/b06_mlp,2048,128,196608,19745.74382938536,2781.612232551764,19724.012483818547,0.10043204665825073,0.014148011436725687,0.10032151531890131,7.098668749839093,7.090856249839093
sihc_sublayer_p4,0.75,carrier/b07_attn,2048,128,3145728,834512.4366698414,103863.09243897781,833701.0062601619,0.26528435919120835,0.03301718789386044,0.26502641241078756,8.034735121719379,8.026922621719379
sihc_sublayer_p4,0.75,workspace/b07_attn,2048,128,196608,9316.04453663104,1609.9252273184484,9303.466995792614,0.04738385282710286,0.008188503150016522,0.04731988014624336,5.786631812800518,5.778819312800518
sihc_sublayer_p4,0.75,carrier/b07_mlp,2048,128,3145728,880685.9015178658,119276.69371136877,879754.0523482458,0.2799625083662242,0.037917039779462425,0.2796662814929472,7.383553937611568,7.375741437611568
sihc_sublayer_p4,0.75,workspace/b07_mlp,2048,128,196608,27232.62973149444,4334.020708162929,27198.770194711917,0.13851231756334656,0.022043969259455,0.13834009905350705,6.28345630195145,6.27564380195145
sihc_sublayer_p4,0.75,carrier/b08_attn,2048,128,3145728,904121.6526703626,144024.830614476,902996.458681187,0.28741253301949904,0.04578426062726212,0.28705484348334853,6.277540121470477,6.269727621470477
sihc_sublayer_p4,0.75,workspace/b08_attn,2048,128,196608,15373.157264032134,3470.4203041390065,15346.044605406049,0.07819192130550198,0.0176514704596914,0.07805401919253564,4.4297681308795065,4.4219556308795065
sihc_sublayer_p4,0.75,carrier/b08_mlp,2048,128,3145728,1022495.2246761764,166987.93352858786,1021190.6314454844,0.3250424781405692,0.05308403445198945,0.324627759121413,6.1231683216268324,6.1153558216268324
sihc_sublayer_p4,0.75,workspace/b08_mlp,2048,128,196608,44381.76887985028,8301.451474971602,44316.91379020207,0.2257373498527541,0.04222336565639039,0.22540747980856357,5.346266133538063,5.338453633538064
sihc_sublayer_p4,0.75,carrier/b09_attn,2048,128,3145728,1083215.0132519267,190304.42155904067,1081728.2599584968,0.34434477909467276,0.06049614637980164,0.3438721529510806,5.692011800765578,5.684199300765578
sihc_sublayer_p4,0.75,workspace/b09_attn,2048,128,196608,22384.79528792993,3895.401304832928,22354.36246523592,0.11385495650192225,0.019813035608077637,0.11370016716123414,5.746467061084995,5.738654561084995
sihc_sublayer_p4,0.75,carrier/b09_mlp,2048,128,3145728,1258196.9542713356,203113.92322102957,1256610.1267461714,0.39997004008971393,0.06456817729346898,0.3994656012046087,6.194538189792925,6.186725689792925
sihc_sublayer_p4,0.75,workspace/b09_mlp,2048,128,196608,39664.19961530369,4861.538537575695,39626.21884547888,0.2017425517542709,0.02472706368802742,0.20154937156920816,8.158775109717231,8.150962609717231
sihc_sublayer_p4,0.75,carrier/b10_attn,2048,128,3145728,1364304.7492557862,238015.86281740028,1362445.2503275252,0.4337007997054374,0.07566320508874266,0.4331096809156816,5.7319908560146935,5.7241783560146935
sihc_sublayer_p4,0.75,workspace/b10_attn,2048,128,196608,25098.740782781133,3372.93347763897,25072.38973998708,0.12765879711294115,0.01715562681904587,0.12752476877841737,7.441220216519087,7.4334077165190875
sihc_sublayer_p4,0.75,carrier/b10_mlp,2048,128,3145728,1233258.5364501737,182654.13202679786,1231831.5510437144,0.39204233056709725,0.05806418483314446,0.3915887041230883,6.751878661410396,6.744066161410396
sihc_sublayer_p4,0.75,workspace/b10_mlp,2048,128,196608,30526.84685385411,2944.3188929299754,30503.844362503092,0.15526757229540053,0.014975580306650672,0.15515057557425482,10.368050460551839,10.360237960551837
sihc_sublayer_p4,0.75,carrier/b11_attn,2048,128,3145728,1252111.6484215346,194453.85546111804,1250592.4776757446,0.39803557345756996,0.06181521589314717,0.39755264208340474,6.439119684473935,6.431307184473935
sihc_sublayer_p4,0.75,workspace/b11_attn,2048,128,196608,27968.812044965474,2625.253687741536,27948.302250529992,0.1422567344409458,0.013352730752266112,0.14215241623194372,10.653755930546506,10.645943430546506
sihc_sublayer_p4,0.75,carrier/b11_mlp,2048,128,3145728,1005627.9302921675,128859.13870224581,1004621.2182710562,0.3196805096601383,0.04096321700485414,0.3193604845272879,7.8040870086511065,7.7962745086511065
sihc_sublayer_p4,0.75,workspace/b11_mlp,2048,128,196608,32213.63857288233,2368.002484667516,32195.138553470864,0.16384703863974168,0.01204428347100584,0.16375294267512444,13.603718231488827,13.595905731488827
sihc_sublayer_p4,0.75,carrier/b12_attn,2048,128,3145728,961883.9040520266,153238.13024304074,960686.7311595028,0.3057746582196638,0.04871308970230126,0.3053940872063646,6.277053253824273,6.269240753824272
sihc_sublayer_p4,0.75,workspace/b12_attn,2048,128,196608,31795.06704903505,3421.023560701814,31768.340302467066,0.1617180737764234,0.017400225630197216,0.16158213451368747,9.294021653131315,9.286209153131315
sihc_sublayer_p4,0.75,carrier/b12_mlp,2048,128,3145728,337885.1461483477,50145.89136522252,337493.3813720569,0.10741079525895046,0.01594094955610355,0.1072862565905434,6.7380424786442195,6.7302299786442195
sihc_sublayer_p4,0.75,workspace/b12_mlp,2048,128,196608,24023.719322356344,3628.5922703127285,23995.370945244526,0.1221909552121803,0.0184559746821733,0.12204676790997582,6.620672021738577,6.612859521738576
