model,alpha,epoch,seconds,images_per_second,loss
deco_b_velocity,0.25,1,113.81428892770782,11256.64459243573,"[6.157111167907715, 5.917787551879883, 5.697946071624756, 5.480310916900635, 5.268599510192871, 4.958962917327881, 4.826758861541748, 4.905684471130371, 5.02626371383667, 5.245547294616699, 5.532723426818848]"
deco_b_velocity,0.25,2,108.76142009487376,11779.60897239503,"[5.8606953620910645, 5.500176906585693, 5.198231220245361, 4.865601539611816, 4.5961761474609375, 4.2084174156188965, 4.06847620010376, 4.177556991577148, 4.361166000366211, 4.630508899688721, 4.942380428314209]"
deco_b_velocity,0.25,3,109.15108611295,11737.556130905037,"[5.763609886169434, 5.357289791107178, 5.021875858306885, 4.646922588348389, 4.364185810089111, 3.9636261463165283, 3.8289074897766113, 3.9454667568206787, 4.147275924682617, 4.432215213775635, 4.752965450286865]"
deco_b_velocity,0.25,4,109.51794795226306,11698.23781357224,"[5.704698085784912, 5.266788482666016, 4.909732818603516, 4.510505676269531, 4.220533847808838, 3.8151817321777344, 3.6851580142974854, 3.8052194118499756, 4.017349720001221, 4.31096076965332, 4.639634132385254]"
deco_b_velocity,0.25,5,110.09203467518091,11637.23609777943,"[5.664097309112549, 5.20161247253418, 4.82905912399292, 4.413637638092041, 4.118979454040527, 3.7118704319000244, 3.5862154960632324, 3.708987236022949, 3.92646861076355, 4.224972724914551, 4.5538129806518555]"
deco_b_velocity,0.25,6,110.41675258474424,11603.012858186636,"[5.634088039398193, 5.151315212249756, 4.766513347625732, 4.339868068695068, 4.041537284851074, 3.6336281299591064, 3.511023998260498, 3.6354479789733887, 3.8570618629455566, 4.15897274017334, 4.491419792175293]"
deco_b_velocity,0.25,7,109.24065948603675,11727.931761193367,"[5.607844352722168, 5.109269142150879, 4.7145867347717285, 4.279966354370117, 3.9795639514923096, 3.571234703063965, 3.451097249984741, 3.577103853225708, 3.8009860515594482, 4.1045331954956055, 4.441162586212158]"
deco_b_velocity,0.25,8,109.94389671878889,11652.916062061448,"[5.587428569793701, 5.0746989250183105, 4.671597957611084, 4.229945182800293, 3.927438259124756, 3.5192995071411133, 3.4018945693969727, 3.528683662414551, 3.754246711730957, 4.05866813659668, 4.3970723152160645]"
deco_b_velocity,0.25,9,110.37882342888042,11606.999967937554,"[5.5662031173706055, 5.04197359085083, 4.631962776184082, 4.185656547546387, 3.8819053173065186, 3.474579334259033, 3.3593833446502686, 3.487440586090088, 3.713392972946167, 4.018326759338379, 4.358031272888184]"
deco_b_velocity,0.25,10,109.8283933470957,11665.171099708883,"[5.550398826599121, 5.015787124633789, 4.599682807922363, 4.149317264556885, 3.8443644046783447, 3.43695068359375, 3.3235514163970947, 3.4524834156036377, 3.679489850997925, 3.9849557876586914, 4.325612545013428]"
deco_b_velocity,0.25,11,110.53948340471834,11590.130155659057,"[5.534711837768555, 4.9912309646606445, 4.570315361022949, 4.116268634796143, 3.810215950012207, 3.403306484222412, 3.29111385345459, 3.4207265377044678, 3.6477982997894287, 3.953016996383667, 4.294951915740967]"
deco_b_velocity,0.25,12,111.37124333996326,11503.57095403172,"[5.518182277679443, 4.9671478271484375, 4.54197359085083, 4.085434436798096, 3.7792704105377197, 3.3731894493103027, 3.2625083923339844, 3.3924992084503174, 3.619537115097046, 3.9241321086883545, 4.26453161239624]"
deco_b_velocity,0.25,13,111.46234068414196,11494.16917082807,"[5.504207611083984, 4.94657039642334, 4.517179012298584, 4.058358669281006, 3.7516157627105713, 3.346086025238037, 3.236943006515503, 3.367490768432617, 3.594025135040283, 3.8986220359802246, 4.241806983947754]"
deco_b_velocity,0.25,14,109.46146993665025,11704.273665806451,"[5.490784645080566, 4.927726745605469, 4.494776248931885, 4.033899307250977, 3.726722240447998, 3.3220911026000977, 3.2141270637512207, 3.345296859741211, 3.571136713027954, 3.8750946521759033, 4.215191841125488]"
deco_b_velocity,0.25,15,109.53222492197528,11696.713007634353,"[5.477997779846191, 4.909754276275635, 4.473756790161133, 4.011165618896484, 3.7038495540618896, 3.299872636795044, 3.1922452449798584, 3.323927164077759, 3.549750328063965, 3.8532626628875732, 4.192176818847656]"
deco_b_velocity,0.25,16,110.05283638229594,11641.381014020822,"[5.466446399688721, 4.89415168762207, 4.45525598526001, 3.9908711910247803, 3.683499813079834, 3.279658555984497, 3.173004627227783, 3.3051626682281494, 3.530574083328247, 3.833721876144409, 4.171178340911865]"
deco_b_velocity,0.25,17,110.53244538605213,11590.868143062615,"[5.454920291900635, 4.878917217254639, 4.4382004737854, 3.9726803302764893, 3.6648991107940674, 3.2616193294525146, 3.1553664207458496, 3.2879538536071777, 3.5128908157348633, 3.8153324127197266, 4.1497416496276855]"
deco_b_velocity,0.25,18,110.06040387693793,11640.580580028709,"[5.442443370819092, 4.863125324249268, 4.419839859008789, 3.953425168991089, 3.6457409858703613, 3.2433083057403564, 3.138093948364258, 3.2708985805511475, 3.4955074787139893, 3.7968742847442627, 4.1311445236206055]"
deco_b_velocity,0.25,19,110.2374379709363,11621.88657121889,"[5.432065963745117, 4.849943161010742, 4.404695510864258, 3.9378085136413574, 3.6300618648529053, 3.2284958362579346, 3.1239843368530273, 3.2563705444335938, 3.480602502822876, 3.781733989715576, 4.114798545837402]"
deco_b_velocity,0.25,20,110.73536760592833,11569.627912910919,"[5.421233654022217, 4.8367509841918945, 4.389926433563232, 3.921928882598877, 3.6140096187591553, 3.2126173973083496, 3.1085739135742188, 3.2418887615203857, 3.4653162956237793, 3.7654895782470703, 4.09606409072876]"
deco_b_velocity,0.25,21,108.93346819002181,11761.004412024711,"[5.410527229309082, 4.82409143447876, 4.375949382781982, 3.9077632427215576, 3.6003544330596924, 3.1993050575256348, 3.0956215858459473, 3.228633403778076, 3.451704502105713, 3.7511298656463623, 4.079097270965576]"
deco_b_velocity,0.25,22,109.04709160607308,11748.749839456048,"[5.401792049407959, 4.813258171081543, 4.363410949707031, 3.894731044769287, 3.5872294902801514, 3.186098337173462, 3.082780361175537, 3.2161951065063477, 3.4388186931610107, 3.7376608848571777, 4.064907073974609]"
deco_b_velocity,0.25,23,108.55810734117404,11801.670380762778,"[5.390552043914795, 4.800998687744141, 4.350731372833252, 3.881150484085083, 3.573805332183838, 3.173459768295288, 3.0706632137298584, 3.20430850982666, 3.4263315200805664, 3.7245917320251465, 4.049266815185547]"
deco_b_velocity,0.25,24,109.69523828430101,11679.331026927115,"[5.381481647491455, 4.791286468505859, 4.340053081512451, 3.8702595233917236, 3.5632402896881104, 3.1632204055786133, 3.060854911804199, 3.1945738792419434, 3.4161105155944824, 3.7131075859069824, 4.0349907875061035]"
deco_b_velocity,0.25,25,108.98821280756965,11755.096876962625,"[5.373270511627197, 4.781546115875244, 4.3293962478637695, 3.8597800731658936, 3.5528244972229004, 3.1529765129089355, 3.0503687858581543, 3.1841015815734863, 3.4051434993743896, 3.7020962238311768, 4.022819995880127]"
deco_b_velocity,0.25,26,109.02885816898197,11750.714641203902,"[5.365386486053467, 4.773200511932373, 4.320513725280762, 3.8504340648651123, 3.5430843830108643, 3.1435658931732178, 3.041382074356079, 3.175290107727051, 3.3958945274353027, 3.692445993423462, 4.009814262390137]"
deco_b_velocity,0.25,27,110.41703317174688,11602.983373110776,"[5.357348442077637, 4.764808654785156, 4.311520576477051, 3.841299295425415, 3.534611701965332, 3.135006904602051, 3.033050298690796, 3.1673569679260254, 3.3872523307800293, 3.683499336242676, 3.9990649223327637]"
deco_b_velocity,0.25,28,110.66035129409283,11577.470928093737,"[5.349361896514893, 4.756507873535156, 4.302819728851318, 3.832341194152832, 3.525766611099243, 3.126946210861206, 3.024801731109619, 3.1588563919067383, 3.3784291744232178, 3.6736085414886475, 3.9865574836730957]"
deco_b_velocity,0.25,29,109.44029965018854,11706.53775707012,"[5.342169761657715, 4.7493486404418945, 4.295117378234863, 3.824712038040161, 3.518244981765747, 3.1196975708007812, 3.01802134513855, 3.15206241607666, 3.3712551593780518, 3.666256904602051, 3.9773714542388916]"
deco_b_velocity,0.25,30,108.41469821333885,11817.281430594538,"[5.335632801055908, 4.742692947387695, 4.288055896759033, 3.8173694610595703, 3.510819435119629, 3.11221981048584, 3.010833501815796, 3.1452975273132324, 3.3640663623809814, 3.658708095550537, 3.9673571586608887]"
deco_b_velocity,0.25,31,109.11367625882849,11741.58037678929,"[5.329562187194824, 4.736785888671875, 4.281803131103516, 3.8114683628082275, 3.5048818588256836, 3.106799364089966, 3.005009412765503, 3.1396067142486572, 3.358164072036743, 3.6521248817443848, 3.9590022563934326]"
deco_b_velocity,0.25,32,109.09427077462897,11743.668947076816,"[5.3245038986206055, 4.731654167175293, 4.2770466804504395, 3.806410074234009, 3.5001213550567627, 3.101954698562622, 3.0007479190826416, 3.1349289417266846, 3.3533692359924316, 3.6463496685028076, 3.951651096343994]"
deco_b_velocity,0.25,33,108.69000671198592,11787.348614255976,"[5.319332122802734, 4.726698398590088, 4.271842002868652, 3.801441192626953, 3.494915246963501, 3.0968761444091797, 2.9956371784210205, 3.130354881286621, 3.3483974933624268, 3.641472816467285, 3.9445972442626953]"
deco_b_velocity,0.25,34,108.96744749508798,11757.336979539254,"[5.315158843994141, 4.722748756408691, 4.267943382263184, 3.7976396083831787, 3.4914393424987793, 3.093270778656006, 2.992189407348633, 3.126925468444824, 3.344453811645508, 3.637465715408325, 3.9386093616485596]"
deco_b_velocity,0.25,35,109.80846048472449,11667.288607312947,"[5.311285495758057, 4.718893527984619, 4.2643890380859375, 3.793565511703491, 3.4877521991729736, 3.0896754264831543, 2.9884674549102783, 3.1231279373168945, 3.3403799533843994, 3.632767677307129, 3.9333865642547607]"
deco_b_velocity,0.25,36,109.9008706077002,11657.478170243312,"[5.308464527130127, 4.7163591384887695, 4.26139497756958, 3.7905962467193604, 3.484722137451172, 3.0869600772857666, 2.9856009483337402, 3.120370626449585, 3.337395429611206, 3.629549503326416, 3.9286298751831055]"
deco_b_velocity,0.25,37,109.67551588220522,11681.431262890175,"[5.305722713470459, 4.713850021362305, 4.259079933166504, 3.78877854347229, 3.482882261276245, 3.085170269012451, 2.9838647842407227, 3.1185765266418457, 3.335650682449341, 3.6278626918792725, 3.92606782913208]"
deco_b_velocity,0.25,38,109.70265626301989,11678.54128279548,"[5.304018974304199, 4.7123260498046875, 4.257325649261475, 3.7870912551879883, 3.481428623199463, 3.083926200866699, 2.9827871322631836, 3.117098569869995, 3.3337581157684326, 3.6256096363067627, 3.9230966567993164]"
deco_b_velocity,0.25,39,109.01506656128913,11752.201236144894,"[5.302669525146484, 4.711185932159424, 4.256147384643555, 3.7858827114105225, 3.48002552986145, 3.08229398727417, 2.981154680252075, 3.1161093711853027, 3.333151340484619, 3.6251487731933594, 3.9216322898864746]"
deco_b_velocity,0.25,40,109.7099938923493,11677.760198010028,"[5.302155017852783, 4.710769176483154, 4.2559027671813965, 3.785616397857666, 3.479707956314087, 3.0822160243988037, 2.980700731277466, 3.1155714988708496, 3.3324460983276367, 3.624133348464966, 3.921092987060547]"
deco_b_velocity,0.5,1,111.27665711985901,11513.34909908393,"[6.204933166503906, 5.897188186645508, 5.568922519683838, 5.233328819274902, 4.9485602378845215, 4.573056221008301, 4.426433563232422, 4.556962966918945, 4.7111897468566895, 5.008159637451172, 5.399593830108643]"
deco_b_velocity,0.5,2,111.00881710415706,11541.128294321972,"[5.920675277709961, 5.4801177978515625, 5.041149616241455, 4.5619635581970215, 4.243288993835449, 3.832069158554077, 3.6859090328216553, 3.824392080307007, 4.023903846740723, 4.357054710388184, 4.767714023590088]"
deco_b_velocity,0.5,3,108.69571112189442,11786.730007803742,"[5.830591201782227, 5.346385478973389, 4.867018222808838, 4.348705291748047, 4.028385162353516, 3.616515636444092, 3.479188919067383, 3.6173715591430664, 3.8252041339874268, 4.165237903594971, 4.576530456542969]"
deco_b_velocity,0.5,4,109.84610292222351,11663.29042102777,"[5.777073860168457, 5.263747692108154, 4.760172367095947, 4.222818851470947, 3.901289939880371, 3.4899680614471436, 3.3586132526397705, 3.496741533279419, 3.708087205886841, 4.050887107849121, 4.4655280113220215]"
deco_b_velocity,0.5,5,109.73606180213392,11674.986134549677,"[5.739740371704102, 5.204273700714111, 4.684197425842285, 4.136414527893066, 3.813835620880127, 3.4041268825531006, 3.277371406555176, 3.4154751300811768, 3.6273818016052246, 3.970205307006836, 4.381166458129883]"
deco_b_velocity,0.5,6,110.61310774693266,11582.415738025653,"[5.7131829261779785, 5.160064697265625, 4.627175331115723, 4.071953296661377, 3.747690200805664, 3.3393702507019043, 3.2157013416290283, 3.3536806106567383, 3.566723108291626, 3.9097025394439697, 4.322082996368408]"
deco_b_velocity,0.5,7,108.79598073102534,11775.86700714073,"[5.689380168914795, 5.122341632843018, 4.579319477081299, 4.019073009490967, 3.694995641708374, 3.287461280822754, 3.1658213138580322, 3.3041586875915527, 3.5166022777557373, 3.85856556892395, 4.273117542266846]"
deco_b_velocity,0.5,8,109.51340737193823,11698.722839010914,"[5.671120643615723, 5.09161376953125, 4.540198802947998, 3.9766509532928467, 3.6522998809814453, 3.2465832233428955, 3.1271393299102783, 3.264657974243164, 3.477282762527466, 3.817488193511963, 4.231598377227783]"
deco_b_velocity,0.5,9,109.74803510680795,11673.712415471991,"[5.652853012084961, 5.063381671905518, 4.505475044250488, 3.9392998218536377, 3.614461660385132, 3.210228681564331, 3.0924673080444336, 3.2298319339752197, 3.4417433738708496, 3.7802088260650635, 4.1941819190979]"
deco_b_velocity,0.5,10,109.13522016489878,11739.262522806202,"[5.639140605926514, 5.040548801422119, 4.477420330047607, 3.909167528152466, 3.5840868949890137, 3.1809914112091064, 3.0639147758483887, 3.201892375946045, 3.413536310195923, 3.750967502593994, 4.164463996887207]"
deco_b_velocity,0.5,11,109.23883615899831,11728.127514423968,"[5.624807834625244, 5.018391132354736, 4.450802803039551, 3.880885124206543, 3.555954694747925, 3.1542952060699463, 3.0374608039855957, 3.174940586090088, 3.385462522506714, 3.72109317779541, 4.133810520172119]"
deco_b_velocity,0.5,12,108.89286332484335,11765.389951939194,"[5.609767436981201, 4.997322082519531, 4.426052093505859, 3.855020523071289, 3.5303056240081787, 3.129493474960327, 3.0132968425750732, 3.1512057781219482, 3.361016035079956, 3.6943976879119873, 4.104981422424316]"
deco_b_velocity,0.5,13,109.98699218966067,11648.350177544324,"[5.597326278686523, 4.9791178703308105, 4.404225826263428, 3.8328988552093506, 3.5082592964172363, 3.1090128421783447, 2.9935407638549805, 3.130962610244751, 3.3400113582611084, 3.671916961669922, 4.084121227264404]"
deco_b_velocity,0.5,14,110.19761707121506,11626.086244424392,"[5.584935188293457, 4.961711406707764, 4.383845329284668, 3.811361074447632, 3.4871230125427246, 3.0890588760375977, 2.9741063117980957, 3.1113784313201904, 3.3183186054229736, 3.649646759033203, 4.057442665100098]"
deco_b_velocity,0.5,15,110.79683248326182,11563.20962689567,"[5.573862075805664, 4.946238040924072, 4.365602016448975, 3.792722463607788, 3.468567371368408, 3.071536064147949, 2.9567859172821045, 3.0945186614990234, 3.3013274669647217, 3.630159378051758, 4.036095142364502]"
deco_b_velocity,0.5,16,110.10553986020386,11635.808712501124,"[5.563281059265137, 4.932556629180908, 4.349545478820801, 3.775613784790039, 3.4520814418792725, 3.0552823543548584, 2.94100022315979, 3.0779101848602295, 3.284395694732666, 3.6116297245025635, 4.015605926513672]"
deco_b_velocity,0.5,17,111.08101918362081,11533.62662150395,"[5.552550792694092, 4.919258117675781, 4.334834098815918, 3.7603683471679688, 3.4364707469940186, 3.040870428085327, 2.9268577098846436, 3.0637433528900146, 3.269324779510498, 3.5946030616760254, 3.9945485591888428]"
deco_b_velocity,0.5,18,110.45804596599191,11598.675214609977,"[5.540835857391357, 4.904958248138428, 4.31835412979126, 3.7440714836120605, 3.420522689819336, 3.0259711742401123, 2.9121689796447754, 3.049747943878174, 3.254145383834839, 3.5779900550842285, 3.977139472961426]"
deco_b_velocity,0.5,19,108.6944923158735,11786.862173999052,"[5.531518936157227, 4.8931379318237305, 4.304684638977051, 3.731325387954712, 3.407562732696533, 3.0132694244384766, 2.9006495475769043, 3.0370631217956543, 3.2407853603363037, 3.5648412704467773, 3.961942434310913]"
deco_b_velocity,0.5,20,109.89836241398007,11657.74422710619,"[5.521611213684082, 4.881344318389893, 4.291353225708008, 3.7172951698303223, 3.3941493034362793, 3.000293731689453, 2.8866779804229736, 3.0241787433624268, 3.227480888366699, 3.5492336750030518, 3.94381046295166]"
deco_b_velocity,0.5,21,109.34513418469578,11716.72621331252,"[5.511557102203369, 4.8700103759765625, 4.278773307800293, 3.70499849319458, 3.3825972080230713, 2.989401340484619, 2.876023530960083, 3.0130672454833984, 3.215449571609497, 3.535933256149292, 3.9270594120025635]"
deco_b_velocity,0.5,22,109.61881756270304,11687.473268603357,"[5.503607749938965, 4.8603715896606445, 4.268365383148193, 3.693866491317749, 3.3711085319519043, 2.9779183864593506, 2.8645715713500977, 3.0017521381378174, 3.2035980224609375, 3.5228633880615234, 3.912877082824707]"
deco_b_velocity,0.5,23,110.08102057687938,11638.40045528327,"[5.4927239418029785, 4.848747253417969, 4.2565016746521, 3.6816577911376953, 3.35929274559021, 2.966867208480835, 2.853416919708252, 2.9905312061309814, 3.192495822906494, 3.5110058784484863, 3.8979949951171875]"
deco_b_velocity,0.5,24,111.98756832908839,11440.260906774429,"[5.484530925750732, 4.839812278747559, 4.246448993682861, 3.6726582050323486, 3.3501787185668945, 2.9576354026794434, 2.844534397125244, 2.9818263053894043, 3.1830034255981445, 3.5002517700195312, 3.8833298683166504]"
deco_b_velocity,0.5,25,113.10426100995392,11327.309763221467,"[5.476640224456787, 4.83074951171875, 4.23672342300415, 3.66313099861145, 3.3411529064178467, 2.949427604675293, 2.836336135864258, 2.9730355739593506, 3.17352294921875, 3.489821434020996, 3.8723416328430176]"
deco_b_velocity,0.5,26,113.17575140995905,11320.154574094235,"[5.4692769050598145, 4.8233819007873535, 4.2291131019592285, 3.654787302017212, 3.3323566913604736, 2.9407005310058594, 2.827777624130249, 2.9647579193115234, 3.164642333984375, 3.4805750846862793, 3.859090805053711]"
deco_b_velocity,0.5,27,114.31806926615536,11207.038469283334,"[5.462365627288818, 4.815828800201416, 4.220642566680908, 3.6468706130981445, 3.3249685764312744, 2.9330620765686035, 2.8202128410339355, 2.9578490257263184, 3.156919479370117, 3.471897840499878, 3.848257541656494]"
deco_b_velocity,0.5,28,113.99078437173739,11239.21558274363,"[5.4540696144104, 4.807669639587402, 4.21211576461792, 3.6385772228240967, 3.316513776779175, 2.9251468181610107, 2.8122568130493164, 2.9495224952697754, 3.1483583450317383, 3.462184429168701, 3.835785150527954]"
deco_b_velocity,0.5,29,115.08207907434553,11132.636899723877,"[5.447231292724609, 4.801623821258545, 4.205577373504639, 3.6321377754211426, 3.3103322982788086, 2.918833017349243, 2.8065733909606934, 2.943525552749634, 3.1423494815826416, 3.4551618099212646, 3.8267593383789062]"
deco_b_velocity,0.5,30,116.17927578184754,11027.500312583084,"[5.4411163330078125, 4.79473876953125, 4.198480606079102, 3.6252758502960205, 3.3038511276245117, 2.912095546722412, 2.7991886138916016, 2.9369723796844482, 3.135117769241333, 3.4479353427886963, 3.8177363872528076]"
deco_b_velocity,0.5,31,116.81379331229255,10967.60034643255,"[5.434926986694336, 4.789112567901611, 4.192657947540283, 3.6193344593048096, 3.29785418510437, 2.9066238403320312, 2.794304132461548, 2.9317452907562256, 3.129551649093628, 3.4413537979125977, 3.8083107471466064]"
deco_b_velocity,0.5,32,116.60550031298772,10987.191826810433,"[5.4303202629089355, 4.784470081329346, 4.188271999359131, 3.6151950359344482, 3.293865919113159, 2.902393341064453, 2.7901792526245117, 2.927741527557373, 3.1255249977111816, 3.436899185180664, 3.8026463985443115]"
deco_b_velocity,0.5,33,116.97300019208342,10952.672821045653,"[5.425446510314941, 4.779788970947266, 4.1830339431762695, 3.609769344329834, 3.28806471824646, 2.8971750736236572, 2.784407615661621, 2.922153949737549, 3.119753360748291, 3.430657386779785, 3.7942581176757812]"
deco_b_velocity,0.5,34,116.87942007323727,10961.44213581154,"[5.421319961547852, 4.776115894317627, 4.179453372955322, 3.6064977645874023, 3.2845518589019775, 2.893717050552368, 2.7811219692230225, 2.9192001819610596, 3.1163148880004883, 3.4266507625579834, 3.7885355949401855]"
deco_b_velocity,0.5,35,117.96888625668362,10860.211032359513,"[5.417377471923828, 4.77224588394165, 4.176182270050049, 3.6033272743225098, 3.2823569774627686, 2.891148090362549, 2.778514862060547, 2.9162986278533936, 3.1128509044647217, 3.42294979095459, 3.7839648723602295]"
deco_b_velocity,0.5,36,117.51822403864935,10901.858077591865,"[5.415162086486816, 4.770054817199707, 4.1737141609191895, 3.6000375747680664, 3.2786545753479004, 2.8882408142089844, 2.7752206325531006, 2.913130760192871, 3.1100239753723145, 3.419463634490967, 3.7789053916931152]"
deco_b_velocity,0.5,37,118.79517633793876,10784.671899096655,"[5.41234016418457, 4.767599105834961, 4.171048641204834, 3.597811460494995, 3.276888847351074, 2.8862087726593018, 2.7728891372680664, 2.9113669395446777, 3.107841968536377, 3.4174702167510986, 3.7762277126312256]"
deco_b_velocity,0.5,38,118.89111673878506,10775.969097967547,"[5.409969806671143, 4.765866756439209, 4.16934871673584, 3.596395969390869, 3.27488374710083, 2.8844165802001953, 2.771843910217285, 2.9094533920288086, 3.106048107147217, 3.415421962738037, 3.7733800411224365]"
deco_b_velocity,0.5,39,119.48645754856989,10722.277873868845,"[5.409086227416992, 4.764991760253906, 4.168162822723389, 3.595720052719116, 3.274214029312134, 2.8832454681396484, 2.7707276344299316, 2.908665180206299, 3.1056642532348633, 3.414668321609497, 3.7721502780914307]"
deco_b_velocity,0.5,40,114.94225064106286,11146.179867321182,"[5.40860652923584, 4.764374256134033, 4.167887210845947, 3.5950770378112793, 3.27388858795166, 2.8830862045288086, 2.7699248790740967, 2.908005714416504, 3.1048390865325928, 3.4140965938568115, 3.771125078201294]"
deco_b_velocity,0.75,1,115.09919014433399,11130.981880875279,"[6.333207607269287, 5.991907119750977, 5.632290840148926, 5.242834568023682, 4.976334571838379, 4.650361061096191, 4.528403282165527, 4.656290054321289, 4.792451858520508, 5.064260959625244, 5.449060440063477]"
deco_b_velocity,0.75,2,109.02935464307666,11750.661133362526,"[6.108526706695557, 5.663625717163086, 5.212591171264648, 4.715099334716797, 4.4417948722839355, 4.1134514808654785, 3.9946274757385254, 4.103815078735352, 4.250335693359375, 4.528871059417725, 4.904513359069824]"
deco_b_velocity,0.75,3,113.60470243915915,11277.411695929817,"[6.033974647521973, 5.566819667816162, 5.083230972290039, 4.567347526550293, 4.295252799987793, 3.9703893661499023, 3.8572371006011963, 3.9610369205474854, 4.106163501739502, 4.38092565536499, 4.750647068023682]"
deco_b_velocity,0.75,4,114.13681419705972,11224.835816672059,"[5.987630367279053, 5.5067057609558105, 5.004880428314209, 4.482903957366943, 4.211273193359375, 3.888808250427246, 3.777987480163574, 3.8789970874786377, 4.02232027053833, 4.292938709259033, 4.66192626953125]"
deco_b_velocity,0.75,5,115.02956649614498,11137.719101488017,"[5.953941345214844, 5.4627180099487305, 4.9494171142578125, 4.425044536590576, 4.153201580047607, 3.832674264907837, 3.723902940750122, 3.8228282928466797, 3.9645159244537354, 4.229980945587158, 4.592495918273926]"
deco_b_velocity,0.75,6,112.69531753705814,11368.413772637072,"[5.930170059204102, 5.43120813369751, 4.908885955810547, 4.3824567794799805, 4.109835147857666, 3.790602684020996, 3.6829705238342285, 3.7805819511413574, 3.9207098484039307, 4.182904243469238, 4.544676303863525]"
deco_b_velocity,0.75,7,115.71189016010612,11072.042797220736,"[5.908637046813965, 5.40270471572876, 4.873672962188721, 4.346756935119629, 4.073154926300049, 3.7554166316986084, 3.649193286895752, 3.7451093196868896, 3.8842272758483887, 4.143749237060547, 4.504998683929443]"
deco_b_velocity,0.75,8,114.72132577979937,11167.644649253116,"[5.891659736633301, 5.379555702209473, 4.845085620880127, 4.318400859832764, 4.045835971832275, 3.7297844886779785, 3.624680519104004, 3.7176549434661865, 3.8557534217834473, 4.111914157867432, 4.471083164215088]"
deco_b_velocity,0.75,9,115.93524584220722,11050.711892600137,"[5.87561559677124, 5.358682155609131, 4.819954872131348, 4.292652606964111, 4.019833564758301, 3.7047293186187744, 3.599708318710327, 3.6926286220550537, 3.8294382095336914, 4.081790924072266, 4.439537525177002]"
deco_b_velocity,0.75,10,116.5599113269709,10991.489144205874,"[5.863128662109375, 5.341499328613281, 4.799541473388672, 4.272367477416992, 3.9993584156036377, 3.6853106021881104, 3.5804598331451416, 3.672334671020508, 3.8084278106689453, 4.059296607971191, 4.414815425872803]"
deco_b_velocity,0.75,11,116.64865878410637,10983.126710193788,"[5.849946022033691, 5.324381351470947, 4.779387474060059, 4.252381801605225, 3.980149984359741, 3.666792869567871, 3.5617494583129883, 3.6529417037963867, 3.787980079650879, 4.035701751708984, 4.388934135437012]"
deco_b_velocity,0.75,12,116.87972478708252,10961.413558543849,"[5.8361430168151855, 5.307640552520752, 4.760391712188721, 4.2334513664245605, 3.9609627723693848, 3.648698329925537, 3.5438392162323, 3.634958505630493, 3.7694807052612305, 4.014939308166504, 4.366033554077148]"
deco_b_velocity,0.75,13,118.19732870021835,10839.221275883481,"[5.82493782043457, 5.293971538543701, 4.7439799308776855, 4.218803405761719, 3.946042060852051, 3.6336448192596436, 3.5297763347625732, 3.6187050342559814, 3.752621650695801, 3.9970152378082275, 4.346566200256348]"
deco_b_velocity,0.75,14,110.11651176214218,11634.649331858534,"[5.813126564025879, 5.279051780700684, 4.727514266967773, 4.201564788818359, 3.9292054176330566, 3.6183338165283203, 3.5137264728546143, 3.602217197418213, 3.7349846363067627, 3.977203607559204, 4.321896553039551]"
deco_b_velocity,0.75,15,109.15138501068577,11737.523989041234,"[5.803826332092285, 5.267530918121338, 4.713988780975342, 4.18876314163208, 3.915910243988037, 3.6049437522888184, 3.5003371238708496, 3.5890729427337646, 3.720905065536499, 3.9608473777770996, 4.304541110992432]"
deco_b_velocity,0.75,16,109.54291436681524,11695.571615977698,"[5.793592929840088, 5.255526542663574, 4.700251579284668, 4.174601078033447, 3.9020845890045166, 3.5920379161834717, 3.487203359603882, 3.5755505561828613, 3.7077550888061523, 3.946422576904297, 4.286581039428711]"
deco_b_velocity,0.75,17,108.86275203013793,11768.64424339849,"[5.783596515655518, 5.245009422302246, 4.6891560554504395, 4.163356304168701, 3.8907101154327393, 3.5805792808532715, 3.4776246547698975, 3.565894842147827, 3.6972458362579346, 3.9336183071136475, 4.268527030944824]"
deco_b_velocity,0.75,18,109.21523148473352,11730.662313150762,"[5.773858547210693, 5.233256816864014, 4.675634384155273, 4.151144981384277, 3.8783857822418213, 3.569363594055176, 3.4653499126434326, 3.5530636310577393, 3.684211254119873, 3.919044017791748, 4.252888202667236]"
deco_b_velocity,0.75,19,109.15154307894409,11737.506991297349,"[5.7649664878845215, 5.222986698150635, 4.664426326751709, 4.140299320220947, 3.8680078983306885, 3.5590972900390625, 3.4553816318511963, 3.5420756340026855, 3.672877788543701, 3.90740704536438, 4.238865852355957]"
deco_b_velocity,0.75,20,109.00087143294513,11753.731719366528,"[5.755873680114746, 5.212941646575928, 4.653135776519775, 4.128381252288818, 3.8565213680267334, 3.5473508834838867, 3.4431662559509277, 3.5313475131988525, 3.661600351333618, 3.893719434738159, 4.222208499908447]"
deco_b_velocity,0.75,21,108.64000583114102,11792.773667476746,"[5.747196674346924, 5.203339576721191, 4.642813682556152, 4.117755889892578, 3.8455617427825928, 3.536907434463501, 3.432539224624634, 3.5207717418670654, 3.6503024101257324, 3.8817081451416016, 4.206454753875732]"
deco_b_velocity,0.75,22,109.15093999216333,11737.57184401695,"[5.739267349243164, 5.194730758666992, 4.633570194244385, 4.109572887420654, 3.837151527404785, 3.5287249088287354, 3.424129009246826, 3.5118820667266846, 3.6418182849884033, 3.871307611465454, 4.19425106048584]"
deco_b_velocity,0.75,23,112.36437088111416,11401.897149012868,"[5.729842662811279, 5.18468713760376, 4.623347282409668, 4.09881067276001, 3.825746774673462, 3.516782283782959, 3.4136271476745605, 3.501451253890991, 3.6308553218841553, 3.859696626663208, 4.180613994598389]"
deco_b_velocity,0.75,24,111.01317853713408,11540.674871960788,"[5.72195291519165, 5.176707744598389, 4.613762378692627, 4.089896202087402, 3.8170998096466064, 3.5084433555603027, 3.4050557613372803, 3.493048906326294, 3.6217193603515625, 3.849428653717041, 4.165960788726807]"
deco_b_velocity,0.75,25,113.03846289590001,11333.903232387893,"[5.714737415313721, 5.168447017669678, 4.606154918670654, 4.082634925842285, 3.8097445964813232, 3.5020179748535156, 3.3974804878234863, 3.4856693744659424, 3.614335060119629, 3.8408024311065674, 4.1555986404418945]"
deco_b_velocity,0.75,26,111.72201138734818,11467.4537639508,"[5.707415580749512, 5.16087007522583, 4.597134113311768, 4.074192523956299, 3.801335096359253, 3.4930360317230225, 3.389594078063965, 3.478546380996704, 3.6070070266723633, 3.832180976867676, 4.143516540527344]"
deco_b_velocity,0.75,27,112.78513902472332,11359.36002808986,"[5.701963901519775, 5.155118465423584, 4.590888500213623, 4.0670647621154785, 3.794840097427368, 3.486316680908203, 3.382129192352295, 3.4713709354400635, 3.5993292331695557, 3.8238584995269775, 4.133026123046875]"
deco_b_velocity,0.75,28,110.8239279948175,11560.382520099014,"[5.694059371948242, 5.147439956665039, 4.582690715789795, 4.0588459968566895, 3.7850592136383057, 3.4760217666625977, 3.3723268508911133, 3.4620068073272705, 3.5899877548217773, 3.8142342567443848, 4.120511054992676]"
deco_b_velocity,0.75,29,110.980322340969,11544.091537811746,"[5.687427997589111, 5.141184329986572, 4.57623815536499, 4.052513599395752, 3.77970552444458, 3.4708948135375977, 3.3686752319335938, 3.457387685775757, 3.5856690406799316, 3.80842924118042, 4.11257791519165]"
deco_b_velocity,0.75,30,111.52862469293177,11487.33792358147,"[5.681770324707031, 5.134477138519287, 4.568874835968018, 4.046019077301025, 3.773155689239502, 3.4640417098999023, 3.3602328300476074, 3.449892044067383, 3.5778043270111084, 3.801067352294922, 4.103249549865723]"
deco_b_velocity,0.75,31,110.93264135392383,11549.05341082175,"[5.675835132598877, 5.129576206207275, 4.564277172088623, 4.040707588195801, 3.768373727798462, 3.458357095718384, 3.355382204055786, 3.4452648162841797, 3.573726177215576, 3.7962989807128906, 4.094672203063965]"
deco_b_velocity,0.75,32,110.66242140438408,11577.25435374618,"[5.671883583068848, 5.124409198760986, 4.559262752532959, 4.037031650543213, 3.7638542652130127, 3.4529497623443604, 3.3499042987823486, 3.440260171890259, 3.568171739578247, 3.7906036376953125, 4.088581085205078]"
deco_b_velocity,0.75,33,110.63468635408208,11580.15665990749,"[5.667322158813477, 5.120654582977295, 4.554749488830566, 4.030681133270264, 3.7575478553771973, 3.4484004974365234, 3.3447582721710205, 3.4357292652130127, 3.5630669593811035, 3.7845327854156494, 4.0804667472839355]"
deco_b_velocity,0.75,34,110.3441560617648,11610.646596298862,"[5.663570880889893, 5.116912841796875, 4.5510687828063965, 4.02744197845459, 3.754134178161621, 3.445530414581299, 3.342970371246338, 3.433044672012329, 3.5607051849365234, 3.781259536743164, 4.07527494430542]"
deco_b_velocity,0.75,35,109.8434499274008,11663.57211874505,"[5.659531116485596, 5.113600254058838, 4.54771089553833, 4.024776458740234, 3.7517523765563965, 3.4414010047912598, 3.3389780521392822, 3.430121898651123, 3.5574944019317627, 3.7783894538879395, 4.071104526519775]"
deco_b_velocity,0.75,36,109.98436847515404,11648.628052898457,"[5.657438278198242, 5.110982418060303, 4.545318126678467, 4.022135257720947, 3.7488601207733154, 3.4388952255249023, 3.334679126739502, 3.4262313842773438, 3.553820848464966, 3.7740981578826904, 4.06574010848999]"
deco_b_velocity,0.75,37,110.40184800419956,11604.579299716666,"[5.655159950256348, 5.108645439147949, 4.541815757751465, 4.018144130706787, 3.7454257011413574, 3.4356863498687744, 3.3325369358062744, 3.4241456985473633, 3.550715446472168, 3.770836114883423, 4.062361240386963]"
deco_b_velocity,0.75,38,111.43366554006934,11497.12695701747,"[5.652592658996582, 5.106673240661621, 4.539523601531982, 4.016039848327637, 3.742687702178955, 3.432572841644287, 3.3297414779663086, 3.4216718673706055, 3.5495893955230713, 3.76932430267334, 4.059504508972168]"
deco_b_velocity,0.75,39,111.1993259950541,11521.35580441363,"[5.652066230773926, 5.105873107910156, 4.539580821990967, 4.0174784660339355, 3.743457317352295, 3.4335484504699707, 3.3302438259124756, 3.42221736907959, 3.5497894287109375, 3.769538164138794, 4.0588788986206055]"
deco_b_velocity,0.75,40,110.19500904902816,11626.361402901477,"[5.651483058929443, 5.105524063110352, 4.538707256317139, 4.015540599822998, 3.7421786785125732, 3.432161331176758, 3.3281359672546387, 3.4196994304656982, 3.5477006435394287, 3.76847505569458, 4.057855606079102]"
dip_b_velocity,0.25,1,111.7608053078875,11463.473231698179,"[6.415963649749756, 6.182712078094482, 5.904156684875488, 5.6644158363342285, 5.450169086456299, 5.173417091369629, 4.8463239669799805, 4.797048091888428, 4.826782703399658, 5.262314796447754, 5.649106502532959]"
dip_b_velocity,0.25,2,111.67928521800786,11471.840973006305,"[6.212075710296631, 5.858466625213623, 5.530936241149902, 5.205672740936279, 4.9107136726379395, 4.51050329208374, 4.113715171813965, 4.1146931648254395, 4.183627128601074, 4.682336330413818, 5.095003128051758]"
dip_b_velocity,0.25,3,110.37087996443734,11607.835331319326,"[6.132688999176025, 5.736042499542236, 5.40015172958374, 5.040754318237305, 4.713418960571289, 4.275606632232666, 3.874570608139038, 3.8969719409942627, 3.978839874267578, 4.4946980476379395, 4.925485134124756]"
dip_b_velocity,0.25,4,111.46607318893075,11493.784282043118,"[6.079847812652588, 5.65858793258667, 5.314498424530029, 4.934207439422607, 4.587469577789307, 4.130659580230713, 3.7300851345062256, 3.765364646911621, 3.854954957962036, 4.380189895629883, 4.825255870819092]"
dip_b_velocity,0.25,5,110.63411915395409,11580.216029172505,"[6.042114734649658, 5.6041579246521, 5.2514801025390625, 4.856436729431152, 4.497583866119385, 4.0285444259643555, 3.630579710006714, 3.6744210720062256, 3.7682714462280273, 4.297626972198486, 4.7474894523620605]"
dip_b_velocity,0.25,6,111.09030229970813,11532.662829052055,"[6.0125298500061035, 5.562662601470947, 5.202620506286621, 4.796779155731201, 4.428162097930908, 3.9509103298187256, 3.5545670986175537, 3.604738473892212, 3.7019712924957275, 4.23465633392334, 4.690633773803711]"
dip_b_velocity,0.25,7,111.4602300832048,11494.386823386349,"[5.986527442932129, 5.527530670166016, 5.160667896270752, 4.746092319488525, 4.371188163757324, 3.888112783432007, 3.4950735569000244, 3.5494723320007324, 3.649176836013794, 4.18358039855957, 4.64500093460083]"
dip_b_velocity,0.25,8,111.07787979533896,11533.952595787305,"[5.966086387634277, 5.499445915222168, 5.126134395599365, 4.704821586608887, 4.324295520782471, 3.836202383041382, 3.445110559463501, 3.50357985496521, 3.604891538619995, 4.140560626983643, 4.605896949768066]"
dip_b_velocity,0.25,9,110.66649705031887,11576.827984511583,"[5.944452285766602, 5.472559928894043, 5.093641757965088, 4.666309833526611, 4.2823004722595215, 3.7907941341400146, 3.4018354415893555, 3.462977886199951, 3.565056324005127, 4.10125207901001, 4.571063041687012]"
dip_b_velocity,0.25,10,110.06168436957523,11640.445149812353,"[5.9285736083984375, 5.451858997344971, 5.067948818206787, 4.635498046875, 4.247897148132324, 3.7535247802734375, 3.367187023162842, 3.4306371212005615, 3.5339736938476562, 4.070574760437012, 4.54146671295166]"
dip_b_velocity,0.25,11,110.91016533086076,11551.393834623697,"[5.91266393661499, 5.431452751159668, 5.043181419372559, 4.606077194213867, 4.216308116912842, 3.719546318054199, 3.33457612991333, 3.399780750274658, 3.504063844680786, 4.0398173332214355, 4.513019561767578]"
dip_b_velocity,0.25,12,110.90301012573764,11552.139103776006,"[5.8962836265563965, 5.411417484283447, 5.018990993499756, 4.579062461853027, 4.187475204467773, 3.6887829303741455, 3.306152582168579, 3.3730082511901855, 3.4770915508270264, 4.011484146118164, 4.484598159790039]"
dip_b_velocity,0.25,13,110.90886229136959,11551.529548957375,"[5.882166862487793, 5.394222736358643, 4.998091697692871, 4.555032253265381, 4.16152811050415, 3.660891056060791, 3.2798876762390137, 3.3482606410980225, 3.4533700942993164, 3.9877426624298096, 4.462328910827637]"
dip_b_velocity,0.25,14,110.71256592171267,11572.010722847323,"[5.868963241577148, 5.378355026245117, 4.9789838790893555, 4.532618999481201, 4.138079643249512, 3.63608717918396, 3.2568559646606445, 3.3254926204681396, 3.430086851119995, 3.964398145675659, 4.437627792358398]"
dip_b_velocity,0.25,15,109.13496257690713,11739.290230636812,"[5.856398105621338, 5.363645076751709, 4.961089611053467, 4.512684345245361, 4.1173834800720215, 3.6141891479492188, 3.2361466884613037, 3.305623769760132, 3.41117262840271, 3.942366600036621, 4.414079189300537]"
dip_b_velocity,0.25,16,110.83603100012988,11559.120156499457,"[5.844862461090088, 5.349673271179199, 4.944692611694336, 4.493914604187012, 4.098260402679443, 3.5937891006469727, 3.2168617248535156, 3.2871148586273193, 3.3923208713531494, 3.923436164855957, 4.394870758056641]"
dip_b_velocity,0.25,17,110.49882554914802,11594.394724405089,"[5.833914756774902, 5.337226390838623, 4.930086135864258, 4.477376937866211, 4.080820083618164, 3.5758233070373535, 3.200317621231079, 3.270940065383911, 3.3760290145874023, 3.9044835567474365, 4.373019218444824]"
dip_b_velocity,0.25,18,110.69464633613825,11573.88403509213,"[5.821967601776123, 5.323434829711914, 4.9140400886535645, 4.460075855255127, 4.06299352645874, 3.5577750205993652, 3.1836628913879395, 3.254283905029297, 3.3592512607574463, 3.8866844177246094, 4.355534553527832]"
dip_b_velocity,0.25,19,110.71385844377801,11571.875626126732,"[5.811776638031006, 5.31217622756958, 4.900847911834717, 4.445279121398926, 4.048031330108643, 3.5418524742126465, 3.168708324432373, 3.2393929958343506, 3.344407796859741, 3.8716623783111572, 4.339349269866943]"
dip_b_velocity,0.25,20,111.42450904613361,11498.071752504222,"[5.801251411437988, 5.300024032592773, 4.8868889808654785, 4.430391311645508, 4.032792091369629, 3.526057004928589, 3.1539103984832764, 3.2252695560455322, 3.329576015472412, 3.854743003845215, 4.319823741912842]"
dip_b_velocity,0.25,21,110.16559956315905,11629.46514229693,"[5.791583061218262, 5.289299488067627, 4.874817371368408, 4.416973114013672, 4.019515514373779, 3.512410879135132, 3.1410486698150635, 3.2123043537139893, 3.316654920578003, 3.840073823928833, 4.302250862121582]"
dip_b_velocity,0.25,22,109.11854542419314,11741.056435636347,"[5.782805919647217, 5.279698848724365, 4.863475322723389, 4.404493808746338, 4.006752967834473, 3.499298572540283, 3.1285550594329834, 3.1996374130249023, 3.3034825325012207, 3.8263792991638184, 4.288135051727295]"
dip_b_velocity,0.25,23,109.71941297128797,11676.757697703537,"[5.772669315338135, 5.268963813781738, 4.851970672607422, 4.3924102783203125, 3.9949088096618652, 3.4874095916748047, 3.1171352863311768, 3.1877622604370117, 3.2914490699768066, 3.8128507137298584, 4.271825313568115]"
dip_b_velocity,0.25,24,110.60169869381934,11583.610515302098,"[5.764482498168945, 5.259951114654541, 4.841669082641602, 4.381504535675049, 3.984243631362915, 3.4761698246002197, 3.1068997383117676, 3.1777851581573486, 3.2807204723358154, 3.8006341457366943, 4.2564215660095215]"
dip_b_velocity,0.25,25,109.96243632817641,11650.95138649377,"[5.756424903869629, 5.251157760620117, 4.83189058303833, 4.371184349060059, 3.97383975982666, 3.4656949043273926, 3.0968687534332275, 3.168165922164917, 3.2706658840179443, 3.789583206176758, 4.2440290451049805]"
dip_b_velocity,0.25,26,109.99448302015662,11647.556903060535,"[5.749061584472656, 5.243688106536865, 4.823959827423096, 4.362792015075684, 3.9654345512390137, 3.4565582275390625, 3.0882065296173096, 3.1590263843536377, 3.2613797187805176, 3.779035806655884, 4.230473518371582]"
dip_b_velocity,0.25,27,110.81504945410416,11561.308742009956,"[5.741331577301025, 5.2358293533325195, 4.815018653869629, 4.3538618087768555, 3.956862688064575, 3.448312997817993, 3.080687999725342, 3.1510119438171387, 3.2526755332946777, 3.7693867683410645, 4.2187981605529785]"
dip_b_velocity,0.25,28,110.63229808863252,11580.406645567458,"[5.734277248382568, 5.228132724761963, 4.806496620178223, 4.3444719314575195, 3.947932481765747, 3.4395527839660645, 3.0724940299987793, 3.142660617828369, 3.2439124584198, 3.7587831020355225, 4.205748081207275]"
dip_b_velocity,0.25,29,109.64911766024306,11684.243588441841,"[5.727806568145752, 5.221599578857422, 4.799480438232422, 4.337378025054932, 3.940981149673462, 3.432912588119507, 3.065878391265869, 3.1362531185150146, 3.2368762493133545, 3.7508716583251953, 4.195907115936279]"
dip_b_velocity,0.25,30,109.71090886043385,11677.662807714103,"[5.721609592437744, 5.215402126312256, 4.7926025390625, 4.330357551574707, 3.934335947036743, 3.425960063934326, 3.0599172115325928, 3.1296119689941406, 3.2294676303863525, 3.7424519062042236, 4.1848530769348145]"
dip_b_velocity,0.25,31,109.56137469876558,11693.600993256201,"[5.716174125671387, 5.20974063873291, 4.78629732131958, 4.32422399520874, 3.9283640384674072, 3.419569730758667, 3.0535457134246826, 3.122635841369629, 3.2227284908294678, 3.735114812850952, 4.175445556640625]"
dip_b_velocity,0.25,32,110.48991501191631,11595.329762556397,"[5.711593151092529, 5.205056190490723, 4.781534194946289, 4.318892478942871, 3.9234859943389893, 3.415071964263916, 3.049118757247925, 3.118319034576416, 3.2184338569641113, 3.729490280151367, 4.167691230773926]"
dip_b_velocity,0.25,33,109.86177456798032,11661.626667128328,"[5.707064628601074, 5.2005615234375, 4.776538848876953, 4.313602447509766, 3.9181387424468994, 3.4098262786865234, 3.044182300567627, 3.1130008697509766, 3.212473154067993, 3.723020553588867, 4.158936500549316]"
dip_b_velocity,0.25,34,109.80210774298757,11667.963633255671,"[5.703230857849121, 5.196800231933594, 4.772882461547852, 4.310552597045898, 3.9149463176727295, 3.406601905822754, 3.0409390926361084, 3.1099047660827637, 3.2086918354034424, 3.7185168266296387, 4.153101921081543]"
dip_b_velocity,0.25,35,111.10344330174848,11531.298778206614,"[5.699997425079346, 5.193492889404297, 4.768996715545654, 4.307060718536377, 3.9114267826080322, 3.4029598236083984, 3.037360668182373, 3.10585355758667, 3.204599618911743, 3.713757038116455, 4.146556854248047]"
dip_b_velocity,0.25,36,110.4958323459141,11594.708803036361,"[5.697233200073242, 5.190775394439697, 4.7660017013549805, 4.303804397583008, 3.9084248542785645, 3.399901866912842, 3.034468412399292, 3.1031739711761475, 3.201216459274292, 3.7100396156311035, 4.141530513763428]"
dip_b_velocity,0.25,37,110.20640218211338,11625.159470163111,"[5.694945812225342, 5.188353061676025, 4.763469696044922, 4.301516532897949, 3.9060075283050537, 3.3981103897094727, 3.0326550006866455, 3.1014981269836426, 3.199690103530884, 3.7075002193450928, 4.138097286224365]"
dip_b_velocity,0.25,38,110.32442707521841,11612.722893421504,"[5.69336462020874, 5.1867876052856445, 4.762155055999756, 4.299959182739258, 3.905036449432373, 3.3967537879943848, 3.031482219696045, 3.0998375415802, 3.1977508068084717, 3.7054176330566406, 4.135274887084961]"
dip_b_velocity,0.25,39,110.00460700923577,11646.484950329723,"[5.692397594451904, 5.185791492462158, 4.761341094970703, 4.298911094665527, 3.904155969619751, 3.3955390453338623, 3.0305423736572266, 3.0988659858703613, 3.1962592601776123, 3.704084634780884, 4.133209705352783]"
dip_b_velocity,0.25,40,110.4894679938443,11595.376674918714,"[5.69183349609375, 5.185188293457031, 4.760272979736328, 4.298083305358887, 3.9032156467437744, 3.395113945007324, 3.0293729305267334, 3.0977747440338135, 3.1955676078796387, 3.7033851146698, 4.132630348205566]"
dip_b_velocity,0.5,1,109.18200431531295,11734.232285203747,"[6.428581714630127, 6.1642680168151855, 5.868716716766357, 5.554833889007568, 5.257657051086426, 4.891605854034424, 4.4890031814575195, 4.454693794250488, 4.510726451873779, 5.075277328491211, 5.487499237060547]"
dip_b_velocity,0.5,2,108.50458823563531,11807.491469556458,"[6.236225128173828, 5.832271575927734, 5.466534614562988, 5.02711820602417, 4.646231174468994, 4.181562900543213, 3.7536559104919434, 3.761226177215576, 3.8541243076324463, 4.4496541023254395, 4.917948246002197]"
dip_b_velocity,0.5,3,109.84812238300219,11663.076001727333,"[6.164841651916504, 5.7100324630737305, 5.328845977783203, 4.853373050689697, 4.449859142303467, 3.9643044471740723, 3.5457639694213867, 3.5672428607940674, 3.6684725284576416, 4.26176643371582, 4.751674175262451]"
dip_b_velocity,0.5,4,110.13773524016142,11632.407341646753,"[6.117194652557373, 5.633383274078369, 5.2413859367370605, 4.747236728668213, 4.332711219787598, 3.83560848236084, 3.424391269683838, 3.453385353088379, 3.5592103004455566, 4.149855136871338, 4.654971122741699]"
dip_b_velocity,0.5,5,109.87012094212696,11660.740782062509,"[6.083470821380615, 5.579823017120361, 5.178861141204834, 4.672290802001953, 4.252011299133301, 3.747870445251465, 3.3431031703948975, 3.3764193058013916, 3.484551191329956, 4.071074962615967, 4.58023738861084]"
dip_b_velocity,0.5,6,109.98941559996456,11648.093528014098,"[6.056817054748535, 5.539254188537598, 5.131810188293457, 4.616001605987549, 4.1916399002075195, 3.6820507049560547, 3.2822153568267822, 3.318730354309082, 3.4289541244506836, 4.012322902679443, 4.527934551239014]"
dip_b_velocity,0.5,7,108.2682801457122,11833.26269038124,"[6.033690452575684, 5.505112648010254, 5.091366767883301, 4.568881034851074, 4.141895771026611, 3.6288719177246094, 3.2338380813598633, 3.272367000579834, 3.3831255435943604, 3.96396803855896, 4.484472274780273]"
dip_b_velocity,0.5,8,109.7828373182565,11670.01173677032,"[6.015275955200195, 5.4779791831970215, 5.059340476989746, 4.530920505523682, 4.102652549743652, 3.5863699913024902, 3.1946911811828613, 3.235271453857422, 3.346752166748047, 3.9244582653045654, 4.448139667510986]"
dip_b_velocity,0.5,9,109.16641592932865,11735.907871422585,"[5.995851516723633, 5.452493667602539, 5.029055595397949, 4.49567985534668, 4.067411422729492, 3.5491082668304443, 3.161202907562256, 3.202505350112915, 3.3138270378112793, 3.8883798122406006, 4.41485071182251]"
dip_b_velocity,0.5,10,108.89986062096432,11764.63397376803,"[5.981478691101074, 5.43238639831543, 5.00503396987915, 4.467592716217041, 4.038492679595947, 3.518979072570801, 3.1343750953674316, 3.176462411880493, 3.2876672744750977, 3.860295295715332, 4.387516021728516]"
dip_b_velocity,0.5,11,109.41434554476291,11709.314657243523,"[5.966757774353027, 5.412666320800781, 4.981905937194824, 4.440886974334717, 4.011270999908447, 3.490846872329712, 3.1078569889068604, 3.150317907333374, 3.262500047683716, 3.83115553855896, 4.359358310699463]"
dip_b_velocity,0.5,12,109.43374128919095,11707.23932954437,"[5.952023983001709, 5.394271373748779, 4.960638999938965, 4.417346000671387, 3.987658739089966, 3.465147018432617, 3.08526873588562, 3.1281824111938477, 3.240388870239258, 3.8058714866638184, 4.333026885986328]"
dip_b_velocity,0.5,13,108.54111638711765,11803.517806382697,"[5.9393510818481445, 5.378102779388428, 4.941257953643799, 4.395353317260742, 3.965886116027832, 3.4438788890838623, 3.0659565925598145, 3.1088292598724365, 3.2209410667419434, 3.7844738960266113, 4.313416481018066]"
dip_b_velocity,0.5,14,109.0777892395854,11745.443402652425,"[5.927161693572998, 5.362826347351074, 4.923274517059326, 4.373845100402832, 3.9448931217193604, 3.4224274158477783, 3.045755624771118, 3.089252471923828, 3.200599193572998, 3.7623720169067383, 4.2890520095825195]"
dip_b_velocity,0.5,15,109.84108373662457,11663.823374794485,"[5.915737628936768, 5.349168300628662, 4.907383441925049, 4.356547832489014, 3.9281153678894043, 3.405228853225708, 3.030665636062622, 3.073657512664795, 3.185343027114868, 3.7427330017089844, 4.269138813018799]"
dip_b_velocity,0.5,16,109.31814729934558,11719.618669458274,"[5.905254364013672, 5.336277008056641, 4.893001556396484, 4.339602947235107, 3.9115498065948486, 3.3880882263183594, 3.01473331451416, 3.057447671890259, 3.1695520877838135, 3.725553274154663, 4.249228477478027]"
dip_b_velocity,0.5,17,110.16477215895429,11629.552486628236,"[5.895609378814697, 5.324987411499023, 4.8799662590026855, 4.325040340423584, 3.897411346435547, 3.3740947246551514, 3.002413034439087, 3.044637441635132, 3.1555402278900146, 3.709044933319092, 4.2301130294799805]"
dip_b_velocity,0.5,18,110.88091513467953,11554.441072603462,"[5.884480953216553, 5.311627388000488, 4.865072727203369, 4.309286117553711, 3.8815574645996094, 3.358839988708496, 2.988509178161621, 3.0307366847991943, 3.1419405937194824, 3.692387104034424, 4.213541507720947]"
dip_b_velocity,0.5,19,109.88612199015915,11659.042805375686,"[5.875061511993408, 5.301285266876221, 4.853207588195801, 4.296411514282227, 3.868903160095215, 3.345163345336914, 2.9758894443511963, 3.0173048973083496, 3.1284396648406982, 3.678938865661621, 4.198217868804932]"
dip_b_velocity,0.5,20,109.45889115473256,11704.549411056294,"[5.8655290603637695, 5.29005765914917, 4.840461254119873, 4.282369136810303, 3.8559913635253906, 3.332583427429199, 2.963833808898926, 3.005598306655884, 3.1156394481658936, 3.6633803844451904, 4.18106746673584]"
dip_b_velocity,0.5,21,108.60326351504773,11796.763361742675,"[5.856715679168701, 5.280004024505615, 4.82919979095459, 4.269908905029297, 3.8438422679901123, 3.320841073989868, 2.953073501586914, 2.9952032566070557, 3.1048762798309326, 3.650161027908325, 4.165060997009277]"
dip_b_velocity,0.5,22,109.89643749408424,11657.948421385048,"[5.8487958908081055, 5.271073818206787, 4.819230556488037, 4.25895357131958, 3.8330366611480713, 3.3094279766082764, 2.9425861835479736, 2.984266757965088, 3.0932743549346924, 3.6380364894866943, 4.151008129119873]"
dip_b_velocity,0.5,23,109.56336964573711,11693.388074340297,"[5.839358329772949, 5.260992527008057, 4.8082170486450195, 4.247584342956543, 3.821984052658081, 3.2990171909332275, 2.931826114654541, 2.972426652908325, 3.081557273864746, 3.6248865127563477, 4.136364459991455]"
dip_b_velocity,0.5,24,108.94497385108843,11759.762334251092,"[5.832010269165039, 5.2527947425842285, 4.799259185791016, 4.237568378448486, 3.812709093093872, 3.289720296859741, 2.9239084720611572, 2.9646451473236084, 3.0726888179779053, 3.6136608123779297, 4.122296333312988]"
dip_b_velocity,0.5,25,110.25096453074366,11620.460695767832,"[5.824428081512451, 5.24440860748291, 4.790160655975342, 4.228193283081055, 3.8037426471710205, 3.2804293632507324, 2.914170503616333, 2.955348014831543, 3.0637850761413574, 3.6037752628326416, 4.110897541046143]"
dip_b_velocity,0.5,26,110.91632341919467,11550.752499773962,"[5.817783355712891, 5.237798690795898, 4.7832441329956055, 4.220329761505127, 3.7955808639526367, 3.2723379135131836, 2.9074788093566895, 2.9478557109832764, 3.0553879737854004, 3.594374895095825, 4.098540306091309]"
dip_b_velocity,0.5,27,111.23910113004968,11517.236178510533,"[5.810635566711426, 5.230344772338867, 4.775118827819824, 4.212265968322754, 3.788214921951294, 3.265044689178467, 2.899967670440674, 2.9399495124816895, 3.0470941066741943, 3.5847957134246826, 4.0878729820251465]"
dip_b_velocity,0.5,28,112.07546193571761,11431.289042866765,"[5.804017543792725, 5.222938060760498, 4.7667951583862305, 4.203008651733398, 3.779447078704834, 3.2562570571899414, 2.892773389816284, 2.9323854446411133, 3.0391623973846436, 3.574655294418335, 4.075282573699951]"
dip_b_velocity,0.5,29,111.97045924793929,11442.008978127673,"[5.797773838043213, 5.216967582702637, 4.760807037353516, 4.196779251098633, 3.773287534713745, 3.2510015964508057, 2.8867762088775635, 2.925884246826172, 3.0324184894561768, 3.567811965942383, 4.066623687744141]"
dip_b_velocity,0.5,30,113.29694806691259,11308.045113830864,"[5.792316913604736, 5.21146297454834, 4.754454135894775, 4.190589427947998, 3.767216205596924, 3.2444241046905518, 2.881308078765869, 2.919940233230591, 3.025888442993164, 3.5604422092437744, 4.0569891929626465]"
dip_b_velocity,0.5,31,112.3589129387401,11402.451007144515,"[5.787546157836914, 5.205843925476074, 4.748748302459717, 4.1846489906311035, 3.761784315109253, 3.2379491329193115, 2.8742237091064453, 2.913351535797119, 3.0191056728363037, 3.5532407760620117, 4.0483012199401855]"
dip_b_velocity,0.5,32,113.58148248726502,11279.717185797843,"[5.783270359039307, 5.201695919036865, 4.74416971206665, 4.179699897766113, 3.7575607299804688, 3.234741449356079, 2.8712668418884277, 2.909883499145508, 3.015813112258911, 3.548574686050415, 4.041691780090332]"
dip_b_velocity,0.5,33,114.001096107997,11238.198962458293,"[5.778751850128174, 5.197381019592285, 4.739474773406982, 4.174986839294434, 3.752255916595459, 3.2292940616607666, 2.8657310009002686, 2.903728485107422, 3.009035110473633, 3.5415468215942383, 4.033138275146484]"
dip_b_velocity,0.5,34,113.96558651467785,11241.700579806133,"[5.775594711303711, 5.193860054016113, 4.736188888549805, 4.171359062194824, 3.748936653137207, 3.2255795001983643, 2.8627748489379883, 2.9001598358154297, 3.0050394535064697, 3.5371437072753906, 4.027447700500488]"
dip_b_velocity,0.5,35,114.04213626030833,11234.15469064571,"[5.772711277008057, 5.190812110900879, 4.732110023498535, 4.1679863929748535, 3.745483636856079, 3.2227561473846436, 2.8594918251037598, 2.89749813079834, 3.0020840167999268, 3.533316135406494, 4.022467136383057]"
dip_b_velocity,0.5,36,115.5114333271049,11091.257056537386,"[5.770111083984375, 5.188324928283691, 4.729798316955566, 4.165474891662598, 3.7424979209899902, 3.220033645629883, 2.8569936752319336, 2.894885778427124, 2.999173641204834, 3.5299582481384277, 4.018016338348389]"
dip_b_velocity,0.5,37,114.04350082483143,11234.020270632058,"[5.767652988433838, 5.186043739318848, 4.7275238037109375, 4.163633346557617, 3.7408432960510254, 3.2180933952331543, 2.8551173210144043, 2.8928849697113037, 2.997199296951294, 3.5276525020599365, 4.015111923217773]"
dip_b_velocity,0.5,38,114.21786985499784,11216.870018907464,"[5.766247272491455, 5.184423446655273, 4.726100444793701, 4.1609063148498535, 3.7390480041503906, 3.2166481018066406, 2.853396415710449, 2.890983819961548, 2.995152711868286, 3.525437355041504, 4.012252330780029]"
dip_b_velocity,0.5,39,115.05335005419329,11135.416738378632,"[5.765449523925781, 5.183679103851318, 4.725435733795166, 4.160800457000732, 3.738727331161499, 3.2157349586486816, 2.8529183864593506, 2.890415906906128, 2.9943349361419678, 3.5252835750579834, 4.011037349700928]"
dip_b_velocity,0.5,40,116.15419672662392,11029.8812794109,"[5.764836311340332, 5.182955265045166, 4.724217891693115, 4.159698009490967, 3.737581491470337, 3.2148361206054688, 2.8518331050872803, 2.889744520187378, 2.9926090240478516, 3.5234436988830566, 4.010138511657715]"
dip_b_velocity,0.75,1,110.42355839721859,11602.297721572708,"[6.470771312713623, 6.191633701324463, 5.927332401275635, 5.5740156173706055, 5.289853096008301, 4.955987930297852, 4.609645366668701, 4.5975022315979, 4.6511712074279785, 5.138943672180176, 5.487657070159912]"
dip_b_velocity,0.75,2,111.36589677911252,11504.12322850609,"[6.308125019073486, 5.911220550537109, 5.5876994132995605, 5.137147426605225, 4.805408477783203, 4.40886926651001, 4.06591796875, 4.070502281188965, 4.145472526550293, 4.6106791496276855, 5.011595726013184]"
dip_b_velocity,0.75,3,111.20834328327328,11520.421599452951,"[6.252240180969238, 5.8142218589782715, 5.481380462646484, 5.01162052154541, 4.669352054595947, 4.258367538452148, 3.9272255897521973, 3.9365992546081543, 4.014454364776611, 4.464080333709717, 4.875093460083008]"
dip_b_velocity,0.75,4,112.258244052995,11412.676287678127,"[6.214516639709473, 5.752580642700195, 5.415101528167725, 4.936154365539551, 4.591468334197998, 4.1712141036987305, 3.846801280975342, 3.8588168621063232, 3.937690258026123, 4.37750244140625, 4.7932353019714355]"
dip_b_velocity,0.75,5,111.75788169074804,11463.773119333046,"[6.187399864196777, 5.709386825561523, 5.368165016174316, 4.881913661956787, 4.536888122558594, 4.112125873565674, 3.795090675354004, 3.8064286708831787, 3.8857717514038086, 4.3178534507751465, 4.731359958648682]"
dip_b_velocity,0.75,6,113.23057806491852,11314.673314353904,"[6.165383338928223, 5.676938056945801, 5.333346843719482, 4.842472076416016, 4.49711799621582, 4.0692620277404785, 3.755769968032837, 3.768188714981079, 3.8474297523498535, 4.273795127868652, 4.687547206878662]"
dip_b_velocity,0.75,7,113.10786128044128,11326.949210218518,"[6.146354675292969, 5.649250030517578, 5.303210258483887, 4.808526039123535, 4.462436199188232, 4.032390117645264, 3.7230236530303955, 3.7356300354003906, 3.814368724822998, 4.235912322998047, 4.6496453285217285]"
dip_b_velocity,0.75,8,113.76822401303798,11261.20242373808,"[6.13093376159668, 5.627615451812744, 5.278885364532471, 4.781312942504883, 4.436310768127441, 4.005343437194824, 3.6983530521392822, 3.7107019424438477, 3.789156198501587, 4.206031799316406, 4.6185407638549805]"
dip_b_velocity,0.75,9,111.7372330329381,11465.891585326222,"[6.114437580108643, 5.606937885284424, 5.255865573883057, 4.755649089813232, 4.411914348602295, 3.978973865509033, 3.6757798194885254, 3.6882848739624023, 3.76584792137146, 4.1780195236206055, 4.588597297668457]"
dip_b_velocity,0.75,10,114.0046745580621,11237.846210836793,"[6.10200834274292, 5.590678691864014, 5.237824440002441, 4.735349178314209, 4.392443656921387, 3.9597182273864746, 3.6585912704467773, 3.670517921447754, 3.7474863529205322, 4.157008171081543, 4.56601619720459]"
dip_b_velocity,0.75,11,113.51358231483027,11286.46434967297,"[6.0889058113098145, 5.574444770812988, 5.219777584075928, 4.716137409210205, 4.373087406158447, 3.941439390182495, 3.640537738800049, 3.6515355110168457, 3.7289822101593018, 4.134339809417725, 4.541154861450195]"
dip_b_velocity,0.75,12,113.18073410959914,11319.65621250853,"[6.076361179351807, 5.559806823730469, 5.203752517700195, 4.698217868804932, 4.355874538421631, 3.9231972694396973, 3.62406063079834, 3.6347224712371826, 3.7103631496429443, 4.114031791687012, 4.5191650390625]"
dip_b_velocity,0.75,13,113.94578385073692,11243.654277531343,"[6.065394401550293, 5.54671049118042, 5.18922233581543, 4.682428359985352, 4.340327739715576, 3.9076921939849854, 3.6096067428588867, 3.6194262504577637, 3.6951141357421875, 4.0951247215271, 4.500305652618408]"
dip_b_velocity,0.75,14,115.83300097007304,11060.466268425576,"[6.0546417236328125, 5.533141613006592, 5.1735520362854, 4.66616153717041, 4.32415771484375, 3.891993284225464, 3.595463991165161, 3.6056900024414062, 3.680046319961548, 4.078104496002197, 4.47976541519165]"
dip_b_velocity,0.75,15,109.87475455319509,11660.249028176277,"[6.044675827026367, 5.522569179534912, 5.161609172821045, 4.652541160583496, 4.311743259429932, 3.8789544105529785, 3.5840542316436768, 3.593134880065918, 3.6683621406555176, 4.063006401062012, 4.462917804718018]"
dip_b_velocity,0.75,16,111.34474326716736,11506.308806387831,"[6.035409927368164, 5.511467933654785, 5.149675369262695, 4.6390604972839355, 4.298456192016602, 3.865924119949341, 3.5717194080352783, 3.580357551574707, 3.6552603244781494, 4.048239707946777, 4.445570468902588]"
dip_b_velocity,0.75,17,110.59857487119734,11583.937690806973,"[6.026920318603516, 5.502201557159424, 5.14003849029541, 4.628910541534424, 4.2890472412109375, 3.856546401977539, 3.562843084335327, 3.5711069107055664, 3.6456449031829834, 4.035399436950684, 4.429487705230713]"
dip_b_velocity,0.75,18,109.97828658483922,11649.272231675339,"[6.01701021194458, 5.49113130569458, 5.127655982971191, 4.616608142852783, 4.276417255401611, 3.844832420349121, 3.551923990249634, 3.559664011001587, 3.6326684951782227, 4.0222296714782715, 4.414547920227051]"
dip_b_velocity,0.75,19,110.99592596199363,11542.468688793922,"[6.008816242218018, 5.481818675994873, 5.117574691772461, 4.606657981872559, 4.266048908233643, 3.834868907928467, 3.5418059825897217, 3.548880100250244, 3.6219944953918457, 4.010137557983398, 4.4015727043151855]"
dip_b_velocity,0.75,20,110.66081609996036,11577.42229953118,"[6.0004425048828125, 5.472665309906006, 5.107584476470947, 4.59480619430542, 4.256044387817383, 3.8232927322387695, 3.530987024307251, 3.538644790649414, 3.61063551902771, 3.997058153152466, 4.38638162612915]"
dip_b_velocity,0.75,21,110.62909656111151,11580.741774315073,"[5.992971897125244, 5.464197158813477, 5.097583293914795, 4.584595680236816, 4.245162487030029, 3.8136284351348877, 3.5227162837982178, 3.5291168689727783, 3.6017959117889404, 3.9853804111480713, 4.372248649597168]"
dip_b_velocity,0.75,22,109.73173749586567,11675.446222185903,"[5.985724449157715, 5.456206321716309, 5.089696407318115, 4.576001167297363, 4.237382888793945, 3.804656982421875, 3.5137269496917725, 3.520190477371216, 3.5916452407836914, 3.9748456478118896, 4.359530448913574]"
dip_b_velocity,0.75,23,109.01132703386247,11752.604383964868,"[5.977180480957031, 5.4473724365234375, 5.079563140869141, 4.565633296966553, 4.226476192474365, 3.7945353984832764, 3.504333972930908, 3.5097551345825195, 3.5815236568450928, 3.9636735916137695, 4.347314357757568]"
dip_b_velocity,0.75,24,111.76953794807196,11462.577581695195,"[5.970451354980469, 5.44000768661499, 5.071401596069336, 4.557023525238037, 4.218117713928223, 3.786388874053955, 3.4956727027893066, 3.5017635822296143, 3.5719871520996094, 3.952744483947754, 4.334494113922119]"
dip_b_velocity,0.75,25,111.54045704798773,11486.119332008899,"[5.963736534118652, 5.432147026062012, 5.064078330993652, 4.549308776855469, 4.210966110229492, 3.7787282466888428, 3.4886231422424316, 3.4942009449005127, 3.564757823944092, 3.944730043411255, 4.325062274932861]"
dip_b_velocity,0.75,26,112.02806662907824,11436.125236740072,"[5.9580278396606445, 5.426563262939453, 5.057361125946045, 4.542076587677002, 4.203451156616211, 3.7711973190307617, 3.4800941944122314, 3.4861550331115723, 3.555903196334839, 3.9353017807006836, 4.313845157623291]"
dip_b_velocity,0.75,27,111.90413835272193,11448.790177551438,"[5.9521026611328125, 5.420272350311279, 5.0514397621154785, 4.535336971282959, 4.1970624923706055, 3.7646446228027344, 3.4743311405181885, 3.479637622833252, 3.5489704608917236, 3.927762746810913, 4.3045334815979]"
dip_b_velocity,0.75,28,111.8883640980348,11450.404251843935,"[5.94642448425293, 5.413634300231934, 5.0429301261901855, 4.526500225067139, 4.187518119812012, 3.7545928955078125, 3.465607166290283, 3.470487356185913, 3.5401737689971924, 3.9175329208374023, 4.2931013107299805]"
dip_b_velocity,0.75,29,111.17810029210523,11523.555418143584,"[5.940617561340332, 5.407674312591553, 5.037853240966797, 4.521413803100586, 4.182112216949463, 3.7496860027313232, 3.4605207443237305, 3.4657304286956787, 3.5342648029327393, 3.9115517139434814, 4.285709857940674]"
dip_b_velocity,0.75,30,110.2909275512211,11616.250116357058,"[5.935664653778076, 5.40291166305542, 5.032027244567871, 4.515580654144287, 4.1764936447143555, 3.7444541454315186, 3.4531304836273193, 3.4574925899505615, 3.5261428356170654, 3.902902603149414, 4.276477336883545]"
dip_b_velocity,0.75,31,110.64123267307878,11579.471495817252,"[5.93129825592041, 5.397747993469238, 5.02680778503418, 4.510339260101318, 4.171289920806885, 3.738311529159546, 3.4484550952911377, 3.4534287452697754, 3.5212204456329346, 3.8979969024658203, 4.269084930419922]"
dip_b_velocity,0.75,32,111.01333959307522,11540.658128979632,"[5.927854537963867, 5.393986225128174, 5.022674560546875, 4.50640869140625, 4.168359279632568, 3.735757350921631, 3.4448165893554688, 3.4489102363586426, 3.5172345638275146, 3.8927464485168457, 4.2632341384887695]"
dip_b_velocity,0.75,33,109.61182167008519,11688.219212852027,"[5.9236884117126465, 5.390380859375, 5.018486499786377, 4.501938343048096, 4.162501811981201, 3.7299585342407227, 3.439055919647217, 3.443488597869873, 3.5113465785980225, 3.886951446533203, 4.255980491638184]"
dip_b_velocity,0.75,34,110.0771572040394,11638.808927679922,"[5.920942306518555, 5.38709020614624, 5.01527214050293, 4.4982733726501465, 4.159533500671387, 3.7261242866516113, 3.4360640048980713, 3.440601348876953, 3.5082030296325684, 3.883527994155884, 4.251167297363281]"
dip_b_velocity,0.75,35,109.96791830519214,11650.370578484522,"[5.918458461761475, 5.384308338165283, 5.012125015258789, 4.494334697723389, 4.156783103942871, 3.723588705062866, 3.4326772689819336, 3.437643051147461, 3.504660129547119, 3.8794989585876465, 4.246842384338379]"
dip_b_velocity,0.75,36,109.9800040051341,11649.090319547473,"[5.916247844696045, 5.381868839263916, 5.010044574737549, 4.493487358093262, 4.154210090637207, 3.7211878299713135, 3.430485963821411, 3.435244083404541, 3.502218723297119, 3.8753392696380615, 4.242738246917725]"
dip_b_velocity,0.75,37,110.28910429310054,11616.442151848605,"[5.914148330688477, 5.379676342010498, 5.007554531097412, 4.490143775939941, 4.1508331298828125, 3.7182092666625977, 3.4280011653900146, 3.432487726211548, 3.499699115753174, 3.874143600463867, 4.239889144897461]"
dip_b_velocity,0.75,38,110.05965236900374,11640.660064094633,"[5.912869930267334, 5.37785530090332, 5.005478382110596, 4.488052845001221, 4.1492462158203125, 3.7162821292877197, 3.4254510402679443, 3.429694414138794, 3.496143341064453, 3.8711049556732178, 4.2371907234191895]"
dip_b_velocity,0.75,39,110.08369114343077,11638.118114432917,"[5.911888122558594, 5.377289772033691, 5.005501747131348, 4.488040924072266, 4.149330139160156, 3.7162516117095947, 3.4265849590301514, 3.430542469024658, 3.4974496364593506, 3.871000289916992, 4.236225128173828]"
dip_b_velocity,0.75,40,110.76962290983647,11566.050026574849,"[5.911242485046387, 5.376557350158691, 5.003626346588135, 4.486612319946289, 4.148019313812256, 3.7152771949768066, 3.4244282245635986, 3.428307056427002, 3.495288610458374, 3.8699231147766113, 4.23620080947876]"
hyperdit_b_velocity,0.25,1,134.04150620521978,9557.987195686328,"[6.014266490936279, 5.547614097595215, 5.276344299316406, 4.921875953674316, 4.394826889038086, 4.106264591217041, 3.6505327224731445]"
hyperdit_b_velocity,0.25,2,131.19339555501938,9765.48396037748,"[5.713350772857666, 5.09751558303833, 4.741323947906494, 4.3238725662231445, 3.739288091659546, 3.4481394290924072, 2.953667163848877]"
hyperdit_b_velocity,0.25,3,131.14222517469898,9769.29435422736,"[5.613680362701416, 4.9446892738342285, 4.5603461265563965, 4.125776767730713, 3.5411036014556885, 3.2614705562591553, 2.7646942138671875]"
hyperdit_b_velocity,0.25,4,131.7372432188131,9725.169349961314,"[5.549019813537598, 4.846318244934082, 4.446049213409424, 4.003762722015381, 3.422197103500366, 3.1513993740081787, 2.655099868774414]"
hyperdit_b_velocity,0.25,5,131.42547113867477,9748.239735417537,"[5.501190662384033, 4.773870944976807, 4.364184379577637, 3.9181408882141113, 3.3395965099334717, 3.077162027359009, 2.579476833343506]"
hyperdit_b_velocity,0.25,6,131.99966691294685,9705.835097636447,"[5.465008735656738, 4.718351364135742, 4.301273822784424, 3.852982521057129, 3.277712821960449, 3.0208616256713867, 2.5214154720306396]"
hyperdit_b_velocity,0.25,7,131.9081671568565,9712.567671996538,"[5.432531356811523, 4.67046594619751, 4.2487053871154785, 3.7994141578674316, 3.227252960205078, 2.9749951362609863, 2.476590633392334]"
hyperdit_b_velocity,0.25,8,131.59214725764468,9735.892503460705,"[5.405882835388184, 4.631199359893799, 4.205297470092773, 3.7551958560943604, 3.1857340335845947, 2.937868356704712, 2.438356876373291]"
hyperdit_b_velocity,0.25,9,131.62494741007686,9733.466377073115,"[5.379970073699951, 4.593978404998779, 4.166450500488281, 3.7156014442443848, 3.1488261222839355, 2.9046077728271484, 2.405456066131592]"
hyperdit_b_velocity,0.25,10,132.3107597231865,9683.014462923418,"[5.359311580657959, 4.5634565353393555, 4.134076118469238, 3.6839206218719482, 3.120037317276001, 2.8779146671295166, 2.37908673286438]"
hyperdit_b_velocity,0.25,11,132.16593191260472,9693.62513818748,"[5.339540481567383, 4.535333633422852, 4.10405969619751, 3.6540591716766357, 3.090343475341797, 2.851799249649048, 2.351574420928955]"
hyperdit_b_velocity,0.25,12,131.66124835098162,9730.78271736171,"[5.318206310272217, 4.508213043212891, 4.076075077056885, 3.62678599357605, 3.065402030944824, 2.82893443107605, 2.328127861022949]"
hyperdit_b_velocity,0.25,13,131.07468103896827,9774.328572419805,"[5.301003456115723, 4.484150409698486, 4.051395893096924, 3.6021454334259033, 3.042250156402588, 2.8078465461730957, 2.3071129322052]"
hyperdit_b_velocity,0.25,14,131.58136953925714,9736.689962158856,"[5.283604621887207, 4.462183475494385, 4.028861999511719, 3.57975172996521, 3.020724058151245, 2.7871651649475098, 2.2855799198150635]"
hyperdit_b_velocity,0.25,15,131.31295411800966,9756.592627172395,"[5.267618656158447, 4.44132661819458, 4.007778167724609, 3.559138536453247, 3.0011911392211914, 2.769911766052246, 2.266716957092285]"
hyperdit_b_velocity,0.25,16,131.60518466494977,9734.928021731741,"[5.253049850463867, 4.4226508140563965, 3.9888079166412354, 3.54054856300354, 2.9836249351501465, 2.75295090675354, 2.2498037815093994]"
hyperdit_b_velocity,0.25,17,132.06624581478536,9700.942069609191,"[5.238443374633789, 4.404938697814941, 3.971514940261841, 3.523503065109253, 2.9667551517486572, 2.737034559249878, 2.232698678970337]"
hyperdit_b_velocity,0.25,18,131.22351673664525,9763.242381098475,"[5.223684310913086, 4.386438846588135, 3.9534170627593994, 3.5065696239471436, 2.9508066177368164, 2.7218236923217773, 2.2170119285583496]"
hyperdit_b_velocity,0.25,19,131.64219389436767,9732.191192650846,"[5.210788249969482, 4.371278762817383, 3.9385619163513184, 3.4914393424987793, 2.9359841346740723, 2.707753896713257, 2.202141523361206]"
hyperdit_b_velocity,0.25,20,131.1876100008376,9765.914631662397,"[5.197454452514648, 4.355222225189209, 3.9223456382751465, 3.475999593734741, 2.9219701290130615, 2.694430112838745, 2.1870150566101074]"
hyperdit_b_velocity,0.25,21,131.76606946298853,9723.041790814472,"[5.1849260330200195, 4.341080188751221, 3.908811092376709, 3.462353467941284, 2.9080984592437744, 2.680673599243164, 2.1732304096221924]"
hyperdit_b_velocity,0.25,22,131.12635775096714,9770.476523363592,"[5.173412322998047, 4.3273773193359375, 3.896003246307373, 3.449497938156128, 2.8955037593841553, 2.6682546138763428, 2.159191608428955]"
hyperdit_b_velocity,0.25,23,132.17969933105633,9692.615480923423,"[5.161424160003662, 4.314260482788086, 3.8834097385406494, 3.437178373336792, 2.882891893386841, 2.656113386154175, 2.146348237991333]"
hyperdit_b_velocity,0.25,24,131.7874689293094,9721.46297678132,"[5.150542259216309, 4.302297592163086, 3.871968984603882, 3.42584228515625, 2.8709332942962646, 2.6440372467041016, 2.13486647605896]"
hyperdit_b_velocity,0.25,25,131.4898925269954,9743.463739899029,"[5.140671730041504, 4.291332721710205, 3.8612568378448486, 3.4155375957489014, 2.860835313796997, 2.6335575580596924, 2.1234230995178223]"
hyperdit_b_velocity,0.25,26,131.386934411712,9751.098963808347,"[5.131464958190918, 4.280905246734619, 3.8520097732543945, 3.4061498641967773, 2.851353168487549, 2.623290777206421, 2.1120338439941406]"
hyperdit_b_velocity,0.25,27,131.30284785665572,9757.343583275966,"[5.122359275817871, 4.271187782287598, 3.8426437377929688, 3.3966686725616455, 2.8426525592803955, 2.615858793258667, 2.1033449172973633]"
hyperdit_b_velocity,0.25,28,131.19776324508712,9765.158858742778,"[5.1129326820373535, 4.261202812194824, 3.833073616027832, 3.3874592781066895, 2.8327856063842773, 2.605278968811035, 2.092186689376831]"
hyperdit_b_velocity,0.25,29,131.24020729027689,9762.000734777239,"[5.104696750640869, 4.252601623535156, 3.8255410194396973, 3.3796818256378174, 2.824594259262085, 2.5970451831817627, 2.0834238529205322]"
hyperdit_b_velocity,0.25,30,131.79379251925275,9720.996531857478,"[5.097306728363037, 4.244175434112549, 3.8175156116485596, 3.3718795776367188, 2.816835403442383, 2.5887768268585205, 2.074312448501587]"
hyperdit_b_velocity,0.25,31,131.4440923249349,9746.858739249425,"[5.090487003326416, 4.237314701080322, 3.8111557960510254, 3.3649251461029053, 2.809242010116577, 2.5818939208984375, 2.066772937774658]"
hyperdit_b_velocity,0.25,32,131.38449580734596,9751.279952229854,"[5.084773540496826, 4.231693267822266, 3.8056533336639404, 3.360393524169922, 2.804039239883423, 2.575113534927368, 2.060147762298584]"
hyperdit_b_velocity,0.25,33,131.57322046300396,9737.293010626287,"[5.0786967277526855, 4.225290775299072, 3.799811363220215, 3.3536720275878906, 2.7980122566223145, 2.5691962242126465, 2.053027868270874]"
hyperdit_b_velocity,0.25,34,133.09560695802793,9625.915004121958,"[5.074166774749756, 4.220798015594482, 3.7958197593688965, 3.349806070327759, 2.792994737625122, 2.5640745162963867, 2.0475847721099854]"
hyperdit_b_velocity,0.25,35,132.3720678058453,9678.529777740816,"[5.0700364112854, 4.216082572937012, 3.7918295860290527, 3.345823287963867, 2.7889225482940674, 2.5596983432769775, 2.0432417392730713]"
hyperdit_b_velocity,0.25,36,131.56505410885438,9737.897412636545,"[5.066493988037109, 4.212850570678711, 3.7886176109313965, 3.3422341346740723, 2.7855868339538574, 2.5557901859283447, 2.038604736328125]"
hyperdit_b_velocity,0.25,37,132.284170107916,9684.960785215932,"[5.06331729888916, 4.209946155548096, 3.7861573696136475, 3.3392152786254883, 2.78275728225708, 2.5530312061309814, 2.0361130237579346]"
hyperdit_b_velocity,0.25,38,131.66923396568745,9730.192554578602,"[5.061778545379639, 4.208010196685791, 3.784794569015503, 3.338435173034668, 2.7806825637817383, 2.5505759716033936, 2.0332064628601074]"
hyperdit_b_velocity,0.25,39,132.08039600076154,9699.902777340349,"[5.060409069061279, 4.206352233886719, 3.783106565475464, 3.3366055488586426, 2.779254674911499, 2.549403429031372, 2.0320467948913574]"
hyperdit_b_velocity,0.25,40,131.5851024230942,9736.413745992155,"[5.059754848480225, 4.205689907073975, 3.782712936401367, 3.336244583129883, 2.7787766456604004, 2.5484704971313477, 2.0310065746307373]"
hyperdit_b_velocity,0.5,1,133.88835591590032,9568.92024878357,"[6.087795257568359, 5.49953556060791, 5.146552085876465, 4.766745567321777, 4.211236476898193, 3.950340509414673, 3.490089178085327]"
hyperdit_b_velocity,0.5,2,131.81298641022295,9719.581013154537,"[5.787065029144287, 5.046392917633057, 4.609971523284912, 4.180891990661621, 3.6076982021331787, 3.3451056480407715, 2.855189323425293]"
hyperdit_b_velocity,0.5,3,131.38119196891785,9751.525167339769,"[5.689164161682129, 4.900074005126953, 4.443729877471924, 4.004765510559082, 3.439194917678833, 3.1882450580596924, 2.6965491771698]"
hyperdit_b_velocity,0.5,4,132.29009487992153,9684.527032525777,"[5.628121852874756, 4.808988571166992, 4.341599464416504, 3.8988873958587646, 3.3397393226623535, 3.097475290298462, 2.6061103343963623]"
hyperdit_b_velocity,0.5,5,131.23537680180743,9762.360052768601,"[5.5826005935668945, 4.742618083953857, 4.269134998321533, 3.8256707191467285, 3.2719411849975586, 3.0368402004241943, 2.5444400310516357]"
hyperdit_b_velocity,0.5,6,131.9326112610288,9710.768154699901,"[5.549476623535156, 4.693975925445557, 4.215207099914551, 3.7712819576263428, 3.2219090461730957, 2.9920830726623535, 2.4989147186279297]"
hyperdit_b_velocity,0.5,7,132.40336836315691,9676.241743986497,"[5.519811630249023, 4.651326656341553, 4.168682098388672, 3.7252180576324463, 3.1794354915618896, 2.9538722038269043, 2.4607620239257812]"
hyperdit_b_velocity,0.5,8,131.6890977807343,9728.724864780954,"[5.49503755569458, 4.6166791915893555, 4.131556510925293, 3.6895196437835693, 3.1474640369415283, 2.924673318862915, 2.4309661388397217]"
hyperdit_b_velocity,0.5,9,132.1565893352963,9694.310411942712,"[5.4720892906188965, 4.584995269775391, 4.098174571990967, 3.6565141677856445, 3.1170167922973633, 2.897714376449585, 2.4034650325775146]"
hyperdit_b_velocity,0.5,10,131.68311607372016,9729.16679221628,"[5.453787803649902, 4.559381484985352, 4.070884704589844, 3.630767822265625, 3.0941243171691895, 2.87697696685791, 2.3830182552337646]"
hyperdit_b_velocity,0.5,11,132.02851755684242,9703.714195294342,"[5.435370922088623, 4.534757137298584, 4.045095443725586, 3.605742931365967, 3.0692946910858154, 2.854311227798462, 2.3600409030914307]"
hyperdit_b_velocity,0.5,12,131.832839791663,9718.117291751005,"[5.415963649749756, 4.511847019195557, 4.020828723907471, 3.583099603652954, 3.0494420528411865, 2.836740493774414, 2.3403799533843994]"
hyperdit_b_velocity,0.5,13,131.33946125907823,9754.62353597438,"[5.400540828704834, 4.491091251373291, 3.999868869781494, 3.5633351802825928, 3.0300424098968506, 2.8195934295654297, 2.3233983516693115]"
hyperdit_b_velocity,0.5,14,132.70832354575396,9654.006363499053,"[5.384489059448242, 4.471348285675049, 3.979417085647583, 3.5436387062072754, 3.0117907524108887, 2.801391363143921, 2.304018974304199]"
hyperdit_b_velocity,0.5,15,132.55162709392607,9665.418886877678,"[5.370054721832275, 4.453798294067383, 3.961740255355835, 3.527296543121338, 2.995877265930176, 2.786635160446167, 2.2887611389160156]"
hyperdit_b_velocity,0.5,16,132.89459131192416,9640.475111533342,"[5.356879234313965, 4.4374284744262695, 3.9450602531433105, 3.5108540058135986, 2.9805524349212646, 2.7726995944976807, 2.2740318775177]"
hyperdit_b_velocity,0.5,17,132.1495009032078,9694.830409827911,"[5.343586444854736, 4.421750545501709, 3.9306046962738037, 3.496882915496826, 2.9666848182678223, 2.759573221206665, 2.2596278190612793]"
hyperdit_b_velocity,0.5,18,132.7229584902525,9652.94184648613,"[5.32987642288208, 4.4059343338012695, 3.914578676223755, 3.4822235107421875, 2.953214406967163, 2.74631667137146, 2.246461868286133]"
hyperdit_b_velocity,0.5,19,134.20673076203093,9546.22016888039,"[5.317910194396973, 4.392425060272217, 3.9017505645751953, 3.4697201251983643, 2.9401490688323975, 2.734057664871216, 2.2319698333740234]"
hyperdit_b_velocity,0.5,20,133.53184962272644,9594.467564253315,"[5.305760383605957, 4.378232479095459, 3.887058734893799, 3.4557015895843506, 2.9272117614746094, 2.720853567123413, 2.217693567276001]"
hyperdit_b_velocity,0.5,21,133.76261792285368,9577.915114811081,"[5.293982982635498, 4.36551570892334, 3.8749194145202637, 3.44387149810791, 2.915104627609253, 2.709299087524414, 2.206144094467163]"
hyperdit_b_velocity,0.5,22,133.98960935184732,9561.689195135612,"[5.283572673797607, 4.353217124938965, 3.8638460636138916, 3.432966947555542, 2.9033427238464355, 2.697524070739746, 2.193053722381592]"
hyperdit_b_velocity,0.5,23,136.0305664818734,9418.228807940166,"[5.272375583648682, 4.340811252593994, 3.851832389831543, 3.4209494590759277, 2.891892910003662, 2.6876511573791504, 2.1812562942504883]"
hyperdit_b_velocity,0.5,24,135.38352730497718,9463.241396524758,"[5.261960029602051, 4.330334663391113, 3.8417789936065674, 3.4112656116485596, 2.881805419921875, 2.6758742332458496, 2.169429302215576]"
hyperdit_b_velocity,0.5,25,135.47330135619268,9456.97039324004,"[5.252636432647705, 4.320478916168213, 3.8320765495300293, 3.402320623397827, 2.87194561958313, 2.666248321533203, 2.1590638160705566]"
hyperdit_b_velocity,0.5,26,134.8303086659871,9502.069769593229,"[5.244386672973633, 4.310966968536377, 3.8243658542633057, 3.3941493034362793, 2.862926483154297, 2.656667947769165, 2.1492536067962646]"
hyperdit_b_velocity,0.5,27,137.38976091891527,9325.05443950892,"[5.23606538772583, 4.301972389221191, 3.8154306411743164, 3.3857388496398926, 2.8543834686279297, 2.648707389831543, 2.1400742530822754]"
hyperdit_b_velocity,0.5,28,132.95670627988875,9635.971255959064,"[5.226861953735352, 4.291637897491455, 3.805331230163574, 3.376216411590576, 2.8445513248443604, 2.6392109394073486, 2.1293270587921143]"
hyperdit_b_velocity,0.5,29,132.33817523671314,9681.00850497884,"[5.218987941741943, 4.284327983856201, 3.799438953399658, 3.3696653842926025, 2.8372275829315186, 2.631237745285034, 2.1220054626464844]"
hyperdit_b_velocity,0.5,30,131.24754732334986,9761.45479384567,"[5.212043762207031, 4.276272296905518, 3.791667938232422, 3.3625245094299316, 2.8306944370269775, 2.6230738162994385, 2.1124091148376465]"
hyperdit_b_velocity,0.5,31,132.24206966115162,9688.04407918583,"[5.204981803894043, 4.26963472366333, 3.785660982131958, 3.3556151390075684, 2.82246994972229, 2.616443634033203, 2.1052095890045166]"
hyperdit_b_velocity,0.5,32,132.28386510303244,9684.983115681815,"[5.199941635131836, 4.264666557312012, 3.780184030532837, 3.3520028591156006, 2.818366050720215, 2.611217737197876, 2.0991203784942627]"
hyperdit_b_velocity,0.5,33,131.7449166988954,9724.602907663775,"[5.194331169128418, 4.258409023284912, 3.7745509147644043, 3.344888687133789, 2.8107430934906006, 2.603862762451172, 2.091918468475342]"
hyperdit_b_velocity,0.5,34,132.86721879197285,9642.461185297283,"[5.189560890197754, 4.253759860992432, 3.7715606689453125, 3.341017961502075, 2.8062868118286133, 2.5994338989257812, 2.0869758129119873]"
hyperdit_b_velocity,0.5,35,132.16598314326257,9693.621380709339,"[5.185558319091797, 4.249425888061523, 3.7674522399902344, 3.337758779525757, 2.80254864692688, 2.595137119293213, 2.0821633338928223]"
hyperdit_b_velocity,0.5,36,133.01140962122008,9632.008288976196,"[5.182411193847656, 4.246544361114502, 3.7642390727996826, 3.334540367126465, 2.7989718914031982, 2.5915985107421875, 2.07792067527771]"
hyperdit_b_velocity,0.5,37,133.74643904855475,9579.073724234935,"[5.179044723510742, 4.2430620193481445, 3.761610269546509, 3.3312792778015137, 2.796213388442993, 2.5882015228271484, 2.0745368003845215]"
hyperdit_b_velocity,0.5,38,133.91499610012397,9567.01666960519,"[5.1774091720581055, 4.241176605224609, 3.7601897716522217, 3.329643487930298, 2.7935545444488525, 2.5856285095214844, 2.0727944374084473]"
hyperdit_b_velocity,0.5,39,134.06754636391997,9556.130732208176,"[5.1764092445373535, 4.239959716796875, 3.758885383605957, 3.328296661376953, 2.7926042079925537, 2.5855095386505127, 2.070957660675049]"
hyperdit_b_velocity,0.5,40,134.60933373402804,9517.6683849534,"[5.17579984664917, 4.23931360244751, 3.7584452629089355, 3.3281140327453613, 2.792605400085449, 2.583967447280884, 2.069361448287964]"
hyperdit_b_velocity,0.75,1,135.12322838325053,9481.471212086652,"[6.2420334815979, 5.650148868560791, 5.303433895111084, 4.991952419281006, 4.546889781951904, 4.344583511352539, 3.9861369132995605]"
hyperdit_b_velocity,0.75,2,131.9687620648183,9708.108039770328,"[5.993134498596191, 5.28999137878418, 4.889205455780029, 4.541301727294922, 4.097527980804443, 3.888929843902588, 3.511812210083008]"
hyperdit_b_velocity,0.75,3,131.71088817110285,9727.115334122285,"[5.910219669342041, 5.183756351470947, 4.771315574645996, 4.414650917053223, 3.976067543029785, 3.775094509124756, 3.395725965499878]"
hyperdit_b_velocity,0.75,4,131.5373528478667,9739.948176407126,"[5.858124732971191, 5.118165016174316, 4.6993489265441895, 4.339719772338867, 3.9057531356811523, 3.7114756107330322, 3.332223892211914]"
hyperdit_b_velocity,0.75,5,131.13164877239615,9770.08229511175,"[5.819056510925293, 5.071561813354492, 4.648077011108398, 4.287021636962891, 3.857078790664673, 3.66694974899292, 3.2870826721191406]"
hyperdit_b_velocity,0.75,6,131.74451228417456,9724.632759173352,"[5.791016578674316, 5.037850379943848, 4.610934257507324, 4.249276638031006, 3.8222031593322754, 3.6357858180999756, 3.255443572998047]"
hyperdit_b_velocity,0.75,7,132.19747933000326,9691.311865348322,"[5.76676082611084, 5.007550239562988, 4.576816082000732, 4.2152557373046875, 3.791020154953003, 3.6075141429901123, 3.2268033027648926]"
hyperdit_b_velocity,0.75,8,131.68742960272357,9728.848105434528,"[5.74566125869751, 4.98220682144165, 4.550427436828613, 4.190354824066162, 3.7680068016052246, 3.586258888244629, 3.204753875732422]"
hyperdit_b_velocity,0.75,9,132.44564478471875,9673.153104297604,"[5.7266621589660645, 4.959752082824707, 4.5256829261779785, 4.165808200836182, 3.744591474533081, 3.5649940967559814, 3.1834464073181152]"
hyperdit_b_velocity,0.75,10,132.48645806359127,9670.173229214577,"[5.7118940353393555, 4.942151069641113, 4.506781578063965, 4.1467814445495605, 3.7274582386016846, 3.551023244857788, 3.168916702270508]"
hyperdit_b_velocity,0.75,11,131.9902242431417,9706.529459635873,"[5.695939064025879, 4.923852920532227, 4.486536502838135, 4.127389907836914, 3.7101125717163086, 3.5329551696777344, 3.1518301963806152]"
hyperdit_b_velocity,0.75,12,131.8448807951063,9717.229764809748,"[5.679581165313721, 4.905760765075684, 4.468208312988281, 4.109927177429199, 3.693004846572876, 3.5176191329956055, 3.1351165771484375]"
hyperdit_b_velocity,0.75,13,132.04640255169943,9702.399877939813,"[5.667397499084473, 4.890533447265625, 4.452796459197998, 4.094283580780029, 3.6783411502838135, 3.5047249794006348, 3.1199748516082764]"
hyperdit_b_velocity,0.75,14,131.84557711798698,9717.178444700496,"[5.652990341186523, 4.874352931976318, 4.436090469360352, 4.078212261199951, 3.6621475219726562, 3.4888319969177246, 3.103965997695923]"
hyperdit_b_velocity,0.75,15,131.45482554193586,9746.062913386853,"[5.640831470489502, 4.861456871032715, 4.422839641571045, 4.065344333648682, 3.649980306625366, 3.476675510406494, 3.0915870666503906]"
hyperdit_b_velocity,0.75,16,131.86988200899214,9715.387475000834,"[5.629047393798828, 4.8479790687561035, 4.408696174621582, 4.051130771636963, 3.6354548931121826, 3.463024616241455, 3.077791452407837]"
hyperdit_b_velocity,0.75,17,131.26136807492003,9760.426992264385,"[5.617840766906738, 4.8354949951171875, 4.397707462310791, 4.040092468261719, 3.6250739097595215, 3.453007221221924, 3.065166711807251]"
hyperdit_b_velocity,0.75,18,131.61965539306402,9733.857729485544,"[5.606086730957031, 4.822369575500488, 4.384654521942139, 4.027780055999756, 3.6119022369384766, 3.4403562545776367, 3.051764726638794]"
hyperdit_b_velocity,0.75,19,132.0851540560834,9699.553361280981,"[5.595503807067871, 4.81208610534668, 4.372999668121338, 4.016319274902344, 3.5999653339385986, 3.428553819656372, 3.0395307540893555]"
hyperdit_b_velocity,0.75,20,132.05983498319983,9701.413000879376,"[5.584734916687012, 4.800233840942383, 4.361879348754883, 4.004952430725098, 3.588629722595215, 3.416377305984497, 3.025851011276245]"
hyperdit_b_velocity,0.75,21,131.4941252102144,9743.150106149986,"[5.5743842124938965, 4.7882161140441895, 4.349423408508301, 3.9928653240203857, 3.5766656398773193, 3.405744791030884, 3.014090061187744]"
hyperdit_b_velocity,0.75,22,133.69668330810964,9582.638613760497,"[5.56514310836792, 4.778504371643066, 4.340930461883545, 3.984815835952759, 3.5673553943634033, 3.397184371948242, 3.0030131340026855]"
hyperdit_b_velocity,0.75,23,134.61013912409544,9517.611439498683,"[5.555090427398682, 4.7671403884887695, 4.330015659332275, 3.9733312129974365, 3.55493426322937, 3.3840482234954834, 2.989861488342285]"
hyperdit_b_velocity,0.75,24,134.2110335920006,9545.91411533814,"[5.544893741607666, 4.757332801818848, 4.319919109344482, 3.963078022003174, 3.543870449066162, 3.372856855392456, 2.9781410694122314]"
hyperdit_b_velocity,0.75,25,134.74176936224103,9508.31361398928,"[5.536688327789307, 4.749214172363281, 4.311637878417969, 3.954759120941162, 3.5346195697784424, 3.362481117248535, 2.9685165882110596]"
hyperdit_b_velocity,0.75,26,133.7424232698977,9579.361347555012,"[5.529237747192383, 4.739533424377441, 4.304100036621094, 3.9466025829315186, 3.5249502658843994, 3.3532536029815674, 2.957108497619629]"
hyperdit_b_velocity,0.75,27,134.09641697490588,9554.073322031796,"[5.521574974060059, 4.7325592041015625, 4.296586990356445, 3.939694404602051, 3.5178091526031494, 3.345231294631958, 2.947657823562622]"
hyperdit_b_velocity,0.75,28,134.3715064469725,9534.513929897716,"[5.512744426727295, 4.721945762634277, 4.286176681518555, 3.9287469387054443, 3.5066845417022705, 3.3341779708862305, 2.9362857341766357]"
hyperdit_b_velocity,0.75,29,134.04941086703911,9557.42357771914,"[5.505430698394775, 4.716093063354492, 4.280391216278076, 3.922975540161133, 3.4994821548461914, 3.327054977416992, 2.9280776977539062]"
hyperdit_b_velocity,0.75,30,133.14869442069903,9622.07707386151,"[5.498674392700195, 4.707833290100098, 4.273433685302734, 3.9158804416656494, 3.492213010787964, 3.3186562061309814, 2.9187450408935547]"
hyperdit_b_velocity,0.75,31,133.2874308009632,9612.061634777507,"[5.49190616607666, 4.701796531677246, 4.267231464385986, 3.9095301628112793, 3.4840593338012695, 3.3112902641296387, 2.9108481407165527]"
hyperdit_b_velocity,0.75,32,133.32382803130895,9609.437554546803,"[5.486639976501465, 4.6968841552734375, 4.262729644775391, 3.9052815437316895, 3.478679656982422, 3.305288314819336, 2.9048984050750732]"
hyperdit_b_velocity,0.75,33,133.68331518676132,9583.596862556518,"[5.4816155433654785, 4.691072940826416, 4.256784439086914, 3.898921012878418, 3.470968246459961, 3.2980031967163086, 2.8957626819610596]"
hyperdit_b_velocity,0.75,34,133.39941044710577,9603.992968979393,"[5.477323532104492, 4.686270713806152, 4.253881931304932, 3.895202159881592, 3.4687092304229736, 3.294870138168335, 2.891711473464966]"
hyperdit_b_velocity,0.75,35,133.7490589809604,9578.886085339696,"[5.473029613494873, 4.682645320892334, 4.249917984008789, 3.8918516635894775, 3.463754892349243, 3.2902750968933105, 2.8875813484191895]"
hyperdit_b_velocity,0.75,36,134.02877193083987,9558.89531436649,"[5.4706902503967285, 4.679226398468018, 4.247538089752197, 3.887890338897705, 3.4589526653289795, 3.2864208221435547, 2.882082462310791]"
hyperdit_b_velocity,0.75,37,134.2723337719217,9541.556060060906,"[5.467031002044678, 4.675633907318115, 4.243417263031006, 3.8842296600341797, 3.456127882003784, 3.282309055328369, 2.877397298812866]"
hyperdit_b_velocity,0.75,38,133.71696173818782,9581.185388495971,"[5.464644432067871, 4.673480987548828, 4.241298198699951, 3.8814735412597656, 3.4534378051757812, 3.2794854640960693, 2.874680519104004]"
hyperdit_b_velocity,0.75,39,133.8388851103373,9572.457204375254,"[5.464004039764404, 4.672582626342773, 4.2405524253845215, 3.8826117515563965, 3.4535481929779053, 3.279371738433838, 2.873725652694702]"
hyperdit_b_velocity,0.75,40,132.96233517164364,9635.563322095064,"[5.463387489318848, 4.671902179718018, 4.240803241729736, 3.881171464920044, 3.452526330947876, 3.2778477668762207, 2.873464822769165]"
pixeldit_b_velocity,0.25,1,113.05216752924025,11332.529291564746,"[6.195082664489746, 5.933628559112549, 5.734297752380371, 5.549861907958984, 5.282764911651611, 5.03917932510376, 4.840097904205322, 4.604617595672607, 4.371081829071045, 4.405083656311035, 4.6523613929748535]"
pixeldit_b_velocity,0.25,2,111.90382070001215,11448.8226763455,"[5.960277080535889, 5.5504560470581055, 5.293470859527588, 5.020054340362549, 4.667109489440918, 4.341452121734619, 4.084257125854492, 3.811319351196289, 3.5774085521698, 3.634608745574951, 3.9663844108581543]"
pixeldit_b_velocity,0.25,3,110.05028190091252,11641.651233147606,"[5.882552146911621, 5.4196319580078125, 5.140120029449463, 4.8350605964660645, 4.454874038696289, 4.106221675872803, 3.8374874591827393, 3.563436269760132, 3.3436686992645264, 3.4064137935638428, 3.7509331703186035]"
pixeldit_b_velocity,0.25,4,110.86500172875822,11556.099580772092,"[5.831653118133545, 5.336889266967773, 5.0415191650390625, 4.71870231628418, 4.3224005699157715, 3.9611423015594482, 3.6887307167053223, 3.416167736053467, 3.206395387649536, 3.271789789199829, 3.620013952255249]"
pixeldit_b_velocity,0.25,5,110.6686451267451,11576.603278487075,"[5.794796943664551, 5.276808261871338, 4.968882083892822, 4.634591579437256, 4.226771354675293, 3.85830020904541, 3.5843422412872314, 3.3134899139404297, 3.1112616062164307, 3.178407907485962, 3.526237726211548]"
pixeldit_b_velocity,0.25,6,111.56442623166367,11483.651583880825,"[5.7668538093566895, 5.23032808303833, 4.9128241539001465, 4.570151329040527, 4.153329372406006, 3.779456853866577, 3.505115270614624, 3.2358245849609375, 3.0386979579925537, 3.107095956802368, 3.45493483543396]"
pixeldit_b_velocity,0.25,7,112.02094844169915,11436.851926555311,"[5.7415900230407715, 5.190800189971924, 4.865289211273193, 4.516263008117676, 4.093303680419922, 3.715994119644165, 3.442349433898926, 3.1739604473114014, 2.9816768169403076, 3.051168918609619, 3.3975188732147217]"
pixeldit_b_velocity,0.25,8,111.25074137793854,11516.031121515389,"[5.721745014190674, 5.1577372550964355, 4.82533597946167, 4.471473217010498, 4.042597770690918, 3.662412405014038, 3.3896842002868652, 3.1224184036254883, 2.934056520462036, 3.004087209701538, 3.348358154296875]"
pixeldit_b_velocity,0.25,9,111.16464387113228,11524.95033839351,"[5.700606346130371, 5.126614093780518, 4.788438320159912, 4.4305596351623535, 3.9980010986328125, 3.6163012981414795, 3.3443892002105713, 3.07812237739563, 2.8929526805877686, 2.963599920272827, 3.305494785308838]"
pixeldit_b_velocity,0.25,10,110.81512874783948,11561.300469318621,"[5.6854071617126465, 5.102150917053223, 4.758597373962402, 4.397695064544678, 3.961460828781128, 3.578214645385742, 3.3071129322052, 3.042147159576416, 2.85970401763916, 2.9306769371032715, 3.2711172103881836]"
pixeldit_b_velocity,0.25,11,112.1221914398484,11426.524790030739,"[5.669814109802246, 5.077640056610107, 4.730344295501709, 4.366563320159912, 3.9272892475128174, 3.542711019515991, 3.2719168663024902, 3.0074622631073, 2.8276686668395996, 2.89933705329895, 3.2371442317962646]"
pixeldit_b_velocity,0.25,12,111.78359433915466,11461.13620316146,"[5.652872085571289, 5.053928852081299, 4.702933311462402, 4.337480545043945, 3.896003007888794, 3.510464906692505, 3.241229295730591, 2.9773800373077393, 2.799246072769165, 2.8712475299835205, 3.2063536643981934]"
pixeldit_b_velocity,0.25,13,110.8593674460426,11556.686904456394,"[5.63917875289917, 5.033913612365723, 4.679511070251465, 4.311940670013428, 3.8681647777557373, 3.4823460578918457, 3.2140088081359863, 2.950924873352051, 2.7746903896331787, 2.8463540077209473, 3.1799185276031494]"
pixeldit_b_velocity,0.25,14,110.86218324722722,11556.393374853036,"[5.625776290893555, 5.014908313751221, 4.6576738357543945, 4.288793087005615, 3.843151092529297, 3.4565556049346924, 3.1888442039489746, 2.9264073371887207, 2.7517142295837402, 2.823106527328491, 3.154290199279785]"
pixeldit_b_velocity,0.25,15,109.53389946790412,11696.53418917502,"[5.613063335418701, 4.997268199920654, 4.636974811553955, 4.266584873199463, 3.8196773529052734, 3.432849168777466, 3.1662728786468506, 2.903740167617798, 2.7307567596435547, 2.802175283432007, 3.1307623386383057]"
pixeldit_b_velocity,0.25,16,110.00577185396105,11646.36162637741,"[5.601171970367432, 4.980613708496094, 4.618322372436523, 4.246840476989746, 3.7988505363464355, 3.4119765758514404, 3.145660400390625, 2.88349986076355, 2.7114267349243164, 2.7827651500701904, 3.1090381145477295]"
pixeldit_b_velocity,0.25,17,110.81038120109588,11561.795800295737,"[5.589580535888672, 4.965310096740723, 4.601156234741211, 4.228885173797607, 3.779585361480713, 3.3925089836120605, 3.12650990486145, 2.864722967147827, 2.6940133571624756, 2.7648565769195557, 3.0884006023406982]"
pixeldit_b_velocity,0.25,18,111.54993925523013,11485.1429642525,"[5.577202320098877, 4.949615955352783, 4.583114147186279, 4.210031032562256, 3.760265350341797, 3.373100519180298, 3.108181953430176, 2.8469126224517822, 2.677151918411255, 2.748448610305786, 3.069767951965332]"
pixeldit_b_velocity,0.25,19,110.34486545016989,11610.571953423207,"[5.566788673400879, 4.936118125915527, 4.568317890167236, 4.194777011871338, 3.744765520095825, 3.357496976852417, 3.0930793285369873, 2.8316686153411865, 2.662386417388916, 2.733614444732666, 3.0533037185668945]"
pixeldit_b_velocity,0.25,20,110.30176379205659,11615.108915350487,"[5.555798530578613, 4.922146320343018, 4.552338600158691, 4.178594589233398, 3.727221727371216, 3.3398659229278564, 3.0764527320861816, 2.815613031387329, 2.6471712589263916, 2.71797513961792, 3.0353922843933105]"
pixeldit_b_velocity,0.25,21,110.32550530601293,11612.609400214315,"[5.545406818389893, 4.90951681137085, 4.538278579711914, 4.164462089538574, 3.712873935699463, 3.325255870819092, 3.0612599849700928, 2.8008382320404053, 2.6327719688415527, 2.703845262527466, 3.0193541049957275]"
pixeldit_b_velocity,0.25,22,109.4337714780122,11707.236099940284,"[5.535810470581055, 4.897731304168701, 4.5254902839660645, 4.1509222984313965, 3.699061155319214, 3.311323881149292, 3.0482022762298584, 2.787696123123169, 2.620060443878174, 2.690727710723877, 3.003981590270996]"
pixeldit_b_velocity,0.25,23,109.5513899801299,11694.666769927559,"[5.524886131286621, 4.8856425285339355, 4.512363910675049, 4.137925148010254, 3.6858232021331787, 3.2982609272003174, 3.0353240966796875, 2.7746801376342773, 2.6078155040740967, 2.678276538848877, 2.9897732734680176]"
pixeldit_b_velocity,0.25,24,109.93319056741893,11654.05091389844,"[5.515992164611816, 4.875101089477539, 4.5007100105285645, 4.125818252563477, 3.6735939979553223, 3.286222219467163, 3.0235183238983154, 2.7630176544189453, 2.5970215797424316, 2.666996479034424, 2.9763665199279785]"
pixeldit_b_velocity,0.25,25,110.2167141563259,11624.071809860494,"[5.507406711578369, 4.8651533126831055, 4.490138053894043, 4.115202903747559, 3.662668466567993, 3.2752907276153564, 3.0126519203186035, 2.7526051998138428, 2.5864508152008057, 2.65665602684021, 2.964204788208008]"
pixeldit_b_velocity,0.25,26,109.95653973566368,11651.576187100238,"[5.499477386474609, 4.856242656707764, 4.48046875, 4.105353832244873, 3.6526436805725098, 3.2650797367095947, 3.0029091835021973, 2.742692708969116, 2.576777935028076, 2.6465368270874023, 2.9518961906433105]"
pixeldit_b_velocity,0.25,27,111.38822221988812,11501.817467477727,"[5.491369724273682, 4.847476482391357, 4.470934867858887, 4.09584379196167, 3.6432182788848877, 3.2562785148620605, 2.9943878650665283, 2.7339658737182617, 2.5684049129486084, 2.637735605239868, 2.9423673152923584]"
pixeldit_b_velocity,0.25,28,111.1464526602067,11526.836613641119,"[5.483282089233398, 4.838802337646484, 4.4613776206970215, 4.086735725402832, 3.634005546569824, 3.2469899654388428, 2.9850106239318848, 2.72465181350708, 2.5592353343963623, 2.628479480743408, 2.9308009147644043]"
pixeldit_b_velocity,0.25,29,109.81492668297142,11666.601605978813,"[5.47599983215332, 4.831052303314209, 4.453341484069824, 4.078555583953857, 3.625932455062866, 3.2390761375427246, 2.9776673316955566, 2.717099666595459, 2.5519680976867676, 2.6209280490875244, 2.9219367504119873]"
pixeldit_b_velocity,0.25,30,109.33515654085204,11717.79545146857,"[5.469377517700195, 4.823809623718262, 4.445545196533203, 4.070797443389893, 3.617790699005127, 3.2310569286346436, 2.970081090927124, 2.7096915245056152, 2.5444695949554443, 2.61336350440979, 2.912630319595337]"
pixeldit_b_velocity,0.25,31,109.9821726619266,11648.860619785808,"[5.4633612632751465, 4.81738805770874, 4.438826560974121, 4.064451694488525, 3.6117117404937744, 3.2252204418182373, 2.9638960361480713, 2.703402519226074, 2.53865647315979, 2.607318639755249, 2.90523099899292]"
pixeldit_b_velocity,0.25,32,109.6262138900347,11686.684731127627,"[5.458168983459473, 4.812256336212158, 4.433082103729248, 4.058696746826172, 3.6064229011535645, 3.219762086868286, 2.9584004878997803, 2.6983001232147217, 2.53292179107666, 2.6017723083496094, 2.8985660076141357]"
pixeldit_b_velocity,0.25,33,109.9627697430551,11650.91605998688,"[5.4527459144592285, 4.8066301345825195, 4.427556037902832, 4.053296089172363, 3.6009879112243652, 3.21413254737854, 2.953120470046997, 2.6927759647369385, 2.527780532836914, 2.595980405807495, 2.891833782196045]"
pixeldit_b_velocity,0.25,34,110.10192231694236,11636.191022278414,"[5.448647975921631, 4.8028178215026855, 4.4229607582092285, 4.048725605010986, 3.596440553665161, 3.210049629211426, 2.9487664699554443, 2.688093423843384, 2.52301025390625, 2.591456890106201, 2.8863275051116943]"
pixeldit_b_velocity,0.25,35,111.78935938933864,11460.545144891357,"[5.444860935211182, 4.798705101013184, 4.419071197509766, 4.045193195343018, 3.5929601192474365, 3.206178665161133, 2.94498610496521, 2.6841726303100586, 2.5193674564361572, 2.587144374847412, 2.881054162979126]"
pixeldit_b_velocity,0.25,36,110.54711743397638,11589.329778455503,"[5.441658020019531, 4.795475482940674, 4.415754318237305, 4.041777610778809, 3.589421510696411, 3.2029664516448975, 2.9422831535339355, 2.6819021701812744, 2.516547679901123, 2.584494113922119, 2.8775010108947754]"
pixeldit_b_velocity,0.25,37,110.37691294820979,11607.200869996603,"[5.438918590545654, 4.792812347412109, 4.412980556488037, 4.039368152618408, 3.5873706340789795, 3.200634241104126, 2.9399516582489014, 2.6794891357421875, 2.5143814086914062, 2.582183837890625, 2.8750417232513428]"
pixeldit_b_velocity,0.25,38,110.04880866920575,11641.807080811232,"[5.437366008758545, 4.791194915771484, 4.411308765411377, 4.037728309631348, 3.585824728012085, 3.199287176132202, 2.9383482933044434, 2.677730083465576, 2.5124144554138184, 2.580108880996704, 2.8720521926879883]"
pixeldit_b_velocity,0.25,39,109.9285322483629,11654.544764642573,"[5.436219215393066, 4.790101051330566, 4.410065174102783, 4.036205291748047, 3.584415912628174, 3.1980364322662354, 2.9373886585235596, 2.6766583919525146, 2.51147198677063, 2.57920241355896, 2.8712892532348633]"
pixeldit_b_velocity,0.25,40,111.14205381600186,11527.292829418111,"[5.435264587402344, 4.789048671722412, 4.409332275390625, 4.035726547241211, 3.583887815475464, 3.1976845264434814, 2.9368700981140137, 2.6760241985321045, 2.510558605194092, 2.577916383743286, 2.8702714443206787]"
pixeldit_b_velocity,0.5,1,110.21941312216222,11623.78716878135,"[6.30349063873291, 5.991513252258301, 5.73079252243042, 5.497115135192871, 5.118399143218994, 4.764524936676025, 4.493841171264648, 4.189552307128906, 3.961765766143799, 4.048012733459473, 4.4115891456604]"
pixeldit_b_velocity,0.5,2,109.55083933705464,11694.72555165222,"[6.05364990234375, 5.611414909362793, 5.27943754196167, 4.944363117218018, 4.470570087432861, 4.044662952423096, 3.7358052730560303, 3.427880048751831, 3.2251384258270264, 3.3141095638275146, 3.7107019424438477]"
pixeldit_b_velocity,0.5,3,109.30022540409118,11721.540328608005,"[5.96992826461792, 5.487311840057373, 5.130728244781494, 4.763692378997803, 4.269916534423828, 3.830711603164673, 3.520308494567871, 3.220961809158325, 3.0331711769104004, 3.120482921600342, 3.5086066722869873]"
pixeldit_b_velocity,0.5,4,109.44435515534133,11706.103966545907,"[5.917568206787109, 5.410040855407715, 5.038105010986328, 4.65290641784668, 4.149806976318359, 3.704587697982788, 3.395343780517578, 3.1010921001434326, 2.922917127609253, 3.0086753368377686, 3.3910489082336426]"
pixeldit_b_velocity,0.5,5,109.20858652377501,11731.376082970239,"[5.879569053649902, 5.353881359100342, 4.9698662757873535, 4.572731018066406, 4.064698696136475, 3.616504669189453, 3.3092246055603027, 3.019381046295166, 2.8481931686401367, 2.9322824478149414, 3.3061957359313965]"
pixeldit_b_velocity,0.5,6,110.50926161883399,11593.299794355444,"[5.85223913192749, 5.312009811401367, 4.919466495513916, 4.513047695159912, 4.000298976898193, 3.5499157905578613, 3.2452754974365234, 2.9582128524780273, 2.7911858558654785, 2.8752620220184326, 3.2440714836120605]"
pixeldit_b_velocity,0.5,7,108.60670125531033,11796.389957450781,"[5.827820301055908, 5.276047706604004, 4.875870227813721, 4.462589740753174, 3.947425127029419, 3.496655225753784, 3.193683624267578, 2.908918857574463, 2.745694875717163, 2.8289453983306885, 3.19338059425354]"
pixeldit_b_velocity,0.5,8,109.44615158997476,11705.911824106153,"[5.807991981506348, 5.245298862457275, 4.839228630065918, 4.421223163604736, 3.904247760772705, 3.4528589248657227, 3.151538848876953, 2.869189739227295, 2.709397077560425, 2.7919373512268066, 3.1518216133117676]"
pixeldit_b_velocity,0.5,9,109.48494629887864,11701.763971300608,"[5.788918972015381, 5.217834949493408, 4.806217193603516, 4.3838701248168945, 3.8660056591033936, 3.4150731563568115, 3.115692615509033, 2.834779977798462, 2.6773860454559326, 2.7591421604156494, 3.114736318588257]"
pixeldit_b_velocity,0.5,10,108.96951187588274,11757.114241818948,"[5.774582386016846, 5.196078777313232, 4.779977321624756, 4.353932857513428, 3.83520245552063, 3.384019374847412, 3.0865046977996826, 2.807546854019165, 2.651820421218872, 2.73376727104187, 3.085988759994507]"
pixeldit_b_velocity,0.5,11,108.88957050768659,11765.745736957992,"[5.759718418121338, 5.173247337341309, 4.7535529136657715, 4.325027942657471, 3.8051741123199463, 3.3539843559265137, 3.0575509071350098, 2.779541015625, 2.6264986991882324, 2.7077791690826416, 3.05617618560791]"
pixeldit_b_velocity,0.5,12,109.42920771520585,11707.724352115309,"[5.743186950683594, 5.1514058113098145, 4.728967189788818, 4.29839563369751, 3.778399705886841, 3.3271915912628174, 3.032386064529419, 2.755751609802246, 2.603604793548584, 2.6842236518859863, 3.028981924057007]"
pixeldit_b_velocity,0.5,13,109.23779668286443,11728.239115985118,"[5.730387210845947, 5.133766174316406, 4.7080464363098145, 4.275440216064453, 3.7549140453338623, 3.3049843311309814, 3.011387586593628, 2.7357006072998047, 2.5844900608062744, 2.664689302444458, 3.0069973468780518]"
pixeldit_b_velocity,0.5,14,109.44937914703041,11705.56662801098,"[5.717586517333984, 5.115406036376953, 4.687000751495361, 4.253119945526123, 3.7326242923736572, 3.2823257446289062, 2.990382671356201, 2.714939594268799, 2.5655717849731445, 2.644867420196533, 2.9841816425323486]"
pixeldit_b_velocity,0.5,15,109.75360113941133,11673.120396046364,"[5.706139087677002, 5.099225044250488, 4.667952537536621, 4.2325520515441895, 3.7121896743774414, 3.262599229812622, 2.971343994140625, 2.69665789604187, 2.5485713481903076, 2.6270928382873535, 2.9629647731781006]"
pixeldit_b_velocity,0.5,16,109.50305484887213,11699.82884740677,"[5.695037364959717, 5.083971977233887, 4.651012420654297, 4.214527606964111, 3.694338083267212, 3.2448432445526123, 2.9536170959472656, 2.680333137512207, 2.5332109928131104, 2.611494302749634, 2.945103168487549]"
pixeldit_b_velocity,0.5,17,110.96979806525633,11545.186369056953,"[5.6840596199035645, 5.069353103637695, 4.635130405426025, 4.198193550109863, 3.6776626110076904, 3.2283527851104736, 2.937694549560547, 2.6644115447998047, 2.5182626247406006, 2.595928430557251, 2.9255483150482178]"
pixeldit_b_velocity,0.5,18,110.70765515230596,11572.524034019469,"[5.672330856323242, 5.054747581481934, 4.61829948425293, 4.1802191734313965, 3.6602492332458496, 3.2118427753448486, 2.9230759143829346, 2.65054988861084, 2.504169464111328, 2.581814765930176, 2.909111976623535]"
pixeldit_b_velocity,0.5,19,109.35791476815939,11715.35688766648,"[5.662647724151611, 5.042397499084473, 4.605015754699707, 4.166691780090332, 3.6467502117156982, 3.1984822750091553, 2.9093880653381348, 2.6370105743408203, 2.491454601287842, 2.5691494941711426, 2.8942604064941406]"
pixeldit_b_velocity,0.5,20,109.65343918185681,11683.783103922755,"[5.6526970863342285, 5.029208660125732, 4.58964729309082, 4.151113510131836, 3.631165027618408, 3.1825599670410156, 2.8950929641723633, 2.6232388019561768, 2.478017807006836, 2.5546767711639404, 2.877581834793091]"
pixeldit_b_velocity,0.5,21,109.20975204790011,11731.250881680162,"[5.642512798309326, 5.016519069671631, 4.576086044311523, 4.137475967407227, 3.618178129196167, 3.1697213649749756, 2.881828784942627, 2.610736131668091, 2.4658989906311035, 2.5425209999084473, 2.862945079803467]"
pixeldit_b_velocity,0.5,22,109.44295717496425,11706.253495616205,"[5.633632183074951, 5.005612850189209, 4.563746929168701, 4.1249680519104, 3.605262279510498, 3.1571731567382812, 2.870136022567749, 2.5990872383117676, 2.4542877674102783, 2.5303444862365723, 2.848910093307495]"
pixeldit_b_velocity,0.5,23,109.23470481717959,11728.571081363036,"[5.623373031616211, 4.993571758270264, 4.551298141479492, 4.112006664276123, 3.592381238937378, 3.1452295780181885, 2.8582561016082764, 2.5866503715515137, 2.44248628616333, 2.518221616744995, 2.8341920375823975]"
pixeldit_b_velocity,0.5,24,109.06553154718131,11746.763453362644,"[5.615100383758545, 4.98345422744751, 4.539994239807129, 4.100438117980957, 3.581279754638672, 3.1339731216430664, 2.847475290298462, 2.5765466690063477, 2.433183193206787, 2.5084598064422607, 2.822397470474243]"
pixeldit_b_velocity,0.5,25,110.31934224581346,11613.258146022163,"[5.606832981109619, 4.973875999450684, 4.529892444610596, 4.090357780456543, 3.571443796157837, 3.124756097793579, 2.8381776809692383, 2.567558765411377, 2.4237871170043945, 2.4989778995513916, 2.811509370803833]"
pixeldit_b_velocity,0.5,26,110.1666766111739,11629.351446461396,"[5.5995306968688965, 4.96506404876709, 4.520687103271484, 4.0808634757995605, 3.562056303024292, 3.1144652366638184, 2.8285446166992188, 2.5576021671295166, 2.4142227172851562, 2.4895901679992676, 2.7993977069854736]"
pixeldit_b_velocity,0.5,27,111.04123403318226,11537.759023977986,"[5.592245101928711, 4.956502914428711, 4.511508464813232, 4.071658611297607, 3.5532209873199463, 3.1061036586761475, 2.8203370571136475, 2.549344539642334, 2.4059998989105225, 2.4804041385650635, 2.789302110671997]"
pixeldit_b_velocity,0.5,28,111.25501120695844,11515.589150557467,"[5.584174156188965, 4.947304725646973, 4.501058101654053, 4.061960697174072, 3.5441601276397705, 3.0969202518463135, 2.8109397888183594, 2.5400729179382324, 2.397216796875, 2.4714062213897705, 2.7779881954193115]"
pixeldit_b_velocity,0.5,29,111.58861825894564,11481.161967854134,"[5.577119827270508, 4.939929008483887, 4.493929862976074, 4.054254055023193, 3.5362563133239746, 3.0898025035858154, 2.8043503761291504, 2.5336921215057373, 2.390967607498169, 2.464599370956421, 2.769998073577881]"
pixeldit_b_velocity,0.5,30,112.85956072993577,11351.869453627716,"[5.571128845214844, 4.932859420776367, 4.4860663414001465, 4.047021865844727, 3.528618812561035, 3.081975221633911, 2.7966463565826416, 2.5258984565734863, 2.382512092590332, 2.456392288208008, 2.7607083320617676]"
pixeldit_b_velocity,0.5,31,113.84921138733625,11253.1916944179,"[5.56520414352417, 4.926027297973633, 4.4791951179504395, 4.040095806121826, 3.5216071605682373, 3.075666904449463, 2.7905588150024414, 2.5196571350097656, 2.377119541168213, 2.4509894847869873, 2.753265142440796]"
pixeldit_b_velocity,0.5,32,113.45619425410405,11292.173234108426,"[5.560075283050537, 4.921274185180664, 4.473673343658447, 4.034851551055908, 3.517507314682007, 3.070406913757324, 2.7854092121124268, 2.5149364471435547, 2.371591329574585, 2.445063352584839, 2.746683120727539]"
pixeldit_b_velocity,0.5,33,113.55612503970042,11282.235982885912,"[5.554971694946289, 4.915229797363281, 4.467750549316406, 4.028927326202393, 3.5110840797424316, 3.0646722316741943, 2.77944016456604, 2.508451223373413, 2.3654539585113525, 2.438528299331665, 2.7391364574432373]"
pixeldit_b_velocity,0.5,34,113.29815413989127,11307.924738280555,"[5.55094051361084, 4.91105842590332, 4.462972164154053, 4.024794578552246, 3.5069985389709473, 3.0603187084198, 2.775679111480713, 2.504269599914551, 2.3611652851104736, 2.4341232776641846, 2.7334749698638916]"
pixeldit_b_velocity,0.5,35,114.6204723669216,11177.47094863424,"[5.5473504066467285, 4.9066972732543945, 4.458984375, 4.0204010009765625, 3.5033023357391357, 3.057157516479492, 2.7721307277679443, 2.5004162788391113, 2.358042001724243, 2.4307494163513184, 2.7298831939697266]"
pixeldit_b_velocity,0.5,36,115.29885072307661,11111.706595212223,"[5.544479846954346, 4.9037370681762695, 4.4559807777404785, 4.017416000366211, 3.4997520446777344, 3.0536649227142334, 2.7692716121673584, 2.4981091022491455, 2.3545875549316406, 2.4275147914886475, 2.7254574298858643]"
pixeldit_b_velocity,0.5,37,113.25639789085835,11312.09383186123,"[5.541520595550537, 4.901060104370117, 4.452648162841797, 4.014484882354736, 3.4973652362823486, 3.05092453956604, 2.7662954330444336, 2.495030641555786, 2.3517913818359375, 2.4247000217437744, 2.7223522663116455]"
pixeldit_b_velocity,0.5,38,116.1908717197366,11026.399759615335,"[5.540011405944824, 4.899075031280518, 4.451185703277588, 4.01274299621582, 3.496070623397827, 3.0495359897613525, 2.7643368244171143, 2.493649482727051, 2.349710702896118, 2.42252516746521, 2.7193424701690674]"
pixeldit_b_velocity,0.5,39,115.44751335820183,11097.397966683715,"[5.539229393005371, 4.898359775543213, 4.449710845947266, 4.011194229125977, 3.4947893619537354, 3.048382520675659, 2.7638731002807617, 2.492039918899536, 2.3484532833099365, 2.421457529067993, 2.717954158782959]"
pixeldit_b_velocity,0.5,40,116.16548872599378,11028.809107169189,"[5.53810453414917, 4.897002220153809, 4.448982238769531, 4.010821342468262, 3.493364095687866, 3.0473339557647705, 2.762606143951416, 2.491725206375122, 2.3479690551757812, 2.4207217693328857, 2.7179794311523438]"
pixeldit_b_velocity,0.75,1,112.04130721604452,11434.773761873197,"[6.441959381103516, 6.135694980621338, 5.8814778327941895, 5.609109401702881, 5.219846725463867, 4.878823757171631, 4.6260223388671875, 4.369191646575928, 4.2013349533081055, 4.293328762054443, 4.624163627624512]"
pixeldit_b_velocity,0.75,2,110.80827887775376,11562.015157851272,"[6.226650714874268, 5.828856945037842, 5.517930030822754, 5.159154891967773, 4.710230350494385, 4.336907386779785, 4.067983150482178, 3.8266336917877197, 3.683379650115967, 3.7542567253112793, 4.065300464630127]"
pixeldit_b_velocity,0.75,3,111.81189253507182,11458.235532487199,"[6.148917198181152, 5.735426902770996, 5.4060139656066895, 5.0261945724487305, 4.569460391998291, 4.191195964813232, 3.9243719577789307, 3.6900784969329834, 3.5562632083892822, 3.6205334663391113, 3.9164910316467285]"
pixeldit_b_velocity,0.75,4,112.08107893168926,11430.716158441342,"[6.099658489227295, 5.677498817443848, 5.336339950561523, 4.946246147155762, 4.486893177032471, 4.107368469238281, 3.8435356616973877, 3.6134121417999268, 3.4856369495391846, 3.5461418628692627, 3.832794666290283]"
pixeldit_b_velocity,0.75,5,111.54992965282872,11485.143952912495,"[6.063977241516113, 5.6334919929504395, 5.283070087432861, 4.887104034423828, 4.4284749031066895, 4.047677040100098, 3.7855641841888428, 3.5589301586151123, 3.434417486190796, 3.492682456970215, 3.7700588703155518]"
pixeldit_b_velocity,0.75,6,112.84564602095634,11353.26922371535,"[6.038521766662598, 5.602326393127441, 5.245250225067139, 4.844772815704346, 4.385101318359375, 4.0043535232543945, 3.7442667484283447, 3.5187435150146484, 3.3972580432891846, 3.4544129371643066, 3.7258284091949463]"
pixeldit_b_velocity,0.75,7,113.77139435335994,11260.888620393041,"[6.016663551330566, 5.575586795806885, 5.212806701660156, 4.808636665344238, 4.348030090332031, 3.967064619064331, 3.708238124847412, 3.485250473022461, 3.3657548427581787, 3.421790361404419, 3.6887009143829346]"
pixeldit_b_velocity,0.75,8,112.96436414914206,11341.337683347021,"[5.998059272766113, 5.550948619842529, 5.1836395263671875, 4.778167247772217, 4.317784309387207, 3.9373526573181152, 3.680992364883423, 3.458688735961914, 3.340928554534912, 3.395192861557007, 3.657656192779541]"
pixeldit_b_velocity,0.75,9,112.85242268675938,11352.587472190044,"[5.98122501373291, 5.530012607574463, 5.157688140869141, 4.750840663909912, 4.291029453277588, 3.9109463691711426, 3.655285358428955, 3.4345951080322266, 3.3184573650360107, 3.3704683780670166, 3.6295313835144043]"
pixeldit_b_velocity,0.75,10,113.66658786311746,11271.271743837691,"[5.968656063079834, 5.513547420501709, 5.137628555297852, 4.728507041931152, 4.2693190574646, 3.8894145488739014, 3.6352715492248535, 3.4162540435791016, 3.301917552947998, 3.353860855102539, 3.6086196899414062]"
pixeldit_b_velocity,0.75,11,114.83456315007061,11156.632331380208,"[5.955530643463135, 5.495370388031006, 5.116518497467041, 4.707508087158203, 4.248155117034912, 3.86787748336792, 3.6148037910461426, 3.3964240550994873, 3.282377243041992, 3.33345365524292, 3.5859103202819824]"
pixeldit_b_velocity,0.75,12,113.93092400720343,11245.12077088918,"[5.939925670623779, 5.476870059967041, 5.095776081085205, 4.685512542724609, 4.227534770965576, 3.847236156463623, 3.5945513248443604, 3.3776447772979736, 3.265069007873535, 3.315419912338257, 3.5642523765563965]"
pixeldit_b_velocity,0.75,13,114.6105980919674,11178.43394353416,"[5.929684638977051, 5.464114665985107, 5.080371379852295, 4.669654369354248, 4.211328983306885, 3.8311569690704346, 3.5788018703460693, 3.362086296081543, 3.2486908435821533, 3.2986385822296143, 3.5458195209503174]"
pixeldit_b_velocity,0.75,14,115.55807888600975,11086.780018762554,"[5.917540550231934, 5.447556495666504, 5.0614094734191895, 4.650385856628418, 4.1927080154418945, 3.8135769367218018, 3.5621285438537598, 3.345407009124756, 3.2329859733581543, 3.2821786403656006, 3.52544903755188]"
pixeldit_b_velocity,0.75,15,109.22233523707837,11729.899358213635,"[5.907658576965332, 5.4346394538879395, 5.04583215713501, 4.635071754455566, 4.177076816558838, 3.7975494861602783, 3.5448625087738037, 3.3299171924591064, 3.2194392681121826, 3.2685742378234863, 3.5090932846069336]"
pixeldit_b_velocity,0.75,16,110.02268928010017,11644.570846094788,"[5.897045135498047, 5.421353340148926, 5.03092622756958, 4.619065761566162, 4.161130428314209, 3.7812557220458984, 3.5314786434173584, 3.3168540000915527, 3.2057597637176514, 3.2538812160491943, 3.4914090633392334]"
pixeldit_b_velocity,0.75,17,111.04453458311036,11537.41608994832,"[5.887328624725342, 5.4088850021362305, 5.017333984375, 4.6059980392456055, 4.148519039154053, 3.768165111541748, 3.517937183380127, 3.3036317825317383, 3.1936967372894287, 3.241541862487793, 3.475977659225464]"
pixeldit_b_velocity,0.75,18,110.72812986094505,11570.384161720416,"[5.877599239349365, 5.396902561187744, 5.0030598640441895, 4.591718673706055, 4.1341633796691895, 3.754474639892578, 3.5054922103881836, 3.2911629676818848, 3.180819034576416, 3.2279694080352783, 3.4605932235717773]"
pixeldit_b_velocity,0.75,19,110.24456590088084,11621.135151023018,"[5.86857795715332, 5.385865211486816, 4.990735054016113, 4.57964563369751, 4.1224045753479, 3.74308180809021, 3.4932830333709717, 3.2790908813476562, 3.169238567352295, 3.216620922088623, 3.4477031230926514]"
pixeldit_b_velocity,0.75,20,110.56513025984168,11587.441691508884,"[5.859503746032715, 5.374776363372803, 4.9779791831970215, 4.566667556762695, 4.109428882598877, 3.7291274070739746, 3.4803667068481445, 3.265927791595459, 3.1563966274261475, 3.2032132148742676, 3.43255877494812]"
pixeldit_b_velocity,0.75,21,109.5926494076848,11690.263963179292,"[5.850594520568848, 5.363064289093018, 4.964733600616455, 4.553478240966797, 4.095846652984619, 3.7163245677948, 3.4674112796783447, 3.254145860671997, 3.1446220874786377, 3.1919150352478027, 3.417323350906372]"
pixeldit_b_velocity,0.75,22,108.93904342269525,11760.402512705512,"[5.842421531677246, 5.353546142578125, 4.9542317390441895, 4.543091297149658, 4.086662769317627, 3.7070295810699463, 3.458341121673584, 3.2445271015167236, 3.134498119354248, 3.180530309677124, 3.4053492546081543]"
pixeldit_b_velocity,0.75,23,110.42000861698762,11602.670712008061,"[5.833225727081299, 5.342550754547119, 4.942500114440918, 4.531165599822998, 4.07351016998291, 3.693718194961548, 3.444741725921631, 3.2292749881744385, 3.1199839115142822, 3.1675994396209717, 3.3905301094055176]"
pixeldit_b_velocity,0.75,24,110.51354754995555,11592.850183556662,"[5.824936866760254, 5.332818984985352, 4.931193828582764, 4.51979398727417, 4.063109397888184, 3.683077573776245, 3.434262990951538, 3.22068190574646, 3.1110455989837646, 3.1580471992492676, 3.3773341178894043]"
pixeldit_b_velocity,0.75,25,111.46914754109457,11493.467280062234,"[5.817719459533691, 5.324349880218506, 4.9221296310424805, 4.5108513832092285, 4.054202079772949, 3.675076961517334, 3.4261560440063477, 3.212186098098755, 3.1035706996917725, 3.150503635406494, 3.3690884113311768]"
pixeldit_b_velocity,0.75,26,111.61639155307785,11478.30513218801,"[5.810762405395508, 5.315495014190674, 4.912560939788818, 4.501153469085693, 4.045000076293945, 3.6641974449157715, 3.415631055831909, 3.2019639015197754, 3.092202663421631, 3.138753890991211, 3.3565514087677]"
pixeldit_b_velocity,0.75,27,111.13027070695534,11528.515064796069,"[5.8047404289245605, 5.307824611663818, 4.904607772827148, 4.49344539642334, 4.036257743835449, 3.655866861343384, 3.407625198364258, 3.19330096244812, 3.0836424827575684, 3.130115270614624, 3.3457541465759277]"
pixeldit_b_velocity,0.75,28,111.47110198996961,11493.265762415105,"[5.796947479248047, 5.298825740814209, 4.894195556640625, 4.4832329750061035, 4.026047229766846, 3.6453592777252197, 3.396156072616577, 3.181858539581299, 3.0725719928741455, 3.119201183319092, 3.333195447921753]"
pixeldit_b_velocity,0.75,29,111.38612822582945,11502.033694918473,"[5.790191650390625, 5.291951656341553, 4.886969089508057, 4.475937843322754, 4.018850803375244, 3.638463258743286, 3.3894312381744385, 3.174858570098877, 3.066016435623169, 3.1123454570770264, 3.3253204822540283]"
pixeldit_b_velocity,0.75,30,110.56922367680818,11587.012709294475,"[5.784405708312988, 5.2844343185424805, 4.878691673278809, 4.467757701873779, 4.010746955871582, 3.630406379699707, 3.3814334869384766, 3.1667263507843018, 3.0563292503356934, 3.1043801307678223, 3.3154256343841553]"
pixeldit_b_velocity,0.75,31,110.55690289614722,11588.303999466027,"[5.778873443603516, 5.278500556945801, 4.872341632843018, 4.461063385009766, 4.003117561340332, 3.623342514038086, 3.3740720748901367, 3.15971040725708, 3.050288438796997, 3.0979318618774414, 3.30741024017334]"
pixeldit_b_velocity,0.75,32,110.81526539195329,11561.286213307489,"[5.774145126342773, 5.272867679595947, 4.866235733032227, 4.4563188552856445, 3.9994442462921143, 3.617711067199707, 3.3695459365844727, 3.1542789936065674, 3.0442612171173096, 3.091005325317383, 3.30021071434021]"
pixeldit_b_velocity,0.75,33,109.59478118270636,11690.036570848715,"[5.769121170043945, 5.267494201660156, 4.860623836517334, 4.449706554412842, 3.9920427799224854, 3.611790657043457, 3.3629517555236816, 3.1479620933532715, 3.0372812747955322, 3.084533452987671, 3.292234182357788]"
pixeldit_b_velocity,0.75,34,110.18061742000282,11627.880021004581,"[5.765536308288574, 5.263085842132568, 4.856241703033447, 4.445554256439209, 3.98823881149292, 3.607292413711548, 3.3586223125457764, 3.1432158946990967, 3.033578634262085, 3.0804450511932373, 3.2883074283599854]"
pixeldit_b_velocity,0.75,35,109.3230322431773,11719.094995006928,"[5.761924743652344, 5.258936882019043, 4.851492881774902, 4.440603733062744, 3.984501600265503, 3.6031172275543213, 3.353588581085205, 3.138455629348755, 3.0281548500061035, 3.0756123065948486, 3.283210515975952]"
pixeldit_b_velocity,0.75,36,109.3307598689571,11718.266675687571,"[5.759733200073242, 5.256561279296875, 4.8486104011535645, 4.437883377075195, 3.9804599285125732, 3.599487066268921, 3.350446939468384, 3.1350362300872803, 3.024289608001709, 3.071977138519287, 3.276883125305176]"
pixeldit_b_velocity,0.75,37,109.83563192514703,11664.402321398898,"[5.7564849853515625, 5.253048896789551, 4.844898223876953, 4.434118270874023, 3.976834297180176, 3.595339298248291, 3.3472044467926025, 3.131293535232544, 3.0212013721466064, 3.0692903995513916, 3.274717092514038]"
pixeldit_b_velocity,0.75,38,110.15959085291252,11630.099477317795,"[5.754788875579834, 5.250690937042236, 4.842554569244385, 4.431649208068848, 3.9744114875793457, 3.5925886631011963, 3.343851327896118, 3.128885269165039, 3.018890619277954, 3.067779064178467, 3.271998167037964]"
pixeldit_b_velocity,0.75,39,109.82581520220265,11665.444937888384,"[5.754065990447998, 5.250303745269775, 4.841841220855713, 4.431286334991455, 3.974437713623047, 3.5926923751831055, 3.3444015979766846, 3.1280877590179443, 3.0171022415161133, 3.064840078353882, 3.26993727684021]"
pixeldit_b_velocity,0.75,40,110.28890319913626,11616.4633325507,"[5.753723621368408, 5.249184608459473, 4.8409624099731445, 4.429872035980225, 3.9728612899780273, 3.591575860977173, 3.3436405658721924, 3.127094268798828, 3.016425609588623, 3.0645761489868164, 3.269195079803467]"
