model,alpha,epoch,images,seconds,images_per_second,world,source_log,loss_after_block1,loss_after_block2,loss_after_block3,loss_after_block4,loss_after_block5,loss_after_block6,loss_after_block7,loss_after_block8,loss_after_block9,loss_after_block10,loss_after_block11
raev1-g2a-01-jit-b-clean-epoch200,0.25,1,1281167,1613.788560088724,793.8877692437993,1,job.log,1.1133630275726318,1.0808496475219727,1.1121212244033813,1.0284764766693115,1.0218759775161743,1.0103782415390015,1.01871919631958,0.9950401782989502,0.9265921115875244,0.8744359612464905,0.8591256737709045
raev1-g2a-01-jit-b-clean-epoch200,0.25,2,1281167,1587.1078953859396,807.2337134259271,1,job.log,0.6500552892684937,0.6411376595497131,0.6485117077827454,0.6286152601242065,0.6275050044059753,0.6262442469596863,0.6303867697715759,0.6293421983718872,0.6207899451255798,0.6096745133399963,0.5978272557258606
raev1-g2a-01-jit-b-clean-epoch200,0.25,3,1281167,1592.9090534807183,804.2938780468851,1,job.log,0.5847228765487671,0.5774744749069214,0.5838363766670227,0.5685327649116516,0.5677494406700134,0.5672047138214111,0.5709663033485413,0.57119220495224,0.5673704743385315,0.5578554272651672,0.5442497134208679
raev1-g2a-01-jit-b-clean-epoch200,0.25,4,1281167,1590.2568976930343,805.6352416132091,1,job.log,0.5479048490524292,0.5413285493850708,0.5473526120185852,0.5341229438781738,0.5334776043891907,0.5332902073860168,0.537072479724884,0.5377284288406372,0.53592449426651,0.5269047021865845,0.512405276298523
raev1-g2a-01-jit-b-clean-epoch200,0.25,5,1281167,1589.1887683821842,806.1767270758183,1,job.log,0.5200707316398621,0.5137434005737305,0.5196351408958435,0.507419228553772,0.5068076252937317,0.5068484544754028,0.5105481743812561,0.511730432510376,0.5109699368476868,0.5026270151138306,0.4877189099788666
raev1-g2a-01-jit-b-clean-epoch200,0.25,6,1281167,1589.1652859491296,806.1886396132938,1,job.log,0.49926692247390747,0.4930616021156311,0.49879390001296997,0.4872543513774872,0.4867013692855835,0.48683568835258484,0.49055221676826477,0.49212825298309326,0.49265772104263306,0.4843693673610687,0.46897515654563904
raev1-g2a-01-jit-b-clean-epoch200,0.25,7,1281167,1589.1689348961227,806.1867884950473,1,job.log,0.48207879066467285,0.47596970200538635,0.4816070795059204,0.47047626972198486,0.46993687748908997,0.4701758623123169,0.4739281237125397,0.47566285729408264,0.47643935680389404,0.4684348702430725,0.45306771993637085
raev1-g2a-01-jit-b-clean-epoch200,0.25,8,1281167,1589.1215772735886,806.2108137742754,1,job.log,0.46754902601242065,0.4613984227180481,0.466994047164917,0.45608875155448914,0.45553719997406006,0.4557622969150543,0.4594345986843109,0.4614770710468292,0.46274104714393616,0.4551320970058441,0.4396804869174957
raev1-g2a-01-jit-b-clean-epoch200,0.25,9,1281167,1591.9010920156725,804.8031416184158,1,job.log,0.45357874035835266,0.4473235011100769,0.45285356044769287,0.44219204783439636,0.4416704475879669,0.44201183319091797,0.44559618830680847,0.4476890563964844,0.4493154287338257,0.4414370656013489,0.4264305830001831
raev1-g2a-01-jit-b-clean-epoch200,0.25,10,1281167,482.19065684685484,2656.9718467334433,1,job.log,0.44286179542541504,0.43652987480163574,0.44203969836235046,0.4314782917499542,0.4309794306755066,0.4312604069709778,0.4348162114620209,0.43715548515319824,0.4387260377407074,0.43041762709617615,0.41552984714508057
raev1-g2a-01-jit-b-clean-epoch200,0.25,11,1281167,452.91638935916126,2828.705319789253,1,job.log,0.4324360489845276,0.42602109909057617,0.4314311742782593,0.4208049476146698,0.4202825725078583,0.42049703001976013,0.4240668714046478,0.4263089895248413,0.4279347062110901,0.41953331232070923,0.4044748842716217
raev1-g2a-01-jit-b-clean-epoch200,0.25,12,1281167,469.93922969093546,2726.2397328322304,1,job.log,0.422778457403183,0.41622111201286316,0.42153167724609375,0.4107380509376526,0.4101758897304535,0.4103476405143738,0.41392457485198975,0.41599634289741516,0.41732048988342285,0.4081905484199524,0.3932875692844391
raev1-g2a-01-jit-b-clean-epoch200,0.25,13,1281167,469.97702776733786,2726.0204739927026,1,job.log,0.4139598309993744,0.40743833780288696,0.41289862990379333,0.40195736289024353,0.40134626626968384,0.40151435136795044,0.405138224363327,0.40720704197883606,0.40792813897132874,0.3987923264503479,0.3840748965740204
raev1-g2a-01-jit-b-clean-epoch200,0.25,14,1281167,250.37360449321568,5117.021031802557,1,job.log,0.40512794256210327,0.398394912481308,0.4037848711013794,0.39268553256988525,0.3920271396636963,0.3921861946582794,0.3956736922264099,0.3977348804473877,0.3983704447746277,0.38871410489082336,0.37394723296165466
raev1-g2a-01-jit-b-clean-epoch200,0.25,15,1281167,239.97507173987105,5338.750357323629,1,job.log,0.3973640203475952,0.39044925570487976,0.39572447538375854,0.38428619503974915,0.3836534917354584,0.3836309611797333,0.3870163559913635,0.38914042711257935,0.3893190324306488,0.3791142702102661,0.3649130165576935
raev1-g2a-01-jit-b-clean-epoch200,0.25,16,1281167,240.28749150736257,5331.808959188973,1,job.log,0.39064332842826843,0.38368871808052063,0.38898971676826477,0.37748095393180847,0.3767618238925934,0.37671807408332825,0.3801259398460388,0.38213562965393066,0.3819177448749542,0.37095457315444946,0.35673093795776367
raev1-g2a-01-jit-b-clean-epoch200,0.25,17,1281167,241.14837014488876,5312.774866486714,1,job.log,0.3830341100692749,0.37591680884361267,0.3811476528644562,0.3694063723087311,0.3686602711677551,0.3685239255428314,0.3718544840812683,0.3737322688102722,0.37291616201400757,0.36162328720092773,0.34798863530158997
raev1-g2a-01-jit-b-clean-epoch200,0.25,18,1281167,239.54527663905174,5348.329209306306,1,job.log,0.37673866748809814,0.3694554269313812,0.37465786933898926,0.36252090334892273,0.3617236614227295,0.3614611029624939,0.3647785186767578,0.36658045649528503,0.3653067648410797,0.35318514704704285,0.3396018445491791
raev1-g2a-01-jit-b-clean-epoch200,0.25,19,1281167,242.74582006316632,5277.812815341661,1,job.log,0.3706463575363159,0.3632725775241852,0.3684569001197815,0.35605281591415405,0.3552151620388031,0.3548484444618225,0.358147531747818,0.3598703145980835,0.3581376075744629,0.3455345332622528,0.3321092426776886
raev1-g2a-01-jit-b-clean-epoch200,0.25,20,1281167,306.1622586520389,4184.601347144093,1,job.log,0.364713579416275,0.3572208881378174,0.3623632788658142,0.3497253358364105,0.34889116883277893,0.34843239188194275,0.3516334891319275,0.3533037006855011,0.35104766488075256,0.33792006969451904,0.3247670531272888
raev1-g2a-01-jit-b-clean-epoch200,0.25,21,1281167,245.2161027956754,5224.644651772822,1,job.log,0.3596092760562897,0.35198578238487244,0.35720986127853394,0.344198077917099,0.34330934286117554,0.34275689721107483,0.34591493010520935,0.34746256470680237,0.34470391273498535,0.33087751269340515,0.3179709315299988
raev1-g2a-01-jit-b-clean-epoch200,0.25,22,1281167,243.86269580293447,5253.640766094505,1,job.log,0.35405218601226807,0.34623509645462036,0.35134372115135193,0.3380432724952698,0.3371027112007141,0.3364936113357544,0.339585542678833,0.34110498428344727,0.3378216624259949,0.3235708475112915,0.31065869331359863
raev1-g2a-01-jit-b-clean-epoch200,0.25,23,1281167,256.72934345621616,4990.341122492281,1,job.log,0.3491559326648712,0.34123316407203674,0.3464217782020569,0.33273863792419434,0.3317602276802063,0.33105507493019104,0.3341240882873535,0.3353859782218933,0.3316429555416107,0.3168209493160248,0.3042590618133545
raev1-g2a-01-jit-b-clean-epoch200,0.25,24,1281167,345.5866139968857,3707.2240304178717,1,job.log,0.34452545642852783,0.3364618718624115,0.341633677482605,0.3276427686214447,0.32665953040122986,0.32582423090934753,0.3288152813911438,0.3300328552722931,0.32569482922554016,0.31022337079048157,0.29789188504219055
raev1-g2a-01-jit-b-clean-epoch200,0.25,25,1281167,340.27240008302033,3765.1217074538467,1,job.log,0.3399016261100769,0.3317085802555084,0.3368828296661377,0.32256612181663513,0.32153037190437317,0.32062241435050964,0.32360363006591797,0.3247475326061249,0.3198149502277374,0.3037315607070923,0.29170963168144226
raev1-g2a-01-jit-b-clean-epoch200,0.25,26,1281167,314.57578501384705,4072.681563660742,1,job.log,0.33614683151245117,0.32787925004959106,0.33304744958877563,0.31845977902412415,0.3173655569553375,0.3163825571537018,0.31932511925697327,0.3203526437282562,0.3149993121623993,0.29847463965415955,0.28643444180488586
raev1-g2a-01-jit-b-clean-epoch200,0.25,27,1281167,262.96379525912926,4872.02810081713,1,job.log,0.3322615325450897,0.3238649368286133,0.3290344774723053,0.3141307830810547,0.31301429867744446,0.31193387508392334,0.31480130553245544,0.31575292348861694,0.30994969606399536,0.2931164801120758,0.28130263090133667
raev1-g2a-01-jit-b-clean-epoch200,0.25,28,1281167,270.0601188596338,4744.006650852058,1,job.log,0.3286695182323456,0.3201574683189392,0.32531681656837463,0.3101322650909424,0.309007465839386,0.30781036615371704,0.3106513023376465,0.3115588128566742,0.30538591742515564,0.2880849838256836,0.2764657735824585
raev1-g2a-01-jit-b-clean-epoch200,0.25,29,1281167,276.5441659288481,4632.775367713347,1,job.log,0.32555195689201355,0.31695204973220825,0.32209885120391846,0.30666813254356384,0.30549028515815735,0.3042683005332947,0.3070542514324188,0.3078119158744812,0.3012004494667053,0.2834615409374237,0.2720603346824646
raev1-g2a-01-jit-b-clean-epoch200,0.25,30,1281167,292.23737240582705,4383.994385977631,1,job.log,0.3224894404411316,0.3137747347354889,0.3189261853694916,0.3031923770904541,0.302004873752594,0.30067089200019836,0.3034171164035797,0.3041488826274872,0.29704609513282776,0.2790112793445587,0.26773229241371155
raev1-g2a-01-jit-b-clean-epoch200,0.25,31,1281167,176.66538875829428,7251.941135752604,1,job.log,0.31985288858413696,0.31105178594589233,0.31620627641677856,0.30027976632118225,0.29907357692718506,0.2976994216442108,0.300400048494339,0.30101343989372253,0.2935510277748108,0.27520108222961426,0.26404762268066406
raev1-g2a-01-jit-b-clean-epoch200,0.25,32,1281167,187.85892655467615,6819.835626108072,1,job.log,0.31742244958877563,0.30853599309921265,0.31370651721954346,0.2975253164768219,0.29630839824676514,0.2948453724384308,0.297532320022583,0.2981068789958954,0.2903010845184326,0.27154916524887085,0.26052114367485046
raev1-g2a-01-jit-b-clean-epoch200,0.25,33,1281167,202.49952039215714,6326.765601809396,1,job.log,0.3153734505176544,0.3064330518245697,0.31159213185310364,0.2952217161655426,0.2939850687980652,0.2924717366695404,0.2951219379901886,0.29560935497283936,0.28756535053253174,0.26855891942977905,0.2576328217983246
raev1-g2a-01-jit-b-clean-epoch200,0.25,34,1281167,222.7551800967194,5751.457718934852,1,job.log,0.31350380182266235,0.30449479818344116,0.3096538484096527,0.2931067645549774,0.2918435335159302,0.2902836501598358,0.29293012619018555,0.2933622896671295,0.2850207984447479,0.2657674252986908,0.2549452781677246
raev1-g2a-01-jit-b-clean-epoch200,0.25,35,1281167,237.02840948710218,5405.120013977541,1,job.log,0.3119771182537079,0.302914559841156,0.3080798387527466,0.291386216878891,0.2901131212711334,0.28851163387298584,0.29111525416374207,0.2914928197860718,0.2829078137874603,0.26343613862991333,0.25267431139945984
raev1-g2a-01-jit-b-clean-epoch200,0.25,36,1281167,220.178655968979,5818.761107255118,1,job.log,0.3105367124080658,0.3014073669910431,0.30658623576164246,0.2897239923477173,0.28843042254447937,0.28679537773132324,0.2893831431865692,0.28971347212791443,0.2809552252292633,0.2612861394882202,0.25062140822410583
raev1-g2a-01-jit-b-clean-epoch200,0.25,37,1281167,218.42075854493305,5865.591752976359,1,job.log,0.3095778822898865,0.30041852593421936,0.30560722947120667,0.2886525094509125,0.2873508632183075,0.28566691279411316,0.2882603108882904,0.28854355216026306,0.27958399057388306,0.25977054238319397,0.24912211298942566
raev1-g2a-01-jit-b-clean-epoch200,0.25,38,1281167,224.34040331281722,5710.817048918104,1,job.log,0.3088851273059845,0.29970264434814453,0.3048807978630066,0.28784656524658203,0.2865351140499115,0.28484830260276794,0.287418007850647,0.287665456533432,0.27858656644821167,0.2586688995361328,0.24808643758296967
raev1-g2a-01-jit-b-clean-epoch200,0.25,39,1281167,207.2312059989199,6182.307311412729,1,job.log,0.30833879113197327,0.29913437366485596,0.3043287694454193,0.2872505187988281,0.2859303653240204,0.2842292785644531,0.286794513463974,0.2870529592037201,0.2778831124305725,0.25786641240119934,0.2472953349351883
raev1-g2a-01-jit-b-clean-epoch200,0.25,40,1281167,187.46769563900307,6834.068107750562,1,job.log,0.3081737160682678,0.29895925521850586,0.3041461408138275,0.2870587408542633,0.2857373356819153,0.2840207517147064,0.28657791018486023,0.2868170440196991,0.2776351869106293,0.2576107084751129,0.24708737432956696
raev1-g2a-01-jit-b-clean-epoch200,0.5,1,1281167,1659.9163972320966,771.8262209689237,1,job.log,1.0460703372955322,1.0097180604934692,1.0335026979446411,0.9635347723960876,0.9724143147468567,0.9712452292442322,0.9829776883125305,0.9706419110298157,0.9219613671302795,0.8841983675956726,0.8696777820587158
raev1-g2a-01-jit-b-clean-epoch200,0.5,2,1281167,1646.5676907948218,778.0834077835951,1,job.log,0.6436802744865417,0.6374037265777588,0.6425367593765259,0.6280004382133484,0.6295931935310364,0.631250262260437,0.6379804611206055,0.6391491889953613,0.6353210806846619,0.631068229675293,0.620391845703125
raev1-g2a-01-jit-b-clean-epoch200,0.5,3,1281167,1659.6633428600617,771.9439038716085,1,job.log,0.5828312039375305,0.5785223245620728,0.5829513669013977,0.5730388760566711,0.5743304491043091,0.5763788819313049,0.5824216604232788,0.5843192934989929,0.5844258069992065,0.5810253024101257,0.5687735080718994
raev1-g2a-01-jit-b-clean-epoch200,0.5,4,1281167,1659.7525442922488,771.9024166619457,1,job.log,0.548545777797699,0.5451578497886658,0.5493377447128296,0.5413793325424194,0.5426535606384277,0.5450822710990906,0.5511258244514465,0.5531260371208191,0.5546352863311768,0.550751268863678,0.5376698970794678
raev1-g2a-01-jit-b-clean-epoch200,0.5,5,1281167,1659.4812151459046,772.0286245526181,1,job.log,0.5220031142234802,0.5190175771713257,0.5232028365135193,0.5165339708328247,0.5177555680274963,0.5206491351127625,0.5264251232147217,0.5286182165145874,0.5308609008789062,0.5270928144454956,0.5134115219116211
raev1-g2a-01-jit-b-clean-epoch200,0.5,6,1281167,1661.0859125028364,771.2828038313836,1,job.log,0.5024502277374268,0.4996199607849121,0.5036541819572449,0.49766990542411804,0.49890148639678955,0.5015271902084351,0.5075189471244812,0.5100656151771545,0.5132699012756348,0.5093512535095215,0.4953858256340027
raev1-g2a-01-jit-b-clean-epoch200,0.5,7,1281167,1659.7508358638734,771.9032112028872,1,job.log,0.4859734773635864,0.4833800494670868,0.48723822832107544,0.48175954818725586,0.48295074701309204,0.4857533574104309,0.49164900183677673,0.4941200911998749,0.49743208289146423,0.4937112331390381,0.4797722399234772
raev1-g2a-01-jit-b-clean-epoch200,0.5,8,1281167,1664.4440043629147,769.7267055195297,1,job.log,0.4721042215824127,0.46941789984703064,0.47338929772377014,0.46812543272972107,0.46947968006134033,0.4721768796443939,0.47785669565200806,0.4808213412761688,0.48437702655792236,0.4803512990474701,0.46623727679252625
raev1-g2a-01-jit-b-clean-epoch200,0.5,9,1281167,505.5878787720576,2534.0144686846998,1,job.log,0.4585114121437073,0.4558195173740387,0.45977410674095154,0.4547046720981598,0.4561574459075928,0.45896798372268677,0.4645600914955139,0.46734973788261414,0.47118544578552246,0.4670908451080322,0.45311158895492554
raev1-g2a-01-jit-b-clean-epoch200,0.5,10,1281167,450.59130404284224,2843.301653860117,1,job.log,0.44817444682121277,0.4453442096710205,0.44933009147644043,0.4442885220050812,0.4457124173641205,0.4485388696193695,0.45387157797813416,0.4570399820804596,0.46093979477882385,0.45572298765182495,0.44232362508773804
raev1-g2a-01-jit-b-clean-epoch200,0.5,11,1281167,481.15913147106767,2662.6679537038717,1,job.log,0.43773093819618225,0.43466103076934814,0.4385600984096527,0.4334322214126587,0.43484050035476685,0.4374872148036957,0.4427933990955353,0.44592633843421936,0.4498240649700165,0.44448330998420715,0.4307555556297302
raev1-g2a-01-jit-b-clean-epoch200,0.5,12,1281167,478.26348124211654,2678.789098997548,1,job.log,0.42846041917800903,0.42521733045578003,0.4290046989917755,0.42353588342666626,0.4250815212726593,0.42765170335769653,0.4329807758331299,0.43585431575775146,0.43934646248817444,0.4334067106246948,0.41978076100349426
raev1-g2a-01-jit-b-clean-epoch200,0.5,13,1281167,251.88465856621042,5086.3240631355575,1,job.log,0.4197065830230713,0.4163874089717865,0.42049968242645264,0.4146934449672699,0.4161946773529053,0.418933242559433,0.4242163598537445,0.42681095004081726,0.4293929934501648,0.4233739972114563,0.4098716080188751
raev1-g2a-01-jit-b-clean-epoch200,0.5,14,1281167,221.87289621913806,5774.328554014209,1,job.log,0.41084548830986023,0.40722477436065674,0.4112304449081421,0.40503522753715515,0.4065626561641693,0.4093047082424164,0.41421565413475037,0.4170512557029724,0.41974547505378723,0.41293323040008545,0.3993164002895355
raev1-g2a-01-jit-b-clean-epoch200,0.5,15,1281167,223.04666769132018,5743.941450732807,1,job.log,0.40281689167022705,0.39894434809684753,0.40297001600265503,0.3962961733341217,0.39801234006881714,0.40040862560272217,0.40511035919189453,0.4079847037792206,0.41012832522392273,0.4025286138057709,0.3895193338394165
raev1-g2a-01-jit-b-clean-epoch200,0.5,16,1281167,223.2860069219023,5737.784546651451,1,job.log,0.3960404396057129,0.3921394944190979,0.39614084362983704,0.38933855295181274,0.39109888672828674,0.3933987021446228,0.3981730043888092,0.4010225236415863,0.4028596878051758,0.3944835662841797,0.38134944438934326
raev1-g2a-01-jit-b-clean-epoch200,0.5,17,1281167,224.26743495929986,5712.675138200545,1,job.log,0.38822445273399353,0.38394850492477417,0.3879832625389099,0.38080093264579773,0.3825007677078247,0.38483333587646484,0.38939377665519714,0.39205247163772583,0.39321011304855347,0.3845040500164032,0.37195053696632385
raev1-g2a-01-jit-b-clean-epoch200,0.5,18,1281167,225.32949338993058,5685.749258677613,1,job.log,0.3818535804748535,0.377248615026474,0.381289541721344,0.3733837604522705,0.3751440644264221,0.3774080276489258,0.38197770714759827,0.3846043348312378,0.3853846788406372,0.3755170404911041,0.3630716800689697
raev1-g2a-01-jit-b-clean-epoch200,0.5,19,1281167,270.446650324855,4737.2263566995125,1,job.log,0.37524160742759705,0.37042510509490967,0.3745307922363281,0.36621713638305664,0.367982417345047,0.3700796067714691,0.37454554438591003,0.3771559000015259,0.37741708755493164,0.36710336804389954,0.3548501431941986
raev1-g2a-01-jit-b-clean-epoch200,0.5,20,1281167,252.8143839482218,5067.619096634914,1,job.log,0.3692505359649658,0.3642614781856537,0.3682721257209778,0.359485000371933,0.3614937663078308,0.36353206634521484,0.3677779734134674,0.37033048272132874,0.36993229389190674,0.3590644896030426,0.34696149826049805
raev1-g2a-01-jit-b-clean-epoch200,0.5,21,1281167,228.83083771821111,5598.751517824997,1,job.log,0.36407220363616943,0.35883063077926636,0.36307191848754883,0.3537105917930603,0.35565081238746643,0.35757794976234436,0.3617357909679413,0.3641584813594818,0.3634168207645416,0.35170596837997437,0.33976712822914124
raev1-g2a-01-jit-b-clean-epoch200,0.5,22,1281167,220.92875564517453,5799.005187254278,1,job.log,0.3579818904399872,0.35242071747779846,0.3565645217895508,0.34679415822029114,0.3488816022872925,0.35069558024406433,0.3546830415725708,0.35715359449386597,0.3557710349559784,0.3435390889644623,0.33165663480758667
raev1-g2a-01-jit-b-clean-epoch200,0.5,23,1281167,246.55211293511093,5196.333484017577,1,job.log,0.352640300989151,0.3469514846801758,0.3512199819087982,0.34088030457496643,0.34289681911468506,0.34473150968551636,0.34862473607063293,0.350788950920105,0.34905993938446045,0.3362303078174591,0.32467877864837646
raev1-g2a-01-jit-b-clean-epoch200,0.5,24,1281167,286.0791162829846,4478.366043093797,1,job.log,0.34762388467788696,0.34164002537727356,0.3460109233856201,0.3350757956504822,0.33734971284866333,0.3390006721019745,0.34271684288978577,0.3449161946773529,0.3425115942955017,0.3289951980113983,0.3176397383213043
raev1-g2a-01-jit-b-clean-epoch200,0.5,25,1281167,293.5911791268736,4363.778924864604,1,job.log,0.3426206707954407,0.33644798398017883,0.34081074595451355,0.3294517397880554,0.3316749930381775,0.33336392045021057,0.33704647421836853,0.3392583429813385,0.33624523878097534,0.32214289903640747,0.3110656142234802
raev1-g2a-01-jit-b-clean-epoch200,0.5,26,1281167,292.92760313116014,4373.664298978166,1,job.log,0.33875584602355957,0.33236774802207947,0.3367699086666107,0.32494989037513733,0.3272118866443634,0.32875120639801025,0.33232197165489197,0.3344043791294098,0.33102771639823914,0.31634557247161865,0.30516353249549866
raev1-g2a-01-jit-b-clean-epoch200,0.5,27,1281167,287.3751704217866,4458.168735035822,1,job.log,0.3343272805213928,0.32775387167930603,0.33224016427993774,0.31993943452835083,0.3222507834434509,0.32379522919654846,0.32719290256500244,0.32925304770469666,0.3253670632839203,0.3103843033313751,0.29947343468666077
raev1-g2a-01-jit-b-clean-epoch200,0.5,28,1281167,289.9527247874066,4418.537542419551,1,job.log,0.33049100637435913,0.32370856404304504,0.328205943107605,0.31546396017074585,0.31784844398498535,0.3191945552825928,0.3226340711116791,0.32463547587394714,0.32038894295692444,0.3048872947692871,0.2942068874835968
raev1-g2a-01-jit-b-clean-epoch200,0.5,29,1281167,288.8288024738431,4435.731440308918,1,job.log,0.3272303342819214,0.3202704191207886,0.3247670531272888,0.3116937577724457,0.31410640478134155,0.3154904544353485,0.3187466561794281,0.3207070231437683,0.3160937428474426,0.3000679016113281,0.28950878977775574
raev1-g2a-01-jit-b-clean-epoch200,0.5,30,1281167,292.26543808868155,4383.573399504247,1,job.log,0.32363373041152954,0.3164534568786621,0.3210079073905945,0.30743154883384705,0.30988478660583496,0.31117019057273865,0.31433117389678955,0.31632333993911743,0.31124719977378845,0.29509103298187256,0.2846640944480896
raev1-g2a-01-jit-b-clean-epoch200,0.5,31,1281167,176.80570045672357,7246.1860488123175,1,job.log,0.32082101702690125,0.31352049112319946,0.3181510865688324,0.30434665083885193,0.30683889985084534,0.30807700753211975,0.31114712357521057,0.31296437978744507,0.3074754774570465,0.29099783301353455,0.2805853486061096
raev1-g2a-01-jit-b-clean-epoch200,0.5,32,1281167,172.93325343029574,7408.4479103170315,1,job.log,0.31796619296073914,0.310506135225296,0.31515398621559143,0.300956130027771,0.3035188913345337,0.3046993017196655,0.3077390789985657,0.30964913964271545,0.3038090169429779,0.28688400983810425,0.2766619324684143
raev1-g2a-01-jit-b-clean-epoch200,0.5,33,1281167,179.98657024512067,7118.125526005636,1,job.log,0.3158256709575653,0.3083117604255676,0.3129054009914398,0.2984422743320465,0.3010764420032501,0.3022107183933258,0.30511897802352905,0.30686771869659424,0.30085834860801697,0.28370827436447144,0.2735716998577118
raev1-g2a-01-jit-b-clean-epoch200,0.5,34,1281167,190.09405990503728,6739.647733548409,1,job.log,0.3135744035243988,0.30589741468429565,0.3105584681034088,0.295838326215744,0.2984933853149414,0.29956841468811035,0.3025091886520386,0.304252564907074,0.29796865582466125,0.28050121665000916,0.27049338817596436
raev1-g2a-01-jit-b-clean-epoch200,0.5,35,1281167,212.2558973156847,6035.954789489507,1,job.log,0.3119623363018036,0.3041922152042389,0.3088699281215668,0.2939223647117615,0.29660069942474365,0.297643780708313,0.3004860579967499,0.3021712899208069,0.29564136266708374,0.2779959738254547,0.26797351241111755
raev1-g2a-01-jit-b-clean-epoch200,0.5,36,1281167,208.53694427618757,6143.597262570486,1,job.log,0.31017005443573,0.3022657036781311,0.30702683329582214,0.2917909324169159,0.2945001721382141,0.2955401539802551,0.29838529229164124,0.3000519871711731,0.2934320569038391,0.27552539110183716,0.26564016938209534
raev1-g2a-01-jit-b-clean-epoch200,0.5,37,1281167,193.98060674313456,6604.613840065451,1,job.log,0.3090764284133911,0.3011574447154999,0.30592668056488037,0.29059258103370667,0.2932622730731964,0.2942582070827484,0.29713934659957886,0.298742413520813,0.2919174134731293,0.2738838791847229,0.26398444175720215
raev1-g2a-01-jit-b-clean-epoch200,0.5,38,1281167,185.18614721717313,6918.265859797486,1,job.log,0.3084676265716553,0.3004591166973114,0.30521538853645325,0.28981027007102966,0.29248127341270447,0.2935287058353424,0.2962748110294342,0.29785147309303284,0.29088324308395386,0.2727389931678772,0.2629235088825226
raev1-g2a-01-jit-b-clean-epoch200,0.5,39,1281167,191.02277252776548,6706.880980977177,1,job.log,0.3076270818710327,0.29961082339286804,0.304400771856308,0.2888946533203125,0.2915995419025421,0.29257115721702576,0.295352041721344,0.2970292866230011,0.29002049565315247,0.2717289626598358,0.26192718744277954
raev1-g2a-01-jit-b-clean-epoch200,0.5,40,1281167,182.8353249952197,7007.218107515583,1,job.log,0.30749741196632385,0.29946428537368774,0.30421143770217896,0.2887057363986969,0.29140275716781616,0.29236385226249695,0.2951018810272217,0.29676032066345215,0.28973037004470825,0.27147388458251953,0.2617345154285431
raev1-g2a-01-jit-b-clean-epoch200,0.75,1,1281167,1614.7062784871086,793.4365630883552,1,job.log,1.1165261268615723,1.0322751998901367,1.0222151279449463,0.965158224105835,0.9777364730834961,0.9873543977737427,1.002526879310608,1.0021053552627563,0.9626496434211731,0.926755428314209,0.9042481184005737
raev1-g2a-01-jit-b-clean-epoch200,0.75,2,1281167,1601.5490177278407,799.9549097895392,1,job.log,0.6890302300453186,0.6796907782554626,0.6808269023895264,0.6721634268760681,0.6709592342376709,0.6735630631446838,0.6791499257087708,0.6779248118400574,0.6734535098075867,0.6724790930747986,0.660163164138794
raev1-g2a-01-jit-b-clean-epoch200,0.75,3,1281167,1601.5923318327405,799.9332754883573,1,job.log,0.6303768754005432,0.6267414689064026,0.6284599304199219,0.6247336268424988,0.6219602227210999,0.6233951449394226,0.627487301826477,0.6254194974899292,0.6233628392219543,0.6234392523765564,0.6107028722763062
raev1-g2a-01-jit-b-clean-epoch200,0.75,4,1281167,1601.6033582501113,799.9277682582937,1,job.log,0.5993061065673828,0.5985803008079529,0.6007845401763916,0.598566472530365,0.5951873064041138,0.5963900685310364,0.5998840928077698,0.5968507528305054,0.595532238483429,0.5941983461380005,0.5808990597724915
raev1-g2a-01-jit-b-clean-epoch200,0.75,5,1281167,1601.587980329059,799.935448901642,1,job.log,0.5761678814888,0.5767762660980225,0.5790543556213379,0.5782113075256348,0.5744025111198425,0.5754883885383606,0.5778091549873352,0.5743975043296814,0.5732480883598328,0.5718445777893066,0.55763179063797
raev1-g2a-01-jit-b-clean-epoch200,0.75,6,1281167,1601.616968266666,799.9209707340515,1,job.log,0.5593575835227966,0.5608775615692139,0.5631694793701172,0.563035249710083,0.5586574673652649,0.5587277412414551,0.5610674619674683,0.5571845173835754,0.5563083291053772,0.5549454689025879,0.5403587818145752
raev1-g2a-01-jit-b-clean-epoch200,0.75,7,1281167,1601.5846478347667,799.937113365847,1,job.log,0.5455873608589172,0.5476077795028687,0.5497422814369202,0.5501524209976196,0.5452568531036377,0.545130729675293,0.5469701886177063,0.5423009991645813,0.5412503480911255,0.5396361947059631,0.5254414677619934
raev1-g2a-01-jit-b-clean-epoch200,0.75,8,1281167,1601.5850923699327,799.9368913356976,1,job.log,0.5340344309806824,0.536449670791626,0.5382642149925232,0.5386292934417725,0.5338056087493896,0.5329608917236328,0.5343724489212036,0.5298216342926025,0.5286263823509216,0.5264617800712585,0.5117665529251099
raev1-g2a-01-jit-b-clean-epoch200,0.75,9,1281167,1601.6300108549185,799.9144567203373,1,job.log,0.5227019190788269,0.5254743695259094,0.5270578265190125,0.5274122953414917,0.5223846435546875,0.5215141177177429,0.5224737524986267,0.5175773501396179,0.5166122317314148,0.5138697028160095,0.4992060363292694
raev1-g2a-01-jit-b-clean-epoch200,0.75,10,1281167,494.0651758108288,2593.1133435936445,1,job.log,0.5143513083457947,0.5168405175209045,0.5183985233306885,0.5183947682380676,0.5130615830421448,0.5121009349822998,0.5127737522125244,0.5079300999641418,0.5068882703781128,0.503262996673584,0.48916515707969666
raev1-g2a-01-jit-b-clean-epoch200,0.75,11,1281167,478.1505453349091,2679.421810765974,1,job.log,0.5052991509437561,0.5075466632843018,0.5085629224777222,0.5085873603820801,0.5029933452606201,0.5016630291938782,0.5020924210548401,0.4975401759147644,0.49596118927001953,0.4913524091243744,0.4771519899368286
raev1-g2a-01-jit-b-clean-epoch200,0.75,12,1281167,495.36334104882553,2586.317746661277,1,job.log,0.498151570558548,0.5000149607658386,0.500801146030426,0.5001035332679749,0.49478110671043396,0.49323326349258423,0.4935712218284607,0.48814985156059265,0.48651355504989624,0.4814480245113373,0.46668243408203125
raev1-g2a-01-jit-b-clean-epoch200,0.75,13,1281167,472.3832951663062,2712.1344321647853,1,job.log,0.49084290862083435,0.4923020303249359,0.493318647146225,0.4919660985469818,0.4863698482513428,0.4848599433898926,0.4850081503391266,0.4791705012321472,0.4767442047595978,0.47165200114250183,0.4567718803882599
raev1-g2a-01-jit-b-clean-epoch200,0.75,14,1281167,228.87632744619623,5597.638752313404,1,job.log,0.4832689166069031,0.48421332240104675,0.48442238569259644,0.4824880361557007,0.4767799973487854,0.47525882720947266,0.47492334246635437,0.46978843212127686,0.467246949672699,0.4609271287918091,0.4459035098552704
raev1-g2a-01-jit-b-clean-epoch200,0.75,15,1281167,198.30951929930598,6460.441256308787,1,job.log,0.47652333974838257,0.47710666060447693,0.4769924581050873,0.4742977023124695,0.468523234128952,0.4664774239063263,0.46576517820358276,0.4608963429927826,0.4578534960746765,0.4506082534790039,0.4361618459224701
raev1-g2a-01-jit-b-clean-epoch200,0.75,16,1281167,203.73149686586112,6288.507274079144,1,job.log,0.47061803936958313,0.47090059518814087,0.4703383147716522,0.4673765003681183,0.46175122261047363,0.45934951305389404,0.4590011537075043,0.45401525497436523,0.4506787061691284,0.44257640838623047,0.42786940932273865
raev1-g2a-01-jit-b-clean-epoch200,0.75,17,1281167,203.96007055789232,6281.45987837532,1,job.log,0.46367835998535156,0.46308955550193787,0.46218299865722656,0.4588567316532135,0.45334571599960327,0.450942724943161,0.450044721364975,0.44481685757637024,0.44073575735092163,0.43221473693847656,0.41789570450782776
raev1-g2a-01-jit-b-clean-epoch200,0.75,18,1281167,205.72661675699055,6227.5218452328245,1,job.log,0.45851925015449524,0.4571395516395569,0.45594534277915955,0.45078516006469727,0.44545120000839233,0.44320958852767944,0.4423659145832062,0.43728533387184143,0.4331572651863098,0.42335888743400574,0.40897703170776367
raev1-g2a-01-jit-b-clean-epoch200,0.75,19,1281167,205.4529979908839,6235.81555162727,1,job.log,0.4518430233001709,0.4500018358230591,0.44838693737983704,0.44296419620513916,0.43783968687057495,0.4353328347206116,0.43456190824508667,0.42954131960868835,0.4244082570075989,0.414483904838562,0.40018048882484436
raev1-g2a-01-jit-b-clean-epoch200,0.75,20,1281167,209.53016593912616,6114.475184314088,1,job.log,0.4469369947910309,0.44446197152137756,0.4424110949039459,0.4360094666481018,0.43118080496788025,0.42870092391967773,0.42760613560676575,0.42292338609695435,0.4172450304031372,0.4065757095813751,0.39201268553733826
raev1-g2a-01-jit-b-clean-epoch200,0.75,21,1281167,257.5527532948181,4974.3867367376215,1,job.log,0.4426474869251251,0.4395737946033478,0.4375010132789612,0.430327445268631,0.4253149628639221,0.4226660132408142,0.42158058285713196,0.4164971113204956,0.4107373356819153,0.39901912212371826,0.3846661448478699
raev1-g2a-01-jit-b-clean-epoch200,0.75,22,1281167,205.83172355499119,6224.341796650778,1,job.log,0.43680810928344727,0.4329261779785156,0.4302888810634613,0.42247819900512695,0.41767728328704834,0.414795458316803,0.4134449362754822,0.4087095558643341,0.4026087820529938,0.3900817632675171,0.3758745789527893
raev1-g2a-01-jit-b-clean-epoch200,0.75,23,1281167,248.270749558229,5160.362234696187,1,job.log,0.43135204911231995,0.42688560485839844,0.4239616394042969,0.4155534505844116,0.4107372462749481,0.4082517921924591,0.40684273838996887,0.4021656811237335,0.39561909437179565,0.38236305117607117,0.3683249056339264
raev1-g2a-01-jit-b-clean-epoch200,0.75,24,1281167,253.8256171606481,5047.429862798836,1,job.log,0.4267938435077667,0.42157745361328125,0.418592631816864,0.40906471014022827,0.40491312742233276,0.4020855128765106,0.4003697633743286,0.39590218663215637,0.38879677653312683,0.37482884526252747,0.36101317405700684
raev1-g2a-01-jit-b-clean-epoch200,0.75,25,1281167,326.4656919501722,3924.354171327571,1,job.log,0.42199596762657166,0.41651248931884766,0.41287922859191895,0.4026118814945221,0.39834439754486084,0.3956684172153473,0.3940844237804413,0.38985827565193176,0.38217952847480774,0.36786389350891113,0.35416287183761597
raev1-g2a-01-jit-b-clean-epoch200,0.75,26,1281167,345.1464190026745,3711.95217294163,1,job.log,0.41862112283706665,0.4124405086040497,0.4086592197418213,0.39782094955444336,0.3936484158039093,0.3907952308654785,0.38915809988975525,0.3849281370639801,0.37693291902542114,0.3617655336856842,0.3477258086204529
raev1-g2a-01-jit-b-clean-epoch200,0.75,27,1281167,351.06108279991895,3649.4133436322204,1,job.log,0.41392451524734497,0.4071439504623413,0.40313228964805603,0.391684889793396,0.3879292905330658,0.3854396343231201,0.3836109936237335,0.37943732738494873,0.3712162971496582,0.35547158122062683,0.3416155278682709
raev1-g2a-01-jit-b-clean-epoch200,0.75,28,1281167,307.136626098305,4171.326019547853,1,job.log,0.4103652238845825,0.4029788076877594,0.3987099826335907,0.38646310567855835,0.3827206492424011,0.37998315691947937,0.37833839654922485,0.3741682469844818,0.36547157168388367,0.3493354618549347,0.33585065603256226
raev1-g2a-01-jit-b-clean-epoch200,0.75,29,1281167,280.85145518090576,4561.724628326237,1,job.log,0.4074000120162964,0.399580180644989,0.395104318857193,0.38248410820961,0.3788854777812958,0.37609127163887024,0.37421876192092896,0.3703747093677521,0.3614165484905243,0.3445722758769989,0.3309392035007477
raev1-g2a-01-jit-b-clean-epoch200,0.75,30,1281167,287.1104715219699,4462.278903338307,1,job.log,0.4035145342350006,0.3950124680995941,0.39025720953941345,0.3768250048160553,0.3734284043312073,0.37058520317077637,0.36880433559417725,0.3652784526348114,0.356031596660614,0.33910468220710754,0.3255813717842102
raev1-g2a-01-jit-b-clean-epoch200,0.75,31,1281167,284.54604001902044,4502.494569646306,1,job.log,0.40104731917381287,0.3922087252140045,0.3873746693134308,0.3737007975578308,0.37032005190849304,0.36752623319625854,0.36561787128448486,0.3617731034755707,0.35218366980552673,0.33499887585639954,0.3213016390800476
raev1-g2a-01-jit-b-clean-epoch200,0.75,32,1281167,188.27293154830113,6804.839067751588,1,job.log,0.3978019952774048,0.3885462284088135,0.383462518453598,0.36920401453971863,0.365940660238266,0.36329934000968933,0.36143600940704346,0.3579404652118683,0.34805259108543396,0.3303568959236145,0.31692183017730713
raev1-g2a-01-jit-b-clean-epoch200,0.75,33,1281167,194.41924939583987,6589.712716108316,1,job.log,0.39607134461402893,0.38655757904052734,0.3810005486011505,0.3663555681705475,0.3633411228656769,0.3606521189212799,0.3586428761482239,0.35498571395874023,0.34501364827156067,0.32698482275009155,0.31356287002563477
raev1-g2a-01-jit-b-clean-epoch200,0.75,34,1281167,205.9711301298812,6220.129001535905,1,job.log,0.39340588450431824,0.38349997997283936,0.37803366780281067,0.36313220858573914,0.3601778447628021,0.3575766384601593,0.3555583953857422,0.3520883023738861,0.34174177050590515,0.32345283031463623,0.3102298378944397
raev1-g2a-01-jit-b-clean-epoch200,0.75,35,1281167,229.03040444292128,5593.87301924488,1,job.log,0.3918801248073578,0.3817427158355713,0.3760563135147095,0.36063751578330994,0.3579111695289612,0.355090469121933,0.3529673218727112,0.34965309500694275,0.33923715353012085,0.3207848072052002,0.30739954113960266
raev1-g2a-01-jit-b-clean-epoch200,0.75,36,1281167,234.31135224876925,5467.7973888340675,1,job.log,0.3897944390773773,0.3792439103126526,0.3736523389816284,0.3579091429710388,0.3551594018936157,0.35258054733276367,0.3504624664783478,0.34714165329933167,0.3367818295955658,0.31812044978141785,0.3048095703125
raev1-g2a-01-jit-b-clean-epoch200,0.75,37,1281167,216.60977435298264,5914.631524947889,1,job.log,0.3886195719242096,0.3781600892543793,0.37229210138320923,0.3565501272678375,0.3537607789039612,0.351176917552948,0.3492238521575928,0.3458764851093292,0.33531883358955383,0.31620290875434875,0.30299198627471924
raev1-g2a-01-jit-b-clean-epoch200,0.75,38,1281167,214.74694320978597,5965.938238051798,1,job.log,0.3883948028087616,0.3775443434715271,0.3716820478439331,0.35574162006378174,0.3530093729496002,0.3505355715751648,0.3484109938144684,0.34501227736473083,0.33438441157341003,0.315170556306839,0.30191826820373535
raev1-g2a-01-jit-b-clean-epoch200,0.75,39,1281167,223.02421812992543,5744.519634426611,1,job.log,0.3871973156929016,0.3763197958469391,0.3704681098461151,0.3543643057346344,0.3515343964099884,0.34895607829093933,0.34698259830474854,0.34405192732810974,0.33321666717529297,0.3138117790222168,0.30070167779922485
raev1-g2a-01-jit-b-clean-epoch200,0.75,40,1281167,205.87915558787063,6222.907784626061,1,job.log,0.3869940936565399,0.37613818049430847,0.37015122175216675,0.35406479239463806,0.351269394159317,0.3487449586391449,0.3466673493385315,0.3435709774494171,0.3328169882297516,0.3135078549385071,0.30041298270225525
raev1-g2a-02-jit-b-velocity-epoch200,0.25,1,1281167,1621.7772133238614,789.9771864313134,1,job.log,0.9346235394477844,0.9403817653656006,0.9426634907722473,0.9546172618865967,0.9570954442024231,0.9575203657150269,0.9466376304626465,0.9540008306503296,0.9445434212684631,0.9285264015197754,0.9017817378044128
raev1-g2a-02-jit-b-velocity-epoch200,0.25,2,1281167,1601.569344538264,799.9447569155136,1,job.log,0.6811648607254028,0.6768026351928711,0.6779230833053589,0.6711065173149109,0.6728265285491943,0.6596840620040894,0.6612603664398193,0.6729542016983032,0.6800175309181213,0.6792124509811401,0.6530684232711792
raev1-g2a-02-jit-b-velocity-epoch200,0.25,3,1281167,1603.9080559685826,798.7783309850122,1,job.log,0.6294712424278259,0.6247698068618774,0.6268668174743652,0.6192257404327393,0.6207908987998962,0.6077622175216675,0.6111992001533508,0.6245419383049011,0.6326953768730164,0.6332122087478638,0.606200098991394
raev1-g2a-02-jit-b-velocity-epoch200,0.25,4,1281167,1601.6758158290759,799.8915806422594,1,job.log,0.5984742641448975,0.5938926935195923,0.596644937992096,0.5894876718521118,0.5918022394180298,0.5784347057342529,0.5825513005256653,0.5966292023658752,0.6053838133811951,0.606520414352417,0.5788776278495789
raev1-g2a-02-jit-b-velocity-epoch200,0.25,5,1281167,1601.6141045591794,799.9224010034691,1,job.log,0.5737117528915405,0.5694205164909363,0.5728422999382019,0.565264880657196,0.5678237676620483,0.5547873973846436,0.5592576265335083,0.5738701224327087,0.5833330750465393,0.5848181247711182,0.5566160082817078
raev1-g2a-02-jit-b-velocity-epoch200,0.25,6,1281167,1604.5341622717679,798.4666391808506,1,job.log,0.5541391372680664,0.5495888590812683,0.552438497543335,0.5457047820091248,0.5482832193374634,0.535820722579956,0.5408743619918823,0.555854320526123,0.5651998519897461,0.5666900873184204,0.5393240451812744
raev1-g2a-02-jit-b-velocity-epoch200,0.25,7,1281167,1601.7389534101821,799.8600503985568,1,job.log,0.5364227294921875,0.5325073003768921,0.5361689329147339,0.5298832654953003,0.532936155796051,0.5209230780601501,0.5266570448875427,0.5416139364242554,0.5505093932151794,0.5519554018974304,0.5238956809043884
raev1-g2a-02-jit-b-velocity-epoch200,0.25,8,1281167,1601.738065971993,799.8604935586277,1,job.log,0.5205296277999878,0.5172206163406372,0.52079838514328,0.5147327184677124,0.5177820920944214,0.5065078735351562,0.5126295685768127,0.5286074876785278,0.5373828411102295,0.5382050275802612,0.5118075609207153
raev1-g2a-02-jit-b-velocity-epoch200,0.25,9,1281167,1603.731206648983,798.8664151999728,1,job.log,0.5048868656158447,0.5015231966972351,0.5059011578559875,0.5002734661102295,0.5039345622062683,0.49324530363082886,0.4992489218711853,0.5151530504226685,0.5242366790771484,0.5251792073249817,0.49796560406684875
raev1-g2a-02-jit-b-velocity-epoch200,0.25,10,1281167,467.55363231897354,2740.14981692189,1,job.log,0.491233766078949,0.4879453182220459,0.4925587773323059,0.4874536693096161,0.4909750521183014,0.4815748631954193,0.4875353276729584,0.5034916400909424,0.5122033953666687,0.5133220553398132,0.48783159255981445
raev1-g2a-02-jit-b-velocity-epoch200,0.25,11,1281167,448.07767826877534,2859.252005031823,1,job.log,0.4780021905899048,0.4756081700325012,0.48026466369628906,0.4759986698627472,0.47927212715148926,0.46968501806259155,0.47631099820137024,0.4921857714653015,0.5008277297019958,0.5016239881515503,0.47712039947509766
raev1-g2a-02-jit-b-velocity-epoch200,0.25,12,1281167,454.3127358290367,2820.011192647081,1,job.log,0.46331650018692017,0.4608733654022217,0.46601033210754395,0.4624018371105194,0.4665586054325104,0.45818835496902466,0.46490246057510376,0.48092523217201233,0.4893493056297302,0.48998504877090454,0.46588364243507385
raev1-g2a-02-jit-b-velocity-epoch200,0.25,13,1281167,474.41692082211375,2700.508653401052,1,job.log,0.45231354236602783,0.4505985975265503,0.45627012848854065,0.4534118175506592,0.4572099447250366,0.44933056831359863,0.4561278820037842,0.47223401069641113,0.48051679134368896,0.48070406913757324,0.45666980743408203
raev1-g2a-02-jit-b-velocity-epoch200,0.25,14,1281167,228.41675500990823,5608.901150637683,1,job.log,0.43810173869132996,0.4367735683917999,0.44253748655319214,0.4406392574310303,0.4445272386074066,0.4377342164516449,0.44452786445617676,0.4605570137500763,0.46839532256126404,0.46881747245788574,0.4462307095527649
raev1-g2a-02-jit-b-velocity-epoch200,0.25,15,1281167,199.19714060984552,6431.6535673036515,1,job.log,0.424593061208725,0.42361313104629517,0.42949166893959045,0.42851778864860535,0.43226951360702515,0.42687031626701355,0.4339747428894043,0.45034053921699524,0.45819371938705444,0.45830583572387695,0.43720924854278564
raev1-g2a-02-jit-b-velocity-epoch200,0.25,16,1281167,203.55888859927654,6293.839629484759,1,job.log,0.4144649803638458,0.41380932927131653,0.41999801993370056,0.4194400906562805,0.4237093925476074,0.4192095994949341,0.42654651403427124,0.4426336884498596,0.4504113793373108,0.45029664039611816,0.42924463748931885
raev1-g2a-02-jit-b-velocity-epoch200,0.25,17,1281167,203.99186813505366,6280.48074520205,1,job.log,0.40254688262939453,0.4026932418346405,0.40890684723854065,0.409000962972641,0.4132317006587982,0.40928876399993896,0.4163261950016022,0.4326767027378082,0.4400986433029175,0.43971145153045654,0.4198943078517914
raev1-g2a-02-jit-b-velocity-epoch200,0.25,18,1281167,205.69589244294912,6228.452035595891,1,job.log,0.3905397653579712,0.39118438959121704,0.39777740836143494,0.39872679114341736,0.4033259153366089,0.40062808990478516,0.4078899919986725,0.4237774610519409,0.4307696521282196,0.43043753504753113,0.41136106848716736
raev1-g2a-02-jit-b-velocity-epoch200,0.25,19,1281167,205.450000311248,6235.906537157881,1,job.log,0.3791307508945465,0.3803357183933258,0.38707950711250305,0.3888883888721466,0.39341405034065247,0.3917698562145233,0.3991621434688568,0.415035605430603,0.42192190885543823,0.42098525166511536,0.4034760296344757
raev1-g2a-02-jit-b-velocity-epoch200,0.25,20,1281167,209.5472342246212,6113.97714095654,1,job.log,0.36934956908226013,0.3708755373954773,0.3776303231716156,0.38038912415504456,0.3851124942302704,0.38388076424598694,0.39093318581581116,0.406902551651001,0.4135368764400482,0.41253870725631714,0.3957267105579376
raev1-g2a-02-jit-b-velocity-epoch200,0.25,21,1281167,257.7077870927751,4971.394207575026,1,job.log,0.3586655855178833,0.3605811297893524,0.3675096333026886,0.37127044796943665,0.37595611810684204,0.37602946162223816,0.3834072947502136,0.3992730975151062,0.4057413339614868,0.4042407274246216,0.38864943385124207
raev1-g2a-02-jit-b-velocity-epoch200,0.25,22,1281167,205.1851721680723,6243.955089262317,1,job.log,0.34881487488746643,0.3511642515659332,0.35813385248184204,0.362246572971344,0.36681345105171204,0.36786219477653503,0.37524744868278503,0.3912627696990967,0.39744046330451965,0.39602866768836975,0.3811710774898529
raev1-g2a-02-jit-b-velocity-epoch200,0.25,23,1281167,213.76728189596906,5993.279180223129,1,job.log,0.3398043215274811,0.3424617052078247,0.34965217113494873,0.3545612692832947,0.3593418598175049,0.36095452308654785,0.3682954013347626,0.3840823471546173,0.3900624215602875,0.3884233832359314,0.3742143213748932
raev1-g2a-02-jit-b-velocity-epoch200,0.25,24,1281167,215.14650814514607,5954.8584406290975,1,job.log,0.3300286531448364,0.33329352736473083,0.34068819880485535,0.3461633324623108,0.3510550856590271,0.3537786602973938,0.3611813485622406,0.37715521454811096,0.3829498589038849,0.38103821873664856,0.3676459789276123
raev1-g2a-02-jit-b-velocity-epoch200,0.25,25,1281167,246.15531042171642,5204.7099768235275,1,job.log,0.32116591930389404,0.3247743248939514,0.33221450448036194,0.33835893869400024,0.34327980875968933,0.346761018037796,0.35409578680992126,0.3699730932712555,0.3755388557910919,0.3734946548938751,0.36108002066612244
raev1-g2a-02-jit-b-velocity-epoch200,0.25,26,1281167,276.5550267207436,4632.593430650896,1,job.log,0.31348708271980286,0.3173601031303406,0.3249821960926056,0.3317682445049286,0.3367599844932556,0.3409298360347748,0.34825146198272705,0.36401769518852234,0.3693859279155731,0.3671937584877014,0.35558223724365234
raev1-g2a-02-jit-b-velocity-epoch200,0.25,27,1281167,289.3331827111542,4427.998848922243,1,job.log,0.30537280440330505,0.30955350399017334,0.31720679998397827,0.32461869716644287,0.32972317934036255,0.3347338140010834,0.3421699106693268,0.35791289806365967,0.3631322383880615,0.3606843948364258,0.34999024868011475
raev1-g2a-02-jit-b-velocity-epoch200,0.25,28,1281167,288.13076406205073,4446.477640700987,1,job.log,0.2986026108264923,0.30309855937957764,0.31071215867996216,0.31853196024894714,0.32364585995674133,0.32917729020118713,0.3366057574748993,0.352411687374115,0.357411652803421,0.3548377454280853,0.3448126018047333
raev1-g2a-02-jit-b-velocity-epoch200,0.25,29,1281167,281.7703826013021,4546.847643007315,1,job.log,0.2925707995891571,0.2972298562526703,0.30491867661476135,0.3131547272205353,0.3183062970638275,0.3243207335472107,0.3316943645477295,0.3472997844219208,0.35215625166893005,0.3494598865509033,0.33999449014663696
raev1-g2a-02-jit-b-velocity-epoch200,0.25,30,1281167,281.5245630540885,4550.817825987898,1,job.log,0.28614798188209534,0.2910558581352234,0.29884329438209534,0.3075365722179413,0.3126477599143982,0.3192903995513916,0.3266863226890564,0.3423123061656952,0.3470739424228668,0.34427833557128906,0.33540481328964233
raev1-g2a-02-jit-b-velocity-epoch200,0.25,31,1281167,279.3083415334113,4586.9270962920555,1,job.log,0.2809782028198242,0.2861243486404419,0.2938840985298157,0.3029172420501709,0.3080771863460541,0.31515204906463623,0.3224851191043854,0.33795174956321716,0.3426140248775482,0.3397064507007599,0.3313864767551422
raev1-g2a-02-jit-b-velocity-epoch200,0.25,32,1281167,294.91891528712586,4344.133026369933,1,job.log,0.2760176658630371,0.2813737988471985,0.28918445110321045,0.29857882857322693,0.3037510812282562,0.3112764060497284,0.3185845911502838,0.3340551555156708,0.33857592940330505,0.33556392788887024,0.3277158737182617
raev1-g2a-02-jit-b-velocity-epoch200,0.25,33,1281167,189.6830884409137,6754.249999462043,1,job.log,0.2717300057411194,0.277255117893219,0.28504881262779236,0.29469841718673706,0.2999483644962311,0.3078590929508209,0.3151725232601166,0.33056819438934326,0.3349389135837555,0.33180245757102966,0.3244369924068451
raev1-g2a-02-jit-b-velocity-epoch200,0.25,34,1281167,193.60921121994033,6617.283299318814,1,job.log,0.26798224449157715,0.27361252903938293,0.28143563866615295,0.29136526584625244,0.2965858578681946,0.3047949969768524,0.31209084391593933,0.32743963599205017,0.3317989408969879,0.32861337065696716,0.32154589891433716
raev1-g2a-02-jit-b-velocity-epoch200,0.25,35,1281167,206.2137838047929,6212.809717961359,1,job.log,0.26470500230789185,0.27046462893486023,0.27831411361694336,0.28844574093818665,0.29367437958717346,0.30220797657966614,0.309505432844162,0.32482996582984924,0.3290172815322876,0.32576870918273926,0.3190664052963257
raev1-g2a-02-jit-b-velocity-epoch200,0.25,36,1281167,229.54284163285047,5581.385116984841,1,job.log,0.2617676258087158,0.2676399350166321,0.27546557784080505,0.28579801321029663,0.2910141348838806,0.29976117610931396,0.30705225467681885,0.32237708568573,0.3265231251716614,0.3232271671295166,0.31679555773735046
raev1-g2a-02-jit-b-velocity-epoch200,0.25,37,1281167,233.87738339416683,5477.943105942726,1,job.log,0.25967252254486084,0.26564133167266846,0.2734822928905487,0.2839369475841522,0.2892008125782013,0.29815810918807983,0.30540183186531067,0.32072076201438904,0.32479268312454224,0.3214365541934967,0.3151859641075134
raev1-g2a-02-jit-b-velocity-epoch200,0.25,38,1281167,214.48147330898792,5973.322451745356,1,job.log,0.2581622004508972,0.26414230465888977,0.2719997763633728,0.28254497051239014,0.28780364990234375,0.29689332842826843,0.3041462004184723,0.31936925649642944,0.3234073519706726,0.31999948620796204,0.31397444009780884
raev1-g2a-02-jit-b-velocity-epoch200,0.25,39,1281167,213.53872104128823,5999.694077741916,1,job.log,0.25706747174263,0.2631224989891052,0.2709970772266388,0.2816084921360016,0.28687170147895813,0.296046644449234,0.30326345562934875,0.3184826374053955,0.3224889039993286,0.3190639019012451,0.31309863924980164
raev1-g2a-02-jit-b-velocity-epoch200,0.25,40,1281167,218.9145321850665,5852.361591586455,1,job.log,0.2567276954650879,0.26277482509613037,0.27061736583709717,0.28127384185791016,0.2865084707736969,0.2957085371017456,0.30295905470848083,0.3181944489479065,0.32218265533447266,0.31875064969062805,0.3128455579280853
raev1-g2a-02-jit-b-velocity-epoch200,0.5,1,1281167,1621.6525325970724,790.0379238135646,1,job.log,0.9368306398391724,0.9413784146308899,0.9505444765090942,0.9732125997543335,0.9763687252998352,0.9856733083724976,0.9562541246414185,0.9535107016563416,0.9411774277687073,0.9191659688949585,0.8928683400154114
raev1-g2a-02-jit-b-velocity-epoch200,0.5,2,1281167,1601.5497089158744,799.9545645493896,1,job.log,0.6785181164741516,0.681755006313324,0.6866791844367981,0.6826673746109009,0.6851704120635986,0.6716833114624023,0.673942506313324,0.6835504174232483,0.6881344318389893,0.6862589716911316,0.6607196927070618
raev1-g2a-02-jit-b-velocity-epoch200,0.5,3,1281167,1597.161670321133,802.1523580279775,1,job.log,0.6275762915611267,0.6309031248092651,0.6367121934890747,0.6310219168663025,0.6334593296051025,0.6192972660064697,0.6246228814125061,0.6365194916725159,0.6422183513641357,0.6420937180519104,0.6155530214309692
raev1-g2a-02-jit-b-velocity-epoch200,0.5,4,1281167,1602.9644333957694,799.2485505657392,1,job.log,0.5981053113937378,0.6021023392677307,0.6080256104469299,0.6023336052894592,0.6054198741912842,0.5905347466468811,0.5968142747879028,0.609526515007019,0.6158979535102844,0.6167060732841492,0.5895169377326965
raev1-g2a-02-jit-b-velocity-epoch200,0.5,5,1281167,1595.8816840038635,802.7957290578807,1,job.log,0.5746211409568787,0.5784091949462891,0.5851019024848938,0.5788483619689941,0.5824317932128906,0.5671928524971008,0.5740131735801697,0.5874062776565552,0.594477653503418,0.5954830646514893,0.5677427053451538
raev1-g2a-02-jit-b-velocity-epoch200,0.5,6,1281167,1600.556892707944,800.4507717513397,1,job.log,0.5561589598655701,0.560211718082428,0.5658165216445923,0.56009840965271,0.5634105801582336,0.5488043427467346,0.5563804507255554,0.5699596405029297,0.5771500468254089,0.5780418515205383,0.5508893132209778
raev1-g2a-02-jit-b-velocity-epoch200,0.5,7,1281167,1602.9482033527456,799.2566430532788,1,job.log,0.540016770362854,0.5445034503936768,0.5509169697761536,0.5453770160675049,0.549068808555603,0.5345146059989929,0.5420553684234619,0.5558134317398071,0.5627371072769165,0.5637627840042114,0.5358430743217468
raev1-g2a-02-jit-b-velocity-epoch200,0.5,8,1281167,1602.6024293876253,799.4290889035717,1,job.log,0.5248313546180725,0.52925705909729,0.5356751680374146,0.5304640531539917,0.534024178981781,0.5204048156738281,0.5288413763046265,0.5432705879211426,0.5499651432037354,0.5502965450286865,0.5237796306610107
raev1-g2a-02-jit-b-velocity-epoch200,0.5,9,1281167,1599.0875724568032,801.1862652597838,1,job.log,0.5102770924568176,0.5149125456809998,0.5219833850860596,0.5168138742446899,0.5210391879081726,0.5077030658721924,0.5156891345977783,0.5296376347541809,0.5369492173194885,0.5371283292770386,0.5101732611656189
raev1-g2a-02-jit-b-velocity-epoch200,0.5,10,1281167,461.79006358236074,2774.3494306942844,1,job.log,0.4978428781032562,0.5021731853485107,0.5095815658569336,0.5050003528594971,0.5090146660804749,0.49667441844940186,0.5046755075454712,0.5186949968338013,0.5253033638000488,0.5256029367446899,0.5000355839729309
raev1-g2a-02-jit-b-velocity-epoch200,0.5,11,1281167,437.02252552611753,2931.5811546730774,1,job.log,0.4853966534137726,0.4900054931640625,0.4971872866153717,0.49319812655448914,0.4970967173576355,0.48502013087272644,0.4931091070175171,0.5072057843208313,0.5137739181518555,0.5136240124702454,0.48900148272514343
raev1-g2a-02-jit-b-velocity-epoch200,0.5,12,1281167,443.6743239671923,2887.629350610644,1,job.log,0.4721126854419708,0.476909339427948,0.48390260338783264,0.48079973459243774,0.48515477776527405,0.47426101565361023,0.48230215907096863,0.49643152952194214,0.5028002858161926,0.5022458434104919,0.4775230288505554
raev1-g2a-02-jit-b-velocity-epoch200,0.5,13,1281167,462.0972965680994,2772.5048588575632,1,job.log,0.46217724680900574,0.46711742877960205,0.47472405433654785,0.4721715450286865,0.4762134850025177,0.465779185295105,0.47345373034477234,0.48748546838760376,0.493772953748703,0.49226272106170654,0.468182235956192
raev1-g2a-02-jit-b-velocity-epoch200,0.5,14,1281167,261.6428626473062,4896.625067609849,1,job.log,0.44887658953666687,0.4538499712944031,0.4614187479019165,0.45966434478759766,0.46373164653778076,0.45449796319007874,0.46189990639686584,0.4757317304611206,0.48159435391426086,0.48057281970977783,0.45750120282173157
raev1-g2a-02-jit-b-velocity-epoch200,0.5,15,1281167,237.43483415339142,5395.867900210127,1,job.log,0.4364190995693207,0.44145020842552185,0.44914039969444275,0.4483654797077179,0.45225486159324646,0.44455015659332275,0.45190325379371643,0.465732216835022,0.47165045142173767,0.46992823481559753,0.44843095541000366
raev1-g2a-02-jit-b-velocity-epoch200,0.5,16,1281167,239.8087983969599,5342.452022461915,1,job.log,0.4268319308757782,0.4319852590560913,0.43979501724243164,0.43969637155532837,0.44381430745124817,0.4368102550506592,0.44440218806266785,0.45789092779159546,0.46367910504341125,0.4617757201194763,0.44005560874938965
raev1-g2a-02-jit-b-velocity-epoch200,0.5,17,1281167,238.83541442733258,5364.225414693701,1,job.log,0.4158225953578949,0.4207218289375305,0.4287707805633545,0.42924198508262634,0.43341100215911865,0.4273463487625122,0.4340059161186218,0.44766509532928467,0.45318111777305603,0.45091915130615234,0.4304920732975006
raev1-g2a-02-jit-b-velocity-epoch200,0.5,18,1281167,237.15301186218858,5402.280114175805,1,job.log,0.40512940287590027,0.4103100895881653,0.4183066487312317,0.419575572013855,0.42394837737083435,0.4191257655620575,0.4258526563644409,0.4388618767261505,0.44386035203933716,0.44147318601608276,0.4216139316558838
raev1-g2a-02-jit-b-velocity-epoch200,0.5,19,1281167,242.15741799212992,5290.637018774448,1,job.log,0.3939868211746216,0.3994142413139343,0.4077380299568176,0.4098201394081116,0.41408565640449524,0.41045141220092773,0.416993111371994,0.4298742413520813,0.43491119146347046,0.4316498935222626,0.4133777618408203
raev1-g2a-02-jit-b-velocity-epoch200,0.5,20,1281167,306.76102774217725,4176.433393217015,1,job.log,0.38523319363594055,0.39070165157318115,0.3986842930316925,0.40167441964149475,0.40604791045188904,0.4029949903488159,0.4088627099990845,0.4216617941856384,0.42637282609939575,0.4229809641838074,0.40525680780410767
raev1-g2a-02-jit-b-velocity-epoch200,0.5,21,1281167,244.7228033002466,5235.176218654851,1,job.log,0.3756179213523865,0.3809865117073059,0.3892402946949005,0.39315924048423767,0.39737313985824585,0.39573967456817627,0.40163397789001465,0.4142436981201172,0.41885414719581604,0.4145469069480896,0.3979114592075348
raev1-g2a-02-jit-b-velocity-epoch200,0.5,22,1281167,244.10759515315294,5248.370085315029,1,job.log,0.36614322662353516,0.37155434489250183,0.3797300457954407,0.3841785788536072,0.38827523589134216,0.38774964213371277,0.3932610750198364,0.40591391921043396,0.41013091802597046,0.40585771203041077,0.3900246024131775
raev1-g2a-02-jit-b-velocity-epoch200,0.5,23,1281167,256.7490826873109,4989.957458038148,1,job.log,0.35752883553504944,0.3629176616668701,0.37122616171836853,0.3764214813709259,0.38071945309638977,0.3807927966117859,0.38600707054138184,0.3981502950191498,0.40239283442497253,0.3977435529232025,0.3826119601726532
raev1-g2a-02-jit-b-velocity-epoch200,0.5,24,1281167,345.4660540218465,3708.5177692132434,1,job.log,0.3484051823616028,0.35401538014411926,0.3623848855495453,0.36828505992889404,0.3726557791233063,0.3739891052246094,0.3790152966976166,0.3913268446922302,0.39531344175338745,0.3902685046195984,0.3757775127887726
raev1-g2a-02-jit-b-velocity-epoch200,0.5,25,1281167,340.4674392528832,3762.964830972895,1,job.log,0.34020355343818665,0.3458716869354248,0.3542157709598541,0.36075764894485474,0.365028977394104,0.36713969707489014,0.3718266189098358,0.38390907645225525,0.38774096965789795,0.3824203908443451,0.3688376247882843
raev1-g2a-02-jit-b-velocity-epoch200,0.5,26,1281167,324.52832737984136,3947.7817247690346,1,job.log,0.3329533636569977,0.3385685384273529,0.34713584184646606,0.35443106293678284,0.3587031066417694,0.3616170287132263,0.3660241663455963,0.3779778480529785,0.38151779770851135,0.3759542405605316,0.3631160259246826
raev1-g2a-02-jit-b-velocity-epoch200,0.5,27,1281167,322.79961682809517,3968.9235464064295,1,job.log,0.32516080141067505,0.33085960149765015,0.3394482135772705,0.3473983108997345,0.35165002942085266,0.3556039035320282,0.35985758900642395,0.3717280626296997,0.3752122223377228,0.3692310154438019,0.3572880029678345
raev1-g2a-02-jit-b-velocity-epoch200,0.5,28,1281167,328.54195735184476,3899.5536835740054,1,job.log,0.3188468813896179,0.32451844215393066,0.33292654156684875,0.3413374722003937,0.34565600752830505,0.3501242399215698,0.35424941778182983,0.3660293221473694,0.3692682683467865,0.3630639910697937,0.3517630398273468
raev1-g2a-02-jit-b-velocity-epoch200,0.5,29,1281167,339.6000587628223,3772.575907870413,1,job.log,0.31312212347984314,0.3188409209251404,0.32735568284988403,0.3361812233924866,0.34041520953178406,0.3455716073513031,0.34944331645965576,0.3609620928764343,0.36401212215423584,0.3575415313243866,0.34678715467453003
raev1-g2a-02-jit-b-velocity-epoch200,0.5,30,1281167,191.55111949099228,6688.381688420501,1,job.log,0.3068259060382843,0.3125288486480713,0.3211219310760498,0.33047929406166077,0.3346618711948395,0.34049540758132935,0.3442807197570801,0.3557533025741577,0.3587719798088074,0.3521299660205841,0.34185469150543213
raev1-g2a-02-jit-b-velocity-epoch200,0.5,31,1281167,193.7692125439644,6611.81920068605,1,job.log,0.3018866777420044,0.30764535069465637,0.3161862790584564,0.32592931389808655,0.330131858587265,0.33661508560180664,0.3399946689605713,0.3512934148311615,0.35423317551612854,0.3474276065826416,0.3377021551132202
raev1-g2a-02-jit-b-velocity-epoch200,0.5,32,1281167,205.8287818939425,6224.430753616118,1,job.log,0.29704517126083374,0.3028315305709839,0.3114036023616791,0.3215709924697876,0.3257320523262024,0.33272585272789,0.3360193371772766,0.3472645878791809,0.3500610888004303,0.3430342376232147,0.3337239921092987
raev1-g2a-02-jit-b-velocity-epoch200,0.5,33,1281167,230.88601813698187,5548.915479324951,1,job.log,0.293109267950058,0.29893961548805237,0.307390034198761,0.317796915769577,0.32205861806869507,0.32947129011154175,0.33259889483451843,0.3436894416809082,0.3463217616081238,0.33909857273101807,0.33029577136039734
raev1-g2a-02-jit-b-velocity-epoch200,0.5,34,1281167,237.83420540671796,5386.807157570496,1,job.log,0.2893446385860443,0.2951763868331909,0.30366548895835876,0.3143819570541382,0.3185674250125885,0.32637935876846313,0.3293519616127014,0.34032773971557617,0.3430272042751312,0.33574196696281433,0.3271985352039337
raev1-g2a-02-jit-b-velocity-epoch200,0.5,35,1281167,215.17650847509503,5954.028202610625,1,job.log,0.28624942898750305,0.2920527458190918,0.30058401823043823,0.3115331828594208,0.31566527485847473,0.32383841276168823,0.3267126977443695,0.3376835882663727,0.3401731550693512,0.33279943466186523,0.32462644577026367
raev1-g2a-02-jit-b-velocity-epoch200,0.5,36,1281167,214.59212059574202,5970.242506776463,1,job.log,0.28323298692703247,0.28907299041748047,0.29753872752189636,0.30874425172805786,0.31285279989242554,0.3212819993495941,0.32415467500686646,0.3351139724254608,0.3376263380050659,0.33014288544654846,0.3221614360809326
raev1-g2a-02-jit-b-velocity-epoch200,0.5,37,1281167,224.05073694698513,5718.2003391631315,1,job.log,0.2811620831489563,0.28705722093582153,0.2955732047557831,0.30692777037620544,0.31106477975845337,0.31979256868362427,0.32248789072036743,0.3333761990070343,0.3357674181461334,0.32822421193122864,0.3204050362110138
raev1-g2a-02-jit-b-velocity-epoch200,0.5,38,1281167,207.3410621196963,6179.031721465731,1,job.log,0.279922217130661,0.28569915890693665,0.29426953196525574,0.30570173263549805,0.30985695123672485,0.31870391964912415,0.32137173414230347,0.332080215215683,0.3344740867614746,0.3267917335033417,0.31923964619636536
raev1-g2a-02-jit-b-velocity-epoch200,0.5,39,1281167,187.70729745272547,6825.344658337884,1,job.log,0.27863314747810364,0.2845255434513092,0.2931128442287445,0.30461224913597107,0.3087565004825592,0.3177246153354645,0.3202909231185913,0.33104458451271057,0.3333677649497986,0.32563263177871704,0.3181132674217224
raev1-g2a-02-jit-b-velocity-epoch200,0.5,40,1281167,206.05068269511685,6217.727518504174,1,job.log,0.2783571779727936,0.2841702699661255,0.29261165857315063,0.30417174100875854,0.3082815110683441,0.31729206442832947,0.31988096237182617,0.3306856155395508,0.3330722451210022,0.3253995478153229,0.31791287660598755
raev1-g2a-02-jit-b-velocity-epoch200,0.75,1,1281167,1630.801609757822,785.6056753526607,1,job.log,0.9882028102874756,0.9723379015922546,0.9857907891273499,1.0246920585632324,1.0340956449508667,1.066559076309204,0.9997049570083618,0.9836674332618713,0.9665440917015076,0.938732922077179,0.9127007722854614
raev1-g2a-02-jit-b-velocity-epoch200,0.75,2,1281167,1618.906966408249,791.3777793188647,1,job.log,0.7072300910949707,0.7188082337379456,0.726735532283783,0.7273975014686584,0.7315660715103149,0.7205681800842285,0.7195714116096497,0.7244114279747009,0.7251524925231934,0.720194935798645,0.6927130818367004
raev1-g2a-02-jit-b-velocity-epoch200,0.75,3,1281167,1619.0244854833,791.3203360958157,1,job.log,0.6610561609268188,0.6751298308372498,0.6826683282852173,0.6794720888137817,0.6831145286560059,0.6685792803764343,0.6740527749061584,0.6817294955253601,0.6828342080116272,0.6789635419845581,0.6499099731445312
raev1-g2a-02-jit-b-velocity-epoch200,0.75,4,1281167,1621.1966753252782,790.2600711557378,1,job.log,0.6375585198402405,0.6523975133895874,0.6594736576080322,0.6546487808227539,0.658513605594635,0.6419039964675903,0.6497924327850342,0.6583189964294434,0.6596249938011169,0.6561620831489563,0.625850260257721
raev1-g2a-02-jit-b-velocity-epoch200,0.75,5,1281167,1622.3021731846966,789.7215581515104,1,job.log,0.619259238243103,0.6343579888343811,0.6418485045433044,0.6358325481414795,0.6399899125099182,0.621570348739624,0.630351722240448,0.6393788456916809,0.6405588984489441,0.6363945007324219,0.6050313115119934
raev1-g2a-02-jit-b-velocity-epoch200,0.75,6,1281167,1621.4544279039837,790.1344484014483,1,job.log,0.6054688096046448,0.6208963990211487,0.6262756586074829,0.6198335886001587,0.6232187151908875,0.6048480272293091,0.6148514747619629,0.6236863136291504,0.6249013543128967,0.6199343800544739,0.589083194732666
raev1-g2a-02-jit-b-velocity-epoch200,0.75,7,1281167,1621.2966467267834,790.2113426229141,1,job.log,0.5931397080421448,0.6092656850814819,0.6151834726333618,0.6083235144615173,0.6119024753570557,0.5930476784706116,0.6021754145622253,0.6110291481018066,0.6119550466537476,0.606573224067688,0.5748125910758972
raev1-g2a-02-jit-b-velocity-epoch200,0.75,8,1281167,1621.2867400827818,790.2161710978926,1,job.log,0.5813819169998169,0.5965777635574341,0.6022236943244934,0.5950955748558044,0.5986157655715942,0.5803643465042114,0.5906590223312378,0.5998275876045227,0.5999910831451416,0.5942434072494507,0.5626240372657776
raev1-g2a-02-jit-b-velocity-epoch200,0.75,9,1281167,1622.2881468511187,789.7283860988326,1,job.log,0.5709714889526367,0.5864222645759583,0.5914055705070496,0.5841865539550781,0.5878084897994995,0.5694411993026733,0.579205334186554,0.5871564745903015,0.5877952575683594,0.5812209844589233,0.5498640537261963
raev1-g2a-02-jit-b-velocity-epoch200,0.75,10,1281167,461.48853583307937,2776.1621373480853,1,job.log,0.5622155070304871,0.5765295028686523,0.5819796323776245,0.5746776461601257,0.5782380104064941,0.5601756572723389,0.5698372721672058,0.5774285793304443,0.576938807964325,0.5700550079345703,0.5397818088531494
raev1-g2a-02-jit-b-velocity-epoch200,0.75,11,1281167,446.7881134431809,2867.5046659739055,1,job.log,0.5516380071640015,0.5656774044036865,0.5705552697181702,0.5636915564537048,0.5669506788253784,0.5494458079338074,0.5588059425354004,0.5666389465332031,0.5656478404998779,0.5583028793334961,0.5285595059394836
raev1-g2a-02-jit-b-velocity-epoch200,0.75,12,1281167,443.78173771174625,2886.9304235141117,1,job.log,0.5422916412353516,0.5561074018478394,0.560060441493988,0.5536656379699707,0.5572224855422974,0.5408071279525757,0.5501442551612854,0.5573901534080505,0.5556842088699341,0.5473976135253906,0.5175811052322388
raev1-g2a-02-jit-b-velocity-epoch200,0.75,13,1281167,462.4834191221744,2770.1901236410677,1,job.log,0.5348917841911316,0.5475220680236816,0.5515832304954529,0.5456210374832153,0.5492335557937622,0.5331353545188904,0.5412445068359375,0.5483970046043396,0.5467888712882996,0.537251353263855,0.5082565546035767
raev1-g2a-02-jit-b-velocity-epoch200,0.75,14,1281167,454.1071351058781,2821.2879758017616,1,job.log,0.5242277979850769,0.5363180041313171,0.5398882627487183,0.5344539880752563,0.5376349687576294,0.5229513645172119,0.5305236577987671,0.5371992588043213,0.5349138379096985,0.5257851481437683,0.49754929542541504
raev1-g2a-02-jit-b-velocity-epoch200,0.75,15,1281167,222.9056020178832,5747.576500554773,1,job.log,0.5150201320648193,0.5256434082984924,0.5291671752929688,0.52459317445755,0.5278216004371643,0.5146231055259705,0.5213772058486938,0.5276394486427307,0.5253739356994629,0.515206515789032,0.4887447655200958
raev1-g2a-02-jit-b-velocity-epoch200,0.75,16,1281167,195.15888887131587,6564.738134191662,1,job.log,0.5065970420837402,0.5170822739601135,0.520148515701294,0.5163012146949768,0.5194774270057678,0.5071937441825867,0.5136963725090027,0.5193778276443481,0.5169075727462769,0.5065967440605164,0.4799547493457794
raev1-g2a-02-jit-b-velocity-epoch200,0.75,17,1281167,195.45748774614185,6554.709235104701,1,job.log,0.4976785182952881,0.5065971612930298,0.509661853313446,0.5061228275299072,0.509451150894165,0.4984154999256134,0.5039329528808594,0.5096468329429626,0.5066823959350586,0.4959545135498047,0.47032827138900757
raev1-g2a-02-jit-b-velocity-epoch200,0.75,18,1281167,195.18783049285412,6563.764742735351,1,job.log,0.4893178939819336,0.4975283145904541,0.5000160336494446,0.4972192347049713,0.5007030367851257,0.49079617857933044,0.49576517939567566,0.5008829832077026,0.49741411209106445,0.4864656925201416,0.4612106382846832
raev1-g2a-02-jit-b-velocity-epoch200,0.75,19,1281167,196.05438647419214,6534.7530501116735,1,job.log,0.479668527841568,0.4869459867477417,0.4896314740180969,0.4878583252429962,0.4911714792251587,0.48276498913764954,0.48712775111198425,0.49161696434020996,0.48805150389671326,0.47584983706474304,0.452508807182312
raev1-g2a-02-jit-b-velocity-epoch200,0.75,20,1281167,195.62319207377732,6549.157011592065,1,job.log,0.4728034436702728,0.479428231716156,0.48142439126968384,0.4802318811416626,0.483640193939209,0.47606852650642395,0.4792080521583557,0.48338809609413147,0.47929859161376953,0.4670170843601227,0.4442027807235718
raev1-g2a-02-jit-b-velocity-epoch200,0.75,21,1281167,198.59092193562537,6451.286833822642,1,job.log,0.4656682014465332,0.4708704352378845,0.47299283742904663,0.4724433422088623,0.47563499212265015,0.4696195721626282,0.47240620851516724,0.4762689471244812,0.4721505343914032,0.4586752653121948,0.43692687153816223
raev1-g2a-02-jit-b-velocity-epoch200,0.75,22,1281167,247.56834704009816,5175.003247860648,1,job.log,0.4569489657878876,0.46166741847991943,0.46309807896614075,0.4634115695953369,0.4666692018508911,0.4620323181152344,0.46410414576530457,0.4676969647407532,0.4630042314529419,0.4495902359485626,0.4287503957748413
raev1-g2a-02-jit-b-velocity-epoch200,0.75,23,1281167,215.03895713808015,5957.836742936495,1,job.log,0.44853174686431885,0.45212575793266296,0.4538377821445465,0.45500728487968445,0.458434134721756,0.4547494649887085,0.4561324119567871,0.45921802520751953,0.4549509286880493,0.4408186972141266,0.42074450850486755
raev1-g2a-02-jit-b-velocity-epoch200,0.75,24,1281167,200.00122400186956,6405.795796469845,1,job.log,0.4412599802017212,0.44423526525497437,0.4456680417060852,0.44756460189819336,0.45095667243003845,0.44879618287086487,0.44949570298194885,0.4524921476840973,0.4476885497570038,0.4331602454185486,0.4137035608291626
raev1-g2a-02-jit-b-velocity-epoch200,0.75,25,1281167,201.08130173524842,6371.3880353074055,1,job.log,0.43411627411842346,0.43614596128463745,0.4374878406524658,0.4400361180305481,0.4436061978340149,0.4421220123767853,0.4420502781867981,0.4448082149028778,0.44005292654037476,0.42508748173713684,0.40653663873672485
raev1-g2a-02-jit-b-velocity-epoch200,0.75,26,1281167,206.92996244691312,6191.3073624061435,1,job.log,0.42810186743736267,0.42918097972869873,0.4305029511451721,0.43381866812705994,0.43722695112228394,0.43702200055122375,0.43607911467552185,0.4386064112186432,0.43354323506355286,0.41834354400634766,0.400611013174057
raev1-g2a-02-jit-b-velocity-epoch200,0.75,27,1281167,291.8150015529245,4390.339746696139,1,job.log,0.4208333194255829,0.42113375663757324,0.4223521947860718,0.4262959659099579,0.429729163646698,0.431000292301178,0.4296766519546509,0.4321424663066864,0.42701366543769836,0.4113665521144867,0.3946422040462494
raev1-g2a-02-jit-b-velocity-epoch200,0.75,28,1281167,292.3038882208057,4382.996777080876,1,job.log,0.41523441672325134,0.4149133563041687,0.415671706199646,0.4203082323074341,0.4238527715206146,0.42564576864242554,0.42412078380584717,0.426261842250824,0.42072758078575134,0.40480101108551025,0.3887280523777008
raev1-g2a-02-jit-b-velocity-epoch200,0.75,29,1281167,295.1619401080534,4340.556236793227,1,job.log,0.41020017862319946,0.4095337390899658,0.4103325307369232,0.41538992524147034,0.4187721908092499,0.42157095670700073,0.41916999220848083,0.4210692346096039,0.4153216779232025,0.399040162563324,0.38358405232429504
raev1-g2a-02-jit-b-velocity-epoch200,0.75,30,1281167,286.6815271861851,4468.955543019509,1,job.log,0.40414223074913025,0.40252575278282166,0.40338262915611267,0.40894028544425964,0.412518173456192,0.41622528433799744,0.41373395919799805,0.41545650362968445,0.40972405672073364,0.39329785108566284,0.3783155083656311
raev1-g2a-02-jit-b-velocity-epoch200,0.75,31,1281167,285.77740208478644,4483.094151789841,1,job.log,0.39993545413017273,0.39788195490837097,0.39854153990745544,0.4046545624732971,0.4081994295120239,0.41277796030044556,0.40949001908302307,0.4109552502632141,0.4052034020423889,0.38851648569107056,0.37411341071128845
raev1-g2a-02-jit-b-velocity-epoch200,0.75,32,1281167,275.9848966160789,4642.16345064065,1,job.log,0.3950488269329071,0.3925594389438629,0.3931828439235687,0.3998381495475769,0.403258740901947,0.4086160659790039,0.40497177839279175,0.40660279989242554,0.40068337321281433,0.3836754858493805,0.36973923444747925
raev1-g2a-02-jit-b-velocity-epoch200,0.75,33,1281167,289.24792283028364,4429.304063669026,1,job.log,0.3918032646179199,0.38900673389434814,0.38926562666893005,0.39614418148994446,0.39969301223754883,0.40566304326057434,0.4016863703727722,0.4028069078922272,0.39684242010116577,0.3794935941696167,0.3662719130516052
raev1-g2a-02-jit-b-velocity-epoch200,0.75,34,1281167,250.2872585579753,5118.78633927039,1,job.log,0.3879459500312805,0.38469451665878296,0.3849738538265228,0.39228659868240356,0.3958228528499603,0.4024180471897125,0.39817938208580017,0.39935117959976196,0.39339497685432434,0.37600699067115784,0.3629537522792816
raev1-g2a-02-jit-b-velocity-epoch200,0.75,35,1281167,177.6534214890562,7211.608925184266,1,job.log,0.38504526019096375,0.38122856616973877,0.3816739618778229,0.38924840092658997,0.39270761609077454,0.3997376561164856,0.39514660835266113,0.3962172567844391,0.39007893204689026,0.37280845642089844,0.3602142035961151
raev1-g2a-02-jit-b-velocity-epoch200,0.75,36,1281167,179.13480418687686,7151.971420715441,1,job.log,0.3818773031234741,0.3779304623603821,0.3782612681388855,0.38608720898628235,0.3895823657512665,0.39705994725227356,0.3924006223678589,0.3935927748680115,0.38749197125434875,0.36993440985679626,0.35753893852233887
raev1-g2a-02-jit-b-velocity-epoch200,0.75,37,1281167,181.45340613089502,7060.583911419138,1,job.log,0.3800122141838074,0.3758964538574219,0.3763137757778168,0.3843829333782196,0.3878076672554016,0.3956027626991272,0.39058151841163635,0.3916354477405548,0.38537609577178955,0.36781907081604004,0.3555442690849304
raev1-g2a-02-jit-b-velocity-epoch200,0.75,38,1281167,188.9923770497553,6778.93479091335,1,job.log,0.3790660500526428,0.3745940327644348,0.37506866455078125,0.38318702578544617,0.38681867718696594,0.39476636052131653,0.3897186815738678,0.3904680907726288,0.3843899369239807,0.36646437644958496,0.3545137643814087
raev1-g2a-02-jit-b-velocity-epoch200,0.75,39,1281167,209.60702229710296,6112.233196958628,1,job.log,0.3775635361671448,0.37316805124282837,0.3735634982585907,0.3818742334842682,0.38540980219841003,0.3935452401638031,0.38835862278938293,0.3891948461532593,0.3830484449863434,0.3650098145008087,0.35310107469558716
raev1-g2a-02-jit-b-velocity-epoch200,0.75,40,1281167,206.60305197816342,6201.103941753053,1,job.log,0.37729522585868835,0.37263450026512146,0.37268659472465515,0.3810274302959442,0.3845232129096985,0.392815500497818,0.3875666558742523,0.38868460059165955,0.38261643052101135,0.36488425731658936,0.3529498279094696
raev1-g2b-01-jit-b-mhc4-clean-epoch200,0.25,1,1281167,1767.5030880193226,724.8456925954712,1,job.log,1.0100702047348022,1.086663007736206,0.9497202634811401,1.3793983459472656,1.6363613605499268,2.009324789047241,2.0918521881103516,1.6846827268600464,1.129660725593567,0.9189971089363098,1.3107331991195679
raev1-g2b-01-jit-b-mhc4-clean-epoch200,0.25,2,1281167,1708.4465229171328,749.9017281573655,1,job.log,0.7057228684425354,0.7450644969940186,0.6867856383323669,0.8717594146728516,0.8941506743431091,1.1131941080093384,1.065550684928894,0.9379333257675171,0.7229312062263489,0.6751412153244019,0.7738780975341797
raev1-g2b-01-jit-b-mhc4-clean-epoch200,0.25,3,1281167,1709.5268826410174,749.4278171401131,1,job.log,0.6536962985992432,0.6909294128417969,0.6337133646011353,0.8063424825668335,0.8067482113838196,0.9802953004837036,0.9069093465805054,0.8319637179374695,0.6637856960296631,0.621839702129364,0.7049583792686462
raev1-g2b-01-jit-b-mhc4-clean-epoch200,0.25,4,1281167,1710.8289581318386,748.8574435862873,1,job.log,0.6226662993431091,0.6579222679138184,0.60163813829422,0.7666017413139343,0.7608011960983276,0.9121218919754028,0.830948531627655,0.7780261635780334,0.6294309496879578,0.5904907584190369,0.66722172498703
raev1-g2b-01-jit-b-mhc4-clean-epoch200,0.25,5,1281167,1712.0350572648458,748.3298864491699,1,job.log,0.5944749116897583,0.6293148398399353,0.5751163959503174,0.7367161512374878,0.7292702794075012,0.866565465927124,0.7804463505744934,0.7390176653862,0.6007314324378967,0.5644005537033081,0.6368052959442139
raev1-g2b-01-jit-b-mhc4-clean-epoch200,0.25,6,1281167,1712.7027230542153,748.03816374819,1,job.log,0.5751914978027344,0.6094538569450378,0.5553566217422485,0.714893102645874,0.7027893662452698,0.8323132991790771,0.744554877281189,0.7101696729660034,0.5798017978668213,0.544703483581543,0.6138256192207336
raev1-g2b-01-jit-b-mhc4-clean-epoch200,0.25,7,1281167,1712.0509511730634,748.3229392922972,1,job.log,0.5579816699028015,0.591574490070343,0.5377287268638611,0.6971527338027954,0.684790313243866,0.807267963886261,0.7187628149986267,0.6899002194404602,0.5626629590988159,0.5276996493339539,0.5971876382827759
raev1-g2b-01-jit-b-mhc4-clean-epoch200,0.25,8,1281167,1711.546923533082,748.5433103728965,1,job.log,0.5414283871650696,0.575090229511261,0.5199441909790039,0.6806716918945312,0.6686547994613647,0.7878245711326599,0.6961219906806946,0.6703647375106812,0.5456428527832031,0.5093080401420593,0.580210268497467
raev1-g2b-01-jit-b-mhc4-clean-epoch200,0.25,9,1281167,526.0412940070964,2435.487507531522,1,job.log,0.525408148765564,0.5598410964012146,0.50502610206604,0.6635032296180725,0.649705171585083,0.7653228044509888,0.676726222038269,0.6530754566192627,0.5312550663948059,0.4937064051628113,0.5663345456123352
raev1-g2b-01-jit-b-mhc4-clean-epoch200,0.25,10,1281167,455.81929633021355,2810.690574783986,1,job.log,0.5111120939254761,0.5434431433677673,0.4904150664806366,0.6480781435966492,0.6357110142707825,0.748369038105011,0.6613286137580872,0.6376503109931946,0.517206072807312,0.4793761074542999,0.5522682070732117
raev1-g2b-01-jit-b-mhc4-clean-epoch200,0.25,11,1281167,477.83932095067576,2681.1669610007807,1,job.log,0.496820867061615,0.5292242765426636,0.4762630760669708,0.633370578289032,0.6214105486869812,0.7332364320755005,0.646160900592804,0.6246050596237183,0.5041981935501099,0.4643941819667816,0.5392649173736572
raev1-g2b-01-jit-b-mhc4-clean-epoch200,0.25,12,1281167,468.2524089072831,2736.0606707603274,1,job.log,0.4806850850582123,0.5143488645553589,0.4612973928451538,0.6185341477394104,0.6078065633773804,0.7156277894973755,0.6318373084068298,0.6098456978797913,0.4902096092700958,0.4512193202972412,0.5260461568832397
raev1-g2b-01-jit-b-mhc4-clean-epoch200,0.25,13,1281167,301.6921597812325,4246.60356082511,1,job.log,0.46978500485420227,0.5028625726699829,0.45006781816482544,0.6078366041183472,0.5953077673912048,0.7032848596572876,0.6205577254295349,0.5986012816429138,0.479605495929718,0.43886706233024597,0.5149816870689392
raev1-g2b-01-jit-b-mhc4-clean-epoch200,0.25,14,1281167,266.2354404758662,4812.157982085543,1,job.log,0.4550420641899109,0.48814576864242554,0.4353592097759247,0.5897149443626404,0.5792021751403809,0.687905490398407,0.6087014675140381,0.5858001112937927,0.46665066480636597,0.4239007830619812,0.5028327107429504
raev1-g2b-01-jit-b-mhc4-clean-epoch200,0.25,15,1281167,268.41516310488805,4773.079825968553,1,job.log,0.4417025148868561,0.4761102497577667,0.4217762351036072,0.5784025192260742,0.5690721273422241,0.6751412153244019,0.5978444218635559,0.5747215151786804,0.45547643303871155,0.4095800817012787,0.4924260377883911
raev1-g2b-01-jit-b-mhc4-clean-epoch200,0.25,16,1281167,266.2665325747803,4811.596063580343,1,job.log,0.43137282133102417,0.4632481634616852,0.41108229756355286,0.5640766620635986,0.5555137991905212,0.6633433699607849,0.5889344811439514,0.5651875734329224,0.4456145167350769,0.39949461817741394,0.4835200607776642
raev1-g2b-01-jit-b-mhc4-clean-epoch200,0.25,17,1281167,268.4820459908806,4771.890780523614,1,job.log,0.41860827803611755,0.450624942779541,0.3986016809940338,0.5523295998573303,0.5453237891197205,0.6503232717514038,0.579414963722229,0.5545594096183777,0.4346392750740051,0.386498361825943,0.47246986627578735
raev1-g2b-01-jit-b-mhc4-clean-epoch200,0.25,18,1281167,267.77919925097376,4784.415681216662,1,job.log,0.4055044949054718,0.437928706407547,0.38627392053604126,0.5388157963752747,0.5326846241950989,0.6382012367248535,0.5701640248298645,0.5438660383224487,0.4235863983631134,0.37381884455680847,0.46194905042648315
raev1-g2b-01-jit-b-mhc4-clean-epoch200,0.25,19,1281167,266.27070566406474,4811.520654534034,1,job.log,0.3945566415786743,0.42732658982276917,0.3744731545448303,0.5289483666419983,0.5236158967018127,0.6293848156929016,0.5622937083244324,0.535759449005127,0.4143027365207672,0.36202922463417053,0.45322832465171814
raev1-g2b-01-jit-b-mhc4-clean-epoch200,0.25,20,1281167,266.2273156233132,4812.304841824464,1,job.log,0.38264864683151245,0.4152114689350128,0.36406707763671875,0.5156457424163818,0.5116122961044312,0.6176682710647583,0.5550243258476257,0.5263669490814209,0.40466248989105225,0.35143712162971497,0.4439801573753357
raev1-g2b-01-jit-b-mhc4-clean-epoch200,0.25,21,1281167,270.1848300411366,4741.816925120991,1,job.log,0.3722726106643677,0.40432992577552795,0.35309988260269165,0.5044952630996704,0.5014677047729492,0.6080456972122192,0.5474500060081482,0.5173894166946411,0.3949739336967468,0.34044167399406433,0.4348945915699005
raev1-g2b-01-jit-b-mhc4-clean-epoch200,0.25,22,1281167,284.36743486113846,4505.322491042675,1,job.log,0.36188459396362305,0.3944149613380432,0.3431954085826874,0.493876188993454,0.4916778802871704,0.5978413224220276,0.5398569703102112,0.5092679858207703,0.38675597310066223,0.3301028311252594,0.42696037888526917
raev1-g2b-01-jit-b-mhc4-clean-epoch200,0.25,23,1281167,285.1069219210185,4493.636953349432,1,job.log,0.35195958614349365,0.38432273268699646,0.3341173827648163,0.4827607274055481,0.4815836250782013,0.5878084897994995,0.5338315367698669,0.5015285611152649,0.378420352935791,0.3206118047237396,0.41937994956970215
raev1-g2b-01-jit-b-mhc4-clean-epoch200,0.25,24,1281167,290.4089769423008,4411.5957209358085,1,job.log,0.34111499786376953,0.3737297058105469,0.32350656390190125,0.47110098600387573,0.4708726406097412,0.5773653984069824,0.5273980498313904,0.4932388663291931,0.3693607747554779,0.3103562593460083,0.41071757674217224
raev1-g2b-01-jit-b-mhc4-clean-epoch200,0.25,25,1281167,306.1634721159935,4184.584761681222,1,job.log,0.33202022314071655,0.36484941840171814,0.31471195816993713,0.4622340202331543,0.46320775151252747,0.5696201324462891,0.5216163992881775,0.48644325137138367,0.36168643832206726,0.30114972591400146,0.4035967290401459
raev1-g2b-01-jit-b-mhc4-clean-epoch200,0.25,26,1281167,332.7123788348399,3850.6742805502217,1,job.log,0.3242623805999756,0.35634300112724304,0.30678388476371765,0.4535663425922394,0.4551689922809601,0.5616469979286194,0.5163400173187256,0.47973278164863586,0.35513070225715637,0.29328712821006775,0.39726337790489197
raev1-g2b-01-jit-b-mhc4-clean-epoch200,0.25,27,1281167,342.3210785742849,3742.588698703174,1,job.log,0.31555989384651184,0.3478032648563385,0.29843682050704956,0.4447258412837982,0.44687309861183167,0.5535694360733032,0.51115882396698,0.4732325077056885,0.3476925790309906,0.28493744134902954,0.3904882073402405
raev1-g2b-01-jit-b-mhc4-clean-epoch200,0.25,28,1281167,315.2626318661496,4063.808617013457,1,job.log,0.30823490023612976,0.3407021760940552,0.29165443778038025,0.43607649207115173,0.43928131461143494,0.5461555123329163,0.5062040090560913,0.46731773018836975,0.34148022532463074,0.27802687883377075,0.3844323754310608
raev1-g2b-01-jit-b-mhc4-clean-epoch200,0.25,29,1281167,308.84387997118756,4148.267403322098,1,job.log,0.30198994278907776,0.33400264382362366,0.2853849530220032,0.4293489158153534,0.4330795705318451,0.5396711230278015,0.5019941926002502,0.4619329869747162,0.3358946144580841,0.2716144323348999,0.37904706597328186
raev1-g2b-01-jit-b-mhc4-clean-epoch200,0.25,30,1281167,267.77955599082634,4784.409307347909,1,job.log,0.29533278942108154,0.3273915946483612,0.2789076268672943,0.4220089912414551,0.42650142312049866,0.5331697463989258,0.4977492690086365,0.45643502473831177,0.33016741275787354,0.26500117778778076,0.3734775483608246
raev1-g2b-01-jit-b-mhc4-clean-epoch200,0.25,31,1281167,269.5957330907695,4752.178327572592,1,job.log,0.28970593214035034,0.32162511348724365,0.2735423743724823,0.4156438112258911,0.4205480217933655,0.5274624228477478,0.4941863417625427,0.45197317004203796,0.32535380125045776,0.2596889138221741,0.36895132064819336
raev1-g2b-01-jit-b-mhc4-clean-epoch200,0.25,32,1281167,266.9644861277193,4799.016597987019,1,job.log,0.28453731536865234,0.31640052795410156,0.2684515714645386,0.41021519899368286,0.4159478545188904,0.5228046178817749,0.4911911189556122,0.448080837726593,0.3209933042526245,0.25459495186805725,0.3649969696998596
raev1-g2b-01-jit-b-mhc4-clean-epoch200,0.25,33,1281167,269.0423723827116,4761.95250827459,1,job.log,0.27987948060035706,0.31169065833091736,0.2641071379184723,0.4048801362514496,0.4109535813331604,0.517872154712677,0.48819488286972046,0.4442651569843292,0.3169693946838379,0.2502351701259613,0.3610617518424988
raev1-g2b-01-jit-b-mhc4-clean-epoch200,0.25,34,1281167,266.6922048549168,4803.916187565241,1,job.log,0.2758775055408478,0.3075827658176422,0.26023250818252563,0.40022844076156616,0.40692800283432007,0.5138462781906128,0.4856988787651062,0.4409245550632477,0.3135458528995514,0.2462897002696991,0.35778379440307617
raev1-g2b-01-jit-b-mhc4-clean-epoch200,0.25,35,1281167,266.2957495590672,4811.068153064244,1,job.log,0.27246183156967163,0.30401140451431274,0.25692030787467957,0.3962814509868622,0.4033176898956299,0.5102806687355042,0.4835333228111267,0.43806812167167664,0.3105643689632416,0.24302373826503754,0.3549529016017914
raev1-g2b-01-jit-b-mhc4-clean-epoch200,0.25,36,1281167,266.2074697590433,4812.663600911137,1,job.log,0.26932963728904724,0.3008705973625183,0.2539263367652893,0.3928775489330292,0.400261253118515,0.5071806311607361,0.4817098379135132,0.43570637702941895,0.3079175353050232,0.2399982511997223,0.3524308502674103
raev1-g2b-01-jit-b-mhc4-clean-epoch200,0.25,37,1281167,265.8881631484255,4818.4431560603925,1,job.log,0.2671816349029541,0.29869240522384644,0.2518233060836792,0.3904973268508911,0.39808955788612366,0.5051069259643555,0.480396568775177,0.4338812232017517,0.30606263875961304,0.23784708976745605,0.35067135095596313
raev1-g2b-01-jit-b-mhc4-clean-epoch200,0.25,38,1281167,265.78827599808574,4820.253997995108,1,job.log,0.2655521631240845,0.2970128655433655,0.250264436006546,0.3886244595050812,0.3963997960090637,0.5033621788024902,0.47942519187927246,0.4325835406780243,0.304661363363266,0.23627211153507233,0.34935513138771057
raev1-g2b-01-jit-b-mhc4-clean-epoch200,0.25,39,1281167,265.7294140458107,4821.321736626161,1,job.log,0.2644628584384918,0.29588064551353455,0.24916034936904907,0.38744351267814636,0.39536333084106445,0.5023339986801147,0.47885048389434814,0.4317739009857178,0.3037354648113251,0.23519635200500488,0.34850332140922546
raev1-g2b-01-jit-b-mhc4-clean-epoch200,0.25,40,1281167,265.778381396085,4820.433450118347,1,job.log,0.2640880346298218,0.2954874336719513,0.24881099164485931,0.38690242171287537,0.3948398530483246,0.5019401907920837,0.4784862995147705,0.43137121200561523,0.3033871054649353,0.2348414957523346,0.348157674074173
raev1-g2b-01-jit-b-mhc4-clean-epoch200,0.5,1,1281167,1756.26493204711,729.4839045192722,1,job.log,0.9639434814453125,1.0480260848999023,0.9434055685997009,1.2377032041549683,1.5019148588180542,1.771060824394226,1.876523733139038,1.5130462646484375,1.219306230545044,0.9190143346786499,1.16902756690979
raev1-g2b-01-jit-b-mhc4-clean-epoch200,0.5,2,1281167,1683.413277714979,761.053163213149,1,job.log,0.6759586334228516,0.7214791774749756,0.6687111854553223,0.8285735845565796,0.854640543460846,1.008205533027649,0.9791589379310608,0.881332278251648,0.7536722421646118,0.6538469195365906,0.7323588728904724
raev1-g2b-01-jit-b-mhc4-clean-epoch200,0.5,3,1281167,1686.139293026179,759.8227532558359,1,job.log,0.6230670809745789,0.6647259593009949,0.6146016716957092,0.767510712146759,0.7747127413749695,0.8963887691497803,0.845184326171875,0.7879876494407654,0.6878768801689148,0.600701630115509,0.6680368781089783
raev1-g2b-01-jit-b-mhc4-clean-epoch200,0.5,4,1281167,1685.1359402607195,760.2751620155829,1,job.log,0.5927615761756897,0.6324692964553833,0.5835273265838623,0.7312817573547363,0.7317224144935608,0.8385523557662964,0.7809872627258301,0.7403802871704102,0.6520490646362305,0.5698882341384888,0.6330633163452148
raev1-g2b-01-jit-b-mhc4-clean-epoch200,0.5,5,1281167,1684.6375219621696,760.500097675475,1,job.log,0.567444920539856,0.6055546998977661,0.558849036693573,0.700859546661377,0.7017597556114197,0.7973423004150391,0.7366370558738708,0.7040758728981018,0.6225117444992065,0.5456021428108215,0.6044607162475586
raev1-g2b-01-jit-b-mhc4-clean-epoch200,0.5,6,1281167,1685.3732645101845,760.1681045844417,1,job.log,0.5483389496803284,0.5857259631156921,0.539767324924469,0.6798098087310791,0.6766607761383057,0.7676445245742798,0.704500675201416,0.6775978207588196,0.6003707051277161,0.5269989371299744,0.5823733806610107
raev1-g2b-01-jit-b-mhc4-clean-epoch200,0.5,7,1281167,1684.7172971619293,760.4640862643547,1,job.log,0.5324218273162842,0.5684283971786499,0.5233656764030457,0.6625231504440308,0.6595702171325684,0.7459935545921326,0.6811853647232056,0.6581895351409912,0.5838398337364197,0.5109319090843201,0.565990149974823
raev1-g2b-01-jit-b-mhc4-clean-epoch200,0.5,8,1281167,1685.7328997659497,760.0059298705504,1,job.log,0.5167454481124878,0.5520316362380981,0.5068576335906982,0.6456130743026733,0.6429363489151001,0.726134181022644,0.6604249477386475,0.6392326951026917,0.5667580366134644,0.49472683668136597,0.5496529340744019
raev1-g2b-01-jit-b-mhc4-clean-epoch200,0.5,9,1281167,532.6891285129823,2405.0931986849746,1,job.log,0.5021570324897766,0.5376870036125183,0.49308744072914124,0.6293564438819885,0.6266762018203735,0.7067036032676697,0.6425374746322632,0.6231512427330017,0.5530127286911011,0.4809613525867462,0.535369336605072
raev1-g2b-01-jit-b-mhc4-clean-epoch200,0.5,10,1281167,469.4521369440481,2729.0684165161156,1,job.log,0.48998013138771057,0.5243239402770996,0.4806002378463745,0.6144520044326782,0.6119028329849243,0.690694272518158,0.6281960606575012,0.608457088470459,0.5395340919494629,0.4689708650112152,0.522611141204834
raev1-g2b-01-jit-b-mhc4-clean-epoch200,0.5,11,1281167,482.76152163231745,2653.8299814535903,1,job.log,0.47648394107818604,0.5104736685752869,0.46715742349624634,0.6005716323852539,0.5983400344848633,0.6767407655715942,0.6139535903930664,0.5957247018814087,0.5263271331787109,0.4558425843715668,0.509763777256012
raev1-g2b-01-jit-b-mhc4-clean-epoch200,0.5,12,1281167,482.5595724089071,2654.940598534798,1,job.log,0.46435168385505676,0.49684831500053406,0.45543643832206726,0.5859089493751526,0.5838721394538879,0.6604770421981812,0.6002359986305237,0.5814653038978577,0.5134963393211365,0.44473469257354736,0.4973806142807007
raev1-g2b-01-jit-b-mhc4-clean-epoch200,0.5,13,1281167,302.0132429418154,4242.088815445832,1,job.log,0.45439431071281433,0.4863685667514801,0.44508078694343567,0.5749377608299255,0.572624921798706,0.6482450366020203,0.5895211696624756,0.5704351663589478,0.5028091669082642,0.43467703461647034,0.48719522356987
raev1-g2b-01-jit-b-mhc4-clean-epoch200,0.5,14,1281167,265.751406757161,4820.922739915006,1,job.log,0.44102123379707336,0.4733352065086365,0.43217745423316956,0.5588762164115906,0.5581087470054626,0.6344748139381409,0.5777038335800171,0.5584095120429993,0.4911580979824066,0.4216611683368683,0.4756758213043213
raev1-g2b-01-jit-b-mhc4-clean-epoch200,0.5,15,1281167,268.3159288880415,4774.845106324583,1,job.log,0.42905911803245544,0.4615921378135681,0.4203975200653076,0.5479257106781006,0.5476383566856384,0.622802197933197,0.566996157169342,0.5475873947143555,0.48014357686042786,0.41012290120124817,0.4652131199836731
raev1-g2b-01-jit-b-mhc4-clean-epoch200,0.5,16,1281167,266.12975969165564,4814.068901893539,1,job.log,0.4201011061668396,0.4510098099708557,0.4111604690551758,0.5353437662124634,0.5351859331130981,0.6114698052406311,0.5583415031433105,0.5381718873977661,0.47110435366630554,0.40140271186828613,0.4565657675266266
raev1-g2b-01-jit-b-mhc4-clean-epoch200,0.5,17,1281167,268.3316556373611,4774.565255660492,1,job.log,0.40886324644088745,0.4396705627441406,0.4001395106315613,0.5240331888198853,0.5256747007369995,0.5998319983482361,0.5489262342453003,0.5280625224113464,0.4606318473815918,0.39074409008026123,0.4463057219982147
raev1-g2b-01-jit-b-mhc4-clean-epoch200,0.5,18,1281167,267.7771404553205,4784.452466037768,1,job.log,0.3982185125350952,0.4282534420490265,0.39001157879829407,0.5108423829078674,0.5129624009132385,0.5877028703689575,0.539922297000885,0.5171325206756592,0.4498731791973114,0.38061198592185974,0.4362717270851135
raev1-g2b-01-jit-b-mhc4-clean-epoch200,0.5,19,1281167,266.1097087301314,4814.43163465811,1,job.log,0.3872324824333191,0.4181346893310547,0.37963372468948364,0.499981164932251,0.5036777257919312,0.5784246325492859,0.5317746996879578,0.508948802947998,0.4412187337875366,0.3706127405166626,0.42766043543815613
raev1-g2b-01-jit-b-mhc4-clean-epoch200,0.5,20,1281167,266.11215696670115,4814.3873418015755,1,job.log,0.37854838371276855,0.4086080491542816,0.3712413012981415,0.48880887031555176,0.4922242760658264,0.5681793689727783,0.5246389508247375,0.5003994107246399,0.4325522482395172,0.36206236481666565,0.41968175768852234
raev1-g2b-01-jit-b-mhc4-clean-epoch200,0.5,21,1281167,270.20892650075257,4741.394063443096,1,job.log,0.36940768361091614,0.39908114075660706,0.362371027469635,0.47823891043663025,0.48299548029899597,0.5593242049217224,0.5171028971672058,0.49153923988342285,0.4233376979827881,0.3536343574523926,0.4108928442001343
raev1-g2b-01-jit-b-mhc4-clean-epoch200,0.5,22,1281167,284.4409248791635,4504.158466452275,1,job.log,0.35990408062934875,0.3896551728248596,0.35325440764427185,0.46824201941490173,0.4735678434371948,0.5493371486663818,0.5093389749526978,0.4834918975830078,0.4153205156326294,0.34467464685440063,0.402919739484787
raev1-g2b-01-jit-b-mhc4-clean-epoch200,0.5,23,1281167,284.6178729850799,4501.3582125503435,1,job.log,0.35152459144592285,0.38094037771224976,0.3451979458332062,0.45808786153793335,0.46377140283584595,0.5400891304016113,0.5032203197479248,0.47599828243255615,0.4076860845088959,0.33646291494369507,0.3962239921092987
raev1-g2b-01-jit-b-mhc4-clean-epoch200,0.5,24,1281167,290.4540453981608,4410.911193348153,1,job.log,0.3424113094806671,0.3719603717327118,0.3364362418651581,0.4477171003818512,0.45394882559776306,0.5307034254074097,0.49662646651268005,0.4679359197616577,0.39947760105133057,0.32800164818763733,0.38815778493881226
raev1-g2b-01-jit-b-mhc4-clean-epoch200,0.5,25,1281167,306.27473990013823,4183.06452702475,1,job.log,0.33439627289772034,0.3641245365142822,0.3288165032863617,0.4389621317386627,0.44622957706451416,0.5232136845588684,0.49079862236976624,0.4613424241542816,0.3923640549182892,0.320341557264328,0.3815411627292633
raev1-g2b-01-jit-b-mhc4-clean-epoch200,0.5,26,1281167,332.2963169561699,3855.495636350934,1,job.log,0.32766076922416687,0.356694757938385,0.321991890668869,0.43093621730804443,0.4386236369609833,0.5155626535415649,0.4853724539279938,0.45459285378456116,0.3860355615615845,0.31384164094924927,0.3754845857620239
raev1-g2b-01-jit-b-mhc4-clean-epoch200,0.5,27,1281167,342.30814353376627,3742.7301225558545,1,job.log,0.31974759697914124,0.34877902269363403,0.31456735730171204,0.4225560426712036,0.43067076802253723,0.5078831911087036,0.4800446927547455,0.44827479124069214,0.3791358768939972,0.30665579438209534,0.36896342039108276
raev1-g2b-01-jit-b-mhc4-clean-epoch200,0.5,28,1281167,315.27753957081586,4063.6164623209115,1,job.log,0.313597708940506,0.3427143692970276,0.3088180422782898,0.41482022404670715,0.423635333776474,0.5008838772773743,0.47497090697288513,0.44254764914512634,0.3732048273086548,0.3008158802986145,0.3633232116699219
raev1-g2b-01-jit-b-mhc4-clean-epoch200,0.5,29,1281167,308.6551735801622,4150.8035816780575,1,job.log,0.30809298157691956,0.33677974343299866,0.30339616537094116,0.40845927596092224,0.4176769554615021,0.4949900209903717,0.470763623714447,0.43749916553497314,0.3678801953792572,0.2954460084438324,0.3582654595375061
raev1-g2b-01-jit-b-mhc4-clean-epoch200,0.5,30,1281167,267.5438542282209,4788.6242937471325,1,job.log,0.3018999397754669,0.33073097467422485,0.2974995970726013,0.4014386236667633,0.4113122522830963,0.48869526386260986,0.4663146436214447,0.4318438768386841,0.36231452226638794,0.2896130383014679,0.3529612123966217
raev1-g2b-01-jit-b-mhc4-clean-epoch200,0.5,31,1281167,269.44351159315556,4754.863059885033,1,job.log,0.29714009165763855,0.32571813464164734,0.29281288385391235,0.395649254322052,0.4057967960834503,0.48341959714889526,0.46277427673339844,0.42773672938346863,0.35787490010261536,0.28508493304252625,0.3488115966320038
raev1-g2b-01-jit-b-mhc4-clean-epoch200,0.5,32,1281167,266.7936358503066,4802.0898096641295,1,job.log,0.29233914613723755,0.32084012031555176,0.28816816210746765,0.39049556851387024,0.4012364149093628,0.4790191352367401,0.45949721336364746,0.42365747690200806,0.35368773341178894,0.28051257133483887,0.34488844871520996
raev1-g2b-01-jit-b-mhc4-clean-epoch200,0.5,33,1281167,268.9692072267644,4763.247857290463,1,job.log,0.28847384452819824,0.31685513257980347,0.28456446528434753,0.38563695549964905,0.39648666977882385,0.47435012459754944,0.4563589096069336,0.41991764307022095,0.34989240765571594,0.2769666314125061,0.3412790894508362
raev1-g2b-01-jit-b-mhc4-clean-epoch200,0.5,34,1281167,266.48098918097094,4807.723822767491,1,job.log,0.2846781015396118,0.3130864202976227,0.28090164065361023,0.38128775358200073,0.3926190733909607,0.470475971698761,0.453692227602005,0.41669514775276184,0.34655970335006714,0.2733198404312134,0.3381221294403076
raev1-g2b-01-jit-b-mhc4-clean-epoch200,0.5,35,1281167,266.082023140043,4814.932571847225,1,job.log,0.28177350759506226,0.3099873661994934,0.278072714805603,0.377650648355484,0.38928940892219543,0.46728065609931946,0.45159125328063965,0.4139385223388672,0.34385886788368225,0.27061039209365845,0.33558133244514465
raev1-g2b-01-jit-b-mhc4-clean-epoch200,0.5,36,1281167,266.1478668441996,4813.741380651316,1,job.log,0.2787335216999054,0.30694839358329773,0.2751588821411133,0.37446328997612,0.3862226903438568,0.46429353952407837,0.44962048530578613,0.41156986355781555,0.34121933579444885,0.2677385210990906,0.333080530166626
raev1-g2b-01-jit-b-mhc4-clean-epoch200,0.5,37,1281167,265.6694802218117,4822.40940483767,1,job.log,0.2767992317676544,0.30511727929115295,0.2734036445617676,0.3723577857017517,0.3842003047466278,0.46237000823020935,0.44822555780410767,0.40966925024986267,0.3395005464553833,0.2658359706401825,0.33142247796058655
raev1-g2b-01-jit-b-mhc4-clean-epoch200,0.5,38,1281167,265.5616585868411,4824.3673684582245,1,job.log,0.2755633294582367,0.3036441504955292,0.2721409797668457,0.3705350160598755,0.38260728120803833,0.4607789218425751,0.44734200835227966,0.40852898359298706,0.3382216989994049,0.26468634605407715,0.330291748046875
raev1-g2b-01-jit-b-mhc4-clean-epoch200,0.5,39,1281167,265.5223142192699,4825.0822299703395,1,job.log,0.274332195520401,0.30248740315437317,0.27089259028434753,0.36943596601486206,0.38157179951667786,0.4597610533237457,0.4466829299926758,0.4077056646347046,0.33727797865867615,0.26350024342536926,0.3293663263320923
raev1-g2b-01-jit-b-mhc4-clean-epoch200,0.5,40,1281167,265.5873031821102,4823.901536895077,1,job.log,0.27408936619758606,0.3022356331348419,0.2707068622112274,0.36894339323043823,0.3810410797595978,0.45944488048553467,0.4462769627571106,0.4072937071323395,0.3369446396827698,0.2632843852043152,0.32907527685165405
raev1-g2b-01-jit-b-mhc4-clean-epoch200,0.75,1,1281167,300.48288266779855,4263.693787231153,1,job.log,1.047438144683838,1.0971530675888062,1.0476154088974,1.1885520219802856,1.4145408868789673,1.5248481035232544,1.6961255073547363,1.4147251844406128,1.2336742877960205,0.9997872710227966,1.1102653741836548
raev1-g2b-01-jit-b-mhc4-clean-epoch200,0.75,2,1281167,266.0578838889487,4815.369427409086,1,job.log,0.6731319427490234,0.7250616550445557,0.6861968636512756,0.8272374868392944,0.8467153310775757,0.9126995205879211,0.9269947409629822,0.8565322756767273,0.7804648876190186,0.6603800058364868,0.7302675843238831
raev1-g2b-01-jit-b-mhc4-clean-epoch200,0.75,3,1281167,267.04809078993276,4797.514171362493,1,job.log,0.6192172765731812,0.6658227443695068,0.6312247514724731,0.7697120904922485,0.7740806937217712,0.8255656361579895,0.8149795532226562,0.7730086445808411,0.713239848613739,0.6086299419403076,0.6690686345100403
raev1-g2b-01-jit-b-mhc4-clean-epoch200,0.75,4,1281167,265.80108389630914,4820.021729105485,1,job.log,0.5907818675041199,0.6347418427467346,0.6020709276199341,0.7366881966590881,0.7348133325576782,0.7796233296394348,0.76039057970047,0.7303781509399414,0.6773605346679688,0.5803432464599609,0.6354962587356567
raev1-g2b-01-jit-b-mhc4-clean-epoch200,0.75,5,1281167,266.0644961018115,4815.24975624614,1,job.log,0.5695638656616211,0.6117681264877319,0.5806518793106079,0.7095188498497009,0.7068698406219482,0.745087206363678,0.7220121622085571,0.6972075700759888,0.6482583284378052,0.5592520833015442,0.608900785446167
raev1-g2b-01-jit-b-mhc4-clean-epoch200,0.75,6,1281167,265.38443512888625,4827.589076118161,1,job.log,0.5536050200462341,0.5928403735160828,0.5633525252342224,0.6890215873718262,0.6844227910041809,0.7202732563018799,0.693187952041626,0.6726617813110352,0.6262316107749939,0.5431488156318665,0.5879971385002136
raev1-g2b-01-jit-b-mhc4-clean-epoch200,0.75,7,1281167,265.3068289947696,4829.001216645115,1,job.log,0.54070645570755,0.5784916877746582,0.5499838590621948,0.6730121374130249,0.6681408882141113,0.7016704678535461,0.6723303198814392,0.6545342206954956,0.6101661324501038,0.5300358533859253,0.5730929970741272
raev1-g2b-01-jit-b-mhc4-clean-epoch200,0.75,8,1281167,264.89494247129187,4836.509855747235,1,job.log,0.5288452506065369,0.5646344423294067,0.5374020338058472,0.6566120386123657,0.6521510481834412,0.6834438443183899,0.653397798538208,0.6367525458335876,0.5936935544013977,0.5179123282432556,0.55703204870224
raev1-g2b-01-jit-b-mhc4-clean-epoch200,0.75,9,1281167,264.787409491837,4838.474013771022,1,job.log,0.5187156200408936,0.5525440573692322,0.5264273285865784,0.6409797072410583,0.6377446055412292,0.6671453714370728,0.6373878717422485,0.6214331984519958,0.5795201063156128,0.5072435140609741,0.5425376892089844
raev1-g2b-01-jit-b-mhc4-clean-epoch200,0.75,10,1281167,264.6559628229588,4840.877138509947,1,job.log,0.5107490420341492,0.5433277487754822,0.5179038047790527,0.6278509497642517,0.6243142485618591,0.6530267000198364,0.6236681938171387,0.6082381010055542,0.5674983263015747,0.4986070394515991,0.5312416553497314
raev1-g2b-01-jit-b-mhc4-clean-epoch200,0.75,11,1281167,265.04045424889773,4833.854528474602,1,job.log,0.5012558102607727,0.5310672521591187,0.5073428153991699,0.6147642731666565,0.6113485097885132,0.6402475833892822,0.6105666160583496,0.5960396528244019,0.5543546676635742,0.48886004090309143,0.5185466408729553
raev1-g2b-01-jit-b-mhc4-clean-epoch200,0.75,12,1281167,265.2117156791501,4830.733049327053,1,job.log,0.4941544830799103,0.5225663781166077,0.5000008940696716,0.60062575340271,0.597347617149353,0.625104546546936,0.5978830456733704,0.582480251789093,0.5423049330711365,0.48140019178390503,0.5072488784790039
raev1-g2b-01-jit-b-mhc4-clean-epoch200,0.75,13,1281167,182.10453364998102,7035.338298949228,2,job.log,0.48738667368888855,0.5140116810798645,0.49232468008995056,0.5904403924942017,0.5877251625061035,0.6143989562988281,0.5876697897911072,0.5719797611236572,0.5323474407196045,0.47400957345962524,0.4978905916213989
raev1-g2b-01-jit-b-mhc4-clean-epoch200,0.75,14,1281167,134.31941001908854,9538.21193688931,2,job.log,0.47900477051734924,0.5041342377662659,0.48327499628067017,0.5758000016212463,0.5747736096382141,0.6018521785736084,0.5763199329376221,0.5606331825256348,0.5213132500648499,0.46535524725914,0.48659834265708923
raev1-g2b-01-jit-b-mhc4-clean-epoch200,0.75,15,1281167,134.38103436585516,9533.837911323084,2,job.log,0.47149908542633057,0.4953365623950958,0.475397527217865,0.5653358697891235,0.5644688606262207,0.5911055207252502,0.5659589171409607,0.5499141812324524,0.5103990435600281,0.457478791475296,0.4759349226951599
raev1-g2b-01-jit-b-mhc4-clean-epoch200,0.75,16,1281167,134.4360654358752,9529.935258415497,2,job.log,0.4653775990009308,0.48686689138412476,0.4684411287307739,0.554020881652832,0.5526326298713684,0.5800301432609558,0.5573894381523132,0.5405679941177368,0.5011127591133118,0.45111361145973206,0.4672596752643585
raev1-g2b-01-jit-b-mhc4-clean-epoch200,0.75,17,1281167,134.40139792626724,9532.393410839743,2,job.log,0.4584849774837494,0.47834765911102295,0.46058905124664307,0.5428833365440369,0.543531596660614,0.5699251294136047,0.5481612682342529,0.5308279395103455,0.4911949336528778,0.44355452060699463,0.45768827199935913
raev1-g2b-01-jit-b-mhc4-clean-epoch200,0.75,18,1281167,134.5036675548181,9525.145472169743,2,job.log,0.4522944688796997,0.47069185972213745,0.45390769839286804,0.5296220183372498,0.5317909717559814,0.5590910315513611,0.5397143363952637,0.5201858878135681,0.4812381863594055,0.43727192282676697,0.4481561481952667
raev1-g2b-01-jit-b-mhc4-clean-epoch200,0.75,19,1281167,135.3252883600071,9467.314021838252,2,job.log,0.4451482892036438,0.4621855318546295,0.44628608226776123,0.5187972187995911,0.5225934386253357,0.5492385029792786,0.5314995646476746,0.5117964744567871,0.47239917516708374,0.42962583899497986,0.43927186727523804
raev1-g2b-01-jit-b-mhc4-clean-epoch200,0.75,20,1281167,134.6995232659392,9511.295726493208,2,job.log,0.439912885427475,0.4558166563510895,0.44073987007141113,0.5091181397438049,0.5125404596328735,0.5400470495223999,0.524212121963501,0.5037199258804321,0.46442675590515137,0.4238775968551636,0.4317534267902374
raev1-g2b-01-jit-b-mhc4-clean-epoch200,0.75,21,1281167,134.54073887178674,9522.520916292227,2,job.log,0.4351811707019806,0.44952550530433655,0.43548187613487244,0.4989667534828186,0.5037497878074646,0.5313119888305664,0.5172536969184875,0.49519968032836914,0.45581451058387756,0.41882845759391785,0.42360225319862366
raev1-g2b-01-jit-b-mhc4-clean-epoch200,0.75,22,1281167,134.65467105666175,9514.463849983294,2,job.log,0.4285246431827545,0.4415696859359741,0.428154855966568,0.4892735481262207,0.49449077248573303,0.5222456455230713,0.5092401504516602,0.4873071312904358,0.4474235773086548,0.41194483637809753,0.4153216779232025
raev1-g2b-01-jit-b-mhc4-clean-epoch200,0.75,23,1281167,134.61426082113758,9517.320023784783,2,job.log,0.422397255897522,0.43451306223869324,0.42161431908607483,0.47912317514419556,0.48543182015419006,0.513861894607544,0.5031744241714478,0.47985342144966125,0.44026628136634827,0.40548527240753174,0.4086667001247406
raev1-g2b-01-jit-b-mhc4-clean-epoch200,0.75,24,1281167,135.2210277938284,9474.613681781773,2,job.log,0.4170110523700714,0.42837443947792053,0.41599202156066895,0.46962806582450867,0.4760684072971344,0.5048490166664124,0.49629420042037964,0.47181200981140137,0.43254053592681885,0.39983120560646057,0.40091678500175476
raev1-g2b-01-jit-b-mhc4-clean-epoch200,0.75,25,1281167,134.98682796675712,9491.051973719317,2,job.log,0.411879301071167,0.4220803678035736,0.41039788722991943,0.46088701486587524,0.46863991022109985,0.4979119598865509,0.49050334095954895,0.46557268500328064,0.4255073070526123,0.3942500352859497,0.39420363306999207
raev1-g2b-01-jit-b-mhc4-clean-epoch200,0.75,26,1281167,134.90279289381579,9496.964240083804,2,job.log,0.4078463613986969,0.41698867082595825,0.4059959650039673,0.45332932472229004,0.4613596796989441,0.49039560556411743,0.48498427867889404,0.4585888087749481,0.4191974401473999,0.3899911642074585,0.3882412314414978
raev1-g2b-01-jit-b-mhc4-clean-epoch200,0.75,27,1281167,134.60632603382692,9517.881051727387,2,job.log,0.4025515913963318,0.41063615679740906,0.4002537131309509,0.44503116607666016,0.4538328945636749,0.483193039894104,0.4795353412628174,0.4522725045681,0.4126788377761841,0.38451457023620605,0.381982684135437
raev1-g2b-01-jit-b-mhc4-clean-epoch200,0.75,28,1281167,134.72998641990125,9509.145172828104,2,job.log,0.3984453082084656,0.4059082269668579,0.3959510028362274,0.4375040531158447,0.44708719849586487,0.47632288932800293,0.4744538366794586,0.44665512442588806,0.4066475033760071,0.3800033926963806,0.3761402666568756
raev1-g2b-01-jit-b-mhc4-clean-epoch200,0.75,29,1281167,134.50921231601387,9524.75282503362,2,job.log,0.39508751034736633,0.4014410376548767,0.3922216594219208,0.4314531981945038,0.4413369596004486,0.47074082493782043,0.4702610969543457,0.4417846202850342,0.40147459506988525,0.37657520174980164,0.3711925745010376
raev1-g2b-01-jit-b-mhc4-clean-epoch200,0.75,30,1281167,134.71585863782093,9510.142406057586,2,job.log,0.39047756791114807,0.3961995244026184,0.3873023986816406,0.42434900999069214,0.4349184036254883,0.4646965265274048,0.46538394689559937,0.4359157979488373,0.3959976136684418,0.37180542945861816,0.3659033179283142
raev1-g2b-01-jit-b-mhc4-clean-epoch200,0.75,31,1281167,134.45927027007565,9528.29059258347,2,job.log,0.38772597908973694,0.3926568329334259,0.38418564200401306,0.41879522800445557,0.43001770973205566,0.45972567796707153,0.46198728680610657,0.43206173181533813,0.391691654920578,0.3688541352748871,0.3617323040962219
raev1-g2b-01-jit-b-mhc4-clean-epoch200,0.75,32,1281167,134.607419913169,9517.803705222494,2,job.log,0.3840280771255493,0.3883231580257416,0.380160927772522,0.4134732186794281,0.4252840280532837,0.45534345507621765,0.45839938521385193,0.42754945158958435,0.3874039649963379,0.36496472358703613,0.35769468545913696
raev1-g2b-01-jit-b-mhc4-clean-epoch200,0.75,33,1281167,134.91765613202006,9495.918004581612,2,job.log,0.3819843828678131,0.38555073738098145,0.3779233694076538,0.4087451100349426,0.42090004682540894,0.4510619044303894,0.4551028311252594,0.4239671528339386,0.3836890459060669,0.36264854669570923,0.3541111946105957
raev1-g2b-01-jit-b-mhc4-clean-epoch200,0.75,34,1281167,134.7333187609911,9508.909984416803,2,job.log,0.37900209426879883,0.38233935832977295,0.37481072545051575,0.4045547842979431,0.41686466336250305,0.44734814763069153,0.4522150456905365,0.4207424819469452,0.3802708387374878,0.3595643937587738,0.3508368730545044
raev1-g2b-01-jit-b-mhc4-clean-epoch200,0.75,35,1281167,134.61004333896562,9517.61821199221,2,job.log,0.3771827816963196,0.3799887001514435,0.3727600872516632,0.4008479714393616,0.4137778580188751,0.44408056139945984,0.45022204518318176,0.4181583523750305,0.377699077129364,0.3576580286026001,0.3483792245388031
raev1-g2b-01-jit-b-mhc4-clean-epoch200,0.75,36,1281167,134.69383256090805,9511.697571012846,2,job.log,0.3746437132358551,0.37729692459106445,0.3701738715171814,0.3977363705635071,0.4105171859264374,0.4411645829677582,0.4480898082256317,0.415440171957016,0.3749040365219116,0.35521265864372253,0.3455989956855774
raev1-g2b-01-jit-b-mhc4-clean-epoch200,0.75,37,1281167,134.85704690217972,9500.185785095167,2,job.log,0.3733777701854706,0.375934898853302,0.3690049946308136,0.39579135179519653,0.40888750553131104,0.43941864371299744,0.4466174244880676,0.4134335219860077,0.3731788694858551,0.35377398133277893,0.34395936131477356
raev1-g2b-01-jit-b-mhc4-clean-epoch200,0.75,38,1281167,134.5192322791554,9524.043352710427,2,job.log,0.3730495870113373,0.37499749660491943,0.3683417737483978,0.39383649826049805,0.40726950764656067,0.4380008578300476,0.44565334916114807,0.41248631477355957,0.3720676600933075,0.35322481393814087,0.34301477670669556
raev1-g2b-01-jit-b-mhc4-clean-epoch200,0.75,39,1281167,134.68378760991618,9512.406969951246,2,job.log,0.37171220779418945,0.3737296760082245,0.3669964373111725,0.39262932538986206,0.40612855553627014,0.43687039613723755,0.4450289309024811,0.41168373823165894,0.37106773257255554,0.35189464688301086,0.3419094979763031
raev1-g2b-01-jit-b-mhc4-clean-epoch200,0.75,40,1281167,134.90615161694586,9496.727796652009,2,job.log,0.37158969044685364,0.37376898527145386,0.367026686668396,0.39238160848617554,0.4056471586227417,0.43661734461784363,0.44457343220710754,0.4111376404762268,0.37073156237602234,0.35176336765289307,0.3416515290737152
raev1-g2b-02-jit-b-mhc4-velocity-epoch200,0.25,1,1281167,322.54496394470334,3972.0570562671737,1,job.log,1.3401163816452026,1.0642831325531006,1.4627019166946411,1.4474208354949951,0.9087249040603638,1.2236990928649902,1.1830416917800903,1.1496233940124512,1.1667723655700684,1.1658999919891357,1.1726336479187012
raev1-g2b-02-jit-b-mhc4-velocity-epoch200,0.25,2,1281167,265.6302195652388,4823.122166208748,1,job.log,0.8189371228218079,0.7549774050712585,0.8790130019187927,0.8557073473930359,0.6555193066596985,0.742555558681488,0.7354321479797363,0.7459859251976013,0.7446804046630859,0.7520451545715332,0.712208092212677
raev1-g2b-02-jit-b-mhc4-velocity-epoch200,0.25,3,1281167,267.3455400480889,4792.17644614363,1,job.log,0.7594896554946899,0.7027342319488525,0.7965620160102844,0.7637295126914978,0.6034079194068909,0.6748319864273071,0.6735482811927795,0.6826176047325134,0.6802899837493896,0.6925418376922607,0.6412343382835388
raev1-g2b-02-jit-b-mhc4-velocity-epoch200,0.25,4,1281167,265.96792895626277,4816.998068254621,1,job.log,0.7272732853889465,0.6719956398010254,0.751891016960144,0.716433584690094,0.5729685425758362,0.6384013295173645,0.639590322971344,0.6472597122192383,0.6451355218887329,0.6590981483459473,0.6005482077598572
raev1-g2b-02-jit-b-mhc4-velocity-epoch200,0.25,5,1281167,267.23403914505616,4794.175936938091,1,job.log,0.7007161378860474,0.6430879235267639,0.7185413837432861,0.6821779012680054,0.5477809906005859,0.6102240085601807,0.6128135323524475,0.6203845143318176,0.6176831722259521,0.6308706402778625,0.5695198774337769
raev1-g2b-02-jit-b-mhc4-velocity-epoch200,0.25,6,1281167,265.7142422697507,4821.597024894777,1,job.log,0.6785304546356201,0.6227931976318359,0.6945986151695251,0.6559895873069763,0.5282793045043945,0.5886564254760742,0.5923713445663452,0.5989194512367249,0.5969515442848206,0.6109815239906311,0.5469433069229126
raev1-g2b-02-jit-b-mhc4-velocity-epoch200,0.25,7,1281167,265.58707951102406,4823.905599469575,1,job.log,0.6607731580734253,0.6045884490013123,0.6749829649925232,0.6352678537368774,0.5115231275558472,0.5717875361442566,0.5758312940597534,0.5823542475700378,0.5804110765457153,0.5930733680725098,0.527385950088501
raev1-g2b-02-jit-b-mhc4-velocity-epoch200,0.25,8,1281167,265.1995562198572,4830.954539523738,1,job.log,0.6460472941398621,0.5888485312461853,0.6571332216262817,0.6176849603652954,0.49455729126930237,0.5564576387405396,0.5607853531837463,0.5661466717720032,0.5640113353729248,0.5783951282501221,0.5100700855255127
raev1-g2b-02-jit-b-mhc4-velocity-epoch200,0.25,9,1281167,265.74344038637355,4821.067259975513,1,job.log,0.6286513209342957,0.5717957615852356,0.6412017941474915,0.6014099717140198,0.47998717427253723,0.5428153872489929,0.5466846823692322,0.5525064468383789,0.5503250360488892,0.5639585852622986,0.49554556608200073
raev1-g2b-02-jit-b-mhc4-velocity-epoch200,0.25,10,1281167,180.10850509488955,7113.306500017984,2,job.log,0.6142508387565613,0.5574460625648499,0.6265068054199219,0.5880582928657532,0.4661236107349396,0.530657172203064,0.5359124541282654,0.5399767756462097,0.5385242104530334,0.5507329106330872,0.48379358649253845
raev1-g2b-02-jit-b-mhc4-velocity-epoch200,0.25,11,1281167,134.51039689499885,9524.668944364956,2,job.log,0.6003534197807312,0.5433554649353027,0.611367404460907,0.5738975405693054,0.4528011381626129,0.5184530019760132,0.5227842926979065,0.5265970230102539,0.5260985493659973,0.5376902222633362,0.47120749950408936
raev1-g2b-02-jit-b-mhc4-velocity-epoch200,0.25,12,1281167,134.42135560698807,9530.978126316388,2,job.log,0.5839045643806458,0.5277187824249268,0.5972439050674438,0.5609047412872314,0.43972906470298767,0.5071538090705872,0.5115188956260681,0.5148691534996033,0.5144339799880981,0.5241057276725769,0.459204763174057
raev1-g2b-02-jit-b-mhc4-velocity-epoch200,0.25,13,1281167,134.31847458705306,9538.278363708365,2,job.log,0.5700715780258179,0.5153605937957764,0.5863950848579407,0.5504111647605896,0.4288303554058075,0.4974941611289978,0.5017157196998596,0.5039333701133728,0.5041381120681763,0.5135468244552612,0.44990795850753784
raev1-g2b-02-jit-b-mhc4-velocity-epoch200,0.25,14,1281167,134.10495230276138,9553.465237492346,2,job.log,0.5549202561378479,0.5006474256515503,0.5721484422683716,0.5382658839225769,0.41520795226097107,0.4863971471786499,0.4908849000930786,0.4919818043708801,0.4929293990135193,0.5009542107582092,0.438782662153244
raev1-g2b-02-jit-b-mhc4-velocity-epoch200,0.25,15,1281167,134.59278711117804,9518.838471943627,2,job.log,0.5423423647880554,0.487815797328949,0.5615227222442627,0.5279633402824402,0.4012698233127594,0.4765724837779999,0.4811825752258301,0.48139429092407227,0.48261529207229614,0.49032336473464966,0.42925935983657837
raev1-g2b-02-jit-b-mhc4-velocity-epoch200,0.25,16,1281167,134.13329097488895,9551.446853263646,2,job.log,0.5271750688552856,0.47562703490257263,0.5501951575279236,0.518535315990448,0.3919721245765686,0.46864885091781616,0.472819983959198,0.47281980514526367,0.474164754152298,0.4804151654243469,0.4213675856590271
raev1-g2b-02-jit-b-mhc4-velocity-epoch200,0.25,17,1281167,134.26581109501421,9542.019591967255,2,job.log,0.5149284601211548,0.46303486824035645,0.5392928719520569,0.5084995627403259,0.38009360432624817,0.45904797315597534,0.4628039300441742,0.4630156457424164,0.46499383449554443,0.4704182744026184,0.4121862053871155
raev1-g2b-02-jit-b-mhc4-velocity-epoch200,0.25,18,1281167,134.20325841242447,9546.467165967038,2,job.log,0.5008463263511658,0.44904235005378723,0.5276957154273987,0.49889281392097473,0.3686298131942749,0.45023491978645325,0.4536963701248169,0.45251351594924927,0.4552763104438782,0.4587254226207733,0.40380752086639404
raev1-g2b-02-jit-b-mhc4-velocity-epoch200,0.25,19,1281167,134.86417292198166,9499.683809584845,2,job.log,0.48972824215888977,0.43771111965179443,0.5184051394462585,0.4902617633342743,0.3576095998287201,0.4423956871032715,0.4456709623336792,0.44396811723709106,0.4472390115261078,0.4494955539703369,0.39650383591651917
raev1-g2b-02-jit-b-mhc4-velocity-epoch200,0.25,20,1281167,134.3130738483742,9538.66189859006,2,job.log,0.47633543610572815,0.4258366525173187,0.5087306499481201,0.48253414034843445,0.34854403138160706,0.43494299054145813,0.43800368905067444,0.43531161546707153,0.43953412771224976,0.44041818380355835,0.3889158368110657
raev1-g2b-02-jit-b-mhc4-velocity-epoch200,0.25,21,1281167,134.12656126497313,9551.926090679357,2,job.log,0.463615357875824,0.41502082347869873,0.49846482276916504,0.47461843490600586,0.33828940987586975,0.4271111786365509,0.42991548776626587,0.4270639419555664,0.43150150775909424,0.43100234866142273,0.38192006945610046
raev1-g2b-02-jit-b-mhc4-velocity-epoch200,0.25,22,1281167,134.2413556203246,9543.757913347732,2,job.log,0.452968567609787,0.404090017080307,0.48914679884910583,0.4661846458911896,0.3288608193397522,0.41974249482154846,0.4222966134548187,0.41867998242378235,0.4234723150730133,0.4224110245704651,0.3750968277454376
raev1-g2b-02-jit-b-mhc4-velocity-epoch200,0.25,23,1281167,134.54164212103933,9522.45698656932,2,job.log,0.44088757038116455,0.3936491012573242,0.4801071882247925,0.4593433141708374,0.3203132450580597,0.41338321566581726,0.41557374596595764,0.41160908341407776,0.4168800711631775,0.41468364000320435,0.3690981864929199
raev1-g2b-02-jit-b-mhc4-velocity-epoch200,0.25,24,1281167,134.18896730570123,9547.483863418685,2,job.log,0.42860400676727295,0.38294747471809387,0.4713684916496277,0.45207464694976807,0.31099310517311096,0.40674716234207153,0.40879079699516296,0.4041217863559723,0.41000664234161377,0.40567803382873535,0.36286818981170654
raev1-g2b-02-jit-b-mhc4-velocity-epoch200,0.25,25,1281167,134.15710438368842,9549.75143422797,2,job.log,0.42013564705848694,0.3736790120601654,0.4633976221084595,0.4454033374786377,0.3025864362716675,0.40038901567459106,0.4022846519947052,0.3970326781272888,0.40321362018585205,0.39823347330093384,0.35703903436660767
raev1-g2b-02-jit-b-mhc4-velocity-epoch200,0.25,26,1281167,134.17294978210703,9548.623638971774,2,job.log,0.41023972630500793,0.36522409319877625,0.45598846673965454,0.43950769305229187,0.29544758796691895,0.39496177434921265,0.39639532566070557,0.39034873247146606,0.39738380908966064,0.39136871695518494,0.3520583510398865
raev1-g2b-02-jit-b-mhc4-velocity-epoch200,0.25,27,1281167,134.13490954693407,9551.331598369008,2,job.log,0.40043365955352783,0.35640838742256165,0.4487001299858093,0.43358495831489563,0.2877824902534485,0.3890239894390106,0.3902586102485657,0.3841618597507477,0.3914601802825928,0.38417816162109375,0.3469007909297943
raev1-g2b-02-jit-b-mhc4-velocity-epoch200,0.25,28,1281167,134.13998940307647,9550.96989123973,2,job.log,0.39190003275871277,0.34854501485824585,0.44185662269592285,0.4281214475631714,0.28141334652900696,0.383965402841568,0.3848738968372345,0.37851446866989136,0.386075496673584,0.3779594600200653,0.3419930338859558
raev1-g2b-02-jit-b-mhc4-velocity-epoch200,0.25,29,1281167,134.1701117809862,9548.825613943922,2,job.log,0.38443613052368164,0.3420279026031494,0.4361252188682556,0.42316877841949463,0.275524765253067,0.3792782127857208,0.38017287850379944,0.37314844131469727,0.3812190592288971,0.3722904622554779,0.3377550542354584
raev1-g2b-02-jit-b-mhc4-velocity-epoch200,0.25,30,1281167,134.20826167287305,9546.111275346002,2,job.log,0.37690404057502747,0.33483779430389404,0.4297890067100525,0.4181332290172577,0.2693991959095001,0.3745749294757843,0.37522396445274353,0.36801329255104065,0.37629276514053345,0.3665590286254883,0.33370834589004517
raev1-g2b-02-jit-b-mhc4-velocity-epoch200,0.25,31,1281167,134.1467998661101,9550.48500060168,2,job.log,0.370459645986557,0.3290748596191406,0.4245765209197998,0.41406553983688354,0.2644844949245453,0.37085413932800293,0.37124061584472656,0.36362627148628235,0.37225595116615295,0.3617784082889557,0.3300529420375824
raev1-g2b-02-jit-b-mhc4-velocity-epoch200,0.25,32,1281167,134.1430579093285,9550.751413956741,2,job.log,0.36465972661972046,0.323616087436676,0.42009711265563965,0.4103733003139496,0.2598215639591217,0.3673698306083679,0.3676283359527588,0.3596668541431427,0.36861249804496765,0.35743406414985657,0.32680198550224304
raev1-g2b-02-jit-b-mhc4-velocity-epoch200,0.25,33,1281167,134.13265232369304,9551.492330951962,2,job.log,0.3591184914112091,0.31867411732673645,0.4157279133796692,0.4070606529712677,0.25580960512161255,0.36404916644096375,0.36415114998817444,0.3559744358062744,0.3651345670223236,0.3531816601753235,0.32388314604759216
raev1-g2b-02-jit-b-mhc4-velocity-epoch200,0.25,34,1281167,134.21537422714755,9545.60539265598,2,job.log,0.3543986976146698,0.3143500089645386,0.4117666780948639,0.4039551019668579,0.2521692216396332,0.3611743450164795,0.3611619770526886,0.35278749465942383,0.3621841371059418,0.34975603222846985,0.321288138628006
raev1-g2b-02-jit-b-mhc4-velocity-epoch200,0.25,35,1281167,134.13243741169572,9551.507634709456,2,job.log,0.35020825266838074,0.3107011020183563,0.4085903763771057,0.40140989422798157,0.24909530580043793,0.35885944962501526,0.35868531465530396,0.35006120800971985,0.35972535610198975,0.3468153476715088,0.31921476125717163
raev1-g2b-02-jit-b-mhc4-velocity-epoch200,0.25,36,1281167,134.21394478809088,9545.707057659489,2,job.log,0.3466913402080536,0.30744215846061707,0.4056631028652191,0.39910998940467834,0.2463313192129135,0.3566664755344391,0.3563389778137207,0.3476465046405792,0.3574785888195038,0.34413886070251465,0.31721439957618713
raev1-g2b-02-jit-b-mhc4-velocity-epoch200,0.25,37,1281167,134.26988974912092,9541.72973846795,2,job.log,0.3441984951496124,0.305159330368042,0.4036811292171478,0.3975684642791748,0.24435682594776154,0.3551945686340332,0.3548940122127533,0.34593766927719116,0.3558274507522583,0.3422447144985199,0.31588247418403625
raev1-g2b-02-jit-b-mhc4-velocity-epoch200,0.25,38,1281167,134.07932649180293,9555.29113638802,2,job.log,0.34231337904930115,0.3034226894378662,0.4021763503551483,0.39632850885391235,0.24294625222682953,0.35406777262687683,0.35365059971809387,0.34463515877723694,0.35468626022338867,0.3408118784427643,0.3148581385612488
raev1-g2b-02-jit-b-mhc4-velocity-epoch200,0.25,39,1281167,134.93933466030285,9494.392448467439,2,job.log,0.3409970998764038,0.30221328139305115,0.40112823247909546,0.3955070674419403,0.24184878170490265,0.353359580039978,0.352852463722229,0.34377527236938477,0.35389477014541626,0.3399129807949066,0.3141952157020569
raev1-g2b-02-jit-b-mhc4-velocity-epoch200,0.25,40,1281167,134.9975769147277,9490.296265163777,2,job.log,0.3405732810497284,0.3018282353878021,0.4007321000099182,0.39516744017601013,0.24159187078475952,0.3530280888080597,0.35261356830596924,0.34347298741340637,0.35356202721595764,0.33955734968185425,0.31388354301452637
raev1-g2b-02-jit-b-mhc4-velocity-epoch200,0.5,1,1281167,300.5635138079524,4262.54998076251,1,job.log,1.2693368196487427,1.0747220516204834,1.4742355346679688,1.507246494293213,0.9349560737609863,1.3125056028366089,1.2347604036331177,1.1548326015472412,1.1835055351257324,1.121959924697876,1.3495599031448364
raev1-g2b-02-jit-b-mhc4-velocity-epoch200,0.5,2,1281167,266.07571084285155,4815.046799806079,1,job.log,0.8007901906967163,0.7715809941291809,0.8953772783279419,0.8887017369270325,0.6480318307876587,0.7673310041427612,0.7365687489509583,0.7527576684951782,0.755179226398468,0.7425069808959961,0.7726265788078308
raev1-g2b-02-jit-b-mhc4-velocity-epoch200,0.5,3,1281167,267.28603611700237,4793.24329326048,1,job.log,0.7410422563552856,0.7179650664329529,0.8090987801551819,0.7888055443763733,0.5944701433181763,0.689775824546814,0.6686344742774963,0.6875367164611816,0.6879261136054993,0.6831136345863342,0.6948129534721375
raev1-g2b-02-jit-b-mhc4-velocity-epoch200,0.5,4,1281167,266.07986741280183,4814.971581492751,1,job.log,0.7090452313423157,0.6861802935600281,0.7632182240486145,0.737453281879425,0.5640967488288879,0.6489565372467041,0.6323879957199097,0.65128493309021,0.6516149640083313,0.6504961848258972,0.6527491807937622
raev1-g2b-02-jit-b-mhc4-velocity-epoch200,0.5,5,1281167,267.3231628211215,4792.577592153094,1,job.log,0.6822072863578796,0.6580371260643005,0.7289117574691772,0.7014286518096924,0.5395262241363525,0.6183055639266968,0.6045937538146973,0.6244283318519592,0.623927652835846,0.6224579215049744,0.6221369504928589
raev1-g2b-02-jit-b-mhc4-velocity-epoch200,0.5,6,1281167,265.9918059948832,4816.565665277093,1,job.log,0.6616824865341187,0.638118326663971,0.7038025856018066,0.6735778450965881,0.5207814574241638,0.5953240394592285,0.5829547047615051,0.6019942760467529,0.6021770238876343,0.6023746132850647,0.5994640588760376
raev1-g2b-02-jit-b-mhc4-velocity-epoch200,0.5,7,1281167,265.9438647599891,4817.43393913688,1,job.log,0.6439893245697021,0.6201645135879517,0.6838981509208679,0.6518202424049377,0.504679262638092,0.5772695541381836,0.566050112247467,0.5853593945503235,0.5854359865188599,0.5845734477043152,0.580987811088562
raev1-g2b-02-jit-b-mhc4-velocity-epoch200,0.5,8,1281167,265.9883856186643,4816.6276020666255,1,job.log,0.6294699311256409,0.6038624048233032,0.6657077074050903,0.6336448192596436,0.4895165264606476,0.5614517331123352,0.5510284900665283,0.5693053603172302,0.5691606402397156,0.5697386860847473,0.5651044249534607
raev1-g2b-02-jit-b-mhc4-velocity-epoch200,0.5,9,1281167,266.10848961770535,4814.453690825648,1,job.log,0.6124835014343262,0.5876641273498535,0.6491945385932922,0.6162207126617432,0.47588810324668884,0.5468698740005493,0.5368554592132568,0.5551495552062988,0.5550071001052856,0.5552179217338562,0.550926685333252
raev1-g2b-02-jit-b-mhc4-velocity-epoch200,0.5,10,1281167,180.4901571413502,7098.265192359818,2,job.log,0.5976954698562622,0.5743584632873535,0.6344310641288757,0.6026641726493835,0.4640500545501709,0.5352300405502319,0.5262417793273926,0.5428078174591064,0.5431990623474121,0.5422499775886536,0.5405001640319824
raev1-g2b-02-jit-b-mhc4-velocity-epoch200,0.5,11,1281167,135.2426378224045,9473.099760760211,2,job.log,0.5837651491165161,0.5602127909660339,0.6190817356109619,0.5882185101509094,0.4520581066608429,0.522825300693512,0.5133287906646729,0.5295422673225403,0.5309213995933533,0.5291674733161926,0.5287824273109436
raev1-g2b-02-jit-b-mhc4-velocity-epoch200,0.5,12,1281167,135.44519149605185,9458.933062509977,2,job.log,0.5684758424758911,0.5447181463241577,0.6052282452583313,0.5754857659339905,0.44085606932640076,0.5119978189468384,0.5033829212188721,0.5179741978645325,0.5193755030632019,0.5152520537376404,0.5181787014007568
raev1-g2b-02-jit-b-mhc4-velocity-epoch200,0.5,13,1281167,135.28403623588383,9470.200887310404,2,job.log,0.5553996562957764,0.5328536033630371,0.5944300889968872,0.5647261142730713,0.43134546279907227,0.5023249983787537,0.4937502145767212,0.5072727799415588,0.5090795755386353,0.5053715705871582,0.5099852085113525
raev1-g2b-02-jit-b-mhc4-velocity-epoch200,0.5,14,1281167,135.5846080747433,9449.206795610125,2,job.log,0.5411615967750549,0.5187974572181702,0.5807808637619019,0.552947998046875,0.41982993483543396,0.4917777180671692,0.4834083914756775,0.4951964020729065,0.4977763295173645,0.4926912188529968,0.5002707839012146
raev1-g2b-02-jit-b-mhc4-velocity-epoch200,0.5,15,1281167,135.42003024788573,9460.690546699996,2,job.log,0.5290685892105103,0.5062552690505981,0.5701873898506165,0.5424251556396484,0.40813642740249634,0.4823477864265442,0.47414228320121765,0.48499220609664917,0.4877474308013916,0.4816446602344513,0.4917125403881073
raev1-g2b-02-jit-b-mhc4-velocity-epoch200,0.5,16,1281167,136.18894399516284,9407.276115199957,2,job.log,0.5152865648269653,0.49425527453422546,0.5592902302742004,0.5329334139823914,0.39984822273254395,0.4749303162097931,0.4665316343307495,0.47653472423553467,0.47928890585899353,0.47215214371681213,0.48488324880599976
raev1-g2b-02-jit-b-mhc4-velocity-epoch200,0.5,17,1281167,135.76322866603732,9436.774689201968,2,job.log,0.503383994102478,0.48237374424934387,0.5481874346733093,0.5230580568313599,0.3898737132549286,0.46561893820762634,0.4575479328632355,0.46673232316970825,0.47013357281684875,0.4619312882423401,0.4771745204925537
raev1-g2b-02-jit-b-mhc4-velocity-epoch200,0.5,18,1281167,135.61173235392198,9447.316819583035,2,job.log,0.4895811378955841,0.4691653251647949,0.5368679761886597,0.5137086510658264,0.3805317282676697,0.4577265679836273,0.4491494297981262,0.4567050039768219,0.46064311265945435,0.45038557052612305,0.46925634145736694
raev1-g2b-02-jit-b-mhc4-velocity-epoch200,0.5,19,1281167,135.66444251313806,9443.64622200787,2,job.log,0.47896310687065125,0.4573829472064972,0.5272487998008728,0.5050382614135742,0.37120866775512695,0.4500909149646759,0.4418662190437317,0.4483482539653778,0.4528678059577942,0.4409327507019043,0.4633236527442932
raev1-g2b-02-jit-b-mhc4-velocity-epoch200,0.5,20,1281167,135.75810217903927,9437.131039960937,2,job.log,0.46629419922828674,0.44644424319267273,0.5187462568283081,0.4973702132701874,0.36353620886802673,0.44306039810180664,0.43475794792175293,0.4395636022090912,0.4450812041759491,0.4323791265487671,0.4565332233905792
raev1-g2b-02-jit-b-mhc4-velocity-epoch200,0.5,21,1281167,135.65812197793275,9444.086217030226,2,job.log,0.45517200231552124,0.4360949695110321,0.508637011051178,0.4899302124977112,0.3553447127342224,0.43659138679504395,0.4281095862388611,0.43183743953704834,0.43757322430610657,0.4228534400463104,0.45097804069519043
raev1-g2b-02-jit-b-mhc4-velocity-epoch200,0.5,22,1281167,135.41745752189308,9460.870285449513,2,job.log,0.4447927474975586,0.4253385663032532,0.49929067492485046,0.4815826117992401,0.34713366627693176,0.42954352498054504,0.420859694480896,0.42340585589408875,0.4293661415576935,0.4140594005584717,0.44468849897384644
raev1-g2b-02-jit-b-mhc4-velocity-epoch200,0.5,23,1281167,135.4900707746856,9455.79991710631,2,job.log,0.43314218521118164,0.4152771532535553,0.4908996820449829,0.47483211755752563,0.3396615982055664,0.42322468757629395,0.4147243797779083,0.4161415994167328,0.42271187901496887,0.406635582447052,0.4397563934326172
raev1-g2b-02-jit-b-mhc4-velocity-epoch200,0.5,24,1281167,135.73010713420808,9439.077497619592,2,job.log,0.42207807302474976,0.4050719439983368,0.48237600922584534,0.4679454267024994,0.331791490316391,0.4174937605857849,0.4088464379310608,0.40907353162765503,0.416119247674942,0.39792197942733765,0.4341863691806793
raev1-g2b-02-jit-b-mhc4-velocity-epoch200,0.5,25,1281167,135.9256830071099,9425.496136245169,2,job.log,0.4137718081474304,0.39599597454071045,0.474525511264801,0.46145516633987427,0.3247283101081848,0.41176652908325195,0.40289074182510376,0.40203312039375305,0.40927866101264954,0.39025387167930603,0.429185152053833
raev1-g2b-02-jit-b-mhc4-velocity-epoch200,0.5,26,1281167,135.66988164186478,9443.267617657151,2,job.log,0.4045708477497101,0.38784459233283997,0.467462956905365,0.4556705951690674,0.3187127411365509,0.4067343771457672,0.39766010642051697,0.39552655816078186,0.4036698639392853,0.38347411155700684,0.4250434339046478
raev1-g2b-02-jit-b-mhc4-velocity-epoch200,0.5,27,1281167,135.75795119302347,9437.141535661585,2,job.log,0.395279198884964,0.3791658282279968,0.46015214920043945,0.45003142952919006,0.3121698498725891,0.4015427529811859,0.39228931069374084,0.38955387473106384,0.3979509472846985,0.3762740194797516,0.4206911623477936
raev1-g2b-02-jit-b-mhc4-velocity-epoch200,0.5,28,1281167,135.4255306883715,9460.306291493152,2,job.log,0.3873805105686188,0.37152644991874695,0.45359668135643005,0.4446956217288971,0.30656108260154724,0.39703696966171265,0.38746464252471924,0.3839263319969177,0.39245691895484924,0.3701062500476837,0.4160226583480835
raev1-g2b-02-jit-b-mhc4-velocity-epoch200,0.5,29,1281167,135.57715806690976,9449.726032520324,2,job.log,0.3803861141204834,0.3652423024177551,0.4479900896549225,0.43980756402015686,0.3016415536403656,0.3925151228904724,0.38327547907829285,0.37872564792633057,0.38770583271980286,0.36446771025657654,0.4121456742286682
raev1-g2b-02-jit-b-mhc4-velocity-epoch200,0.5,30,1281167,135.82554422784597,9432.445180200091,2,job.log,0.3729603886604309,0.3579178750514984,0.4417524039745331,0.43494418263435364,0.29612278938293457,0.38827377557754517,0.37882721424102783,0.37364038825035095,0.38284024596214294,0.3586958348751068,0.4087521731853485
raev1-g2b-02-jit-b-mhc4-velocity-epoch200,0.5,31,1281167,135.69081497797742,9441.810782903272,2,job.log,0.3670997619628906,0.3524968922138214,0.4367627203464508,0.4310538172721863,0.29196897149086,0.3849373161792755,0.37534788250923157,0.36933842301368713,0.37882018089294434,0.3540436029434204,0.4058099389076233
raev1-g2b-02-jit-b-mhc4-velocity-epoch200,0.5,32,1281167,135.663052176591,9443.743004781581,2,job.log,0.36132511496543884,0.3470298945903778,0.432302325963974,0.4274333417415619,0.28775960206985474,0.38180044293403625,0.37217843532562256,0.36532747745513916,0.375176340341568,0.3495795726776123,0.40225693583488464
raev1-g2b-02-jit-b-mhc4-velocity-epoch200,0.5,33,1281167,135.67584312986583,9442.852688033021,2,job.log,0.3563304841518402,0.3423190414905548,0.42832282185554504,0.42433539032936096,0.284423291683197,0.3786788880825043,0.3690839111804962,0.3617700934410095,0.37177833914756775,0.34544119238853455,0.3999021351337433
raev1-g2b-02-jit-b-mhc4-velocity-epoch200,0.5,34,1281167,135.67656480893493,9442.802460426306,2,job.log,0.3517340421676636,0.3379170894622803,0.4242475628852844,0.421183317899704,0.28104621171951294,0.37611711025238037,0.36634185910224915,0.35867780447006226,0.36879613995552063,0.3420124053955078,0.39765724539756775
raev1-g2b-02-jit-b-mhc4-velocity-epoch200,0.5,35,1281167,135.6646876228042,9443.629159874656,2,job.log,0.3478558361530304,0.33429810404777527,0.4211895763874054,0.4188072085380554,0.2784927189350128,0.37411946058273315,0.36422768235206604,0.3559472858905792,0.3664214015007019,0.339083194732666,0.39570385217666626
raev1-g2b-02-jit-b-mhc4-velocity-epoch200,0.5,36,1281167,136.24708495801315,9403.261731396407,2,job.log,0.3443906009197235,0.3310472369194031,0.41831547021865845,0.41644179821014404,0.2759093940258026,0.3720453381538391,0.362010657787323,0.35358914732933044,0.36420777440071106,0.33647817373275757,0.3939960300922394
raev1-g2b-02-jit-b-mhc4-velocity-epoch200,0.5,37,1281167,135.6512344800867,9444.565727030464,2,job.log,0.3419574499130249,0.32882142066955566,0.4164009094238281,0.4150363504886627,0.274140328168869,0.37073764204978943,0.36078763008117676,0.3518179953098297,0.3624992370605469,0.3345325291156769,0.39285245537757874
raev1-g2b-02-jit-b-mhc4-velocity-epoch200,0.5,38,1281167,134.73468601098284,9508.813490652037,2,job.log,0.3404003381729126,0.3271216154098511,0.4149676561355591,0.41377773880958557,0.2731224298477173,0.3697744905948639,0.3597557842731476,0.3507426083087921,0.3615489602088928,0.333111971616745,0.39197802543640137
raev1-g2b-02-jit-b-mhc4-velocity-epoch200,0.5,39,1281167,134.6512952693738,9514.70238319645,2,job.log,0.33890771865844727,0.3257744014263153,0.413881778717041,0.4129856824874878,0.2718644440174103,0.36913302540779114,0.35896816849708557,0.3497181534767151,0.36068210005760193,0.3321674168109894,0.39125752449035645
raev1-g2b-02-jit-b-mhc4-velocity-epoch200,0.5,40,1281167,134.70193104678765,9511.12571322379,2,job.log,0.3386072814464569,0.32544055581092834,0.41348013281822205,0.41272303462028503,0.27180567383766174,0.3687761723995209,0.3589119613170624,0.3494383990764618,0.36031296849250793,0.33190637826919556,0.39108824729919434
raev1-g2b-02-jit-b-mhc4-velocity-epoch200,0.75,1,1281167,299.4396513039246,4278.548263134477,1,job.log,1.2294297218322754,1.1099379062652588,1.4535224437713623,1.5900574922561646,1.1209707260131836,1.3876756429672241,1.3521572351455688,1.1510196924209595,1.1845698356628418,1.095907211303711,1.623746395111084
raev1-g2b-02-jit-b-mhc4-velocity-epoch200,0.75,2,1281167,266.5035834419541,4807.316222369089,1,job.log,0.779893696308136,0.8237333297729492,0.9137824177742004,0.9550828337669373,0.6984763145446777,0.8080853223800659,0.7627015709877014,0.7704436779022217,0.7733651399612427,0.752366304397583,0.8883542418479919
raev1-g2b-02-jit-b-mhc4-velocity-epoch200,0.75,3,1281167,267.78251419588923,4784.356453770525,1,job.log,0.716920018196106,0.7692786455154419,0.8289503455162048,0.8495989441871643,0.6384180188179016,0.7242504954338074,0.6875287890434265,0.7076961994171143,0.7069752216339111,0.6942667961120605,0.8055580854415894
raev1-g2b-02-jit-b-mhc4-velocity-epoch200,0.75,4,1281167,266.4258506577462,4808.718811771018,1,job.log,0.6854360699653625,0.7385956048965454,0.7846612334251404,0.7945717573165894,0.6069720387458801,0.6801811456680298,0.64825040102005,0.672817587852478,0.6715914607048035,0.6624968647956848,0.7638681530952454
raev1-g2b-02-jit-b-mhc4-velocity-epoch200,0.75,5,1281167,267.6998963179067,4785.833007863969,1,job.log,0.6594324707984924,0.7130513787269592,0.7517428994178772,0.7566778659820557,0.5830076932907104,0.6485553979873657,0.6202678084373474,0.6473907232284546,0.6447620987892151,0.6363325715065002,0.7367209792137146
raev1-g2b-02-jit-b-mhc4-velocity-epoch200,0.75,6,1281167,266.38972917571664,4809.370856617799,1,job.log,0.6407779455184937,0.6940420269966125,0.7266466021537781,0.7283093333244324,0.565460205078125,0.6258627772331238,0.599311888217926,0.625766396522522,0.623178243637085,0.6161633729934692,0.7182012796401978
raev1-g2b-02-jit-b-mhc4-velocity-epoch200,0.75,7,1281167,266.3269494706765,4810.504541678239,1,job.log,0.6256335377693176,0.6779183745384216,0.7074115872383118,0.7057631015777588,0.5512185096740723,0.6067625880241394,0.5827826261520386,0.6100825667381287,0.6071562767028809,0.5994336605072021,0.7033819556236267
raev1-g2b-02-jit-b-mhc4-velocity-epoch200,0.75,8,1281167,266.33059908123687,4810.4386218468835,1,job.log,0.6119797229766846,0.6603150367736816,0.6899451017379761,0.6870042085647583,0.5381118059158325,0.5914435982704163,0.5690559148788452,0.5952917337417603,0.5921012759208679,0.5847840905189514,0.690571665763855
raev1-g2b-02-jit-b-mhc4-velocity-epoch200,0.75,9,1281167,266.3818675111979,4809.512794432764,1,job.log,0.5992725491523743,0.6464747786521912,0.6732305288314819,0.6693162322044373,0.5267014503479004,0.5767248272895813,0.5555310249328613,0.5810428261756897,0.5775073170661926,0.5702343583106995,0.6793631315231323
raev1-g2b-02-jit-b-mhc4-velocity-epoch200,0.75,10,1281167,180.23701687995344,7108.234602292154,2,job.log,0.5883324146270752,0.6345947980880737,0.6604332327842712,0.6561044454574585,0.5176199674606323,0.5659879446029663,0.5458968281745911,0.5694559216499329,0.5663154721260071,0.5579944849014282,0.6719542145729065
raev1-g2b-02-jit-b-mhc4-velocity-epoch200,0.75,11,1281167,134.69813842512667,9511.39351277783,2,job.log,0.5765513181686401,0.6204148530960083,0.6453561186790466,0.6415602564811707,0.5080609321594238,0.5540323853492737,0.5351493954658508,0.5567725300788879,0.5544317364692688,0.5448156595230103,0.6638158559799194
raev1-g2b-02-jit-b-mhc4-velocity-epoch200,0.75,12,1281167,134.7732147378847,9506.0951279651,2,job.log,0.5651759505271912,0.6063616275787354,0.6316406726837158,0.6289472579956055,0.49989616870880127,0.5438088774681091,0.5269702672958374,0.5458167195320129,0.5432512760162354,0.5313553214073181,0.6565431356430054
raev1-g2b-02-jit-b-mhc4-velocity-epoch200,0.75,13,1281167,134.68024748004973,9512.65700777525,2,job.log,0.5554549098014832,0.5960214138031006,0.6214689612388611,0.6181839108467102,0.49242261052131653,0.5350525975227356,0.5192704200744629,0.5358566641807556,0.5336000323295593,0.5220003724098206,0.6503557562828064
raev1-g2b-02-jit-b-mhc4-velocity-epoch200,0.75,14,1281167,134.74840375594795,9507.845468213554,2,job.log,0.5448479652404785,0.5814918875694275,0.6094278693199158,0.6069337725639343,0.4836050868034363,0.5252305865287781,0.5099718570709229,0.5238050222396851,0.522255539894104,0.5093790292739868,0.6435940265655518
raev1-g2b-02-jit-b-mhc4-velocity-epoch200,0.75,15,1281167,134.7856731689535,9505.216466100668,2,job.log,0.53550785779953,0.5697112679481506,0.5980046987533569,0.5963104963302612,0.47571706771850586,0.5166592001914978,0.5023037791252136,0.5146104097366333,0.5132006406784058,0.4979464113712311,0.6378375887870789
raev1-g2b-02-jit-b-mhc4-velocity-epoch200,0.75,16,1281167,134.77890207897872,9505.693993925344,2,job.log,0.5258705615997314,0.55809086561203,0.5876047611236572,0.5870528221130371,0.46931907534599304,0.5087980031967163,0.49612829089164734,0.5054181218147278,0.5041495561599731,0.48836347460746765,0.6330848336219788
raev1-g2b-02-jit-b-mhc4-velocity-epoch200,0.75,17,1281167,134.65180148975924,9514.666612889227,2,job.log,0.5166524052619934,0.5466695427894592,0.5766866207122803,0.5771759152412415,0.4617066979408264,0.5006834268569946,0.48878049850463867,0.49585434794425964,0.49540600180625916,0.47804486751556396,0.6283877491950989
raev1-g2b-02-jit-b-mhc4-velocity-epoch200,0.75,18,1281167,134.96068410016596,9492.890529875614,2,job.log,0.5071430802345276,0.5339803099632263,0.5660231709480286,0.567782998085022,0.45529037714004517,0.49340537190437317,0.48182153701782227,0.4860566556453705,0.4858444333076477,0.4668070077896118,0.6221834421157837
raev1-g2b-02-jit-b-mhc4-velocity-epoch200,0.75,19,1281167,134.70316876191646,9511.038320593792,2,job.log,0.4975500702857971,0.5225043892860413,0.5559984445571899,0.5591475367546082,0.4482758641242981,0.4861040711402893,0.475555419921875,0.47792842984199524,0.4780350625514984,0.4570809304714203,0.618293285369873
raev1-g2b-02-jit-b-mhc4-velocity-epoch200,0.75,20,1281167,134.90592899080366,9496.743468460421,2,job.log,0.4903252124786377,0.5119572281837463,0.547930896282196,0.5514802932739258,0.4423343539237976,0.47956299781799316,0.4695083498954773,0.46913012862205505,0.4702719748020172,0.4483802616596222,0.613299548625946
raev1-g2b-02-jit-b-mhc4-velocity-epoch200,0.75,21,1281167,134.7339595402591,9508.864761130855,2,job.log,0.4824410378932953,0.502031147480011,0.5389162302017212,0.5447516441345215,0.43743690848350525,0.4739342927932739,0.4650875926017761,0.46155500411987305,0.463212251663208,0.4391031265258789,0.6097905039787292
raev1-g2b-02-jit-b-mhc4-velocity-epoch200,0.75,22,1281167,134.84011573903263,9501.378673387895,2,job.log,0.47403186559677124,0.49144989252090454,0.5293567180633545,0.5363487005233765,0.43094927072525024,0.4673817455768585,0.4590018391609192,0.4531228244304657,0.45490574836730957,0.4300018846988678,0.6054703593254089
raev1-g2b-02-jit-b-mhc4-velocity-epoch200,0.75,23,1281167,134.7439759238623,9508.15790624977,2,job.log,0.46612370014190674,0.48153406381607056,0.5212839841842651,0.5294339060783386,0.4248867332935333,0.4611893892288208,0.45332780480384827,0.4455842673778534,0.44801896810531616,0.4224582016468048,0.6019375920295715
raev1-g2b-02-jit-b-mhc4-velocity-epoch200,0.75,24,1281167,134.85762621928006,9500.144974499312,2,job.log,0.4581252336502075,0.47195789217948914,0.5127301812171936,0.5225881934165955,0.41925451159477234,0.4559707045555115,0.44871267676353455,0.4384925365447998,0.4414421617984772,0.41384583711624146,0.597255289554596
raev1-g2b-02-jit-b-mhc4-velocity-epoch200,0.75,25,1281167,134.71223121508956,9510.398487531638,2,job.log,0.45132142305374146,0.4627198576927185,0.5053538680076599,0.5162177085876465,0.4140782952308655,0.4506129324436188,0.44410115480422974,0.43143028020858765,0.43461498618125916,0.4056034982204437,0.5940746665000916
raev1-g2b-02-jit-b-mhc4-velocity-epoch200,0.75,26,1281167,134.89495166018605,9497.516283836838,2,job.log,0.4453308880329132,0.4547312557697296,0.49868252873420715,0.5108286738395691,0.41001996397972107,0.4459744989871979,0.4398120045661926,0.4250040054321289,0.42919403314590454,0.3988366723060608,0.5910943746566772
raev1-g2b-02-jit-b-mhc4-velocity-epoch200,0.75,27,1281167,134.79369714902714,9504.65064092388,2,job.log,0.43789148330688477,0.4463161826133728,0.49153339862823486,0.5051378011703491,0.4050721824169159,0.441428542137146,0.4358934164047241,0.4191116392612457,0.4235869348049164,0.3916393518447876,0.5882707834243774
raev1-g2b-02-jit-b-mhc4-velocity-epoch200,0.75,28,1281167,134.75543506909162,9507.349364744523,2,job.log,0.4323703944683075,0.4388090968132019,0.4848308563232422,0.49982669949531555,0.40062037110328674,0.43727484345436096,0.4316352605819702,0.4132413864135742,0.4177345037460327,0.385005921125412,0.5843708515167236
raev1-g2b-02-jit-b-mhc4-velocity-epoch200,0.75,29,1281167,134.75870991311967,9507.118321524313,2,job.log,0.42698773741722107,0.4322531521320343,0.47909843921661377,0.4948716461658478,0.39703595638275146,0.43303126096725464,0.4283381700515747,0.4078769385814667,0.4130178689956665,0.37923622131347656,0.5811191201210022
raev1-g2b-02-jit-b-mhc4-velocity-epoch200,0.75,30,1281167,134.87444753060117,9498.960132602735,2,job.log,0.42091765999794006,0.42468780279159546,0.47287657856941223,0.49007320404052734,0.39243200421333313,0.4290161728858948,0.42474427819252014,0.4025627076625824,0.40784767270088196,0.373191773891449,0.5789219737052917
raev1-g2b-02-jit-b-mhc4-velocity-epoch200,0.75,31,1281167,134.76574847381562,9506.621782677406,2,job.log,0.4168708920478821,0.41944581270217896,0.46794143319129944,0.4862000644207001,0.3896610736846924,0.42607608437538147,0.42184069752693176,0.39837005734443665,0.403917521238327,0.3687245547771454,0.577540934085846
raev1-g2b-02-jit-b-mhc4-velocity-epoch200,0.75,32,1281167,135.4812020016834,9456.418905879511,2,job.log,0.41200190782546997,0.41376376152038574,0.46364104747772217,0.48260393738746643,0.3862192928791046,0.42306584119796753,0.41921505331993103,0.3939620554447174,0.40016835927963257,0.3637232184410095,0.5738652348518372
raev1-g2b-02-jit-b-mhc4-velocity-epoch200,0.75,33,1281167,134.76812625536695,9506.454052587818,2,job.log,0.40868714451789856,0.40908730030059814,0.45958587527275085,0.4794241189956665,0.38382530212402344,0.4199691116809845,0.4166784882545471,0.3903181552886963,0.3967267572879791,0.3597751557826996,0.5724105834960938
raev1-g2b-02-jit-b-mhc4-velocity-epoch200,0.75,34,1281167,134.85376986302435,9500.41664612955,2,job.log,0.4048626720905304,0.4045734107494354,0.4556211531162262,0.4762231707572937,0.3810299336910248,0.41754230856895447,0.4141492545604706,0.38732340931892395,0.39360955357551575,0.35623690485954285,0.5710421800613403
raev1-g2b-02-jit-b-mhc4-velocity-epoch200,0.75,35,1281167,135.32052580080926,9467.647220687479,2,job.log,0.40207016468048096,0.40062862634658813,0.45255839824676514,0.47388899326324463,0.3792835474014282,0.4158571660518646,0.41287094354629517,0.38448020815849304,0.39115044474601746,0.35311800241470337,0.5695271492004395
raev1-g2b-02-jit-b-mhc4-velocity-epoch200,0.75,36,1281167,134.86927829682827,9499.324206216423,2,job.log,0.39904433488845825,0.3974015414714813,0.4496740996837616,0.4713055491447449,0.37686678767204285,0.4135556221008301,0.4104551672935486,0.3819379210472107,0.38878580927848816,0.3503563106060028,0.5681763291358948
raev1-g2b-02-jit-b-mhc4-velocity-epoch200,0.75,37,1281167,134.76352157164365,9506.778875015518,2,job.log,0.39699605107307434,0.39509978890419006,0.4477854371070862,0.47006699442863464,0.3755505681037903,0.4124405086040497,0.409679114818573,0.3800533413887024,0.3870082199573517,0.34830981492996216,0.5675427913665771
raev1-g2b-02-jit-b-mhc4-velocity-epoch200,0.75,38,1281167,134.80330350995064,9503.973319952276,2,job.log,0.3962629437446594,0.39330780506134033,0.4462105631828308,0.468617707490921,0.37486350536346436,0.411445289850235,0.4088069498538971,0.3792072534561157,0.3862397372722626,0.34685218334198,0.5667627453804016
raev1-g2b-02-jit-b-mhc4-velocity-epoch200,0.75,39,1281167,134.67320387018844,9513.154533955525,2,job.log,0.39477285742759705,0.39180269837379456,0.44518381357192993,0.4680694341659546,0.3738253712654114,0.4111054539680481,0.40821486711502075,0.37801793217658997,0.3853648006916046,0.34587356448173523,0.56606125831604
raev1-g2b-02-jit-b-mhc4-velocity-epoch200,0.75,40,1281167,134.86228978727013,9499.816457372144,2,job.log,0.39458167552948,0.3912162780761719,0.44451025128364563,0.4676000773906708,0.3737921714782715,0.4107547104358673,0.4083532691001892,0.37749573588371277,0.38480401039123535,0.3455561697483063,0.5663696527481079
