rank,raw_eigenvalue,raw_variance_share,JiT-B clean gain,JiT-B clean normalized_gain,JiT-B clean gram_eigenvalue,JiT-B velocity gain,JiT-B velocity normalized_gain,JiT-B velocity gram_eigenvalue,DeCO-B gain,DeCO-B normalized_gain,DeCO-B gram_eigenvalue,PixelDiT-B gain,PixelDiT-B normalized_gain,PixelDiT-B gram_eigenvalue,DiP-B gain,DiP-B normalized_gain,DiP-B gram_eigenvalue,HyperDiT-B gain,HyperDiT-B normalized_gain,HyperDiT-B gram_eigenvalue
1,168.02231440821686,0.711314437843482,104.35105393088115,24.534291010945008,114.5654006181124,12.781319633778548,0.9962099645581624,50.3323913519855,64.95834958627799,25.286470364993274,70.28029002625554,192.7683667869041,46.96301476446922,197.6049311841068,109.54936015891396,45.462376123036805,111.49943931029578,83.63488796942998,25.986390691565777,106.73426796039936
2,16.973751032264364,0.07185756377737351,111.15355950532258,26.133648612809456,105.3219495638121,22.87219253602488,1.782719372377101,43.22550620275796,69.51670396915118,27.060910352304916,65.97249082256162,158.50337337918577,38.61523749098123,171.026959601113,102.63667627031708,42.59365069636916,102.58870869857863,104.10327262260564,32.34617012496551,99.90716810763905
3,9.365939605478076,0.039650257698276535,103.99352241581265,24.450230698127424,103.93928532473679,19.037471193499897,1.4838310163867519,41.04025671309398,65.11553787841142,25.347659374813738,65.20760130863096,170.69184433551013,41.584642435470556,159.19338205498607,63.43553961010909,26.325396671775223,68.32658263381684,99.78455614320056,31.004291676333583,91.67450425604869
4,7.970670855734261,0.033743454129594924,96.68101161338056,22.73096422894177,98.37460786591848,22.368201304787632,1.7434369585892806,40.48943132664946,62.56352081025344,24.354230441105646,63.319795347899486,153.91069681900754,37.49635091898204,154.421679349432,67.82482224714718,28.146924591845906,65.36286773125283,91.86161772611031,28.5425370410314,86.90707979392344
5,3.765212738667495,0.015939848180280818,78.41796768507331,18.43708488988353,78.33321002569343,20.226097851353664,1.576475731848212,36.606938456783205,47.71525966002582,18.57421727977642,52.24611858017049,117.47902740616864,28.620719211105527,117.49452914693893,59.9105689991144,24.86255344286704,58.57526515385788,82.81030117356975,25.730181409093102,83.54000542225356
6,2.8694925584004,0.012147859605812085,74.579680847406,17.53465369526249,74.69446873759883,18.469171028523473,1.4395361936742874,36.07418522925355,52.43861457460246,20.412887363475985,47.92986930936884,106.81737785841935,26.02328471772701,105.39101945038945,43.633164017220395,18.10752076608655,44.721063196835225,78.86679612186542,24.50488577642352,76.40708522296615
7,2.3305220415104726,0.009866153681298161,66.97781644254279,15.747356427923014,67.75474113934044,20.546445341404304,1.6014444651913824,33.74578240026139,47.10717922094632,18.337508556413717,47.05810463207565,92.91941411941528,22.637406177850064,94.77872232412767,43.41918996137814,18.01872272113986,41.10150341206844,67.70437940996099,21.036585300626417,67.3466272635225
8,2.199111141383623,0.00930983191606443,60.60289571972492,14.248529590113453,61.50262808442549,19.404253154769037,1.5124189756199162,33.687076793501404,40.17566826395566,15.639265027831275,40.394947416431556,91.65164878703695,22.328548023295163,90.37781978997448,36.330347501398165,15.076892465581407,36.55662243136569,55.685884836372644,17.302290880002722,56.517502750710655
9,1.2713297593369617,0.005382113776146367,54.410843883620984,12.7926976077891,54.6153465876442,16.20506903409536,1.2630660769529756,33.191347225118776,36.996085614323974,14.401542349299085,36.895529217904546,70.9010150196186,17.273194096534777,71.28328810846293,30.299301382495262,12.57404181747897,30.654896345231087,52.16720997749387,16.208995225289396,53.003043089649125
10,1.0759851672459477,0.004555131781532272,50.468849155032125,11.865883338152008,50.62205783533694,14.547750399704146,1.1338902652734772,31.992556478931053,32.79218630359897,12.765081817048754,34.31754379878708,61.39951639187572,14.958400296198512,62.15781179231617,26.264791994184307,10.8997428255246,27.881737435641583,44.60481036988103,13.859264442592558,47.003000304021
11,1.0066104738950807,0.0042614373328202695,46.48687316432135,10.929668953394533,46.89995822420644,12.960466843087628,1.0101731733777615,30.609170439950084,32.68619352890407,12.723821791612515,31.772282257904415,55.277303390136645,13.466881825692745,55.60269023060313,25.189377843775368,10.453451925030015,24.588292323469464,40.45874202022061,12.571029896172261,42.192697554012476
12,0.973903483942388,0.004122973854003825,42.851057906737175,10.074841462618167,42.92845518863211,16.001170975347307,1.2471737212573981,30.31378878369157,29.369886723256133,11.432876219621622,29.971331035475565,52.66512125804268,12.830491373868128,53.89117488788654,24.094763361461986,9.999192993417214,23.613459271817433,37.7713691414906,11.736030014470717,39.2177944770913
13,0.7109784150769779,0.0030098931408041505,41.930084761399634,9.858308688776294,42.54453342420225,16.289459311364983,1.2696436790736239,28.96883807209457,27.49530959049267,10.703155723081627,27.61937042650951,53.43152227585198,13.01720511178484,52.47338239464044,20.418584703832575,8.473599264835043,21.220124386709276,41.67760806915541,12.949746603007359,37.75438363508428
14,0.6425174368450859,0.0027200668613796145,36.3307836659479,8.54184012081426,40.387152369906545,14.963922680436585,1.1663278370515007,27.91377471491167,25.22286518535087,9.818556614996353,26.872479167555973,50.400762705225944,12.278839119297027,50.17079081249036,20.642889748506406,8.56668461277741,20.825778718211712,37.40066274709171,11.620846967890534,37.02214651635056
15,0.5907498309337251,0.002500911175856325,40.023804382761206,9.410117359640816,37.66447216374524,15.205001721000913,1.18511817712105,27.573853951850243,26.429513806045414,10.288271205691528,25.66567822836665,40.99470224668083,9.987296354511026,45.43234029358816,20.35498751218882,8.44720678346698,20.1040651202996,35.93735447894112,11.166179050211742,35.64985487941335
16,0.5650462050466565,0.002392096104103538,34.47992023743631,8.106678037959817,36.902914850307965,3.4967380271533193,0.27254503962903887,27.219849538592282,23.66355172418212,9.211559456406167,24.215697316131752,37.14168397378021,9.048608347479083,41.852142087578976,17.308087697495186,7.182760280229764,19.527858675808158,28.313323901166903,8.797298765337068,34.82511432602478
17,0.5614518749236412,0.0023768796793097163,36.57307566348181,8.598806123103587,35.28880744752316,9.135247280976454,0.7120254113636606,27.152319205892788,23.03720563646182,8.967740426424,23.448974997901992,38.59815510351688,9.403439777085266,39.16291303024876,17.874849187543187,7.417963151293895,17.968941951239362,29.7846296696914,9.2544516049703,32.00418041369578
18,0.5460917551978013,0.002311853346548643,35.31456700867253,8.302914357627644,35.05851504055156,14.96588743170462,1.1664809749783485,26.718953949854548,22.827185747095708,8.885985552072372,22.518017841267287,45.165490966203116,11.00340089219658,38.22028438913663,20.028550165414096,8.311737097307693,17.689644873356762,34.71489091073571,10.786344549791263,30.009027282985056
19,0.5124756872816217,0.002169541329620871,32.32477130936806,7.59997447358398,33.50012523154473,15.502041054745687,1.2082702109188919,26.550220716985315,21.627761278106462,8.419083121771845,21.941425462821037,34.02113246505892,8.288366877262296,35.84814674413813,16.666386805082183,6.916457973333137,17.00838146818812,25.949503931283296,8.06283076097538,28.98004366828732
20,0.44430816067130896,0.0018809573636115087,33.28502124560749,7.825741732193023,32.95080793094644,13.382051539060912,1.0430326031602595,26.449424827742792,22.207863272730982,8.64490061850894,21.546975728016687,37.15483881756563,9.051813184108747,34.23813300651574,16.792816518189976,6.968925602190999,16.027392597125065,31.622042994072736,9.825358575357043,27.40117662820103
21,0.36880601562602944,0.001561322640997346,30.365367561172725,7.139293148812669,30.86815522862183,13.214467301557004,1.0299706430428504,26.15192687712066,20.80354794554072,8.098239902369015,20.552425627765984,31.999911714969265,7.795948844620851,32.19353683009651,15.628570475267068,6.485769959599035,15.915428888471524,26.467903045360753,8.223903756224711,26.432094924541595
22,0.35346481604782914,0.001496376405777064,26.968735763298316,6.340700802622492,28.68375364522765,3.0641471120012636,0.23882775592126806,25.858203142208712,18.057650647511736,7.029338812760781,19.42133195517199,27.170312658857735,6.619342249051348,28.936250268426743,12.568241924392584,5.215750605418416,14.024348491728237,20.6718304590271,6.422992553232554,25.711417749551554
23,0.35088198130875353,0.0014854420983492745,27.70434734193562,6.513652659469693,28.01231912498301,5.705968087547762,0.4447382922216692,25.798936239178865,18.56237261050107,7.225812969523949,18.37427123711851,26.55002068243592,6.468224190977109,27.809235085412716,12.720944981073425,5.2791215259595425,12.895392930107649,21.945750659362375,6.8188152635815,23.117968864875074
24,0.33720202969280366,0.0014275286769820138,27.638110801014555,6.498079586565301,27.804675096003677,13.784208507177055,1.07437778428655,25.548725885813038,17.69300662302896,6.887393083265164,18.048510252449436,25.17131668398943,6.13233870668263,27.384066592618826,12.405670922915851,5.1482845425850705,12.586822437692675,20.484370483867743,6.364746428059255,22.47752305800899
25,0.3140774173246717,0.0013296317357041842,26.336544782277098,6.192064474395822,27.255247034471235,13.291149606678307,1.0359474653629215,25.390559271962235,17.05629234675075,6.639538007195341,17.708156734997107,24.678908086697383,6.012376118368844,26.26660890682304,11.735957342741637,4.870357125825912,12.397581845551189,19.22831741522255,5.974475255781429,21.45723639581028
26,0.3014240153583991,0.0012760641632174748,28.463389236504252,6.692113288560999,26.13384799736869,14.078535645168467,1.0973184223511852,25.35199721001581,19.313271189441963,7.518116803972283,17.096798142542404,28.43594482927638,6.9276807140001315,25.446171408296472,13.893110412947518,5.765563670988773,11.95227315431079,25.337115477826046,7.872554119337973,21.196127274563473
27,0.24918952422821558,0.0010549319414339033,25.462607365236657,5.9865904124929505,26.09259901432851,14.302866078966668,1.1148033315707941,25.142620938511488,17.135710093111392,6.670453116686163,17.02201522682015,23.35617865108845,5.690127385086945,24.00211812641521,11.469980678127387,4.759978287016602,11.67061570122967,22.243927691917612,6.911462543339493,20.888148146489815
28,0.23861757934521655,0.001010176118031229,22.5756270965496,5.307823774431585,23.610364455373023,8.643984265948497,0.6737350685185959,24.97074198721476,14.472444443724234,5.633718218920857,16.18494235514372,19.763272851363254,4.814809038346122,23.028538143439388,9.729609388666818,4.037733866415548,11.264980377540805,16.881008956314506,5.2451375814236005,20.421807345626448
29,0.23697150733414207,0.001003207550842215,21.452884914930817,5.04385247393716,22.950220983039845,8.347045567038931,0.6505908784668216,24.829655367527796,14.554002628689886,5.6654665413504075,15.25055905461005,19.215949744225615,4.681467953447817,22.612636549136273,9.134872888466898,3.790921521487514,10.977861542498921,15.904876943480286,4.9418413318808705,19.539235277860694
30,0.23108779347917502,0.0009782991294345097,21.303622342861697,5.008758900444251,22.71672666060935,7.279806734042685,0.567407452149521,24.563035220026308,14.374396963798738,5.595551074723246,14.807111296728777,19.279011921867802,4.696831418050719,22.300282247070964,9.167433619073378,3.804434043874914,9.73225693490513,15.903629250266262,4.941453658218478,19.155650306941645
31,0.2235436900937601,0.000946361528303793,21.549530002371167,5.066574991925434,22.669907737522056,15.9275115319031,1.2414325087969103,24.454002490342774,13.965487561491969,5.436374070546688,14.553557932817302,18.227778247581714,4.440725588088586,21.800906509841525,9.106156266008805,3.7790042826348245,9.618402165058281,15.930969747305928,4.949948687685536,18.952569246791647
32,0.21403725807035442,0.0009061165026687015,22.489141738462887,5.28748994105324,22.037800424088708,12.493201769393252,0.9737532937532719,24.314800069788152,15.842535497190308,6.167056381627669,14.373142982342474,22.22989693017835,5.415738044295756,20.79391011736124,11.179927460733763,4.639607812504315,9.415230241041339,20.355716428368808,6.324772027047661,18.227269800805225
33,0.20683264371560048,0.000875616112124264,21.215473073783,4.988033859934249,21.859674496526953,17.08790404595036,1.3318765801772636,24.166552162020768,13.416457017297136,5.2226518212333914,14.308875712440628,16.970601463669283,4.1344470588437225,19.955880694199475,8.798497332834286,3.651327533840467,9.294431949980002,15.103431903774037,4.692822478322574,17.587516223538803
34,0.1921853468290265,0.0008136074807856492,21.22316489857802,4.989842308060238,21.386239078162863,13.51656789099217,1.053517164538083,24.082340680591596,15.340026861362123,5.971443811281411,13.730092746255602,27.69750127594144,6.747778087464251,19.47072668351657,11.171963453625455,4.6363027937796115,9.176342554606348,22.126053211048838,6.874837489049456,17.249126481103872
35,0.17717547618792198,0.0007500639107855295,21.62661487200903,5.084698648112833,21.297182360413554,13.685881548721857,1.0667139202565097,23.980839634230644,14.407500455664033,5.608437339096662,13.428822951218223,18.285078142232273,4.454685221836231,19.299917214511503,8.950107731847694,3.7142450075172904,9.086309738236801,18.886122204380328,5.86815098540064,16.843463414405395
36,0.17021850515996365,0.0007206119064295916,19.243542696871707,4.524407361705401,20.5184299439447,14.532286332974664,1.1326849548822255,23.952707013406066,11.615578922788846,4.5216203009164255,13.293474894880918,14.201174048447262,3.4597478705999727,18.94939316303505,7.1251249059469135,2.9568872691532397,8.900277682459079,12.614918742877798,3.9196107623722867,16.597867995624057
37,0.16837324465431786,0.0007128000842685226,18.08512538883769,4.25204837464383,20.276099921543523,15.415974483242344,1.201561953978005,23.789161485233308,11.254293787026059,4.380982092942187,13.079801349370221,14.451558800198082,3.5207476237714594,18.513271284024057,7.045989818380644,2.9240466472614424,8.80408428142488,12.6229402782063,3.922103152283407,16.168909152154566
38,0.16476245197776304,0.0006975139660410775,18.847784127636963,4.431359370890552,19.337634703754205,15.266654388994702,1.1899235496457061,23.683430773271446,11.35534870444753,4.420319948520258,12.758559759883408,14.734656902265462,3.5897171366058997,17.809932121588197,7.057960037192477,2.929014221596055,8.701133049410528,12.819499670090773,3.9831765784052124,15.762350143139342
39,0.16447226154453798,0.0006962854587109407,18.207185553532675,4.280746308096943,18.98051388776283,15.934795120389936,1.2420002110089066,23.52201003659228,11.818786707064366,4.600723413106707,12.120349209963633,14.321274419367262,3.4890072121960407,17.504981810958448,6.992496083174301,2.9018470442090005,8.529794074852083,12.518384037115016,3.889616239271306,15.323825630043913
40,0.16143610587113047,0.0006834320387729902,18.36562811090828,4.317998215621962,18.742296451414372,14.621370016418169,1.1396283735329433,23.429788205311766,12.924454176216633,5.031128863219343,11.985424511840451,22.774869443415383,5.5485064679327785,17.10037184745286,9.26358748458228,3.8443373641052503,8.007493984014829,18.69971986909317,5.810233481973567,15.239732272388968
41,0.15674696045503453,0.0006635807657598534,20.28907903153911,4.770226562671379,18.68345308429354,11.067616687005785,0.8626394099687995,23.324159285617085,13.029600167654873,5.072059259595401,11.975704469887601,17.663458735556198,4.303243769796121,15.30443343090507,8.833727392227757,3.665947812851313,7.416396028382375,17.228523528715762,5.3531146430146,14.80795406202132
42,0.15464975698534328,0.0006547023551014779,18.90404814298278,4.444587773229956,18.589681944650803,13.017130196485692,1.0145896654848245,23.25022445403166,12.835609688049658,4.9965441865544395,11.640323745123109,21.006236633298567,5.117624938152222,14.914296326799164,9.016740281660207,3.7418971456696184,7.327290520932102,17.777839875240655,5.523794003513978,14.315077473196451
43,0.15457178834474775,0.0006543722785878317,18.477910464972222,4.344397258527877,18.15776046962431,15.572361196498777,1.2137511493455024,23.198525682811947,11.377562052023627,4.42896698402482,11.427475911047361,13.625734848945966,3.319557028748271,14.571627652116163,7.12917849263803,2.9585694851199196,7.2402884514429875,12.876440960966379,4.000868939417479,14.038010145738344
44,0.15376883677600314,0.000650973021496601,16.976502551762998,3.9913967158289045,18.067312207797638,13.161065165016716,1.0258083388305737,22.950044514791937,11.762681787790259,4.578883335771141,11.367102261721007,20.000887541703367,4.872697697137496,14.279789276581239,7.984315441416893,3.313446570168119,7.1228272726366155,14.321116370036851,4.44974739808565,13.264237805185836
45,0.1455599197206732,0.0006162209634673954,16.331239796783738,3.83968704340268,17.594443719634352,17.98127047590768,1.4015079300711502,22.90805452373922,10.794371937631837,4.201947368553552,11.211732966799888,12.601019712650626,3.069911753035521,14.057715417873766,6.547374787425984,2.7171241782942346,7.017292044353136,11.328348566362719,3.5198575484831496,12.972845159790316
46,0.13931741686889204,0.000589793625989095,16.834586918713455,3.958030503327149,17.453611914320152,13.469322401554185,1.0498347257362115,22.80043380053793,11.440365616961483,4.453414656937256,11.07099136992048,20.851984057481868,5.080045297279168,13.827186396044512,8.539619907052877,3.54389483972372,6.941201877463873,16.738534675872533,5.200869066154971,12.43197215265526
47,0.13053337869339413,0.0005526068201841249,17.31699714172429,4.071451425801418,16.908503911932502,17.32029495518606,1.349989744239095,22.65938355068016,12.027092516693942,4.681811044113375,11.017865293384645,14.890656870338454,3.627722484298488,13.459056415828442,7.260797708677796,3.0131907288765145,6.878018085703321,15.06101739138641,4.679643766463713,12.342978903786424
48,0.12689581941280834,0.0005372073868177572,15.765276793000037,3.7066217746469357,16.574637137672855,19.509878329086927,1.5206516819584375,22.58569631927034,9.618742461366391,3.7443076640177315,10.65140409516469,10.925679049676601,2.6617584361703086,12.937853583375231,5.617737089074059,2.3313296958862924,6.592130460824562,10.264743361974382,3.189382300008845,12.220607469218937
49,0.1256879640093874,0.0005320939886937842,14.698256985185306,3.455751529515448,16.246414051990175,15.69890826087188,1.223614563306366,22.53074308206746,9.418498630820954,3.6663583361929133,10.164719145189464,10.687851387445313,2.603817892299259,12.569824314383915,5.574143843813551,2.313238741182567,6.1447763686715495,9.808164556711207,3.0475176367908587,12.175408096863826
50,0.12250449787326932,0.0005186169369522813,15.726502090213186,3.6975053373307816,16.076501671698775,18.714978848506956,1.4586951073584977,22.446664549035873,9.532770592065823,3.710841217608029,9.800568604398444,11.168401416243395,2.720891447850302,12.491309619039495,5.508746467298765,2.2860991930897057,5.966984685713627,10.573897576600618,3.2854403255562463,11.992798283411455
51,0.12090559404657984,0.0005118480540175764,15.649071606234893,3.6793004227134354,15.810925059419397,18.903224260461478,1.4733674542322774,22.375160825413328,9.324039219922984,3.629587927006427,9.698492192640503,11.460048245170583,2.7919436363458296,11.846520544800905,5.562939535031945,2.3085890152572937,5.9489195949808575,10.57507287638943,3.2858055056890034,11.453472544932543
52,0.11935505397963873,0.0005052839167483419,15.182707418395427,3.5696521319629153,15.385690227239344,19.158315265904022,1.4932499240219714,22.321580708655354,9.53828489741139,3.7129877825930127,9.558202194963702,10.434433001761615,2.542079072871444,11.739089716418183,5.2660505197442085,2.1853817225790912,5.736508897790042,9.451796603803302,2.936789720737414,11.323298119626287
53,0.11623334650899365,0.000492068317365519,17.052453516851646,4.009253776297899,15.297744496943656,12.547359113637139,0.9779744608577375,22.221714100803464,10.952084370255491,4.26334041162082,9.392969304982117,14.150248025654614,3.447341065478515,11.584682684889362,7.06528894359668,2.932055677055357,5.688136813516138,14.339867232974603,4.455573522349516,11.202130607729773
54,0.11213204923942711,0.0004747056713859915,14.338236762271686,3.3711060890904894,14.931539614891062,17.902729966150222,1.395386274351417,22.112551003609088,8.96276287999022,3.488953143003035,9.326100709415792,9.814270174516018,2.390992478645609,11.37695598758989,5.228056751684696,2.1696145198190995,5.619696924790277,10.015608384753602,3.111972991403566,10.825362995624245
55,0.10582561708974918,0.000448007692280385,13.988559019739494,3.288892300420778,14.644357197383679,21.650872663728137,1.6875264610380059,21.986885312234627,8.948634351725893,3.483453301742715,9.25365056904989,9.77887741616547,2.382369950682764,11.104505223800473,5.125989373479145,2.1272571246582164,5.601945643078574,9.93444421045922,3.0867542819082767,10.710027856427784
56,0.09774826002590728,0.00041381258718756523,12.864894570597286,3.0247041628273763,14.61136833207283,20.45012376820311,1.593936906208869,21.95244943738616,7.620948501271504,2.966622299641212,8.991479682479955,8.297162928100438,2.0213886312910314,11.075434069513452,4.309122360940621,1.7882618506314514,5.408460323794841,8.110322812020733,2.5199772767666637,10.5312019554842
57,0.09695092618519767,0.0004104371124794856,14.561586976207792,3.4236186315099926,14.02484459908338,19.95331200199049,1.5552140789741327,21.83452116511896,9.460680850065524,3.682778695448512,8.905328794789586,10.532631148489646,2.566002505390484,10.935888255833158,5.396502258964698,2.2395184699388486,5.287605735879179,11.445871255543523,3.5563732967590616,10.466738664801765
58,0.09599557653290285,0.0004063926853850281,13.975623705187381,3.285851039603711,13.933191805878996,18.535935804642182,1.444740017470007,21.809055522283657,8.846768045358301,3.4437995951205327,8.821674542973218,9.520391976162923,2.31939667484099,10.842930146189476,4.7846068152380825,1.9855852587332483,5.271938692674475,10.29586411828089,3.199051902630822,10.187559965395984
59,0.09486111590372212,0.00040159000053008244,13.269931056333649,3.1199335125729815,13.83034711519267,19.03624464553137,1.4837354159837208,21.73563787798308,7.777062233742095,3.027393013411317,8.507813910498609,8.263024352048358,2.013071652328689,10.682672902850914,4.240210547940217,1.7596638309132155,5.206762433856255,8.007082807612319,2.487899334717687,10.075433150567225
60,0.09211735975314064,0.0003899744399975166,13.19240415918942,3.1017059299654117,13.756624010387894,17.250179257130934,1.344524740696748,21.507206832772823,7.661413677747919,2.9823742621264357,8.242508405324417,8.58530590638441,2.0915871974198157,10.28517551041083,4.37248700369511,1.8145578255018442,5.190329773779173,8.412605767880596,2.6139003175107,9.953037119117065
61,0.09059183825475202,0.0003835162176425495,13.128169983142387,3.086603639105656,13.56865796490264,15.946517997272323,1.242913923137086,21.487750714278658,7.793190257313187,3.0336712023227306,8.053121731635466,8.93910685449723,2.1777816256180547,9.934291426450859,4.49475402660037,1.8652979610416558,5.020679218707967,8.738965404485272,2.715304279764664,9.755256519074234
62,0.08960879220025643,0.00037935453915305487,12.596183518131836,2.9615266968536123,13.40282745156743,21.261712109375946,1.6571942548834822,21.464839616699443,7.4889446960493515,2.915236906846051,7.994728906608137,7.519387139996851,1.8319037254997512,9.78870825237536,4.07581553534646,1.6914408135952945,4.939955734950526,7.486582229170509,2.3261733885847904,9.539728488889283
63,0.08734919591813335,0.000369788646284405,14.12805387427071,3.321689356384058,13.17899528196758,16.251140381379475,1.2666570000000574,21.34417422337658,9.30803558256247,3.6233581581710714,7.848952528434881,11.061807715106077,2.694922656166524,9.3503075124332,6.1183416348107915,2.5390778024400067,4.821535388049879,12.050957769790843,3.744381135870127,9.448424440213333
64,0.08346536145082806,0.00035334661868516315,12.50508210576033,2.9401075690304173,12.945188455579693,21.11524134065652,1.6457779345428847,21.288244016910834,7.371170197925273,2.869390585695127,7.740894847557756,7.504036635887735,1.8281639731579398,9.300554716844994,3.985133890290626,1.6538084344649762,4.760714226680714,7.955186853234673,2.4717746219511425,9.067289054922561
65,0.07996774174001146,0.0003385396127993537,12.858582553516634,3.0232201254545927,12.753271206027337,15.420382196632415,1.201905502854484,21.172379072081807,8.957927760847692,3.487070966228418,7.6701721784198345,13.72813623580621,3.344504471750348,9.134109192954421,5.829950119675313,2.4193969251371854,4.729582883946108,11.840721575476197,3.679058158634057,8.835951960825644
66,0.07926709582335013,0.0003355734617967764,12.082135947270288,2.8406674221083827,12.429443584520715,21.271307657850684,1.6579421573911914,21.063069158182337,7.389849063369269,2.8766617460695754,7.629908095382024,7.618125618534748,1.855958795855369,9.081030896125105,4.1726712320984225,1.7316353898941341,4.654682565328085,7.431325033598826,2.309004296743945,8.802978786133066
67,0.07698211664281057,0.0003259001116407922,11.019763690331825,2.5908898766803605,12.318381776837306,20.95440636263773,1.6332420296173582,20.971178219530373,6.617897066140205,2.5761624041766042,7.552611692951355,6.667140773749111,1.6242759941028126,8.816790106553828,3.4559717561333927,1.4342090873010347,4.562904374521636,6.675990421412296,2.0743125214370175,8.626420507186753
68,0.07670858743782656,0.0003247421388241324,11.232713334322836,2.640957109732105,12.131456212874605,20.051729183327836,1.5628849752149934,20.948681901918796,6.466967959054763,2.5174099201951283,7.5136792871558225,6.619945048973199,1.6127779793796753,8.62088640746529,3.6000574371984366,1.4940038448150972,4.526345258104138,6.7211140524701225,2.088332989863057,8.546672307887494
69,0.0738460918471798,0.00031262390054690294,11.19301945615429,2.631624562319741,11.981811666951844,20.7250461995278,1.6153650899499594,20.857690546426014,6.499131159962789,2.5299301555733975,7.427609226348199,6.370651183006715,1.5520439922467253,8.518331357688615,3.4351767419547996,1.4255792718945395,4.485407989155834,6.749219957642724,2.0970658410724985,8.406499283860756
70,0.07340200829190409,0.0003107438940394992,10.877713785664252,2.557492095173528,11.723855697776688,19.627107016700414,1.5297887969104798,20.76211218984618,6.308196398281992,2.4556045881345905,7.265464933766415,6.508762973551347,1.5856913492618157,8.375634151819995,3.447418180188994,1.4306594007833122,4.453665764922545,6.695058688027224,2.0802372669361393,8.303116188198995
71,0.07212148940645377,0.0003053228785371231,12.981860946094379,3.052204480139379,11.599321481646484,19.749555442245157,1.5393327520862623,20.687124844402817,8.229690264219174,3.203588457906441,7.208964847450443,8.884777925484885,2.1645457906215118,8.226034192212891,5.080783312725563,2.1084968604810554,4.40952348849934,10.884533745686733,3.381958812622955,8.25628064449209
72,0.07091035530701818,0.00030019560021026914,11.577350900616457,2.721985887365268,11.53190988018369,16.19443759037724,1.2622374340214868,20.66256228408365,7.9075674929560895,3.0781950641193223,7.0869054089496055,11.850926922616758,2.887171092001526,8.162185561321932,4.895557325327065,2.0316291042964822,4.330219352868119,9.900008884665803,3.0760548016867433,8.051260969370109
73,0.07027485021973483,0.0002975052197956215,10.938222063032839,2.5717183787577382,11.448246273275062,17.64545307124552,1.375333430537286,20.61556782854093,6.371446806428761,2.480226204622132,6.874044813704422,6.671096317405686,1.6252396597614556,8.035908960889802,3.5883388705604506,1.489140704735172,4.254920104119105,7.421497977170812,2.3059509091698525,7.946298178173388
74,0.0688716601705444,0.0002915648817843112,10.783923248853919,2.5354407191931605,11.307687479087942,19.49002449237599,1.519104221247583,20.548391139831285,6.356762051983607,2.474509840052226,6.739834821532867,6.742283156568614,1.6425824875000967,7.643408632112421,3.645633873693468,1.5129178128682115,4.223964984470517,7.226178889808962,2.245262860952937,7.887933885672288
75,0.06831869207937177,0.0002892239177980503,10.503808897276414,2.4695821891729777,11.113751737056505,19.446986145935227,1.5157496983336043,20.47205296240906,6.193443492916109,2.410934488612169,6.598426907764789,6.35805273375175,1.548974706719062,7.551605832504772,3.3508173782629305,1.3905706044217543,4.155294832320105,6.586961402385136,2.0466501077302848,7.829400605566553
76,0.0659378882371445,0.0002791448985165097,11.364867620862128,2.6720283026157574,10.963621963874958,16.110709304268173,1.255711429248334,20.40189324186867,7.62332112492473,2.9675458957312713,6.512806340780651,9.216358085202426,2.245326699833831,7.368190319752124,5.110383186769801,2.1207806438371755,4.08594869297203,10.073663738412412,3.1300115054560544,7.654365556622651
77,0.06577478275123898,0.00027845439923714494,11.15702499176576,2.623161795238574,10.863201013098616,18.227975481076356,1.4207367727491693,20.292713878045582,7.545876551943174,2.9373988875006103,6.484432536631275,10.809092609982574,2.6333551728136184,7.314465040414445,4.53542329580201,1.8821754819181986,4.0736141890969275,8.53531191675413,2.652026630611647,7.524061213166752
78,0.06549915401817913,0.0002772875381687178,11.42544673182841,2.6862712401007545,10.77326662477442,18.054575734237684,1.4072215364040879,20.24433278375943,7.54711052605373,2.9378792391409534,6.416105981865542,11.896854246973193,2.898360093847603,7.246507258753764,4.954060008681306,2.055907393014912,4.016304730247252,9.802360412937611,3.0457142177704877,7.4282952340552955
79,0.06350756977333627,0.0002688562614509329,10.465739184092744,2.4606315040886657,10.700477561557804,21.595687330445156,1.6832251697403,20.166883279046598,6.004800542870897,2.3375010594030807,6.358551935520399,5.947999886082041,1.4490759616069389,7.100314723997418,3.1955445103629296,1.3261332264951973,3.997378774183999,6.740653802575553,2.0944042310948365,7.2833774863310285
80,0.06215483517672767,0.0002631295241867364,9.88817723182338,2.3248391715721977,10.585013366668598,19.846736563355204,1.546907306513405,20.069681113661765,5.509582924158466,2.144726678287344,6.346686034378177,5.400332069852838,1.3156508972755643,7.028005884002458,2.931960940431127,1.2167475086899133,3.9221739603921404,5.690601746793579,1.76814011296741,7.240347949937096
81,0.06121428565027798,0.00025914775271770944,9.639241355397814,2.2663111068788133,10.388554234057253,21.008703067509007,1.637474058858884,20.038756246903535,5.448811812882487,2.1210701827926925,6.2424422382316775,5.519427511955609,1.3446654140195708,6.9829586170346705,2.868948239320269,1.1905975876472459,3.913827194531424,5.899220578905515,1.8329605558292514,7.154147370487869
82,0.060425108806756916,0.00025580681026738435,9.332247516602337,2.1941328595506713,10.371371830129553,20.834276470563236,1.623878787091944,20.006482561021144,5.377639437919575,2.0933647659868746,6.131411258070015,5.360335450906483,1.3059067580404016,6.781580098671289,2.88505008139651,1.1972797626931058,3.861487876215502,5.71104910601095,1.7744933595387167,7.054464860718785
83,0.05991043951179233,0.0002536279824044756,9.982759746734725,2.3470767519124887,10.221741432771633,20.84892122166763,1.6250202378495102,19.989484955139286,6.109089869276119,2.3780979800195463,6.0639382205891845,6.049261188548259,1.4737456526047747,6.67102572458448,3.314085919761587,1.375327253118621,3.8496572277129633,7.018232240127871,2.1806512734586105,6.90778676322221
84,0.057757706735140954,0.0002445144910789679,9.520243024113809,2.2383330503134005,10.169304553692609,19.632033165392926,1.5301727540099805,19.90889699243272,5.328720386401224,2.074321946174167,6.000552321324781,5.218805045143112,1.2714265440598884,6.597083130356367,2.7946578152563544,1.1597674742058324,3.8185218705862387,5.469095808090383,1.6993154872233398,6.766150663987245
85,0.05708619596502034,0.00024167168232682975,9.52008004513937,2.2382947318351776,9.892304351252221,18.23012187235756,1.4209040681805838,19.814298718997378,5.267212664045515,2.0503787085692755,5.858724995358397,5.297195705190574,1.2905243959874046,6.547091201792714,2.840407465354759,1.1787533249424673,3.783138155891206,5.672364734876178,1.762473648550006,6.751255559365997
86,0.054365385103777905,0.00023015325958006833,10.652651541895583,2.504577032256634,9.804361751005654,21.487998469702777,1.6748316142063353,19.756561478046425,7.12215198808251,2.7724547549106755,5.678961589964398,7.022094860800567,1.7107513547066289,6.487613587385835,4.07187261621367,1.689804524050768,3.7697166685633965,9.476952800566702,2.9446060611819247,6.660969670741652
87,0.05426880027340631,0.0002297443723167191,9.88829797934848,2.3248675608869966,9.635327135124959,16.00685659918058,1.2476168738644628,19.747235665132816,5.329264268583305,2.07453366430997,5.637404076448545,5.407349589742325,1.3173605340571233,6.396297679119314,2.9160321528489037,1.210137150298075,3.7591845353465305,5.974783738390675,1.8564389609774499,6.6232793601847995
88,0.05313467521777609,0.0002249431080963617,9.003240083701087,2.116778929719643,9.57657973155935,20.56027470572678,1.602522362539724,19.66059592505961,4.917487705818894,1.9142405546842198,5.581196761664109,5.108482063807564,1.2445492099428803,6.26198492961123,2.618547014605416,1.0866824699035902,3.7047666260972196,5.2316444484025775,1.6255364226140077,6.547526040408673
89,0.052626590391569944,0.00022279215526725368,9.267825293397442,2.1789863563564835,9.522641203133348,18.21692142829428,1.4198751905459397,19.575891082475756,5.162283189657335,2.0095325962306774,5.446995702288266,5.754535144628108,1.4019432932093847,6.216156724102548,3.1349447955819394,1.3009846813797747,3.6932160226121096,5.783446535580876,1.7969881333770803,6.376995083748549
90,0.05085564075355842,0.00021529492461281339,8.540643915251374,2.0080165493721394,9.422786179743461,20.62268123785072,1.6073864932348898,19.546631733225908,4.793592895673774,1.8660117670831744,5.410413096228056,4.798311350101682,1.168984157179955,6.104125702332933,2.5204653310932232,1.0459791159073308,3.662866506905646,5.06378614411912,1.573380778219194,6.324136530145271
91,0.05037381639744778,0.00021325514422880165,10.600761015036113,2.492376893985633,9.38992150861439,12.820156286008116,0.9992369962770881,19.48329592247535,6.792476760517612,2.6441214009232894,5.379458782165094,11.631547248993833,2.8337249222636927,5.9769447325748795,4.69600238829215,1.9488149135834565,3.6513645918882256,10.442147275445135,3.244503882850551,6.256655801787874
92,0.05025730404511335,0.00021276189475360853,8.780451852242425,2.064398516695343,9.25454076575209,19.532942079583798,1.522449331866538,19.43820686305466,4.735837384176169,1.8435291603174428,5.33516455977879,4.965138651567294,1.2096273039391274,5.897142358791045,2.5214705476461994,1.046396275194708,3.6085613586339034,4.957518262887497,1.5403620375154432,6.069437863498428
93,0.04946356974785946,0.00020940165854071757,10.419371229551894,2.449729794451492,9.139742405082771,17.52742062998171,1.3661336688931611,19.394550592864004,6.497396834278614,2.529255031046752,5.276976316018518,7.107015747873381,1.731440127143141,5.838375647918201,4.723765154584604,1.9603363074243023,3.584887287052702,8.288900673587959,2.5754636197536533,6.03667013519202
94,0.04875042482043038,0.00020638259357341377,8.395609631501651,1.9739171014984591,9.094526073563857,19.645982811903295,1.5312600264711875,19.240851656672763,4.612703158148431,1.7955964468603183,5.226933160685988,4.579677358226828,1.1157196534671439,5.808136609275972,2.3113267300342977,0.9591877578437671,3.5709854875194935,4.656457598763083,1.4468187778812711,6.006306751831894
95,0.048502902672566295,0.00020533472039012938,8.617402729912618,2.026063545790609,9.004729030449356,19.62747188058742,1.529817235369916,19.21967691985935,4.875488156083489,1.8978913035642109,5.215630647296564,4.779624017871152,1.1644314731785335,5.719893751907108,2.6412510572908676,1.0961045215393295,3.5645229921161556,5.708498722814498,1.7737009240400232,5.803401978245927
96,0.0481863189205336,0.00020399447820622273,8.525260711984107,2.0043997580564556,8.95373115386115,18.669932512592556,1.4551840764172042,19.16991508646564,4.608773680140912,1.794066810873261,5.061576027305525,4.580573311062184,1.1159379291465847,5.667650984509956,2.465079024372347,1.022994106186072,3.5381889186494675,4.980142775363942,1.5473917524429504,5.7494243136315735
97,0.04572603490723487,0.0001935789834190059,8.554402084017713,2.0112512739252293,8.731251943601825,20.020836926571878,1.560477150757913,19.127428720402985,4.873945636389918,1.8972908437500786,5.052059815121022,5.079267801005451,1.2374319122338355,5.604477263495896,2.6833185761854295,1.113562308273759,3.528134652917484,5.289817635206033,1.643611548877112,5.678433294824234
98,0.04545751378882255,0.00019244221209749847,8.12485358917568,1.9102588317909284,8.677615099808177,19.409403127314214,1.5128203781443588,19.037684906445037,4.513039055378871,1.7567999965627499,4.994599247625728,4.304962410352835,1.0487924788063312,5.503708001347872,2.2904756772716093,0.9505346867360625,3.489712778790688,4.871957133148654,1.5137771397605968,5.633754398106387
99,0.044750078602403424,0.00018944731904587764,7.865403663494748,1.8492587772668954,8.552662182227833,18.34741993362535,1.4300465902993096,18.938358300171295,4.360040906320605,1.6972420923564222,4.906329291730511,4.469590590729764,1.0888998667276915,5.493510707750722,2.3994513019021015,0.9957589658008379,3.472258929971897,4.597151431386416,1.4283916205873821,5.576129500431467
100,0.04316886166111532,0.00018275331269521918,7.620433931980475,1.7916632048654402,8.521687253124135,14.940294703346188,1.1644862098256548,18.927581129194255,5.163439406158389,2.0099826790064195,4.887525545851124,8.300949600926383,2.0223111559500158,5.424091835333892,3.4032104112739683,1.4123134221754978,3.4557821137404474,6.395545123724964,1.9871747102884056,5.526539465773232
101,0.04246836515499755,0.00017978779421503737,9.025680638687364,2.122054996282853,8.338154733303924,16.152104480902015,1.2589378791477868,18.865353574841155,6.368070457873016,2.478911886474573,4.860803710545547,9.329429342532148,2.272873580143726,5.3238003637306806,3.863417859211717,1.603296957473366,3.425010443115173,8.266460944314959,2.5684913192453505,5.497847549652125
102,0.042048995575290904,0.00017801241314206303,7.708162791077782,1.8122894015167663,8.276612980590498,18.7908462432709,1.4646084134031383,18.853610742449735,4.039606597909029,1.5725059699767359,4.809041931198034,4.134849212172566,1.0073488085043334,5.234305554091931,2.116821500458152,0.8784691676843993,3.414023974674828,4.261363803207972,1.3240582651289672,5.460629318584949
103,0.04195069105165906,0.00017759624563948496,7.898609120577732,1.8570658124288497,8.20147481286551,17.86977246497039,1.3928174792642871,18.77690112675055,4.350384907116178,1.693483281683395,4.736218157667385,4.481935143107825,1.0919072968639467,5.224722955520958,2.511979945501558,1.0424577280073224,3.396488759627613,4.9442558123129094,1.5362412306305844,5.425757419518398
104,0.0415366469928562,0.00017584340990473693,8.007079004102211,1.8825684938878755,8.134822144915717,19.267959502250132,1.5017958867186318,18.741772893977732,3.893768050568691,1.5157350986586915,4.690719082455941,4.146138742146716,1.0100992097848818,5.181327950479656,2.0633741717128267,0.856288823055578,3.360516721988248,4.1502498616137,1.2895337937312892,5.384238676918741
105,0.04122456697035814,0.00017452223404457076,7.661393562041705,1.8012933470227823,8.075288788487942,19.192708289668797,1.4959306075482017,18.68653243574185,4.2146988461763835,1.6406644896305014,4.637636864043979,4.205020576848919,1.0244442422119888,5.042200337979089,2.1442298142446568,0.8898434657036004,3.3451395749427912,4.215275124940237,1.3097379446383004,5.28413663774679
106,0.041139058235046,0.00017416023690030165,9.265801129388405,2.17851044905147,8.037714094129718,21.885777177465673,1.7058355421039835,18.669064492377334,5.482225405149007,2.1340771605871813,4.615461091724691,5.810663969823898,1.415617626246071,4.961726020150654,3.5920077550957545,1.4906632714434942,3.32735813208378,7.16492048709131,2.2262291200726474,5.197125015133572
107,0.040923437156052504,0.00017324741536744955,8.78057526676033,2.064427533054864,7.994456213422186,16.355149016121413,1.2747637089549118,18.634571880562895,5.818414223131341,2.2649460733150404,4.554172224651651,9.191436768709739,2.239255267192137,4.897670047977626,3.659865310439997,1.5188237800888633,3.319083997075476,7.938633052228461,2.4666311519134343,5.167869563550145
108,0.04076287429102933,0.00017256768015207205,7.329843359846961,1.7233415790342055,7.905652382167243,17.333907853771574,1.3510507696735554,18.59927274728296,3.822577355040907,1.4880225501688997,4.528397349012927,3.966608166107623,0.9663612395269402,4.853042858923396,2.0464074906528738,0.8492477446340494,3.293870205121751,4.210461898404326,1.3082424158190962,5.093547681375377
109,0.04021287733696143,0.000170239294332746,7.591429454783638,1.7848438747546118,7.85072070928751,16.349297855586947,1.2743076539781426,18.548816551272754,4.356675777910035,1.6959321418978557,4.491154209263267,4.738881056090386,1.154505506861801,4.80167657281564,2.741270507525815,1.137612037964842,3.2802873542578572,5.540008877497176,1.7213490520607386,5.020994488478929
110,0.03907751951703125,0.00016543281126364155,7.182080182312613,1.6886005327125182,7.791053229230999,19.033460538374072,1.4835184152848913,18.476097314600086,3.7602457045938933,1.4637585803810578,4.45945162979712,3.9320316637651382,0.9579375711778232,4.736567483459526,2.015487862072624,0.836416270474266,3.2610922868293004,3.930230550605552,1.2211710815383023,4.9908973976985225
111,0.03815130130907601,0.00016151171074653157,7.157895507107047,1.6829144007843102,7.64803442570457,17.80101479140251,1.3874583237536826,18.404776151025946,3.761561726192019,1.4642708708156615,4.398144011505376,3.9115480558337286,0.9529472711729692,4.7264662995167015,2.0890730748011386,0.8669537251276257,3.2503675446770606,4.11398037086073,1.2782644158463652,4.98211921963516
112,0.0373407756139047,0.0001580803889530598,7.392104096679886,1.737979888648468,7.596673721030819,18.819615485752347,1.466850764494732,18.32349964950079,4.07229266296403,1.585229741757048,4.352584571261024,4.052582388997505,0.9873066299260022,4.688901088665429,2.100802332886631,0.8718213020988951,3.218025394195927,4.600033085402012,1.4292869860132864,4.915093610960532
113,0.03720836675171688,0.00015751984236313604,7.750223883463272,1.82217851180316,7.421348518786089,17.631022106007155,1.37420864281735,18.292334590507874,5.004499160074465,1.9481116824678177,4.245368981231463,7.267379836423963,1.770508679643858,4.645811292300903,3.107074390806387,1.2894186181661746,3.1993665740045336,6.37322121113899,1.9802383954524783,4.893955100543498
114,0.03709458708850696,0.00015703816159674951,8.66924499388999,2.0382523368298404,7.38161030720178,16.496963059474172,1.2858170717648782,18.28583185484481,5.194493511355753,2.022071174415952,4.212795302938267,5.730296520560973,1.3960381808773719,4.624129597616936,4.072989988684958,1.6902682274214267,3.1959763047557765,7.333630108762339,2.2786492792742967,4.843652119694893
115,0.0366028391038698,0.00015495637000564557,6.996317530005108,1.6449253152710528,7.345134481034818,17.753323159822692,1.383741111449541,18.231144668432528,4.93925111016406,1.9227124398617281,4.185077356759088,6.9744385393716835,1.6991411275506398,4.567513499642985,2.9601186552480017,1.2284328039751893,3.1721776991158257,5.411245065738073,1.681340548426103,4.773110531909273
116,0.03579228072179465,0.00015152490983372862,7.158011526311753,1.682941678409441,7.270565968007495,18.19547069423676,1.4182032634188912,18.18354371622933,3.5634823345760704,1.38716409858525,4.095478728662598,3.757002120520007,0.9152961608642414,4.55150675079185,1.9125806669501846,0.7937103559564951,3.166423585860874,3.9009437249325547,1.2120713037717263,4.717050086879817
117,0.03509365203439389,0.0001485672986748176,7.57073548316773,1.7799784526752793,7.196966140417497,17.294356916417698,1.3479680646768493,18.17028450575933,5.361526818027673,2.087092573297345,4.082107233287989,7.7913780188998905,1.898167251381282,4.535139207345992,3.1388555522042374,1.30260762366105,3.146329882605498,6.679083274556602,2.075273509035745,4.667169615508088
118,0.03509186004998602,0.00014855971239447022,6.992608210961391,1.6440532060834325,7.161280284431606,18.1994238803006,1.4185113852295799,18.102543679074596,3.4816178675779508,1.3552965491188884,4.011820642849199,3.731462549691779,0.9090741065828448,4.4956290983182985,1.9335031106769842,0.8023930539178619,3.1375838532088434,3.638063986331993,1.1303913283687839,4.623167082277588
119,0.035050681510126545,0.00014838538501399986,6.726587125850032,1.581508186447191,7.087534937928335,16.625200169427877,1.2958122123624423,18.02585037862043,3.6525406955426734,1.4218320299548086,3.962887906327558,3.829890113973417,0.933053430740834,4.438908948767831,2.0820715102922804,0.8640481147371162,3.133119041612693,3.8401657128133664,1.1931868261723393,4.596135798124805
120,0.03479237132050796,0.00014729184117153506,7.025399141057791,1.6517627805553636,7.026005204447659,18.578884619989456,1.4480875620930087,18.001199717659468,4.082502073294295,1.5892039799174156,3.885138942518211,4.058428104535693,0.9887307869581169,4.396527277727098,2.189628472777442,0.9086836568896085,3.111113502845431,4.85241297265336,1.507704528166318,4.571035248826751
121,0.034633114783599254,0.00014661763623379748,6.88834755951277,1.619540169872744,6.984894344650484,18.277766023280222,1.4246175797163276,17.938638113384446,3.452295213669992,1.343882059314437,3.834112639730322,3.5650787257001952,0.8685390016124145,4.333474327182657,1.9106904717986173,0.7929259354651126,3.0905711765504944,3.850141677182629,1.1962864812794227,4.522263615411844
122,0.03375298181544313,0.00014289163537684898,6.528119137333903,1.5348457790906074,6.899457471387829,18.262452113108925,1.4234239729256268,17.907802640374452,3.4734485936865496,1.3521164790667073,3.809128593132762,3.5837221245711306,0.8730809823898078,4.315119393967351,1.7836762433522915,0.7402157359876551,3.0819163668457623,3.5688484874240713,1.1088852196119894,4.417165556753815
123,0.033116448667341834,0.00014019690271586217,7.075215170142067,1.6634751773977843,6.846931569220979,18.86723871343848,1.4705626452179057,17.830783752181052,4.575032559389773,1.7809323353918278,3.794089137149102,6.445603648051389,1.5703042171020698,4.2819859883043305,2.698495278623496,1.119860555507206,3.059041103039305,5.038473697116084,1.565515888899071,4.306547682677756
124,0.03279497370212677,0.0001388359538147112,6.382300287047251,1.5005618694121885,6.76631986053206,17.786214711306787,1.3863047662424026,17.81257753128687,3.1641896408533823,1.2317306103411159,3.750779439055247,3.4751964216932048,0.8466415085719143,4.232860158526881,1.872491169292665,0.7770734370512096,3.051671291905667,3.2671371130775118,1.0151397762902412,4.26951138726781
125,0.0324395881248732,0.0001373314459581676,6.499827983533856,1.5281941605949714,6.713335972607898,16.779871896609333,1.3078677371649337,17.802103206883714,3.604289746110049,1.4030492836153206,3.7290484435001763,3.7905831948118003,0.9234773189767423,4.181481988578684,2.3177320870724665,0.961845945444764,3.039627641258611,4.00778663859306,1.245268714139777,4.24490745215738
126,0.03204369691602383,0.00013565545944612786,6.1531550641190185,1.446686844950884,6.676689716616314,18.020483719929395,1.4045643143535556,17.703514917760682,3.3211308477552564,1.2928234367852292,3.7123641538873358,3.5187198762417844,0.8572448698631638,4.147104408776066,1.793049673078183,0.7441056572719345,3.025821598627452,3.438395465397976,1.068351857523854,4.1662457094265175
127,0.031202435509387557,0.00013209401948710518,6.2842875271618714,1.4775177938304838,6.55828554294392,18.220601957761023,1.4201620607780185,17.666492281203745,3.2578890475382747,1.2682051711242226,3.6466530978287155,3.4089120045922314,0.8304930288661728,4.123427140586035,1.7789836404586523,0.7382683318454748,3.016319292661288,3.284694676418806,1.0205951276592242,4.12788708090041
128,0.031144520166141047,0.00013184883764938917,7.683905718714829,1.8065862480745365,6.527494804619971,19.387338689023114,1.5111006172810217,17.653202555071594,4.57306426019477,1.7801661315153303,3.6012695348331554,4.507725568621388,1.098190465385649,4.109578879435078,3.374962110546576,1.4005905342403933,3.007232712937735,6.44605609356227,2.002869091285029,4.102958981439674
129,0.03074138960429912,0.00013014220368244212,6.284866422099539,1.4776538995652175,6.462275419418613,16.36335678635692,1.275403444344504,17.609483296246367,3.550599152203802,1.3821490356820512,3.5764227384840517,3.899722136273172,0.950066192476381,4.068394038158137,2.659639114539743,1.10373546318616,2.995386273840053,3.945392319093118,1.2258820299123465,4.053118904594231
130,0.030288321300257846,0.0001282241606705429,5.969000116208884,1.4033896197390974,6.427507445357259,16.013778009540076,1.2481563469522576,17.552615093429853,3.112834532188331,1.2117395015518597,3.564493462584323,3.4170725160683215,0.8324811259140713,4.0170217060174975,1.914953231641104,0.7946949571280432,2.9787556329611022,3.4344917504955945,1.0671389251810874,3.9954900972378264
131,0.029305814593939872,0.00012406476548578138,5.948146367020438,1.3984866318727986,6.38958784035135,17.072530429079624,1.3306783196879906,17.522747495939736,3.114786735762917,1.212499439853088,3.527976952220575,3.20850305979372,0.7816685853623875,3.9566179018206644,1.7021112762289752,0.7063667275731444,2.975774167136714,3.3047021162271557,1.0268116858470921,3.960572015715712
132,0.029086465270433973,0.0001231361606079681,5.948617931656181,1.3985975028565403,6.334172728096759,17.506218596744628,1.3644811261679286,17.481576112399843,2.9400311516735607,1.1444719741564215,3.50386489759074,3.208859545803972,0.7817554339363617,3.937938626278662,1.6273015211628032,0.6753210946497118,2.9575923461213387,3.006292130300161,0.9340920246047889,3.9266099634934744
133,0.028801646749635364,0.00012193039501235168,7.544449452300259,1.7737982646797428,6.28619439125219,18.650826660862965,1.4536949156404024,17.45211275141007,4.385081834255677,1.7069898258837517,3.4898686429846437,4.366013321974139,1.0636659505882708,3.8941404803210053,3.9550658858464054,1.641330379592457,2.9455976893700453,5.514654109506159,1.713471013087943,3.886652075820098
134,0.028644544530801987,0.00012126531027722579,6.238160890330704,1.4666728211278446,6.248370022450616,17.17626942197458,1.3387640120418585,17.417697675979618,3.177209418189673,1.2367988458469403,3.4372389454170884,3.3313256991356575,0.8115911370806518,3.82162619418362,1.8687055990786912,0.7755024464342112,2.9364665148702986,3.886921612294859,1.2077144605192132,3.8543831978200225
135,0.028245979262576857,0.00011957800326261874,5.71251151087313,1.343085810172718,6.1712954750888755,16.955006348606695,1.321518181032726,17.38478143230022,2.8047912005157443,1.0918268401760216,3.4241781766682613,3.1176257381218604,0.759528682065137,3.808926161797377,1.7317287643890285,0.7186578206895141,2.9168697428692125,3.06546554529698,0.9524779340977694,3.82557281001273
136,0.02819050081082633,0.00011934313788858588,5.861834126092748,1.3781935005918307,6.100600209975136,17.248839468186684,1.3444203139916104,17.30073534750622,3.0202541935325398,1.1757005626824024,3.3944324596145954,3.165256078698305,0.7711325796600209,3.7734940955931067,1.6532716447021658,0.6860985517028205,2.9070915717430723,3.1373993342417954,0.9748286490784347,3.767970007685852
137,0.027335759178528964,0.00011572463003848042,5.763923380202398,1.3551734098281698,6.043219662525721,16.697650043954432,1.3014591478121746,17.278694306674225,2.899416326066681,1.1286617574463487,3.3730969140238365,3.28712277726647,0.8008222411929248,3.762622234165374,1.958894228892152,0.8129302269767272,2.8976443237531573,3.182868842668633,0.9889565858667895,3.7356353753610123
138,0.027304951489371985,0.00011559420715881032,5.609480378878097,1.318861849988976,6.000653054980243,17.26012036916645,1.3452995773452578,17.233948924801954,2.8684498740574482,1.1166073829736656,3.3404116538256057,2.990422733362645,0.7285389678803628,3.693694876155834,1.708287808664789,0.708929954234859,2.8864730019845797,2.963812039858703,0.9208929368361979,3.7178736458071993
139,0.026591910606046952,0.00011257558265724851,5.771912947412631,1.357051861071386,5.949019071355998,16.85830566006253,1.3139810727944858,17.182588663827808,3.307310723026681,1.2874436484036682,3.2954699503955833,3.406433261959437,0.8298891474887375,3.6869618094566103,2.214268226001713,0.9189090176496866,2.867927807619096,3.4938828674709583,1.0855924773624979,3.6688377839621054
140,0.02624091689680854,0.00011108966756404878,5.5534637013975825,1.3056916000010503,5.930083056358229,16.06158391835771,1.2518824663275232,17.12894785740464,2.719744304732033,1.058720460109928,3.2803187275535732,2.9329744382240115,0.7145431802012998,3.6571470346198907,1.8372945355400532,0.7624670294957037,2.8407507989609093,2.865348017479432,0.8902989512790455,3.6348843740080126
141,0.025173535446128274,0.00010657095920540435,6.6028240313291455,1.5524098720266988,5.884431225913413,18.131145881260654,1.4131896168243891,17.12212058783204,4.483442926803838,1.7452790507120997,3.247897372629391,6.269191559954891,1.5273259855799592,3.650378329933763,2.5202499777248173,1.0458897454553298,2.8336036665055504,5.495595852740091,1.707549377772257,3.606924309163966
142,0.025002914739911928,0.00010584864460002475,5.824286145956149,1.369365481737755,5.8410433914412465,16.116816116264687,1.256187410378368,17.072743279065065,2.8618354564592394,1.114032575029128,3.1976945845318654,3.0699667507136024,0.7479178054123929,3.559868114602604,2.40449043555416,0.9978501782834284,2.8173832110814923,3.277215954719468,1.0182713966341583,3.576112432208856
143,0.024883611263058752,0.00010534357903257628,5.407092963587899,1.2712779343826068,5.8176334579436455,16.597764626585214,1.293673813359362,17.02597523309803,2.746994049825274,1.0693280244360301,3.1830691412686534,2.806797011785605,0.6838033215847658,3.5493274647701236,1.6539782851651434,0.6863918035708829,2.8121876976983793,2.740500574961098,0.8515073118461081,3.5523210734434283
144,0.02485406183226387,0.00010521848292954684,5.423716054190987,1.2751862393492974,5.75490230994738,16.535340600327434,1.288808319124988,17.018804408831443,2.6655517784236147,1.0376248239179733,3.1654193232666272,2.8346739225909743,0.6905948081526194,3.508174665088754,1.6345378102763972,0.6783241144477281,2.809602095809156,2.771027213750552,0.8609923148316209,3.492404862789896
145,0.024756503852594893,0.00010480547588515637,5.5351701261195725,1.3013905423442815,5.687802368688148,16.314983016225817,1.2716330643517766,16.99389941620894,2.62575158915896,1.022131722372573,3.1211436912793116,2.854939001335663,0.6955318691868192,3.486276279079364,2.511607668848293,1.0423032352635215,2.797346403927883,2.7410562337720257,0.8516799618884835,3.4692617962138463
146,0.02431703155843882,0.00010294499093131902,5.397914851176017,1.2691200406923961,5.65357569339226,16.476076705774712,1.2841891339403912,16.975214661991643,2.4895122288120946,0.9690975463213332,3.095934910034857,2.7543219868196362,0.6710191422439358,3.4463192010974986,1.7307973443387847,0.7182712865409688,2.789579307766761,2.46075288769317,0.7645862568545176,3.3953476187671234
147,0.024004870032648295,0.00010162347003085945,6.559027844550073,1.5421128184644108,5.558774224452405,17.58473623713818,1.3706009993887602,16.92269205420529,3.720160621659784,1.4481545776909128,3.083810587431995,3.6644063328314083,0.8927375978757691,3.4193401498730256,3.6056110042234826,1.496308544290757,2.7649180065999364,4.7049214254696885,1.461877086271264,3.3647701445315743
148,0.023822483023076994,0.0001008513433425675,5.731774641365625,1.3476148228801292,5.495391531616861,16.608373702381204,1.2945007128756518,16.8872182175434,2.8657679441332435,1.115563382595249,3.0212962071634477,3.057992316999028,0.7450005450926259,3.390878853843557,2.7876515906309165,1.1568599298928206,2.756373554362991,3.6614909261305946,1.1376703673571158,3.3462059776802326
149,0.023794856182180132,0.00010073438643198598,5.970500667292676,1.4037424188300478,5.477683255157154,16.24009540765423,1.2657961254426062,16.856415239722363,3.2139955071572186,1.2511186423695777,2.9781714611691816,3.287020349665041,0.8007972873634227,3.3506492491488693,3.4242277425387013,1.4210354979381832,2.7506364131147576,4.7801153548934145,1.485240767087734,3.33013027992218
150,0.02377324529672239,0.00010064289778123853,4.977767282218332,1.1703378785958196,5.432288689559259,16.36057970812845,1.2751869914990366,16.820925349555797,2.5469395135905692,0.9914523835969354,2.9742379821757003,2.809203768099712,0.6843896653620041,3.3372023670042195,1.6754339637292013,0.6952957910285842,2.7442796021159457,2.614078089518652,0.8122262871604888,3.2720262736937986
151,0.02347206138885512,9.936785010160941e-05,4.995969829366497,1.174617534354441,5.392348347916558,15.943442566621865,1.2426742159122393,16.781587992523882,2.830151361088508,1.1016988420488973,2.9358087469617447,3.2137648455437047,0.782950483040844,3.3215668598613135,2.718641158186986,1.1282209836531687,2.727124559500992,3.8980213429610835,1.2111632836678625,3.2443129238948774
152,0.02295494584831144,9.717866617495371e-05,5.059849030075772,1.1896363658919356,5.375145185166614,15.686218322679446,1.2226254758538058,16.73563663284972,2.422013693646425,0.9428222526906016,2.9112363843562123,2.529894097145826,0.6163431055477228,3.307279401759221,1.7727975144264836,0.7357011238945474,2.7180459507889756,2.5480964731772118,0.7917249855824154,3.2185128843535744
153,0.02236558600877587,9.468363946125034e-05,5.277265463047033,1.2407537991725972,5.333056768849222,16.94827147090807,1.3209932467954413,16.719279322133566,3.520740581249245,1.3705259283464708,2.8796075216679733,4.634112052493819,1.1289812554258618,3.2854836748380127,1.9743365251698601,0.8193386941787459,2.7090294795763663,3.9306026271865995,1.221286690318765,3.202824985236653
154,0.02215035410454813,9.377246548116946e-05,5.2695249813630785,1.238933911178703,5.311430414190645,18.03961225284008,1.4060552429617912,16.649072187118495,3.4013822184574782,1.3240630529382924,2.86687514911539,4.828517135852431,1.1763430137487456,3.2415733616850404,2.0680028376950625,0.8582096937345766,2.697098463731271,4.0948895564248184,1.2723326644613078,3.1607824799785185
155,0.02209164609307686,9.352392792040752e-05,5.132762056086039,1.2067791673418318,5.245624079865136,15.910374832259398,1.2400968289583765,16.632557320603723,2.4793881117757888,0.9651565104569559,2.843473485216743,2.6085649440048075,0.635509217727611,3.2369101594820706,1.623027298076396,0.6735473158042111,2.692540888157632,2.574116351124023,0.7998096824175428,3.1331589513609623
156,0.021977394731980526,9.304025024356247e-05,4.972070174144845,1.168998414334267,5.196386311479869,16.10377617841459,1.2551710430238459,16.598772298438934,2.480011063468789,0.9653990081439231,2.8325658087658643,2.5918384446892078,0.6314342398284375,3.2109309769751024,1.6818692354864877,0.6979663930718943,2.684597207307125,2.700275885913996,0.8390090050939449,3.1053026012922826
157,0.021932328621296435,9.284946501780274e-05,5.243263449946844,1.2327594833230366,5.125766544338192,16.253754841385796,1.2668607779498202,16.528240929975667,2.58094668554666,1.0046904253781965,2.799323390032597,2.694488246741825,0.6564422027516074,3.16687930395594,1.798098679098924,0.7462009667327056,2.672041380748265,2.8823138981746856,0.895570459556004,3.0995969011101927
158,0.021470407890436787,9.089394568004737e-05,5.783258020523948,1.3597192354271626,5.102000678594176,17.596510476455958,1.3715187148414325,16.502944600747675,3.9982601514341507,1.556410953706408,2.7645919379432917,5.894340485329968,1.436003239812507,3.1542079548940913,2.328728487739347,0.9664093906569692,2.655585629163144,5.0955020551841645,1.58323530276135,3.050044375792107
159,0.021216957728192157,8.982097653119745e-05,4.591979297996775,1.0796341020945597,5.080551808848537,15.235257193285637,1.1874763689068808,16.485588907157254,2.4468969041595123,0.9525085912326448,2.7066847386485966,2.6559610724149794,0.6470560556004772,3.137872707706475,2.169744877822812,0.9004320753998196,2.652828893437349,2.606629928988471,0.8099120518674191,3.021062851765556
160,0.021152749952620772,8.954915598196505e-05,5.412192217186634,1.2724768352754798,5.031964361772789,16.74807910455492,1.3053897225973279,16.478667101916876,3.2801661305286247,1.2768770170445964,2.6930197416761463,4.49521844079172,1.0951434279556171,3.1129241372865466,1.853936011744554,0.7693731497081275,2.6316067105226075,3.7222021494666824,1.1565340928582626,2.959203080317373
161,0.020835987240065575,8.820815617723936e-05,4.940217463628606,1.1615094274974842,5.011730889621846,15.605167665676277,1.2163081725976417,16.436618603364025,2.2203568567339924,0.8643228809707008,2.652291344144094,2.5105925708254917,0.6116407890802046,3.0860100354582385,1.9457239218732019,0.8074646227004191,2.618144176118983,2.277191805428249,0.7075515657666737,2.924824866899207
162,0.02076801580661384,8.792040236224506e-05,4.61194390903988,1.0843280420098798,4.9772686026081585,15.794835506933241,1.231091387385344,16.36843295562796,2.1632178786423633,0.8420802734321435,2.647646679725852,2.412182646848674,0.587665762525134,3.043465903993714,2.2557316244809087,0.9361160977665043,2.604935282394088,2.2737776708316186,0.7064907520601489,2.8910970455764518
163,0.020653919447093712,8.7437380877165e-05,5.422361276411967,1.274867713459682,4.9611408492562346,17.94230810122707,1.3984710992108145,16.342760515812216,3.8865277968047987,1.512916670182572,2.623190770321684,5.556293805018605,1.3536469305115515,3.0402837159925475,2.2119675838702073,0.9179542639408991,2.5972820720614207,4.934975724198726,1.5333577928542887,2.869747120266211
164,0.020587729651020795,8.715716953886504e-05,5.25702285817588,1.2359944992899397,4.906471364336737,16.067698028879196,1.2523590163239584,16.335968617472226,2.1464371570960106,0.8355480074372776,2.572735891656784,2.5045092919014316,0.610158755888302,3.0104911173037756,2.180515769748894,0.904901935736875,2.588692247186568,2.1762409692057534,0.6761848964925194,2.8579550603931727
165,0.02037420764122262,8.62532343151316e-05,5.103291310543517,1.1998502114739908,4.870997980470973,15.810449249324936,1.2323083638948387,16.2499127049856,2.6516406902080476,1.032209625992716,2.557821544273207,2.813544812657343,0.6854472483205121,2.98772145069814,2.3866565591974855,0.9904492186294173,2.572516780736691,3.4818856396295392,1.0818647907777224,2.847441241845622
166,0.020357625497756902,8.618303460327132e-05,4.878518945462732,1.1470033028096753,4.783974092653057,18.364163420872988,1.4313516221203952,16.24742709304955,3.278384417744748,1.2761834460441728,2.5314830458515014,4.886413741186214,1.1904480205837562,2.9661719182105766,2.1027877572554536,0.8726452421866174,2.552346784816063,4.31740087264916,1.3414696733948739,2.7921973697156073
167,0.019980789589324758,8.45877177948478e-05,4.616171880721541,1.0853220931834557,4.764593269194582,15.757891708592139,1.228211889720739,16.199841752852663,2.2339037310140686,0.8695963005880889,2.513547342006,2.5090415274154214,0.6112629175664204,2.921305331706331,1.851462229247412,0.7683465437090737,2.549870847511287,2.2347970617777273,0.6943789962981293,2.765540857111711
168,0.019745824005042455,8.35930022233775e-05,5.974489068809659,1.4046801439396663,4.684756568360673,17.601146334165925,1.371880045891533,16.15741989774793,3.6285591889159043,1.4124966995394284,2.4866745747226418,3.02527332348317,0.7370294106104708,2.8997826709308283,4.239834774264184,1.7595078869243859,2.541247754493062,5.074568186981201,1.5767308918508363,2.7308231230247704
169,0.019639864706309296,8.314442859624872e-05,4.827361556698458,1.134975534847369,4.629259006494582,15.474631029356841,1.2061338008138667,16.139446344999822,2.2052868597367037,0.8584565522400678,2.4558984898344582,2.3689007110891174,0.5771212410251005,2.8963148306000353,1.6903923853594136,0.7015034529389158,2.531243319312136,2.0728825736169756,0.6440701688443502,2.717139322257099
170,0.01944173393520068,8.230565144592202e-05,4.923971355831383,1.157689756095255,4.601242354803018,17.448577150983166,1.3599883989469184,16.09253353182388,3.1018244888454816,1.2074535993317534,2.4305666182122465,4.186843844474008,1.0200159526273371,2.8417504618853373,1.8199375949507883,0.7552639955366764,2.519099143294707,3.5976736219471674,1.1178415442468463,2.634180427525355
171,0.01939670157892094,8.21150091178199e-05,4.64411791150977,1.0918925687668974,4.569428203857481,15.78658937942174,1.2304486623278887,16.084290895996965,2.0795802272483725,0.8095224728285003,2.4155525100033426,2.4335612294059636,0.5928740998940516,2.8000416026341584,1.729626834442933,0.7177855314341954,2.508210413309379,2.1848402397977043,0.6788567958719579,2.630620961407905
172,0.019257154447229363,8.15242430051076e-05,4.477600299595093,1.0527421108149506,4.5440704455649055,15.283255859872929,1.1912175123341522,16.056714801946907,2.2311447034624674,0.8685222882576632,2.3773504382434845,2.48172257430683,0.6046073629255135,2.7942222422951257,2.308179118958584,0.9578815167264703,2.5004591428531393,2.67198949208589,0.8302200738342854,2.596895903480872
173,0.019198553979182468,8.127616072429298e-05,4.589453075707511,1.0790401543530814,4.5045975550962005,15.168229774437105,1.1822520740399367,16.03709536307271,2.294211858650318,0.8930725694889293,2.367876864352853,2.466918863244145,0.601000822533052,2.772630286430754,1.8813751398851495,0.78076023551316,2.49694523090532,2.3412043405663914,0.7274410495412602,2.595447735248343
174,0.019179667059198435,8.119620385119339e-05,4.654525976894126,1.0943396404099865,4.457756277692284,17.96364336800584,1.400134026511791,15.986642940210936,3.127986083580461,1.2176375771295327,2.3432734699700313,4.447484314597467,1.0835142456857487,2.7601149711715967,1.8832307336404723,0.7815302966172474,2.488171997813562,3.6493226460913792,1.1338895327458587,2.553234272365726
175,0.018613094074253447,7.879764419735887e-05,4.4110411437811745,1.037093186950098,4.413163015501398,14.814450291954655,1.1546775625025036,15.966436979332316,2.239805480930988,0.8718936869183491,2.319976310585302,2.3564395236402573,0.5740853957777807,2.736550740595633,2.2341050502371593,0.9271411895507385,2.4776702634006127,2.374255783423673,0.7377105402748787,2.5438031486112744
176,0.01841317247888524,7.795128567811712e-05,4.0801917875671805,0.9593061969737964,4.393686213505149,14.950693034392849,1.165296683337019,15.898944291610237,1.9929185293529366,0.7757874954226727,2.2940726759869916,2.2468983532566393,0.5473985296296126,2.7003673018826646,2.181099020943037,0.905143981743569,2.4712182638614,2.262984674315672,0.7031372349932209,2.533782713963199
177,0.01838566830856617,7.783484808756396e-05,4.660601267959804,1.0957680204154274,4.377924381240536,15.290926820092595,1.1918154073268072,15.877763357905279,2.1931786589692437,0.8537431680203363,2.278691783357003,2.4810702406287506,0.6044484387375586,2.68935078023424,2.5562308845069057,1.060821621962891,2.4630505833749035,2.409519048233174,0.7486672713550325,2.5092623953322537
178,0.018201250554981185,7.705412434154438e-05,5.20354832566319,1.2234219406724716,4.345333295758995,18.40353374341209,1.434420249519218,15.845321610524605,3.361579853326773,1.3085691043890388,2.248019119102547,5.1875717629843505,1.2638173646306399,2.6604170204305397,2.004281463066002,0.8317656771172184,2.450506823579549,4.334260278566119,1.3467080986456605,2.485966926080016
179,0.017551352118409757,7.430281037057961e-05,4.236765740148926,0.9961187711900463,4.309258271499942,14.870496956350847,1.1590459882325177,15.806213135154131,1.8666222212193084,0.7266238717596776,2.23277703608481,2.1335600649972215,0.5197865941568661,2.6363040038473957,1.9293864848358933,0.8006846770540079,2.438047390628742,1.8246400204396427,0.5669381473906252,2.4592659457780077
180,0.017532757822820204,7.42240923088688e-05,4.148859879299349,0.9754509591229089,4.289702805887917,15.02715757466729,1.1712565324871367,15.785183404267272,1.8314834654639136,0.7129453360251548,2.1987946579869075,2.166508763133011,0.5278136902142377,2.616992285844755,2.086756363862925,0.8659923029532868,2.4365588962034934,1.7580779547462397,0.5462564930434743,2.4399039606147093
181,0.017267397811647125,7.310070338378155e-05,4.187619060247859,0.9845637470528371,4.288175934902631,14.924166325206558,1.1632291212404982,15.750784736079117,1.9022046192129067,0.7404751050208531,2.1889785079744013,2.148799088547764,0.5234991871508783,2.5954934087891757,2.2135110195827123,0.9185947811906744,2.4230232902430977,2.00038091624561,0.621543010143223,2.4167957381801144
182,0.01718280934636812,7.274260215871571e-05,4.456140913331996,1.0476967297894382,4.242459760495173,15.332531416713904,1.1950581799757312,15.700756880818584,1.9032763515649134,0.7408923004781087,2.174848433316904,2.141250684225004,0.5216602141411114,2.57363733381696,1.9303389417384498,0.8010799413794425,2.417136136158965,2.0512795999271742,0.637357858610755,2.401861986753364
183,0.016924247599892608,7.164799336231966e-05,4.4954800226661105,1.0569458664311613,4.189126087881852,14.733644700419697,1.148379360299157,15.68109561299571,1.8437786813620107,0.7177315200094859,2.1606373752302566,2.1255905726516557,0.5178450339676683,2.5506777307129114,2.3889301456522185,0.991392744382588,2.4082040729182173,1.874772943253372,0.5825150645166918,2.3666402488689444
184,0.016893425053975026,7.15175075872636e-05,4.193592268901722,0.985968126154557,4.134270393690103,14.940169585117816,1.164476457778963,15.635931950125249,2.1614797048168217,0.8414036509315921,2.1563971974050773,2.323696784572151,0.5661084763074585,2.5221231952630507,2.1141993853815837,0.877381004488595,2.3994944443105255,2.4759384137717992,0.7693045870049742,2.3640597414102924
185,0.016493264675788943,6.982344775087113e-05,4.088976612968323,0.9613716237687642,4.048924096607502,14.199803110279408,1.1067703303373495,15.621281992463402,2.020729773135999,0.7866136354987834,2.1314034117580234,2.1453116995455197,0.5226495752361656,2.510274302824989,2.2865888225174045,0.9489216635973153,2.38919813684894,2.0848624074840134,0.6477924509068633,2.333535570863096
186,0.016453142545573528,6.965359263014041e-05,4.183824216805337,0.9836715299658733,4.043306920333501,14.717517297754618,1.147122347745075,15.578282325521787,1.7858158537920972,0.6951682108898305,2.102558894633134,2.0293393597689713,0.4943959214029264,2.4901270575650294,2.19173368381454,0.909557307779473,2.3742973221664085,1.9557107947308014,0.6076634527227859,2.299115061955439
187,0.01625170139814694,6.880080115988269e-05,5.052974696926247,1.1880201206922625,4.026487595477726,16.93896131864233,1.3202675888254949,15.560990483170906,3.3904865351690465,1.3198216678918122,2.090570091636933,4.616890408893972,1.1247856484591747,2.4649153512965922,1.8231005768288726,0.7565766154516008,2.3736834216734612,4.342131937805633,1.3491539202083518,2.290268200064275
188,0.016144906030289643,6.834868807407469e-05,3.806500011867484,0.8949576981386401,3.9773788369434704,14.80756484636761,1.154140892604498,15.521958758743533,1.6198239678141957,0.6305522079842362,2.0701382317722845,2.0174155678789383,0.49149099865074525,2.459892072998857,2.07515230441961,0.8611766827232755,2.3503431644201966,1.7368314425020588,0.5396549397752708,2.2456427790823636
189,0.015931769845962146,6.744638622403182e-05,4.257941570111668,1.0010974844385805,3.969314021338944,14.549172738189384,1.1340011261088658,15.505032906669042,2.164198479900437,0.8424619941010042,2.054891472264268,2.3726273191003435,0.5780291324492473,2.438083476105386,2.41710928999682,1.0030869328028693,2.342290189120436,2.2803563095802004,0.708534816216746,2.2355983121714083
190,0.015570624949084731,6.591749656311285e-05,3.9744198107656037,0.9344378285012395,3.927323203130753,14.327506278937651,1.1167238541336544,15.489856809981355,1.6183149835411523,0.6299648025722364,2.0346225785743535,2.029110681943921,0.49434020997966155,2.4243870950264133,1.9891144487143928,0.8254714503858516,2.340455102862787,1.5700871308577853,0.48784542662606795,2.213003465202862
191,0.015451773218055135,6.541434344001846e-05,4.071565938662929,0.9572781476224835,3.8805250130912885,14.651124432280021,1.1419475116517372,15.463338538588683,1.7291777684781198,0.6731205869131833,2.0175274971700463,2.0098205196122914,0.4896406620533631,2.403141406366321,2.0492872068039136,0.8504428108452646,2.325828548145844,1.6327585940450051,0.5073182228135927,2.174826980237295
192,0.015319283036717311,6.48534525893596e-05,4.024228647790094,0.9461485343967929,3.837204119761642,13.594196987376307,1.059567782281273,15.445613034448542,2.123428735521834,0.8265914718419893,1.9945856101433639,2.1434860139675993,0.5222047942786866,2.399669593429623,2.6061504045482007,1.0815379455699545,2.322584108613967,3.242297206681907,1.0074217111620372,2.167955412007121
193,0.015240297908878047,6.45190728255475e-05,3.7538439722754218,0.8825775778603034,3.8076595407661658,14.675447017719309,1.1438432784952797,15.413111785018778,1.7653386584509352,0.6871970109370864,1.990657608966756,2.0909528348173585,0.5094064471785914,2.3701563044105276,2.346099932873592,0.9736184439216173,2.309359785540669,2.027470340362498,0.6299600281581007,2.1418903526290043
194,0.014853836819208892,6.288300827236841e-05,3.6657726416818486,0.861870861702601,3.778725499410219,14.204460911467073,1.1071333717203238,15.3582436247716,1.652086057176184,0.6431109378743965,1.970951269487056,1.933173467702447,0.4709675950429743,2.354949040178619,2.14302439600842,0.8893432238294181,2.303877835384719,1.900096964037729,0.5903835499533456,2.108306809216917
195,0.014713576773147804,6.228922407074475e-05,3.7626623979536933,0.8846509045177651,3.7466062721506437,14.315960078405167,1.1158239126289564,15.334341348107726,1.4930138626360792,0.5811885774888349,1.933099089348188,1.9123217074117451,0.4658876042606696,2.335638723145734,2.4024535083024183,0.9970048647852975,2.2945995485966133,1.5631697331832501,0.48569610589516554,2.0873926940718195
196,0.01463072825000734,6.193848880756628e-05,3.932802227417339,0.924652992962205,3.7379064467104355,14.01051124104616,1.0920164198067313,15.29068267699375,1.6282829244279649,0.6338450434256406,1.921288148035342,1.9370068596324275,0.4719015016003955,2.328520037978692,2.3239342341581426,0.9644198020439297,2.2819915415430247,1.6823707266863002,0.5227333240131031,2.075994148346284
197,0.014617403853540814,6.188208061193123e-05,3.770694451666373,0.88653934489071,3.7036731438734605,14.413287786860998,1.1234098924627653,15.269661691179598,1.5920370869914788,0.6197355517278146,1.8901464109658606,1.863931547430962,0.45409859636735306,2.3112372805608117,2.4507760216238155,1.017058439472005,2.2751069644620907,1.6511463686636147,0.5130315310607718,2.0474356905798214
198,0.01456806905763222,6.167322411128463e-05,3.6091920241500164,0.8485680220683752,3.6611557470209575,14.559572589604185,1.1348117181217567,15.254111435917835,1.7158440891832387,0.6679301581462314,1.8737453078772124,1.9747992815505546,0.48110864537667736,2.274091337762387,2.352803776370844,0.9764005017455968,2.264305757994973,1.6938765169199728,0.5263083148750112,2.019494346734541
199,0.014517283212675987,6.145822466384408e-05,4.009479025300345,0.9426807061685818,3.627990739000063,16.069268481378685,1.2524814215586044,15.235550096388513,2.4974316607326887,0.9721803598756047,1.8638379960166616,3.330857829143254,0.8114771526872196,2.250203858962748,1.4090353091421095,0.5847418287239139,2.256114307351077,3.0601813719602426,0.9508360763020058,2.0096593365820588
200,0.014411002602979835,6.100829078210972e-05,3.923160122278214,0.9223860085424971,3.6081515632359062,15.401693873371324,1.2004488853543334,15.213160667585633,2.4241114548650673,0.943638852515349,1.8202533562072438,3.200564419824236,0.7797345415547288,2.240933177536761,1.3187669570393206,0.5472809638740357,2.2445582932936534,2.533524045018863,0.7871971525136842,1.9971799541021136
201,0.014082749387522889,5.961864648250915e-05,3.6185173173030836,0.8507605198665409,3.5875929241823994,14.34451029885282,1.118049192562111,15.187444822352537,1.433412259798199,0.5579873389496015,1.809133543398183,1.8284305905069043,0.4454497086272793,2.2125227579728715,2.5392970181883547,1.0537941614768194,2.2391185984122295,1.530299042720553,0.47548277715874876,1.9855940585627043
202,0.013893731292933312,5.881844741270836e-05,3.6475112999016246,0.8575773825607121,3.5713221235275605,14.067178488115555,1.0964332153968688,15.14451699564281,1.5210033782067585,0.5920841137904224,1.7856910663953578,1.8234193307575657,0.44422884511362537,2.205488356762388,2.134737390892527,0.8859041627252207,2.2373913575174713,1.6826048581206103,0.5228060715359716,1.9662436051867132
203,0.013770037572862163,5.8294795960417234e-05,3.6534759618597374,0.8589797522230175,3.5429338454133785,15.51260899666524,1.2090939043517128,15.12296837296701,2.3380348282846155,0.9101316270238169,1.7549747767229837,3.1238414397562906,0.7610429766171678,2.1962273434946393,1.3757305497777472,0.5709205385336884,2.222621073546081,2.574721701423734,0.7999977722180494,1.9487934061473255
204,0.013719105834902259,5.8079178881918234e-05,3.735899754689006,0.8783586587440629,3.519026832102603,14.528766485335609,1.132410608618129,15.100601708070771,1.4402758092430203,0.5606591269605425,1.7446484226528294,1.7883037323513122,0.43567383998542875,2.172978905924302,2.6064250908049416,1.0816519388411308,2.2074927790237724,1.501138268607835,0.4664221651658378,1.9324804020114577
205,0.013501473095400193,5.7157841080445364e-05,3.853743416701958,0.9060652375346927,3.4588881759785783,16.131130754889664,1.2573031312934106,15.087478835109286,2.340138163605067,0.9109503966906416,1.7292331620779255,3.22559708708726,0.7858331019246831,2.1373778797568828,1.3418219359639258,0.5568486521002257,2.1963689944226172,2.9985347546410788,0.9316817123593557,1.9281515570690178
206,0.013410255160857561,5.6771674314090774e-05,3.5046107469451186,0.8239796025691262,3.4542934906550964,14.227764838671039,1.108949741638229,15.064983084312097,1.5266869575932336,0.5942965724295124,1.7120851320555492,1.7556289397740277,0.4277134739159828,2.1318713259062845,2.137346795233397,0.8869870510362945,2.1901688008561897,1.7350783682313091,0.5391102379885274,1.8780420417812098
207,0.013366175459962515,5.658506500702998e-05,3.793200862843413,0.8918308951015513,3.4277067068528564,14.060917522903512,1.0959452191562062,15.020469434437125,2.0282124400338697,0.7895264286342188,1.701865178037731,1.9757284494862197,0.4813350130541581,2.1088368595475373,2.657037310531619,1.10265572897097,2.185187536953767,3.0011826241563964,0.9325044380590718,1.8594714767050058
208,0.013283621343976372,5.623557610246888e-05,3.6314292309182927,0.8537962788187557,3.3843030988128557,14.14421045858794,1.10243729156216,14.979474158595348,1.658795181844009,0.6457226126347394,1.689481739463776,2.12530628779942,0.5177757753339236,2.0969505931539034,2.2471246693750504,0.932544259193198,2.170411339928964,1.8614438606123438,0.5783735542273909,1.8370707337035663
209,0.01326910680918413,5.617412951311159e-05,4.102887081251857,0.9646421559206751,3.3776599326236427,16.16116249483467,1.2596438847870612,14.947639340667845,2.6238355913087696,1.0213858779481564,1.6704817071753169,3.6421391921593416,0.887312786359361,2.061453340959614,1.686145565838693,0.6997410464209992,2.1635162867847533,3.3212258615727355,1.0319458172205342,1.8028772042899184
210,0.013133645786905311,5.560066174931289e-05,3.21418949953484,0.7556977871842523,3.3618417365889552,13.877306601549938,1.0816340967764226,14.932194496965352,1.394592650519966,0.542875949792602,1.646528459442475,1.761821054706524,0.4292220221796073,2.0457690310205683,2.306106653866885,0.9570214552221035,2.155865529632191,0.7945115714035387,0.2468645394851114,1.7882863496009442
211,0.012979134336870033,5.494654491007448e-05,3.294124641390445,0.7744915794691447,3.342532166277648,13.59719229126135,1.0598012442134255,14.913996152288583,1.3345935571219163,0.5195199792853598,1.6329119944730512,1.722704102971289,0.4196921910537689,2.0394953509864813,2.4444573684598074,1.0144362334973063,2.147211663088038,1.2213676816463135,0.3794939949571544,1.7664752051402024
212,0.012957449782367911,5.4854744384948464e-05,3.340249937262964,0.7853362368949518,3.3054868087926796,13.74055799464255,1.0709755475229827,14.87740511295758,1.2855705782122189,0.5004367034432404,1.6264275838430309,1.7513501729960337,0.42667106332384047,2.0174403681835598,2.564173127470806,1.064117608688524,2.143632414292319,1.3388068255128533,0.41598378467402947,1.7542660830313634
213,0.01276475779789267,5.403899207790104e-05,3.577216904064842,0.8410502551486544,3.264490051978601,13.351612176213264,1.040660078456043,14.861938417847174,1.4657362389824748,0.5705701608181932,1.607493686675925,1.8235002461548555,0.4442485580523245,2.0124913029940563,2.402050945940276,0.9968378036404935,2.137245753250128,2.001190178163716,0.6217944577972618,1.7368958731400972
214,0.012432181319062756,5.26310454494305e-05,3.429935127716212,0.8064223925116403,3.2341591325286285,13.439489195260768,1.047509446482129,14.833275579492524,1.2297099562935154,0.4786917242417404,1.5953468048619373,1.6374542715517177,0.3989232798555348,1.9973730792479203,2.2809336130914786,0.9465747830897246,2.1328349675303557,1.2517410749544116,0.38893138268249366,1.7155492590107109
215,0.012407641973759327,5.252715930388469e-05,3.485050074019927,0.8193806337629803,3.1842093066880617,13.607536959430556,1.0606075350977389,14.788502532561337,1.2659962505116718,0.4928169646341881,1.56885610382183,1.7350782724088747,0.42270683661871156,1.9893771985187834,2.484112307953226,1.030892813177652,2.1228912671041527,1.2471641936899278,0.3875092892526411,1.708857756526804
216,0.012149055364543979,5.143244525226779e-05,3.297361702657737,0.7752526547066273,3.173503659599901,13.603898352899362,1.0603239324504892,14.776042095106174,1.2799530894743643,0.4982499720468897,1.5626862962044001,1.6492698831384554,0.4018018472815513,1.9591411105196106,2.418645657322683,1.0037245167114401,2.118249006986464,0.7726660205901971,0.24007685754889063,1.6955924393932695
217,0.012142914523795506,5.140644829644517e-05,3.400698385966833,0.7995484539813574,3.158843922701138,15.583068114832715,1.2145856749688029,14.752461573445043,2.112728992563414,0.8224263608908284,1.5409922164245735,2.9065661881606832,0.7081094947460567,1.941112709982161,1.273381429091368,0.5284462218078172,2.1097334405181645,2.346666856567278,0.7291383206012735,1.65392075496991
218,0.012102234365206745,5.1234230789265456e-05,3.1853154045828562,0.7489091116362425,3.139706635735471,13.43297557958657,1.0470017579940962,14.723346252518015,1.2485530083075373,0.48602679786004,1.5353746808520843,1.6686659626007632,0.40652719917068225,1.9352055307120775,2.581464000109669,1.071293224815019,2.095864942189921,0.9763360546472395,0.3033596478493376,1.6445523469136472
219,0.011926173563822607,5.0488885800988666e-05,3.1625684892015014,0.7435610157565674,3.0719325909988022,13.657514534327662,1.0645029198892566,14.712981377714824,1.1939042719641324,0.4647535718493263,1.5108152778513897,1.6437499887492466,0.4004570681249935,1.9162885864264743,2.7179288938701394,1.1279253979169808,2.0896660104990716,1.0426513510677402,0.32396462794137787,1.6300089189335372
220,0.011841273231231263,5.0129464300560964e-05,3.9381020628335484,0.9258990532511363,3.068748820435225,15.603315920457103,1.216163842662078,14.688431485627035,2.4292295144740677,0.9456311701073679,1.503271221364718,3.5482580717584624,0.8644410853796807,1.887868896532445,1.494023401228231,0.6200114149888972,2.077484800508997,3.2066235610061975,0.9963374696878294,1.615586474842033
221,0.011751731822515644,4.9750395026169696e-05,3.296082033441151,0.7749517878176521,3.0370753574152243,13.730988931214476,1.0702297093300825,14.673533217055482,1.3241913033505688,0.5154706725619961,1.4850978374580242,1.5923652721041288,0.3879385141386935,1.8840471156589678,2.183024778070799,0.9059431602575916,2.0737819298119833,0.4437912774242081,0.1378914206816403,1.5837517962996654
222,0.011683835001389403,4.9462957078889463e-05,2.97216267822018,0.6987941312756022,3.0163248578456803,13.532853411310668,1.0547865012016013,14.63289710916545,1.1811593072706112,0.45979231322625186,1.4697556876332212,1.6186112003782245,0.39433265409842105,1.8692603044128269,2.3852770479702334,0.9898767291307263,2.064520011702798,0.551234380992131,0.17127531745269778,1.5531642041955658
223,0.011617342480198611,4.918146416827098e-05,2.8718761018604004,0.6752154518448039,2.9885295559254805,14.514658096348056,1.131310963347063,14.621308849991186,1.1237143018771543,0.4374305778104035,1.4513278309943036,1.5164819542909942,0.36945151114003943,1.8536843114738122,2.4637479466580725,1.0224417163263084,2.062102245100398,0.6974298755447312,0.2167000598183381,1.536366580970208
224,0.011381109169262686,4.818138173660038e-05,3.0425630436618234,0.7153461735210616,2.950902149933842,13.811751376562025,1.076524548605104,14.574430318003781,1.131781252015483,0.44057081608474263,1.439879714365577,1.5492503373771473,0.37743467811049974,1.8357885658731707,2.9647599043297386,1.2303588965706052,2.058761487963851,0.9824240643401407,0.3052512675101614,1.5254420760885967
225,0.011190882001903057,4.7376064115012156e-05,3.4754729814787955,0.8171289346512636,2.9111104678490904,14.7177811039184,1.1471429094974293,14.566920763937976,2.2897532576460913,0.8913369607045194,1.4277442960007118,3.0765810212419917,0.7495292009419526,1.8240826183901302,1.362321714992877,0.5653559465591015,2.041202232393757,2.665673593002144,0.8282576461304457,1.4961375349945207
226,0.011149906758746584,4.7202597381417865e-05,3.3103243421506763,0.7783003399729438,2.8967563444777213,13.448403486304612,1.048204249978114,14.520090277611994,1.2484428537965984,0.4859839177869752,1.409481255920004,1.6021154587258473,0.39031389432116026,1.8017204553900703,2.322922859202616,0.9640000870536927,2.035894505093768,1.1402419501902856,0.354287230125641,1.4805977240200698
227,0.011082191984048834,4.69159301189922e-05,2.9472173429204678,0.6929291582585196,2.8835455033136137,13.30430385494482,1.0369727423745956,14.496422733546623,1.1804741393051097,0.45952559648290714,1.3955344120163014,1.4626738934274073,0.35634257216366916,1.7824804558285805,2.2156473255234914,0.9194813362928922,2.033561210011368,0.7987699649122848,0.2481876748431351,1.4660498202888206
228,0.011036597825720819,4.672290942876861e-05,3.0784194616551175,0.7237764840978983,2.8539961550250688,13.340502704191895,1.0397941767302603,14.490835577421402,1.1145706139175409,0.4338711955894865,1.3803407625018775,1.475951324205429,0.35957727393583155,1.7730914513679361,2.8038324291732293,1.1635748880334218,2.0236635477597886,1.0764273130934,0.33445923571203817,1.4508097830450348
229,0.010996720709465295,4.655409156292728e-05,2.9218203093411668,0.6869579850966077,2.8339857418131023,14.65806961995665,1.142488838006717,14.45113432588864,1.3478675584017579,0.5246871770686374,1.3687610030196953,1.941582840911062,0.4730163207998963,1.7611921067699097,2.300480566853981,0.9546866603541961,2.0152444349144067,1.2098665380539741,0.3759204478639895,1.4257137983442973
230,0.010985231012702906,4.650545048080485e-05,3.363482674416717,0.7907985557967668,2.8021605334050226,15.649891699263929,1.2197940824404332,14.438400551148698,2.151203862148584,0.837403552518368,1.3600961278683972,3.0328754233913386,0.7388814651574857,1.755572183529578,1.650430836271498,0.6849196319794997,2.0059541758638337,2.805083674464534,0.8715740770025582,1.3989234967264377
231,0.010943786132545916,4.6329995561413985e-05,3.1287203433276614,0.735602876094655,2.79566875709046,15.289576014748611,1.191710121974245,14.398300214294279,2.0350347216867926,0.7921821522469183,1.3467176387552455,2.9212672402332935,0.7116910249371717,1.7317711819106567,1.276707398035577,0.5298264804500933,2.000969881812036,2.130370349608693,0.6619323295189247,1.379799498730324
232,0.010685480147822186,4.523646952017061e-05,3.043978680003718,0.715679008050943,2.7728030756614075,13.180460032114462,1.0273200262320055,14.384951771648062,1.0199677230123665,0.39704493364545285,1.3360336862516866,1.4166143689273198,0.3451213631800747,1.6999054583130857,2.2508467967315,0.9340889213766311,1.9853598977802853,0.340336774971352,0.10574683144605564,1.3590371144810096
233,0.010476328466571184,4.435103587347279e-05,2.7208456093003424,0.6397062172332475,2.7576688091644486,13.837011354579928,1.07849337831338,14.363123442021289,0.9497270084852568,0.369702186213937,1.31460658748111,1.3602809189299538,0.3313971786156832,1.6870298198316631,2.368391184071442,0.9828691893822908,1.9791683315214474,0.22555649410231754,0.07008318323933332,1.3293114584223067
234,0.010373910776445422,4.391745547712115e-05,2.886612510243139,0.6786801732644621,2.7329845507425397,12.987699110279978,1.012295728537311,14.342538488509916,0.9747016980305093,0.3794241349870065,1.3016748281928399,1.3405645508354507,0.3265937967052713,1.6691309393141867,2.8017166387410932,1.1626968467533654,1.976378905285224,0.31402373279086326,0.09757104486957616,1.3237445294843284
235,0.010312032360351853,4.365549615991221e-05,3.006851258383849,0.7069498679781339,2.6696478142038758,13.463893615110807,1.0494115917167743,14.323513229143385,1.0069415795673828,0.39197421999140225,1.2960932816028234,1.4339829867960423,0.3493527766168495,1.6599906921585492,2.8766906133597328,1.193810629879138,1.9619895737530246,0.5011154495484323,0.15570274761777667,1.278590039886204
236,0.010238063292224337,4.334235164515985e-05,2.5788315092405423,0.606316853855735,2.6292393763957276,13.765384563537433,1.0729105961742589,14.30909583652057,0.9814229951211813,0.38204054813142996,1.2816918437587785,1.4078177929697893,0.3429783055121796,1.6483257875076813,2.8373520366528693,1.177485338998406,1.95805845112236,0.5562710925503165,0.17284028582330857,1.2709872723379394
237,0.010125612803818766,4.286629787678298e-05,2.940081080510469,0.6912513300804416,2.615023876317857,15.793073251292462,1.2309540325049604,14.285184598432659,1.9194021759608613,0.7471696333120907,1.2621863657060846,2.591705350488837,0.63140181487718,1.6394019769736452,1.1957887034617039,0.4962456715547598,1.9427807482818118,1.9180981619394903,0.59597674404912,1.2669143757127588
238,0.010078274613391796,4.2665893910020094e-05,2.7957840938970153,0.657325230360147,2.595750619831756,15.054635518797133,1.173398236359042,14.251052827434268,1.8120201925310293,0.705368827733954,1.2510956989372157,2.39174022962908,0.5826854975692842,1.6226707759152574,1.019346430634804,0.4230231081402048,1.9412989885660217,1.978840833171823,0.6148502407993003,1.21940559346798
239,0.010024146122887375,4.243674353240462e-05,3.544378922538089,0.8333296182730265,2.5819597282231554,15.186743032901358,1.1836950465253275,14.239636823085537,2.3240169110625737,0.9046748435514583,1.2412431364036935,3.196969909444407,0.7788588322936468,1.6092507064344581,1.4543563183120352,0.603549795855533,1.9310931050513984,2.815868543297349,0.8749250686981441,1.180380068087035
240,0.009923079852131736,4.200888430536871e-05,2.575490326759281,0.605531298365608,2.577066519301556,13.38413054656157,1.0431946465210307,14.219022431977258,0.7862144841132246,0.3060513295007909,1.2254708404057504,1.245239353114239,0.3033702837263184,1.6076216301275088,2.496160786006126,1.0358928646627223,1.923224197843613,0.35951353235422917,0.11170528636418697,1.1462090137127037
241,0.009915024543054802,4.197478253937474e-05,2.6356798449041245,0.6196826375073504,2.5292036632083965,13.10423750148538,1.0213790399557643,14.18715749281429,0.8611500471652062,0.33522165027504736,1.217345355952502,1.297206405006747,0.31603070859774807,1.5852285505455006,2.7482500460084838,1.1405085076767967,1.9222273073680545,0.3447978073079606,0.10713292918590306,1.1404277140051657
242,0.009897869475959425,4.190215738270972e-05,2.9072606826821596,0.683534827361187,2.5115268694380606,13.08271855224269,1.0197017959561905,14.173009236898249,0.79960182914981,0.3112626488414083,1.1934812096059186,1.372548829761032,0.3343859370260608,1.5728699681442526,2.424552903985529,1.0061759912727546,1.9133594207875113,0.6747146843009689,0.2096421698799932,1.1003570463620695
243,0.009880774084413842,4.182978485963272e-05,2.852567762586578,0.6706758099644661,2.4719631692037245,14.40213775577846,1.122540829456141,14.144288687672308,1.3784141416560685,0.5365781083674076,1.1895193393102228,1.9426676754123344,0.4732806126002029,1.5442953410238656,1.7563922381408485,0.7288930253368017,1.9057842240862541,1.2840943640004834,0.39898394842055845,1.08951263631222
244,0.009872625312124825,4.179528742159723e-05,2.743075366121596,0.6449327224041146,2.4445106216123236,14.229788499556228,1.1091074711369409,14.13550512437539,1.246648572264949,0.48528545412425167,1.165690286094693,1.8040743119690494,0.4395159328338408,1.53994683781075,1.9574590193452142,0.8123346229846673,1.9030038759982109,1.0928980807512552,0.33957690626482806,1.0446304453550947
245,0.009745218233138757,4.125591564181044e-05,2.7750179659901995,0.6524428433976369,2.4264958225559883,12.729955270968132,0.9922064898371574,14.10673015741279,0.7264122804363791,0.2827720026603306,1.1587245972461186,1.3135076118817255,0.3200020750200956,1.523431424401029,2.3828119150175975,0.9888537126446103,1.891670859638502,0.19894826884382222,0.061815679641681755,1.025748726358195
246,0.009643962162822279,4.082725290740471e-05,2.8461585630436206,0.6691689237298691,2.423948816870867,13.05928885861284,1.0178756234693593,14.087579519213106,0.9651995222108134,0.3757252034593734,1.1559189557942091,1.4940715940725526,0.3639918078943343,1.5175770232343555,2.5842427954879863,1.0724464094659814,1.879829126506274,0.6005422006808621,0.18659586486646362,0.9260054805087184
247,0.00963461819433834,4.078769566339941e-05,2.670574258065318,0.6278867682267193,2.3955607642650523,14.677132511657595,1.1439746503649015,14.085044387680123,1.6385414312763633,0.6378383934886155,1.1428998104972516,2.0997752052443692,0.5115557890002157,1.4951712594834083,1.1532005587440204,0.47857182799484277,1.8711934828277983,1.7896385102252623,0.5560627466899251,0.8747075206342692
248,0.00942332770764026,3.9893207486060206e-05,2.9403465785847134,0.6913137521334155,2.391878958642296,12.80175697218602,0.9978029049394328,14.030796153588623,0.632301439308282,0.24613728194518297,1.1385076595245671,1.1451192704605564,0.27897862134800644,1.488276053350416,2.7050095446801956,1.1225639397461062,1.8678698713188804,0.21921611583495948,0.06811314955138119,0.8430507927643737
249,0.00940052413118385,3.9796669634971554e-05,2.7892209192391255,0.6557821425718916,2.3610873479727372,14.535263330801659,1.1329169899916427,14.010390371417294,1.6807463363972386,0.6542675837219494,1.1221334899451583,2.494685162642741,0.6077653614994086,1.457684011133862,1.090705051198735,0.45263653940983994,1.8574849763864487,1.9249290256164864,0.5980991776002491,0.8073556720643372
250,0.009167081447032769,3.8808401188423606e-05,2.5197123052391532,0.592417159500312,2.352744412122924,13.079452873422264,1.0194472602841964,13.988856573489294,0.7233600199466718,0.28158384294089817,1.1077167835413981,1.1856922187584873,0.28886316828749536,1.4494129672024663,2.632861375454898,1.092622850166478,1.8484829525787136,0.267016335270932,0.08296526698184618,0.7665495034861598
251,0.00902757810792919,3.821782046953964e-05,2.6945695520546273,0.6335283741660024,2.3297766887316866,12.543093220749553,0.9776419658475102,13.963473248032187,0.2643984400096664,0.10292292461918076,1.098649851345305,1.0794347793649126,0.2629762980595003,1.4297240523832804,2.278405737249316,0.9455257286528752,1.8457618397045799,0.28882137344834424,0.08974036114266884,0.7496725910560228
252,0.008972693816991494,3.7985470446911485e-05,3.054267772321039,0.7180981075774205,2.3073687875214204,15.177655299993107,1.1829867245102428,13.947128198002492,2.031586797169789,0.790839971577686,1.0855915720992364,2.9312745066189403,0.7141290359389489,1.4085737662729454,1.21807812991171,0.5054956597552112,1.8390736207549827,2.528076020590076,0.7855043841637652,0.6747926391443031
253,0.00893036576312734,3.780627665384041e-05,2.5465391947126546,0.598724510393934,2.293042298662763,12.380919730492199,0.9650017337266747,13.934964133372262,0.22166339154728995,0.08628736439677778,1.0627074233259564,0.6806887660130594,0.16583216998262895,1.381442889121463,2.2444335316411737,0.9314274519779033,1.8271944293718874,0.13858576034537426,0.043060304139331824,0.6402815733076167
254,0.008889659851237105,3.763395012128972e-05,2.695794874825373,0.6338164634981879,2.278976672411004,14.101997431658205,1.099147096240667,13.908927141339182,1.3220829583177085,0.5146499527541168,1.0524818195343069,1.8448699895936345,0.44945474199918395,1.3675544925534695,1.3509821371973498,0.5606500847442185,1.822133416229229,1.2651429795836233,0.39309551966122797,0.5852179868889673
255,0.008878717469874108,3.758762607275306e-05,2.716461390132301,0.6386754302419083,2.25613991816618,12.948223049609508,1.0092188596279779,13.904575709202948,0.7997602896162062,0.3113243330731209,1.038781963404988,1.3788087462418903,0.3359110033790889,1.3597257764361241,1.8753706494080509,0.7782684053089391,1.8190109602501634,0.6552186088992425,0.20358449891704924,0.537838489154957
256,0.00883819983554917,3.7416096604276806e-05,2.4959861527969864,0.5868388322419048,2.224344823521138,12.941108321807059,1.0086643188657558,13.876778357577248,0.6576463683116585,0.2560033545937116,1.0329892357099693,1.037918216585826,0.25286186391626975,1.336928147187893,2.617012618207529,1.0860457039191846,1.8107281360408543,0.3435532831795089,0.10674624019746504,0.534512706362685
257,0.008600810887617074,3.6411121838613675e-05,2.404331605042032,0.5652896550904593,2.2233845483567234,12.818671513457264,0.9991212691649711,13.85665422469295,0.5948600318066521,0.23156238822877,1.021897088158535,1.1765664382496963,0.28663990846579745,1.3244514990210796,2.665928398830986,1.106345481241751,1.8073112371934168,0.24381496696269375,0.07575631583627677,0.4812226442542591
258,0.008455648294245806,3.579658293725728e-05,2.4893182156813065,0.5852711134362363,2.21108080847085,13.177603564811314,1.027097385591417,13.817285825834677,0.31940344284564154,0.12433483522030957,0.9908966821275563,0.7389857069220129,0.18003470820124176,1.3070933038603523,2.6952577273581553,1.1185169897106644,1.805383896752112,0.16464473922981146,0.05115715011779202,0.47310921716389054
259,0.00843139227938206,3.56938962575868e-05,2.466121648971234,0.5798172986765244,2.163918161426937,12.64511576216887,0.9855938734191563,13.812527319808336,0.3976219181893529,0.15478310201543033,0.9881513146220614,1.0844346219101444,0.26419438006738133,1.2816560966385362,2.6082074713622196,1.0823916168745928,1.7973846078738058,0.2656070492197336,0.0825273844329271,0.46870850015519094
260,0.00833143592643707,3.527073581455654e-05,2.2633408723209385,0.532140898694411,2.155684688126804,12.828691244114243,0.9999022335574342,13.78793423053123,0.47735459763919963,0.18582080615771596,0.9583840252864123,1.0592170779641852,0.25805077928682946,1.280068395247606,2.648329079718915,1.099041861541721,1.7836817293629417,0.2810092077893354,0.087313024968841,0.41772377527754234
261,0.008299480893118183,3.513545570821144e-05,2.2633458051657467,0.5321420584704312,2.1347546809421596,12.436853842016685,0.9693613867872349,13.77246247093994,0.18624127323255016,0.0724985235358923,0.950481658961086,0.38428098708716146,0.09362009945453982,1.2537685267378358,2.3690093549737696,0.9831257268739674,1.780133029187425,0.1112602421625259,0.03456992878773773,0.404506030369892
262,0.00814277260687088,3.4472038667861676e-05,2.5071481666756075,0.5894631669893783,2.1240135754938443,14.65658356495911,1.1423730109373025,13.760436395613183,1.5659515726692612,0.6095811899088115,0.944989837705425,2.1743576212927564,0.529725861011679,1.2417128403407287,0.9212001295367821,0.38229293820465704,1.770179003904654,1.7591052289039368,0.5465756797878748,0.39154258426219596
263,0.008085061166499175,3.4227720043221136e-05,2.2670891256139147,0.5330221618307998,2.1011460445183925,12.101465360579189,0.9432203186675506,13.746556906435446,0.14311182065469613,0.05570943281215463,0.9402993559375256,0.3195934726038866,0.07786066366955376,1.2155971384723097,2.422073599096813,1.0051470935118643,1.763897739646035,0.11060636757321804,0.034366761892275964,0.3722846901291239
264,0.008053401493118784,3.409369032905967e-05,2.2122116165650416,0.520119745168553,2.0630376705004214,12.74535085144176,0.9934064622279153,13.728961551015844,0.2367039274924441,0.09214222476304387,0.9256907314418753,0.5580652733009702,0.13595813517755814,1.18790243142953,2.557154357895936,1.0612048582911617,1.7580260763865996,0.16171346569387976,0.0502463672952406,0.3587925723225716
265,0.007992388832654213,3.383539614692948e-05,2.2056873513012576,0.5185858054852959,2.0574273319107577,12.50129302531286,0.9743839477079387,13.700997529425877,0.2691870014931656,0.10478697779809695,0.8996849879773888,0.6673319852419817,0.1625781366419236,1.1766322150385387,2.6390571141368526,1.0951940473136863,1.753912963198414,0.180176990587059,0.05598321208653131,0.33649136247119354
266,0.007764088598428704,3.2868898016370986e-05,2.205720581699828,0.5185936183845262,2.031925381009283,12.43202002270724,0.9689846260848255,13.678928987415217,0.25052547727858715,0.09752256787969557,0.8941528360404115,0.654477286456149,0.15944642255971,1.1354033945236728,2.684485534554206,1.1140465895165181,1.7392661592328105,0.17128731581397397,0.05322108054809029,0.32724247889580926
267,0.00768773856724244,3.2545673808301555e-05,2.7313590289419913,0.6421780590335158,2.0040256423294407,14.898828766985153,1.1612542447253198,13.651473869382917,2.00559541617873,0.7807222532341384,0.8882988744094596,2.6676048844370017,0.649892768516707,1.117315214800892,1.1543806729072765,0.47906156881925516,1.7345497288822556,2.398209808241756,0.7451533510763434,0.311438841537944
268,0.007585353058681849,3.2112229651068026e-05,2.198279764740371,0.5168441854677929,1.989841857062173,12.548354403799014,0.9780520364137283,13.6132064190996,0.11039155212321555,0.04297234657419571,0.8810787190559164,0.17161682020628646,0.041809988825026616,1.088552984135925,2.6646450911384623,1.1058129156757406,1.727647952879779,0.07345060363993863,0.02282200800479888,0.2998548407717734
269,0.007528625757699907,3.187207733349958e-05,2.378999181936557,0.5593336726919126,1.9736702155882677,12.717961205871308,0.9912716405800089,13.606509538692025,0.17605429835333214,0.06853301886970399,0.869393542951868,0.3102696820738595,0.07558916383988239,1.056879076863445,2.632714488808348,1.0925618930238419,1.7216312874615791,0.1164862377115907,0.036193710027691325,0.297337096298624
270,0.007278840579033743,3.0814623717470426e-05,2.132862479857528,0.5014637303214113,1.9496985137571599,12.21183655788161,0.9518229426299701,13.583924591820981,0.08416385484489271,0.03276263690339424,0.855435127991058,0.14170818652045242,0.03452352565274876,1.037942296076874,2.9082245008919556,1.2068970180929244,1.7081517598879556,0.13684069406258928,0.0425180905331666,0.27990310401767354
271,0.0072675706784525234,3.0766913131976374e-05,2.372021810913851,0.557693201947115,1.9445177378794312,13.910328889225681,1.08420794149494,13.561368930369245,1.4330164490473132,0.5578332608844079,0.8406865376407895,1.8140725409549592,0.44195174210748,1.014162701032285,0.836086210438859,0.3469711344285111,1.7017316095049466,1.4980708317210538,0.4654690747116394,0.272242318156454
272,0.007228705870394986,3.0602380824510486e-05,1.9323727535432744,0.45432598609357894,1.9179291017121993,12.319605058357817,0.9602227054960953,13.548048855080374,0.16802594241626728,0.06540780423948049,0.8382132126879221,0.2948121040583337,0.07182332571682272,0.9992583994382045,2.6463122614927865,1.0982048931775512,1.6929448006565981,0.10829500501898247,0.033648593053618885,0.2590344738196448
273,0.00718653919364205,3.0423870213727138e-05,2.1387384648159764,0.5028452508668769,1.9072961796572325,13.698707301581521,1.0677135934645867,13.533338353177477,1.3937717104359704,0.5425563807574033,0.8254615719048004,1.8229633828409504,0.4441177652248618,0.985506680909506,0.8330947814874253,0.34572970802548925,1.6843929176673216,1.3628282760348975,0.4234475454728976,0.2425251717235409
274,0.007184952254001667,3.041715198060336e-05,2.4514889020980957,0.57637694942703,1.8803227177008126,13.872522874570835,1.0812612404031485,13.50558745072704,1.5311113417243845,0.5960188615413547,0.8075073575835545,2.218974048254786,0.5405954966945498,0.9315607589279484,1.0067140376731916,0.41778073521057985,1.6756109991441588,1.707913365828822,0.5306697368686314,0.23540073149955854
275,0.007112688706128802,3.0111227704338017e-05,2.0297533337252687,0.47722142799857603,1.8724054695557564,12.192801356926024,0.95033928856195,13.492521043268985,0.16676927619803777,0.06491861919570498,0.8017154909132871,0.39129692468620025,0.09532935075205425,0.9135453474673613,2.537866956126307,1.053200693662404,1.671228528741797,0.19581698256612728,0.060842750394630433,0.23018846250423547
276,0.0070723745592828945,2.994055969037907e-05,1.9628901184275465,0.4615010157914472,1.862265527069836,12.819020256271981,0.9991484511052593,13.469647573293543,0.1522786688163677,0.059277830652568156,0.793618196636185,0.48783415259350094,0.11884814346218417,0.8166141489622927,2.5464777520876893,1.056774126169424,1.6687373535844598,0.2058001722058076,0.06394465048230137,0.22230543369659495
277,0.0069823690633875534,2.9559525725092328e-05,2.262419456194426,0.531924261769929,1.8432009402027727,13.772661426796166,1.0734777742041328,13.449480333125704,1.4132609682215895,0.55014300422568,0.7782887831130079,2.0186065729564473,0.4917811561593236,0.7586764451774987,0.9622480897770265,0.39932761375929654,1.6576265750196217,1.5458931328072394,0.48032805318303456,0.2071745351281713
278,0.006929457046372411,2.9335525229855427e-05,2.094782398350679,0.49251060750936604,1.8340142305191922,13.909234245110492,1.0841226220282147,13.433417942582444,1.3895855784546847,0.5409268365500318,0.7617451230614024,1.9215131167422437,0.46812685284325295,0.7206948443417599,0.9887882859041086,0.4103416477706161,1.6489996842179822,1.5650582123520096,0.4862828796529089,0.20368094626070354
279,0.00691549192446433,2.9276404553685425e-05,2.0245202998604266,0.4759910736238593,1.8089033640029952,12.113140048618025,0.9441302748294057,13.402433018772442,0.13728550123930985,0.05344140946838926,0.742570686548135,0.2219183945608411,0.05406466327428631,0.660166830641737,2.729788817077665,1.1328472001882923,1.6412205015976773,0.17963103720145643,0.05581357763944701,0.1933526485927943
280,0.006906518146048304,2.9238414491640338e-05,2.1877012171431556,0.5143570312374665,1.788217884717944,13.414485311448571,1.045560577435733,13.387968733923682,1.2593619763604162,0.4902344270884005,0.7276989085938737,1.5922999256879289,0.38792259417858826,0.6346408556603135,0.90213072536013,0.3743792413664138,1.6336010176192948,1.3359843363452766,0.4151068024957527,0.18444166643961607
281,0.006878759874043017,2.9120901173742714e-05,1.8385728003156812,0.43227239619094965,1.7492874853890164,12.621462205300457,0.9837502524375417,13.351721536070414,0.14501042518192792,0.05644850650196448,0.7249535954358141,0.3286651716112428,0.08007074793556951,0.6129963236184404,2.570051366135268,1.0665570450915947,1.6285141167705746,0.1425754466659715,0.04429994886154071,0.1719541304777242
282,0.006762652264902146,2.862936515951584e-05,2.0922939894354746,0.49192555018430734,1.712450396531235,13.483098752371754,1.0509084910713216,13.328435234635084,1.2324649604082207,0.4797641703606092,0.7089152972227913,1.556851963606471,0.37928661725794477,0.5523757789846527,0.7501297492318607,0.311299680355853,1.623209678821485,1.1114459738493854,0.3453399652974364,0.16369005451058155
283,0.00674825131073327,2.8568399408299272e-05,1.9018081851232305,0.44713985823005015,1.6923545337022237,12.866175517775222,1.0028238573024977,13.311232297569218,0.14486251494048652,0.05639092917802217,0.7003957395874282,0.31830653389781255,0.07754713441959578,0.48683185816951385,2.6119214585698423,1.083932900941466,1.6098455586882636,0.1468831038387898,0.045638391047283795,0.15900388853793143
284,0.006604001367257012,2.795772416665559e-05,1.925285815180813,0.45265975464107794,1.6860447785150732,14.064037583566334,1.0961884049626323,13.289954372430616,1.176008183285515,0.4577871245965355,0.6821026042070925,1.646920833159556,0.40122956215676486,0.43038784230390004,0.777703914133595,0.32274280566688,1.608276079838014,1.2005417824718156,0.3730231313547607,0.14924616398970197
285,0.006591382539356851,2.7904302961825382e-05,1.7913095308323017,0.4211601863573814,1.67999104027095,12.717905792378156,0.9912673215053257,13.285271131453268,0.06921250977572863,0.026942496052893474,0.6693471995111762,0.20404799960162875,0.04971100485872204,0.4105759472339336,2.501059289207822,1.037925716289353,1.5980573152764495,0.09336561667741725,0.029009848055576586,0.14765541686570313
286,0.006546721284527581,2.7715231673977957e-05,2.1304615979088344,0.500899251725429,1.6522802990071892,13.392743355369713,1.0438659516916509,13.258539781599618,1.3000102399706133,0.5060576602788079,0.6480205154919517,1.7398234539748105,0.42386287708144726,0.37687908484203014,0.9091476643406821,0.37729123207729975,1.5936804422461894,1.3972395510507956,0.43413955282137273,0.14360959355836617
287,0.006496266489019287,2.7501633708553582e-05,1.7024745209632668,0.40027391926197947,1.6422872922400138,11.940626204091215,0.9306840880610494,13.234890802876148,0.0437635219269942,0.017035916203579766,0.6386466424916146,0.07777400665265809,0.01894762031551769,0.35929652966519793,2.8038883969484405,1.1635981143493375,1.587356579965322,0.07997017980599018,0.024847720688916566,0.1341384536684877
288,0.00637860961948616,2.7003538974499094e-05,1.693717679056741,0.3982150717508288,1.6237690911332114,12.34884883027295,0.9625020426708052,13.209692877789802,0.06766004488197244,0.026338164850227715,0.6236949738348587,0.1525249376121944,0.03715874661608567,0.28511908984209017,2.4692653247161878,1.0247313975816545,1.57963039090582,0.07537620673497851,0.02342031662407849,0.1314082905004361
289,0.006266648496386606,2.652955691075727e-05,2.49434101529571,0.5864520390022689,1.6089171231801989,13.580497869416238,1.0585000366799964,13.19999972068158,1.5315582890500692,0.5961928456462099,0.6018554779852738,1.8005162914484902,0.4386491133809166,0.2771484444950619,0.9494655163379685,0.3940229167655049,1.5734447637667615,1.8265302946314808,0.5675254788841669,0.1266520042557322
290,0.006218971383243759,2.6327718130874676e-05,1.710188041974222,0.4020874684507319,1.5841188426317143,11.474124251591544,0.8943236881272422,13.187801158293206,0.03800632336034971,0.014794799674788058,0.5799581218581772,0.06924963556437135,0.016870878306702673,0.2571564447491162,2.8827680281788584,1.196332723280341,1.5666677135457492,0.08534481013608369,0.02651768458761396,0.12346403638844508
291,0.006189406170420628,2.6202555215382897e-05,2.0524268862060793,0.48255227530544276,1.5676677638231142,13.29248399971401,1.0360514714966302,13.176796865004542,1.2423134632247999,0.4835979173107255,0.5657457385277507,1.6099395514938022,0.39222003167297087,0.24984021568294443,0.857883730256324,0.3560169841080841,1.5591489474508453,1.4348403126428384,0.4458225729670851,0.11924238184200361
292,0.006180800023808715,2.6166121505010483e-05,1.9264438915164401,0.45293203346108857,1.560737595975687,13.5989157054304,1.0599355716864456,13.12196939644932,1.1778061023085906,0.458487004233029,0.54294826862942,1.3563446112797855,0.33043819931127943,0.23797557149729137,0.714817628090158,0.2966453461751919,1.5493672417459836,1.2783287638666385,0.3971925053842002,0.11471229740550312
293,0.006117486247000538,2.5898085656815708e-05,2.4277811342131126,0.5708029446173096,1.5318973992448102,13.958956662696906,1.087998119181936,13.089102795134359,1.4286715374239105,0.5561419081991343,0.5264437339846165,2.0144388388859036,0.49076579580766544,0.2197034553242735,1.022315585535405,0.4242552909358219,1.5403869078104133,1.4465622647794685,0.44946472799695303,0.1146664798923545
294,0.005909039192115919,2.5015635012164122e-05,1.6505346948385529,0.3880621900920405,1.5246278903679402,12.252278571171699,0.9549751004494105,13.084963081360465,0.062011910749439146,0.024139504058051736,0.5166936840261814,0.11535932879658495,0.028104309601181567,0.21134507694544577,2.5790684905102106,1.0702991016338435,1.537647665623657,0.1594393847461407,0.0495397823113067,0.11220312911827401
295,0.005825502251378076,2.4661985365988335e-05,1.5066756765527574,0.35423906242616776,1.5013846790776564,11.983261524550825,0.9340071980607199,13.063170292865813,0.05036126520505162,0.019604233301212352,0.4891024317349444,0.13070278680794625,0.03184234534395535,0.19972072276482566,2.5397607794971075,1.0539866198446204,1.5230078739007358,0.1261917566897688,0.03920933441788039,0.11102185041098107
296,0.005754071360102978,2.4359586101634905e-05,1.4938328276615713,0.3512195414895162,1.4954343019879655,11.82600642406923,0.9217503182888269,13.04650674276,0.05176666389896069,0.020151315741743434,0.47734433452743896,0.1231744989062565,0.03000827317863445,0.19227013897566736,2.5587901164960623,1.061883689026618,1.5176780137368169,0.11578830467620903,0.03597685362990901,0.10947725492180785
297,0.005724369435315088,2.4233844422574124e-05,1.5302850428689923,0.35978993174628193,1.4702356843042694,11.92226785873708,0.9292531899144875,13.035572475784594,0.02931112269345515,0.011410001024861378,0.4674356009753304,0.053490102144582774,0.013031476578031923,0.18058502366742252,2.4123001277788916,1.0010911571883794,1.5028825630571399,0.07064081146916687,0.02194897093995022,0.10718817422678178
298,0.005706427989352828,2.415789016855916e-05,1.4656996724856115,0.3446050705269109,1.4282746588058002,11.821263949985557,0.9213806772756776,13.029328426671873,0.04193379973907711,0.016323656483688272,0.4652903809898607,0.06840229396369887,0.016664445494274895,0.1757538993565824,2.331081831227707,0.9673860151361932,1.499878866477867,0.08725130459943913,0.027110055919469755,0.1056549207972533
299,0.005653936897431274,2.3935671639588913e-05,1.7838908588819138,0.4194159600205194,1.416118459474334,13.242728788778546,1.0321734183422746,13.019514694336399,1.0700288638692603,0.4165323369242918,0.44601982459013273,0.9175830846235893,0.22354532887878556,0.17443742112591412,0.6292955267241883,0.26115414902449974,1.4965764530038383,0.45363282909748803,0.14094931210712489,0.10354835676043128
300,0.005566110852857498,2.3563864277310623e-05,1.3707017456079176,0.3222698214263354,1.4000961996227843,12.106091720331907,0.9435809094216625,12.991724691898426,0.04007664290029217,0.015600717220819436,0.4185524630132791,0.07250424030780588,0.017663778372030255,0.16882947720654415,2.5286732701652537,1.0493853650423903,1.479891635287552,0.07130921517009466,0.022156652209498244,0.10136733796371808
301,0.005537616847259153,2.3443236266409326e-05,2.121076348916637,0.49869265752909947,1.3919934998191283,14.296132449706644,1.1142784946401263,12.973378142404725,1.3835277559736607,0.538568695531696,0.4027837223988762,0.6125560988557767,0.1492334120692662,0.1631987849230086,0.722739922347507,0.29993305429838407,1.4781447004477917,1.340459756495755,0.41649737070673365,0.10022388618280546
302,0.005515966103610565,2.3351578877915838e-05,1.4044801481011933,0.33021156351169834,1.3771571292639928,11.818106524924039,0.9211345791888793,12.936751294865557,0.03447668620658229,0.013420810559356884,0.3923067935814316,0.05169947246870814,0.012595236082210541,0.152108975149227,2.5698667311807837,1.0664804226107873,1.4722188119040298,0.059075858821360475,0.018355597586652915,0.09922614907383016
303,0.005422848383109166,2.2957369458500293e-05,1.5242734384761714,0.3583765253065747,1.3656697809109393,13.342451986371483,1.0399461089553108,12.922992949557873,0.9869587573318435,0.3841954656744263,0.3851961839686519,0.2614105748319452,0.06368590910453807,0.14991592604097023,0.502544951459188,0.20855336415318937,1.4640515562569203,0.517759453962197,0.16087424496618377,0.09594193998243404
304,0.005320776775225425,2.2525254184780122e-05,1.6136729410045516,0.37939551197361693,1.3445798546337797,13.167143577676065,1.0262821064409178,12.904210381121645,0.9350985470570575,0.3640077349425373,0.38330412240272227,0.3397967287632719,0.08278266323368567,0.1449291787082981,0.48015560401791024,0.19926190929623558,1.4619224597353981,0.4005507388759551,0.12445605231193156,0.0950130853568174
305,0.005225817578871442,2.2123248965351368e-05,1.5495365200898983,0.36431620461786346,1.315315695680708,13.717526702827776,1.0691804275306864,12.890707518751675,0.8806962509299769,0.34283044122176815,0.37242506854938034,0.14446097023233412,0.0351941700341861,0.1393370984972265,0.3368266791754791,0.13978120141218436,1.45191832204684,0.2786177441437727,0.08656996773367158,0.0936185868706365
306,0.005018296590217711,2.1244718777829243e-05,1.592018690944347,0.3743043159330601,1.2957555596774748,13.449421683282992,1.0482836109521612,12.864869924094917,0.8267448209955628,0.3218286571112654,0.36147580650521816,0.2335157541011865,0.0568900592477044,0.13558473783940614,0.2019172119450359,0.08379452168268298,1.4491903385809162,0.25060931354459504,0.07786740307579967,0.0908977518988071
307,0.004976531540454308,2.1067908435711333e-05,0.12776381132345682,0.030038935014048036,1.2864106372468331,11.970188298200584,0.9329882361121732,12.837853078904452,0.0323094706951716,0.012577174119193747,0.3505380211861146,0.04707431316412476,0.011468435931699914,0.13299032577855546,2.500866893953108,1.0378458733270444,1.4396501593961304,0.0683026453869723,0.021222473914738863,0.08917957838909576
308,0.004882324891925951,2.0669089091536237e-05,0.26737717724399346,0.06286385454749922,1.2657029203602856,12.121455276511503,0.9447783857539743,12.80225321483147,0.03649515049580478,0.014206542305272478,0.3390939246994198,0.05218661862890159,0.012713916614161666,0.13102396685561643,2.3666239589351603,0.9821358007643822,1.426177794869811,0.08237958885547815,0.02559635378230547,0.0882870666094935
309,0.004870560508919953,2.0619285138329428e-05,0.26589868445264925,0.06251624164821361,1.2526797250846113,11.726142251434702,0.913966639707004,12.796848876074181,0.036829363825317596,0.01433664221554016,0.3280275586286934,0.04497522439413307,0.01095704737485217,0.12960696101261648,2.4373287506239274,1.0114778966816274,1.4197412293279916,0.07792577165876134,0.024212497875366227,0.08630357000071254
310,0.004853729928507368,2.0548033680527985e-05,1.383953953341229,0.32538558795497935,1.2499706771289403,12.875409983385536,1.003543616053703,12.773914840998941,0.7446382975883111,0.2898668818486027,0.3101790316336884,0.1402137438131351,0.03415944343273399,0.12675742991310016,0.4961445584402928,0.2058972365926251,1.4124706467120132,0.27446248156337305,0.08527887642641978,0.08492929792575157
311,0.004845781993914535,2.0514386479280762e-05,0.2727211641307955,0.0641202954218417,1.2126496187853404,12.091838599967753,0.9424699834030931,12.73880086737638,0.09795251615968645,0.03813017745715108,0.29726686944517544,0.060469452282770675,0.014731814289293719,0.12463193897329175,2.1211582616443474,0.8802688994940292,1.4097118244682645,0.09810311750655938,0.030481847964187733,0.0837393299579263
312,0.004827989958988906,2.0439064749748645e-05,0.08786526317754541,0.02065826702602396,1.2001040471181208,11.47883110499753,0.8946905527702612,12.736311330532338,0.03751846537868249,0.014604890194723934,0.29013897628731233,0.04479718905266942,0.010913673679732382,0.12396512269619168,2.3765661539841663,0.9862617564993206,1.4027509774021225,0.045522444461438896,0.014144384666868327,0.08271639832536846
313,0.004801673307631705,2.0327654463966064e-05,1.4214135850992586,0.3341928349553123,1.1701291630741493,13.16600369603247,1.0261932610412015,12.713462750907684,0.7505190112768512,0.2921560793629695,0.2597849938183758,0.24704684066060048,0.06018655767460418,0.12215514531676935,0.29331172458450677,0.12172273690155731,1.3987858556657045,0.3282533796351055,0.10199237155841735,0.08201227905813505
314,0.00478435228574085,2.0254326745605785e-05,1.7256755624206312,0.4057287860930228,1.1380219661302138,13.384605260267783,1.0432316469668368,12.683350611865707,0.9880904591013221,0.3846360055501804,0.2577117706042386,0.918735929766741,0.22382618970871015,0.12018346647926015,0.7913774740392746,0.32841725709654723,1.3918011539164745,0.7457797865698333,0.2317229732018055,0.08122485415918054
315,0.004770042051581282,2.0193745053212886e-05,0.2285413049048757,0.05373303547342512,1.1289334779299738,11.42146408467307,0.8902192149959361,12.666894223992326,0.05857225626905155,0.022800542682984558,0.24069332172029018,0.05325846929384801,0.012975045239372412,0.11805999178175537,2.466096163273851,1.0234162131818816,1.3866338013726938,0.08796013857466928,0.02733029937364308,0.08068085740248764
316,0.004728602255611282,2.001831165748466e-05,1.3600624295852242,0.31976837974821815,1.112561523511206,12.201088939344883,0.9509852447248759,12.65288447055991,0.8665331143813539,0.3373171279234302,0.22620505847788117,0.5191964321402913,0.12648874976057914,0.11609754397477845,0.5261563498974164,0.21835196338765767,1.3761943682635844,0.1513436568811384,0.0470243398644962,0.08024219009264617
317,0.004664513291022644,1.9746994088869446e-05,1.4920870974839047,0.35080909760234824,1.0875157896821472,12.715696974196828,0.9910951603556802,12.650012591439657,0.9168288934016493,0.3568958692827952,0.2088797132515004,0.6092557687304903,0.14842937220014812,0.11428035372856367,0.6161548142514893,0.25570082632054314,1.3688874635127937,0.7141079156087067,0.22188213246283625,0.07971916587257229
318,0.004465510188398399,1.8904523964762224e-05,1.7952183238755122,0.42207919447863335,1.0359160451978109,13.22914863922545,1.0311149454542927,12.623727285209265,0.9304495150172346,0.3621979966771778,0.2015688375099874,0.18685348464712087,0.045522007083121756,0.11392893183089411,0.37244588123869127,0.15456297247000864,1.3625650277039292,0.5037544440089295,0.1565227157285539,0.0776066110465123
319,0.004461767156735862,1.8888678019107655e-05,1.3544272712828955,0.3184434806842025,0.9957301335642457,12.36235221958509,0.9635545326619411,12.609178908615483,0.8786395352004654,0.3420298192590067,0.17910062517515934,0.24220087549920188,0.05900596390179681,0.11153020874402039,0.44065325537781863,0.1828686539726622,1.353245479558792,0.3849669837304487,0.1196139874812732,0.07715586973257585
320,0.004408222532965183,1.8661999413405037e-05,1.3621843651775636,0.3202672744250598,0.9795453405401129,12.488380967569805,0.9733775476682599,12.578132229617394,0.7216021136260651,0.2808995391314023,0.16942420401892158,0.13332371997479942,0.032480867758515615,0.1084193688107266,0.153118728433026,0.06354342201000007,1.3488745462557126,0.17833317105938118,0.05541031462980861,0.07586051228114706
321,0.004337545721965012,1.8362792511856143e-05,1.3072886023183612,0.30736056605441325,0.9664242701201144,12.211090914495234,0.9517648252060422,12.564204154757519,0.7654948980478894,0.29798577361224193,0.15430316573948244,0.3649532652695262,0.08891140113326097,0.1081057182664036,0.22805327360952293,0.09464084213624072,1.336640955910857,0.13670647047503381,0.04247638560988728,0.07531746386545411
322,0.004252816563679885,1.8004095669672965e-05,0.052409761759083524,0.012322217154254618,0.9209446280882001,11.280131101460313,0.8792033472896642,12.539578337660165,0.03516537308021571,0.013688897115308575,0.14613525208731884,0.04128444704152916,0.010057885161716266,0.10631640791543015,2.620970834907342,1.0876883418690764,1.3313030260224186,0.07145624528840862,0.022202336279755267,0.07443075542355737
323,0.004157468816376722,1.7600445538370673e-05,0.0565913870175389,0.013305371680490804,0.8827605675185789,12.046251496954119,0.9389168036392836,12.53766152091151,0.0274837787445895,0.010698667086977556,0.1392439202506031,0.04054304627995538,0.009877262088062963,0.1056192102157706,2.4519990752018725,1.0175659999151112,1.3226309973294867,0.06458953458006013,0.02006876461408477,0.07359413241592197
324,0.004137681451076488,1.751667667305946e-05,1.0437940295850006,0.24540956236328743,0.8645664020033136,12.850221013758395,1.0015803209278074,12.518531646741636,0.5622177120531856,0.21885564527197193,0.13300141563065218,0.06955091501999665,0.016944277234953196,0.10525549783366386,0.04318597943553307,0.01792194164796481,1.3199673256896123,0.14409318693472337,0.044771529472810545,0.07305834474786563
325,0.004124572314865464,1.746117977142827e-05,1.0688364301108362,0.2512973566784311,0.8542121341508296,12.224073259758956,0.9527767036415736,12.503502454975969,0.5192886722956532,0.2021445696590569,0.1300102706210489,0.07165731665732882,0.017457447382331615,0.10359621648966008,0.04867152777435389,0.020198413746558622,1.317232398100357,0.11816195046717472,0.03671437463800758,0.07221611502243301
326,0.004089321819030353,1.731194848201907e-05,0.0542317816927863,0.012750597756053002,0.77964140579581,11.553511255223821,0.9005113218255562,12.491635769728743,0.034826624035149335,0.013557031577717238,0.12067011872736812,0.043392166868695105,0.010571376451871678,0.10268907565253581,2.3156767856034013,0.9609930067484783,1.3099420069212582,0.05231650411925945,0.016255382755542325,0.07081856180991408
327,0.0040604917572280835,1.7189897793239418e-05,1.4477357966765296,0.3403815295066504,0.7737886123697817,12.801831386805995,0.9978087050123559,12.479166578922674,0.9014326026064852,0.35090252349426587,0.11762549533660091,0.2125605023515391,0.051784855454595755,0.10102217048605187,0.44309028384407356,0.1838800072529982,1.3040026678667762,0.27175360503145896,0.08443719509459012,0.07045842540363484
328,0.004054287661855531,1.7163633051988842e-05,0.06040466287908925,0.014201922469084248,0.7640145158766919,11.437335605242541,0.8914562834205618,12.459031041277859,0.05701379278564282,0.02219387639698545,0.11476455982618868,0.04578568560804904,0.011154495237224947,0.1001586398459293,2.2343063495080067,0.9272247276302972,1.2920873509083088,0.059113060354705114,0.018367156561660717,0.07004107164156974
329,0.004041099554238917,1.7107801828686324e-05,1.0826009580634435,0.254533576358984,0.7466603945342684,12.403958132656287,0.9667974079184622,12.437152572740139,0.6148405728698679,0.23934025454910315,0.1038655433670407,0.12249867662409675,0.029843626601271937,0.09893024034844809,0.17700297550515323,0.07345525191236975,1.2867128489166249,0.18964453338043125,0.058924894342477135,0.06937675766564079
330,0.0040388188232027035,1.7098146462846315e-05,0.11180523081770037,0.026286865020493766,0.7373059293271694,11.6451252636059,0.9076519607156236,12.416167737228616,0.0768481477778303,0.029914836564739655,0.099096588433361,0.04914376002894678,0.011972603006863012,0.09757583508523925,2.3045369207292725,0.956370024686942,1.2740734193181886,0.05696408638535499,0.017699443858154147,0.06829373555746412
331,0.004020862652864194,1.7022129873888212e-05,1.3899570748682901,0.3267969999625336,0.7193724489951608,13.299275801297423,1.0365808425325298,12.398680472313389,0.6941164982781598,0.27020015710607403,0.09754809927737361,0.12247591084858948,0.029838080310305774,0.09665187279591055,0.07710081882616757,0.031996411661233536,1.2694919040281873,0.1994421769038575,0.061969142964529524,0.06791408556864677
332,0.004009202121592979,1.697276557203727e-05,1.058159418145707,0.24878705219359734,0.6991522073155358,12.623847404944092,0.9839361612263471,12.390683946493487,0.7701134415324079,0.2997836435349621,0.09670668005179944,0.20811890955661314,0.050702776524931666,0.09551521126534877,0.1380420229544034,0.05728667295942501,1.2619972123243928,0.15316609645886123,0.047590594307209,0.0672492971062608
333,0.003935151747694576,1.6659276853189663e-05,0.9627114785062045,0.22634599923536114,0.6746063777702461,12.231263058838667,0.9533370956583299,12.358451110756015,0.3697762617012868,0.14394356603485475,0.09354158956190083,0.06741123714054668,0.01642300019391825,0.09514509349641419,0.03221126667925944,0.01336749679822551,1.2556830681292388,0.11312913783209105,0.035150617710868075,0.06647949584437603
334,0.003911693206826856,1.65599662415681e-05,0.9215245561826939,0.216662417708724,0.6685129495163699,12.125576728351046,0.9450996226456759,12.329622135925181,0.4480662333475099,0.1744196643427246,0.08799883740494074,0.06286811979308773,0.015316187439202699,0.09406498095240706,0.0375958885329821,0.015602084965962461,1.2522071356716125,0.12809915765716373,0.039801987411716075,0.06604883627876172
335,0.0037214942350253803,1.575476798452779e-05,0.8398528997164667,0.1974603482364255,0.6528190027792788,12.348625735295618,0.9624846540563406,12.32311181874459,0.2873510082488362,0.11185771807185889,0.08377916315377283,0.07694019375802762,0.018744483421565462,0.09254749540297602,0.030944915020540285,0.012841967892084862,1.2386091816026217,0.10969930753815585,0.03408492715770387,0.06487231453304368
336,0.0035922307578132025,1.5207537231572649e-05,0.030891933946572428,0.007263095759800526,0.6377034735236611,11.240478643174216,0.8761127294821383,12.307072534698309,0.048258759510696476,0.018785786584644734,0.08160857843624014,0.03928751531118965,0.009571384519008418,0.08998431964283478,2.350366368719807,0.9753889911056819,1.2360511528193807,0.041322394137533906,0.012839377255593662,0.06444594651448154
337,0.003564533416652824,1.509028186149491e-05,0.8196741125978707,0.19271605273804496,0.6222391263100667,12.167609144810925,0.9483757407079397,12.294900258870138,0.2919814471373201,0.1136602185429499,0.07835138147178357,0.068422856676896,0.016669455066226822,0.08967654066959499,0.03148882876445623,0.013067689075380917,1.2240118247959264,0.08765300888139936,0.027234870391838143,0.06410505306343728
338,0.003536995272131393,1.4973700442779753e-05,0.029339981172691123,0.006898211462466379,0.5993811013967651,11.34481729469043,0.8842451608200035,12.283933145964566,0.14682262359643752,0.05715394470653464,0.07571760147970538,0.04567516266657404,0.01112756918800422,0.08920935195812926,2.4805114668630797,1.0293984841212152,1.211520094190698,0.04287002955045985,0.013320246656687336,0.06348555516024128
339,0.0035298284601526283,1.4943360086787394e-05,0.7736149414826665,0.1818869421033615,0.5924325619051285,12.699443841870696,0.9898283480982211,12.278176476194757,0.234008434466441,0.09109294464809047,0.07469008877707646,0.07954103388805893,0.019378110688645582,0.08888107188169682,0.03355508271267686,0.013925172989695433,1.200050166629967,0.09821000139803174,0.030515058106867072,0.06313033033566151
340,0.003421501834019372,1.4484764492250757e-05,0.03857550347941337,0.00906960296620032,0.5810959155074419,11.298091836396233,0.8806032546252623,12.270107715378003,0.13282812030370542,0.05170627562260176,0.07429370977447053,0.03878094062128285,0.009447970729505815,0.0874970811861661,2.292848461635131,0.9515193790705206,1.1954846268994463,0.047466830489069925,0.014748529374848449,0.062041221526768504
341,0.003400404029895373,1.4395447946808265e-05,0.634083792950388,0.14908135294803013,0.5626709278954886,12.263781124262612,0.9558716399567039,12.234436748788198,0.4201704055384535,0.163560598068823,0.07328944141641741,0.06742389411745957,0.01642608373819235,0.08601599267192733,0.3135265410525589,0.13011177348009695,1.1892524599890317,0.07888236900338925,0.024509724462685883,0.06147989667559899
342,0.0033968968470680207,1.4380600455925646e-05,0.11813891758890399,0.027775997219578304,0.5506169957182043,11.487814277161451,0.8953907250435051,12.216678528510277,0.15264934817797932,0.05942212577016281,0.07241418769556235,0.04473785315536127,0.010899218026723575,0.08542326862103444,2.0180450283517906,0.8374774802798183,1.1784880859867468,0.04151197821075435,0.012898283364219115,0.060896221083516555
343,0.0033612770052851805,1.4229805558098695e-05,0.7891751192824177,0.18554534243513013,0.5393970404304,11.772549977068886,0.9175837809751931,12.207004165006042,0.570588341222223,0.2221140973072731,0.07118976247740623,0.08789491703397549,0.021413317730452523,0.0851349185923388,0.034288136833281545,0.01422938637899436,1.173361664842836,0.08857038037086379,0.027519909022406284,0.06040889822048409
344,0.003293159315605248,1.3941432574352268e-05,0.8279232015504623,0.19465552092082064,0.4959054842815548,12.541076946512856,0.9774848120837806,12.17771284153167,0.576707084083525,0.22449595292735508,0.06818800400537164,0.09062596808361467,0.02207866751218568,0.08408043827426478,0.03447721172774591,0.01430785141023775,1.1680208658848137,0.08883048160239926,0.027600725681412377,0.0599502667490261
345,0.0032542292314320658,1.377662392357051e-05,0.6848384496835331,0.16101443336786378,0.49179967894149623,11.970113748208876,0.932982425488018,12.153172277712605,0.06918187524224145,0.026930570885026643,0.06638522562719928,0.04859652829341622,0.011839284182287831,0.083114674144523,0.024188257980320215,0.01003799274105469,1.1634220635688235,0.07675531522070257,0.023848822631394224,0.05945562533627661
346,0.003231377680628741,1.3679882975377e-05,0.7425843872072528,0.17459125489997024,0.4777739940364365,11.769906796817414,0.9173777644933205,12.125842988128577,0.4023446953933029,0.1566215472125259,0.06611123394548042,0.060772846529317304,0.01480572843152316,0.08199475716889308,0.028910046551359737,0.011997508777284028,1.1448446368384362,0.07139255490863648,0.02218254689362423,0.0586983656455154
347,0.0032104385251375796,1.3591238061339414e-05,0.752606989669056,0.17694769919278752,0.4541310597938576,12.495886127568232,0.9739625197517588,12.118468702662497,0.21015159194705782,0.08180614248623062,0.06469174251410865,0.08810604242514551,0.021464752958275105,0.08144841140983668,0.03674302632054676,0.015248151883864896,1.1381630854194897,0.11210254667271628,0.034831643182465864,0.057832704469660774
348,0.003188368191486537,1.3497804358623784e-05,0.697043530527197,0.16388400673536327,0.43898660518248145,12.476130306109711,0.9724226986097386,12.106259347210026,0.09470713701196516,0.03686684204046191,0.06269136598566595,0.05188207756219799,0.012639723078933976,0.0806113508007762,0.03160459875505424,0.013115732978592148,1.1354918123520124,0.09640494766838333,0.02995420566147303,0.057463023722405845
349,0.003169980762597175,1.3419962057201563e-05,0.9063420789817146,0.21309281970387212,0.4165565553567815,12.330207962133157,0.9610491239487197,12.097322372921944,0.3356303246419882,0.1306515068764233,0.062077564400806674,0.07491401075264785,0.01825085646407634,0.0801029210626072,0.0462355190224694,0.01918748364202372,1.1241543766552557,0.1288729055206097,0.04004240041117655,0.056896204306743914
350,0.0031524102274010104,1.3345578036188117e-05,0.640376852908802,0.15056093325462983,0.3946667743610361,12.06512896329009,0.9403881634525385,12.077029129382234,0.05978787559170186,0.023273749317283092,0.06096027214438094,0.04158285176214162,0.01013058373531264,0.07991359790240611,0.015338334816437208,0.006365323772903833,1.122389694527113,0.0677349776067529,0.021046092537565415,0.056393540571538024
351,0.003085107849112426,1.3060656634251203e-05,0.6840564329436891,0.16083057105360798,0.36137579087731136,11.865451863147321,0.9248248004700028,12.072366633542332,0.4157282663180839,0.1618313973968777,0.06017148413575108,0.08051774972959191,0.01961606218064173,0.07931672095389475,0.03525334320894072,0.014629941664966973,1.1081983139154188,0.08877182537451327,0.027582500468330294,0.05565318729064465
352,0.0030234046999742478,1.279943930132147e-05,0.6576367304280659,0.15461895511372264,0.34052205925551265,12.039034293684802,0.9383542756672788,12.06031421440881,0.39876016404006526,0.1552261893191477,0.058809337106212875,0.07408779775007757,0.018049571086786207,0.07789316437814237,0.2181008103025268,0.09051062513125747,1.1019153552910441,0.08322923165691029,0.025860348274584364,0.05550378379004349
353,0.0030158773636574923,1.2767572682774581e-05,0.0845123525451674,0.019869954094916036,0.27265795832864653,11.540647003156653,0.8995086478870974,12.028168520235388,0.27575250064743995,0.10734274315933724,0.05820845792561429,0.04101068608402139,0.009991190402074584,0.0775913834182032,2.16757799802308,0.8995328323159173,1.0775305793458043,0.05327973007790052,0.016554668934949345,0.05527540641481269
354,0.0029924071541651844,1.2668212672588498e-05,0.5592193952584699,0.13147975861675254,0.25007461351847526,12.127976641766761,0.9452866782649167,12.007107996524464,0.06612628948035802,0.025741116730054046,0.05725192127123965,0.05619957454026622,0.013691569280187079,0.0767712354747363,0.03964146686511173,0.0164509886144138,1.0637192563791626,0.08825849474007083,0.027423002312184662,0.05444509328421052
355,0.0029843504332740353,1.263410492974652e-05,0.027722117216883307,0.006517830588362327,0.24069997283915284,11.279377136509119,0.8791445812608949,11.975852670437236,0.3728596966511427,0.14514386110051614,0.056261864821326835,0.037431762177442526,0.00911927838109774,0.07579274806864708,2.2099339776130904,0.9171103286370955,1.0516847514343524,0.0467839901895877,0.014536362476164053,0.05432410606142871
356,0.0029365215429375683,1.2431623608368544e-05,0.5266653057800212,0.1238258684568158,0.22617519993286053,11.832677088971947,0.9222702476104246,11.955418656210739,0.06723288528711265,0.02617188355605477,0.05603558463196072,0.050678711724968836,0.012346554191720632,0.07523985234734434,0.02651575073830255,0.011003889310724678,1.038986612414086,0.07883265511722623,0.024494277745412817,0.05418284869680228
357,0.002928952499688882,1.2399580425518606e-05,0.6119445232507227,0.14387612247722756,0.2093356388335879,12.331498157069163,0.9611496851652684,11.950720371889593,0.09180500795110046,0.03573712429116054,0.055587827596495006,0.07813588384909115,0.019035782312230548,0.07440809343128793,0.03306571660648903,0.013722088773145884,1.0290974465608858,0.0796085303745937,0.024735351752389903,0.05357829227476773
358,0.0029222944226570268,1.2371393774610284e-05,0.6247854887423236,0.14689520060212236,0.2016915715399602,11.736498574363447,0.9147738389941991,11.942486428594504,0.1136717422891452,0.04424923294755031,0.054794167766311144,0.0923050255520433,0.022487726332336262,0.07418857715070346,0.03934232537720799,0.01632684655810825,1.0172497876938316,0.07706705874294348,0.023945685186736895,0.05265401042691371
359,0.0029107706724846227,1.2322608529004053e-05,0.03204306418065573,0.007533741460927835,0.1743712810331165,11.341529817329869,0.8839889261119539,11.916824880233902,0.3761187667589566,0.14641252602540333,0.05442656402027941,0.04127282347103112,0.010055053380122565,0.07288357462951128,2.2373891198314597,0.9285040601954756,1.0065060300073576,0.035076595338849485,0.010898730574475955,0.051887899002452616
360,0.0028368573210801854,1.2009699888336e-05,0.7818223270618282,0.18381660528023333,0.16460565517405615,12.212908814102375,0.9519065171248027,11.913573958126259,0.49083870300654947,0.1910697915913293,0.05397822815436174,0.06748364494710335,0.016440640478707,0.07271865756527782,0.031945962889348235,0.013257397198681395,1.0021107853836644,0.07650660504210384,0.02377154531295747,0.05174803400508208
361,0.00278387088953872,1.1785384362758367e-05,0.26433111318893376,0.062147685240629406,0.14626580344468262,11.481979066177486,0.8949359132170203,11.89595313048596,0.06583830897654473,0.02562901396694892,0.05324344306396408,0.06104645157924203,0.01487238520832437,0.07190529429705592,0.026757518532491417,0.011104221602742697,0.9794213973975247,0.06687510164507965,0.0207789184762515,0.051606291064884624
362,0.0027731259941430283,1.1739896361625943e-05,0.6174183320599094,0.14516308617528292,0.14441096278483986,11.562667978282573,0.9012250211160207,11.885554108723834,0.3428755795199088,0.13347188214648809,0.052361642986716826,0.07296228685814526,0.017775369538490585,0.07118518345997087,0.03570180417412121,0.014816050475150439,0.9594402876239098,0.08166251615195896,0.025373550453690764,0.050814914910444424
363,0.002647092062807531,1.120633773679171e-05,0.2387564882263367,0.05613475803297761,0.1311710875030559,11.779323686535674,0.9181117418635197,11.873269465179652,0.04768597631950673,0.018562818093575722,0.05210267123356187,0.04654280283877555,0.011338947221114757,0.0706850085665681,0.033637515906377737,0.013959382307318247,0.9555927036900331,0.08512049054534611,0.026447985725497836,0.05011585107377309
364,0.0026321861654708804,1.1143234332806853e-05,0.22623966540490661,0.05319189006887625,0.12509389357461573,11.640208464878329,0.9072687323771985,11.860079350437053,0.04736255666931438,0.018436919861060084,0.05179779255495507,0.06161079427502436,0.01500987267473811,0.07027330304506066,0.030332013969358678,0.012587617359369719,0.9375837218132874,0.08220337793038089,0.025541602875657834,0.049919984446875496
365,0.0025830116274496127,1.0935056276267119e-05,0.07321280503731226,0.017213283401073858,0.122308919449646,11.524942866018462,0.8982846257712191,11.847226706502719,0.06755581756316938,0.026297592067438095,0.05037288775626135,0.04193932007271156,0.010217427997218266,0.06958585670476782,0.27559716854249,0.11437129451552663,0.9203077070479925,0.06481354886593142,0.020138368614215328,0.04937729079211825
366,0.0025806133088979236,1.0924903109300143e-05,0.028941562954255096,0.006804538153506353,0.11396599490204576,11.146899295765246,0.8688189068537383,11.832706563340007,0.2951536764109279,0.11489507875767112,0.049896344706251136,0.0407285332404927,0.009922451176975877,0.06830360181030869,1.800660308665435,0.7472640287777206,0.9109964328530855,0.04019435926889331,0.012488882916186904,0.04905389238092859
367,0.002574859284184043,1.0900543720673061e-05,0.08163159574218118,0.019192650674645477,0.10710957539503357,11.55457320285159,0.900594092841299,11.816735138768543,0.04629390786224681,0.018020924741685807,0.0498015380838795,0.04226902656607176,0.010297752436200172,0.06772936000474185,0.14830887673620602,0.06154736026559869,0.9019618527631085,0.06555479893611842,0.020368684148697427,0.04870705183182921
368,0.0025694525163741603,1.0877654427552784e-05,0.026531582108424198,0.006237920288375996,0.10448063051804747,11.239690430775712,0.8760512941164579,11.795177370402232,0.5277490471279797,0.20543795717331645,0.0486047863670334,0.039328387672059144,0.009581342010058256,0.06743268690805816,2.47494867176877,1.0270899550480554,0.8870812331723874,0.03447530519524823,0.010711902314523946,0.04793065554926253
369,0.002547076896754933,1.078292831128122e-05,0.5739346617364466,0.1349395092994186,0.09473788919013754,11.456573479848101,0.892955734410609,11.773871262476481,0.041218344593655774,0.016045149787514448,0.0485615490428034,0.05795712279049361,0.014119750344334079,0.06651045794652195,0.0225795984663427,0.0093704079758652,0.8740496949929902,0.06446752117162634,0.020030853543978128,0.04764393500722022
370,0.002493705011594811,1.0556980986230789e-05,0.5013568533137106,0.11787552186753826,0.09096135232096085,10.92660373312661,0.8516484861979116,11.764665018341638,0.05437497327938091,0.02116665769964106,0.0477374949504045,0.0608465283345209,0.01482367909305195,0.06640246135820177,0.02520548679570245,0.010460137050624492,0.858436925127413,0.052586271882494075,0.016339202925110402,0.04722356243775707
371,0.0024660444902343376,1.0439881491016237e-05,0.07959223311501594,0.01871316997668474,0.08862106589905615,11.93977814887907,0.9306179883876947,11.75617712773527,0.03273284960038961,0.012741983696532823,0.04720986212134803,0.039162376296131736,0.0095408976424024,0.06588978619349031,0.015580285066889105,0.006465731783257804,0.8417232551783295,0.07091414512042733,0.022033899074886,0.046820668885242694
372,0.0024406589129491838,1.0332412862819325e-05,0.0772229452999369,0.018156119572744038,0.08176699821005462,11.229740547827191,0.8752757738397169,11.731901434795114,0.027107795273776044,0.010552307227883166,0.04642345866771926,0.04079553979356383,0.009938775586388312,0.06549774669345662,0.013654684958917127,0.0056666184315760405,0.8297561173554514,0.05722435594453023,0.017780312818632956,0.046581254990628304
373,0.002413992892428047,1.021952353937844e-05,0.5513191169611366,0.1296223003591425,0.08010116561146971,12.091880277944924,0.9424732318952167,11.729884814998094,0.09121634722103991,0.03550797511787466,0.04577850551627841,0.07717212085111819,0.0188009864447463,0.0650882608256464,0.025057945027722645,0.010398908036232939,0.8210378579672063,0.07207329949068951,0.02239406262706866,0.046302457005044866
374,0.002388345691711655,1.0110947340889013e-05,0.514474461292687,0.12095964224198962,0.08007155413166372,11.559463809879391,0.9009752797291504,11.692470802941974,0.04163119219188102,0.016205859821317194,0.045706996976894135,0.051252163584129644,0.012486260869623093,0.06457105526073512,0.019185412711338442,0.007961839735926455,0.8149141650308114,0.048845206164463736,0.01517680768896094,0.046007803095087556
375,0.0023654657421408876,1.0014086167870784e-05,0.10758017208071986,0.025293498718126795,0.07828856880337558,11.329324712806518,0.8830376278819572,11.679403479149139,0.04518493293976818,0.017589231792413274,0.044959833257240824,0.057170783342110475,0.013928179124741162,0.06383225922772191,0.02821635934932684,0.01170963244058239,0.8061598695946467,0.06474154919947316,0.020115997430279135,0.045717989443886775
376,0.0023523277335108367,9.958467036233526e-06,0.5098862456820911,0.11988089303179109,0.07739819149006824,11.665122379976115,0.909210589023282,11.671552971585449,0.04585704344685283,0.017850865632060377,0.04451667667512547,0.07073203588903954,0.017232026712401444,0.06344959385147061,0.02802659726137206,0.01163088222785656,0.7959728358208367,0.07179425054677555,0.022307358680250824,0.04535012593471147
377,0.0023030202348213783,9.749726097059525e-06,0.02020473133529715,0.004750395321416511,0.0758263081917571,10.8282276876074,0.8439807961918607,11.664100515115152,0.4682346033973115,0.18227064723903663,0.04446444189315056,0.03823187784311464,0.009314205818864439,0.06280962402206934,3.1022547386993917,1.2874184893059735,0.7808650539435913,0.051468423951117,0.015991873792689716,0.045228177047996386
378,0.0022781066873358386,9.644255784459803e-06,0.061896047047051504,0.014552566298806736,0.07357289713412213,11.436384254894177,0.8913821326502203,11.646488771486316,0.029527599235789063,0.011494269293795338,0.04391207068544528,0.042365397771721006,0.010321230781891498,0.062723241214975,0.021940628829027937,0.009105239124667302,0.745470505999845,0.055044739353018485,0.01710307907467737,0.044851677372967066
379,0.00227328707791173,9.623852198303943e-06,0.17686631511435982,0.04158357277276197,0.07088558449773477,11.706949136627777,0.9124706774144223,11.631282320911172,0.05538813602894784,0.021561053647275345,0.04326885118419236,0.057185017307137535,0.013931646861283549,0.0619859843764913,0.019039075274599967,0.007901110512312232,0.7388791462873899,0.07142023554184775,0.022191147607592793,0.04398759907454752
380,0.002230083651422038,9.440952557058884e-06,0.06780780876646787,0.015942498426445774,0.07060253832704115,11.44542621952301,0.8920868873641719,11.621574898809781,0.03305053734444858,0.012865650658157195,0.04311753762145191,0.04425719282681718,0.0107821175994991,0.061522273265469794,0.01592081987958446,0.006607051839488952,0.7188352251220598,0.06529343983363808,0.020287476653682506,0.043766623947970304
381,0.0022078866512327644,9.346982617607361e-06,0.4543278407924786,0.10681838889485609,0.06826336274445707,11.22268840860173,0.8747261113972498,11.61081467785477,0.05530272304716633,0.021527804760159835,0.04251411519898536,0.0701757401083087,0.017096499668211904,0.06116862875918829,0.03023276722803466,0.012546430512851281,0.7013923138479193,0.06457681563873055,0.02006481268222238,0.04338984095310852
382,0.0022014130009707623,9.319576728615e-06,0.39491743223176223,0.092850228557221,0.06703067159276468,11.910890199299182,0.9283663849498868,11.584330554866096,0.052320755358827076,0.02036700806411067,0.041888508632884305,0.06224074707351711,0.015163344341638922,0.060515450688365176,0.03495817594478877,0.014507448889448998,0.6697836723940063,0.056568763108250805,0.017576612042655638,0.0428970363295331
383,0.002140076932314528,9.059913413361885e-06,0.09266057014612647,0.021785706109982875,0.06619178087781315,11.794962692327374,0.9193306874694414,11.57606349106361,0.037657278895199625,0.014658926417842702,0.041391412351130155,0.057764819905413003,0.014072900732119052,0.06021015275868785,0.019832193463150592,0.008230250156264558,0.6544592504518357,0.08296242137801521,0.025777447031858632,0.04286643896517056
384,0.0021368851177819776,9.046401019083078e-06,0.06756587853975726,0.01588561748118581,0.0650939453778893,11.933668157781083,0.9301417594700571,11.568738987052317,0.03897448545235408,0.015171678123885077,0.04088973134373222,0.05378903431396149,0.01310430365084531,0.05883034819983279,0.019568236009318844,0.008120709278717027,0.6273054928986302,0.07260621827166182,0.022559647061811745,0.042516382657740534
385,0.0021026718372742,8.901560731191048e-06,0.05244655065552168,0.012330866702650966,0.06303958930489381,11.304419202339282,0.8810964263150786,11.56332258766306,0.03346466930516066,0.013026860658387169,0.04055408566671405,0.04991997583726459,0.012161707864024256,0.05870861232942785,0.014693289116865346,0.00609763338961046,0.5982194448664121,0.06426524334802358,0.01996800333062814,0.04204224288094898
386,0.0020890518220752757,8.843901047780755e-06,0.03392271314792687,0.007975671398616803,0.0617362256440047,11.080246024314444,0.8636237740276876,11.513230638468148,0.022180396823701296,0.00863420869739573,0.04026447370143226,0.041892432957474066,0.010206005167208007,0.05818857105844615,0.012847613621194725,0.005331688308201215,0.5744403691707841,0.04254511902415895,0.013219292950868497,0.04172764167269442
387,0.00204364722486807,8.651682855502516e-06,0.03607546073978424,0.008481810377593704,0.06126484936070022,11.303657706129043,0.8810370732799968,11.510700900872157,0.022972764137969327,0.008942655151747464,0.039812973695244995,0.04398415478668037,0.010715598959932156,0.05791421187234647,0.01691324343385537,0.007018902103444638,0.562497985182542,0.05026969223142399,0.015619413070153671,0.041447787217213636
388,0.0020404079537161895,8.637969555893843e-06,0.4526691543184219,0.10642841011536641,0.06041968879616029,11.166021982549594,0.8703093797993758,11.503156279097245,0.07572019902063991,0.029475757631799045,0.039479821939072256,0.07094260303186078,0.01728332593748726,0.05741613610786634,0.029666112491408318,0.012311271943864322,0.5473072469628227,0.07167079781640735,0.02226900039507609,0.04108923936200726
389,0.0020241072317243288,8.56896122839329e-06,0.030366956236480815,0.0071396666670557754,0.06022291140204083,11.30601982828955,0.8812211833485364,11.46820506755814,0.019843972452182727,0.007724703976189997,0.0386803543949471,0.03724412403445595,0.00907356521235363,0.05727780320813059,0.011187494935562153,0.004642748272534851,0.4657910236285818,0.03574923789182337,0.011107728907608663,0.04084664669197091
390,0.0019945094949930056,8.443660624490579e-06,0.2016332273922513,0.04740659621506297,0.05908944282401669,11.827166664582727,0.921840750512881,11.460425314853596,0.04396986135739015,0.01711623837809725,0.038415443508192336,0.06353221558355744,0.015477977160891462,0.05599158774804108,0.027578191300346357,0.011444796244091884,0.43614629782740033,0.06319640210915657,0.0196359011816947,0.04050666517043772
391,0.0019823882675550973,8.392345987435759e-06,0.04520529594001079,0.010628353466968674,0.058674741060690434,11.504210486278465,0.8966686890856671,11.453895197820124,0.026659470336584522,0.01037778685736292,0.03830586338026568,0.040478296037059505,0.009861487370126574,0.055761424078425055,0.01633110119106712,0.006777316305404775,0.407207588380028,0.05941102426475944,0.018459737621630435,0.04016119608802643
392,0.001954460049402312,8.274113210644849e-06,0.05503359260655909,0.012939113938240135,0.057793284276703195,10.82855186015288,0.8440060630601729,11.440798336729776,0.02607312457362262,0.010149538836081488,0.0380547068649276,0.04034953729004452,0.009830118639676085,0.05549732874065741,0.016035742017406526,0.006654743888506412,0.3680603115261961,0.05134397076792382,0.01595320465448929,0.04005387828285851
393,0.0019511210674374592,8.259977790074887e-06,0.04543899721453531,0.010683299678461764,0.05613121237817777,11.444552968636417,0.8920188238730997,11.430261287347086,0.029096785771808062,0.01132656565047345,0.03739456104592344,0.04506007454487287,0.010977718914215086,0.05502345844393439,0.015417652916134991,0.006398240343813916,0.35584246381221213,0.0722261667776653,0.02244156037758594,0.039880449679336544
394,0.0019180638703899934,8.120031726259988e-06,0.049305409950768736,0.011592343637921984,0.05569970216169804,11.4479749376354,0.8922855412162907,11.408081997682089,0.02687572399224914,0.010461968362744638,0.0372197101192859,0.043295666041797694,0.010547866527323858,0.05450560852524875,0.01538877518193833,0.006386256244484397,0.3305545314105548,0.046994234915846686,0.014601688104380407,0.03908068439045917
395,0.0019096491287498238,8.084408319687731e-06,0.033272500483118805,0.007822797937961872,0.05458165939784632,11.174413169445923,0.8709634111701664,11.399227563289125,0.022230763603334876,0.00865381507730988,0.03701608042552583,0.04406532404955903,0.010735373746400134,0.05425361356614996,0.014729576541384607,0.006112692469276812,0.28787104040724654,0.05099152594454426,0.01584369570314223,0.038875833672685614
396,0.001884103183509587,7.976260781417356e-06,0.027597284966028247,0.006488480901371547,0.0540540844161227,11.236647377662335,0.8758141104827575,11.3819423939353,0.019313950161174976,0.007518381108695462,0.03675505743974276,0.039066069491730165,0.009517434986405372,0.053773892381799006,0.01314406692960585,0.005454714784945164,0.17126282945912338,0.041363026454821726,0.012852002217465207,0.03870074432663498
397,0.001866787953021222,7.902957580682733e-06,0.03435493823077548,0.00807729314142988,0.05326756496612047,11.021896895190403,0.8590758880877226,11.366397933562391,0.02915625936656009,0.011349717059041788,0.03633623328110172,0.04377366079091672,0.01066431755523048,0.05285253988628992,0.014679805251949986,0.006092037660548373,0.16294502783365233,0.05281392518930147,0.01640993761390542,0.038357215123430925
398,0.0018051150562579338,7.641868319736258e-06,0.06691010977454767,0.01573143770900836,0.05306350937366154,11.444628555771613,0.89202471533497,11.364095871387281,0.0364041662489031,0.014171124680323359,0.03617678921153293,0.05726625283858057,0.013951437792369124,0.05247464323221726,0.02002613289747159,0.00831073394453498,0.12296047298911704,0.052417434974933876,0.016286743216613886,0.03813856834925191
399,0.0017824431529050808,7.545887900438525e-06,0.048351179222299936,0.011367991573405737,0.052316511299944454,11.251542898948859,0.8769751069336801,11.343968002308927,0.0277218599026091,0.010791345429100915,0.03567604835248709,0.04625075891291291,0.011267798290246227,0.05189895889865083,0.018296152117284706,0.0075928015275825555,0.09452457342968841,0.06283521522919244,0.019523675965600118,0.03782985093589945
400,0.0017555672736170986,7.432110149937872e-06,0.04377569181284455,0.010292234928965437,0.0507490737955432,11.110211956133556,0.8659593982613994,11.338597092704232,0.02351171608955127,0.009152454086582332,0.03518684838927571,0.041301362798394844,0.01006200624731074,0.05154236407695522,0.01567625925848403,0.006505560539811594,0.08176522404136588,0.039800285779911064,0.0123664394252645,0.03757144747367069
401,0.0017549979572357034,7.429699976246279e-06,0.046592966371419464,0.010954612847290933,0.050693128586790724,11.207732316462208,0.8735603938933336,11.31513718362517,0.02857771250717033,0.011124504932996495,0.03460886885139262,0.05097106236253516,0.012417777844943812,0.0509478073787338,0.016760809653061363,0.00695564293090122,0.0747280602151821,0.06534869587530275,0.020304645386990217,0.0369237518858413
402,0.0017492944530849283,7.4055544640086015e-06,0.04164670714745487,0.009791682923298994,0.05047039443181483,10.992195647222243,0.8567608940156318,11.309745616606687,0.023799650031161974,0.00926453872432308,0.034530664220110675,0.043222592149205576,0.010530063967941828,0.05068471671613209,0.016690557014851184,0.006926488476166718,0.06911471483150324,0.050064298201878785,0.015555594613202698,0.03681067789290563
403,0.001700956545185047,7.200918241103124e-06,0.030765193713717866,0.007233297481407398,0.04908560560705799,11.252577765768848,0.8770557671994118,11.289212555160896,0.020198301247292966,0.00786263427512899,0.034159671125365956,0.03837658887154286,0.009349460909094926,0.05038347677407411,0.014916149858296533,0.006190119359727549,0.06741294840790453,0.042634630280888645,0.013247105201774138,0.036670305576367884
404,0.0016921730441991085,7.16373370946448e-06,0.031198155545199877,0.007335092443413698,0.048511911377151586,11.00818816545072,0.8580073933188401,11.288332221940127,0.018242235935469645,0.007101192707502396,0.0337633591216219,0.039991986644616506,0.009743010694943412,0.05028401038455588,0.011395403894069707,0.0047290293357679725,0.06548389292687014,0.03901961389020811,0.012123875045490846,0.036394960665350716
405,0.0016894566956358052,7.15223417764278e-06,0.028434729366411633,0.006685374980065773,0.04801024509260262,11.120858945363153,0.8667892528512993,11.28152123076126,0.018589226349420056,0.0072362663797120004,0.03333008927426109,0.037431327628632945,0.009119172514546602,0.049721032093796316,0.012219978169784618,0.005071223081213428,0.062187473724200776,0.03887388727225926,0.012078595988866013,0.03616694540597347
406,0.0016599319213531983,7.027242456779653e-06,0.050505116774757504,0.011874410327608253,0.047606615509597425,11.176319079217262,0.8711119628346392,11.252745931157776,0.029031146270622307,0.011301014026824176,0.03319602661179867,0.050105876270231685,0.012206997684774805,0.04953153999252792,0.01944535828435834,0.008069715705215603,0.05827500161489865,0.06672352072545439,0.020731820415927575,0.03594904929210414
407,0.0016485350951729635,6.978994537828258e-06,0.045605216182464735,0.010722379921325634,0.046958421091039676,11.64858797753603,0.9079218538268555,11.24464649070017,0.03233314403729344,0.012586389489778388,0.033005042491859045,0.04959394464195925,0.012082278816125915,0.04923675204391454,0.022412382807291305,0.009301014405930804,0.05463029046120584,0.06528609694454676,0.020285195127523213,0.03573136314213527
408,0.0016212229790239113,6.8633699994251075e-06,0.044250651645501494,0.010403904167693335,0.04624483246232427,11.023502538848835,0.8592010362146681,11.236904455154312,0.027077193390622648,0.010540394769878924,0.032526698772324135,0.038651683805280335,0.009416480657459685,0.04882701732183372,0.017387656168587118,0.007215780753878072,0.05304790776431569,0.0527170029966766,0.01637982269385969,0.03532538411858422
409,0.0016083816627255067,6.809006900594211e-06,0.0255888642785898,0.006016275056180416,0.046104127300786564,10.916694223731302,0.8508761127430298,11.219095426912467,0.020018812229233966,0.007792764215854123,0.032483373323501936,0.03275928316293027,0.00798095001009595,0.04845761858217455,0.012120335072372493,0.005029871749119447,0.05088019647759182,0.03623224626341929,0.011257805562893672,0.03500264295620221
410,0.001603888022432543,6.789983289176179e-06,0.02478905672875282,0.005828229890930347,0.04531216693195624,11.093221583246912,0.8646351235185551,11.216363333097025,0.020257905517998304,0.007885836552194474,0.03213830153188369,0.036589856061546716,0.008914169783612865,0.048199745238595465,0.013895152138487432,0.00576641097574985,0.05041187102654947,0.032595698066556975,0.010127885208998837,0.03480853120175412
411,0.0015860280371752396,6.7143738951624375e-06,0.033472795281391826,0.00786988985207003,0.044591165346388156,11.167200276176922,0.8704012191310218,11.198962188952532,0.023251544987069016,0.009051176746338225,0.031732798319653706,0.0428750205387777,0.010445387156365794,0.047480536037283604,0.01573922272904673,0.0065316900304501595,0.050142987190592264,0.0470032705250337,0.014604495579540244,0.034683197247468725
412,0.0015642606571185196,6.622222732009467e-06,0.039017806973529225,0.009173594274682782,0.0444230193324362,10.96968934511671,0.8550066931142136,11.174861267682367,0.02603337897118351,0.010134066983661955,0.03122713391577809,0.052197730595459575,0.01271662375671946,0.047312990615048796,0.014942302540500956,0.006200972577612884,0.04770465141227125,0.06447751304998993,0.02003395814375943,0.034360143246413254
413,0.001560533913462457,6.606445740851861e-06,0.03731490831015236,0.008773220634018735,0.04419540621951558,11.321377952636103,0.8824182363093688,11.162459352708893,0.026202530958431464,0.010199913125689379,0.03110308158471483,0.04575474720249398,0.01114695789683508,0.04650502936677668,0.01914013865530945,0.007943051254087586,0.04660816363824232,0.0631720263431526,0.019628327330707813,0.03424356163002585
414,0.0015301320051857718,6.477740715145216e-06,0.031542484411614766,0.0074160486416873376,0.043700401743646825,11.160877883171056,0.8699084350451242,11.150827182075583,0.019118793180153325,0.007442411949248591,0.03053459157007333,0.038295729965673236,0.00932976173306574,0.04610264963548894,0.01472629372466634,0.006111330118568672,0.045632450004271574,0.03323290142134588,0.010325872146382831,0.033707589040045005
415,0.0015214207346289012,6.440861967575961e-06,0.028727104093679928,0.006754116083991732,0.04286250404338469,11.220284360599914,0.874538733517398,11.137114443253386,0.021351389804544485,0.008311499429752817,0.030366274347205804,0.041059534434576106,0.010003091036221975,0.045972340715418794,0.015160770483547248,0.006291635560794064,0.04454528550595695,0.042108221052237535,0.013083543365183005,0.033322573254688195
416,0.0015002805557343224,6.3513660305674135e-06,0.05140750929921715,0.012086574555636644,0.042144827731914476,11.403422320260551,0.8888129920079386,11.130583212696044,0.03067110404330935,0.01193940376244719,0.030239917710385575,0.05298011041019635,0.012907230314233761,0.04560879250882423,0.020250311711094794,0.008403766907292318,0.04358940635186065,0.0479046288200041,0.014884558713178278,0.033228681415596956
417,0.0014919437196750033,6.316072433548387e-06,0.029423590092814825,0.006917869007839945,0.04181181353541958,10.838854786417679,0.8448091004697043,11.121555359579604,0.022970713997078302,0.008941857089185606,0.029545774114269088,0.04221984938951567,0.010285771692122844,0.04494061912869261,0.019564130730204944,0.008119005610681948,0.04276123457562551,0.04479376585495093,0.013917975241130788,0.03313426273033919
418,0.0014827802185735518,6.277279189581868e-06,0.030253634723842408,0.007113023304443332,0.041197289666122607,11.229389047066592,0.8752483769378091,11.112109386686774,0.02150712626262327,0.008372123281144356,0.028998189200203323,0.03825211775657064,0.009319136749028498,0.04456519798336215,0.0122319483875612,0.0050761906551184165,0.04130866866450455,0.040898341150870335,0.012707618765172861,0.03275354572839406
419,0.0014751392745897588,6.24493161840617e-06,0.04944922584054961,0.01162615662551499,0.04044865022921422,10.629835961426414,0.8285176186663517,11.10228164786133,0.029028882257175904,0.011300132709652742,0.02899556065300364,0.04981828534616005,0.012136933612342039,0.04408958468668707,0.02036299709528177,0.00845053071597222,0.04069775395880534,0.05995208644717972,0.01862785231159025,0.032359311909938765
420,0.0014685091972042859,6.216863502662635e-06,0.024842470789659687,0.005840788231886189,0.04037402219718195,11.291309731409292,0.8800746393678194,11.095419488989934,0.01839005493754863,0.007158734514510416,0.028775293837569414,0.03909455317629422,0.009524374297668028,0.04392100231917951,0.014724030968470027,0.006110391087312603,0.03966168848672235,0.039567421546711945,0.012294085637402478,0.03218526277805223
421,0.0014620657777249168,6.1895855942437465e-06,0.02497495039994847,0.005871935912617755,0.03942914329911164,10.941530152364107,0.8528118909171135,11.086980421446496,0.018502948527811418,0.007202680834617981,0.028563554582322973,0.035524313032992416,0.008654577850474318,0.04354369984597943,0.010728930391310502,0.00445244653314344,0.03901307839808039,0.03961338136537343,0.01230836591962498,0.03199324136575728
422,0.0014490107777213451,6.134317875659499e-06,0.03497756253101685,0.008223680218485432,0.03908505288655453,11.310588108861241,0.8815772472571792,11.069870572149272,0.023869284193770865,0.009291645358041693,0.02855385330994988,0.04251449361401756,0.010357554118338263,0.04335110186714297,0.01696645626842911,0.00704098513429443,0.03799596729466626,0.046710117601167146,0.014513409352285948,0.031553862366648824
423,0.0014399001188180422,6.095748336613382e-06,0.029239602749633387,0.006874611188681415,0.038697062319515925,11.293166056846733,0.8802193262977475,11.06033767600068,0.02059889866995603,0.008018575657891614,0.02806875264858435,0.041006496702951215,0.009990169767992696,0.04304506444495089,0.013394813868968212,0.005558773372347735,0.03743936188613513,0.033853574981753495,0.01051872307288342,0.031384881837308115
424,0.0013934789004533964,5.899226327251971e-06,0.02556726827970314,0.006011197555748956,0.03822162087310064,10.951191577511846,0.8535649280275049,11.046094267920008,0.018464320103745616,0.0071876438685219,0.027858126194843194,0.04153601180263387,0.010119172393573352,0.0425103307759261,0.012889994260774005,0.005349276038280999,0.03676242618309695,0.03648826429922386,0.011337353522651049,0.03112064913270495
425,0.0013616391394649858,5.764434220808789e-06,0.024467554005874775,0.005752640416106971,0.03785641661090466,10.975259659460411,0.8554408581937138,11.03990531846908,0.02097726833818092,0.008165864396960843,0.0275793385090331,0.03622231502155276,0.008824627938259859,0.042439261137997744,0.012825324008246179,0.0053224382426049046,0.03532023119235001,0.03637503477886119,0.011302171714850475,0.030790528670694064
426,0.0013537247477733397,5.730929021830641e-06,0.030275307161577333,0.007118118776642946,0.037350503604911704,10.876020698377943,0.8477059102591141,11.032298430564966,0.023612710103091274,0.009191768233981183,0.027214251562735423,0.04194145879398347,0.010217949041206674,0.04226983814730319,0.017237540034480525,0.007153483391839716,0.03482490572855577,0.041474007040422145,0.012886485253511664,0.030641080901790102
427,0.0013517595226420383,5.722609335160266e-06,0.027444261535606886,0.006452503101128749,0.03720479979860823,11.087591853347297,0.8641963274329815,11.017923514534832,0.018686556635174923,0.007274154340259518,0.02692897181690242,0.043605214419964705,0.010623279964167702,0.041780267717174274,0.013519079064288562,0.005610342738343677,0.03384740696702719,0.03498972911480044,0.010871740167830529,0.030240727072499245
428,0.0013493034207511779,5.712211545188517e-06,0.035262755149030836,0.008290732715043473,0.03682778853863322,10.994342416605651,0.8569282189173351,10.997845348825955,0.01900300901364524,0.0073973404085800045,0.02682283533001417,0.04511676600318367,0.010991530318223156,0.04151825991232256,0.015900041119286706,0.0065984287693527455,0.03329860200615542,0.03505749661375887,0.010892796365152963,0.030200844612052764
429,0.0013446562769798183,5.6925380841310095e-06,0.03607561996545219,0.008481847813620718,0.03678268994998617,11.16618636159572,0.870322191938373,10.982405597928114,0.025515182022722325,0.009932347391585654,0.026383158093564504,0.0447912645025358,0.010912230316694993,0.04131076097412783,0.01439930741489771,0.005975632615815383,0.0328215367532187,0.05653405289063969,0.01756582715015765,0.029941212483064743
430,0.001330364602302164,5.632034962417787e-06,0.02669142717475778,0.006275501944012072,0.03587497230789398,10.764079850785517,0.8389809435883844,10.979697464919775,0.019139703242856305,0.007450551652369693,0.02618043602975737,0.03880293674394484,0.009453329514510608,0.040943784583295346,0.015037245718183209,0.006240373469118279,0.03259282537283753,0.044392897391870446,0.013793420467991802,0.02972000299569217
431,0.0013011353169581595,5.508294179854084e-06,0.02955734053248348,0.006949315477099816,0.03565999033582402,10.321444145101731,0.8044807422550218,10.960682050567009,0.019633924777382888,0.007642938285745426,0.025962751522922618,0.0425110739218442,0.010356720999000767,0.040751708344153204,0.013871698651533999,0.005756677908904668,0.03215237055092891,0.03693003561801022,0.0114746173172831,0.029502493990559663
432,0.001295098736554198,5.482738605217084e-06,0.028868596325189178,0.006787382749280377,0.03541755459404456,10.89506523674153,0.8491902921094886,10.946304985021499,0.02339944459401675,0.00910874993056931,0.02563497148972887,0.041991101404494476,0.01023004317620006,0.04049096141597968,0.016355331388671856,0.0067873717028570655,0.031615346692926566,0.04452211423653623,0.013833569734535254,0.029026059529158037
433,0.0012691864342014416,5.373040111619974e-06,0.02963817638416212,0.0069683210379877306,0.03515250919133827,11.018060598980727,0.8587768769824079,10.932590421214817,0.02045086040052185,0.007960948496229197,0.02545769885961032,0.039097433691684405,0.009525076060561253,0.04013183756892594,0.014930645658609857,0.006196135036360372,0.03071996921998911,0.034328981676935315,0.010666437793597777,0.028706406701988492
434,0.001265016729195499,5.355387864757874e-06,0.036090376762696774,0.008485317328727178,0.0345353067383413,11.139767516437857,0.8682630370504202,10.923247023971168,0.02426163774403133,0.009444377631636231,0.02534577717533973,0.04784529855160072,0.011656266532429385,0.039419871526181025,0.018804265435278515,0.007803665732925695,0.02992225258376232,0.03492386488315208,0.010851275339123641,0.028545511149317866
435,0.0012604678129998737,5.3361302454476975e-06,0.02412655081530244,0.005672466127510863,0.03427599119517364,10.567887518280996,0.8236891926416059,10.90377123212533,0.020858049452621413,0.008119455816141775,0.0250888656030064,0.04029769153146132,0.009817487764774762,0.03898702796825749,0.013295118462449275,0.005517400332264906,0.029710655188970533,0.03135284206110519,0.009741714526940483,0.028436805763042812
436,0.0012372247884068375,5.23773201167495e-06,0.024690265057293236,0.005805002683099245,0.0340048543243589,11.068432564169262,0.862703001599664,10.895848934920158,0.01779241687688898,0.0069260907172755395,0.024981142089222454,0.040181334452462004,0.009789140379204824,0.03873248771381353,0.014064706374716495,0.005836775042226534,0.02931333066720351,0.0326483748954844,0.01014425254911414,0.028228154797778765
437,0.001220780567521723,5.168116188467974e-06,0.0303559832863181,0.007137086783648763,0.03391108382558252,10.964281486133883,0.8545851902365782,10.880913899795555,0.02174302296000122,0.008463951273780232,0.024657064154668423,0.0440602509938919,0.010734137827913258,0.038532502818797255,0.026128637164227343,0.010843239327179266,0.02883070778740995,0.044391370462302765,0.013792946032152075,0.027992861147641004
438,0.0012183200585068417,5.157699741147311e-06,0.025065169360674704,0.005893147564573169,0.033462274089085114,11.734344620639714,0.9146059541259489,10.874296686127837,0.021478494386654508,0.008360977691889251,0.02450504470267356,0.039003555782239394,0.00950220514184772,0.03821124914886269,0.01681282218719701,0.00697722784373464,0.028240513165635157,0.03252650918555655,0.010106387370754031,0.027792339219360102
439,0.0011977609186071664,5.070663604954392e-06,0.024404943498826884,0.005737919870962565,0.03314275627084127,10.516030945934524,0.8196473538033955,10.85985314627205,0.017421035916005724,0.006781522486689199,0.024325058838524642,0.041171423287954895,0.010030349854464785,0.03798947554069576,0.012524990177641705,0.005197801370699797,0.027463707009571625,0.03325377875202542,0.010332358990387858,0.027529944907633642
440,0.0011917585029813263,5.045252665272748e-06,0.02998995149377076,0.007051027944956414,0.03280825144740334,10.695862239517893,0.8336638819663936,10.849211668078896,0.022998837025481285,0.008952804598302064,0.02428657373322748,0.042683929561491654,0.01039883279406442,0.03755630281479114,0.01397684577588338,0.00580031338161298,0.02699773783223541,0.03358622832134084,0.010435655169807994,0.02742320993773361
441,0.001182795144980476,5.007306717557288e-06,0.03161080543683956,0.007432111803983154,0.03257432277952032,10.952190130852411,0.853642757924301,10.840484261224363,0.02412985977514011,0.009393080150614165,0.02384856879792379,0.04071407108735667,0.009918927848316854,0.037352897897047474,0.023404586735780733,0.009712773526406787,0.02662866200368528,0.04794971389264378,0.014898567201028477,0.027236493934081372
442,0.0011677637023111225,4.943671823406558e-06,0.027628513940908404,0.006495823239841754,0.03227824179051034,11.095605720082329,0.864820949469268,10.831156127750681,0.022600034424088318,0.008797561889307257,0.023793799527363102,0.037208943736417296,0.009064994444837432,0.03682446066999282,0.021381689812938746,0.008873282536856786,0.026331159881455013,0.03795188978344923,0.011792120003274719,0.027141397522775675
443,0.0011485515412202405,4.862338057625202e-06,0.0278744197960821,0.006553638907100111,0.03189818547430626,10.802852885777591,0.8420030168110261,10.819317124961438,0.020219245087094544,0.007870787126730743,0.023535450407191176,0.045583257865785334,0.011105178966059056,0.03664094339984113,0.01732532010074837,0.007189911631885891,0.025968255474252962,0.03649707355857366,0.011340090668126161,0.026835320089224606
444,0.0011466179365577352,4.854152234698255e-06,0.028484643504754516,0.006697110443671881,0.031179830360064147,11.024757778939515,0.8592988729578276,10.799935791633374,0.02053978559744762,0.007995564590558658,0.023196483744070472,0.04120142044712367,0.010037657884575828,0.036441919955356,0.013159252408389801,0.005461016674313417,0.025212934472202336,0.04052806369150286,0.012592568993994586,0.02670433387503773
445,0.001143676960749556,4.841701754170867e-06,0.02356616983501127,0.005540713265133749,0.030819515051414188,11.113510196996819,0.8662164719054082,10.796335763035161,0.01670342644384487,0.006502177171313959,0.022931656341507532,0.042008889282874974,0.010234376731590583,0.036236167050265354,0.018442039913430193,0.0076533441528476055,0.02492324353371233,0.033833576410832775,0.01051250927036827,0.02655599233189057
446,0.001141991034824483,4.834564467341657e-06,0.030768669930928496,0.007234114785320009,0.030682452233202272,10.7958302359956,0.8414556528540265,10.779887800354262,0.022350594361114494,0.008700461842886711,0.022668464879165573,0.04550974239614701,0.011087268827878251,0.036059367622985346,0.01689156098543034,0.007009904007753918,0.02467969609152231,0.038830528223323175,0.012065123797857883,0.02620131971590148
447,0.0011371356440243287,4.814009402440389e-06,0.023637613964501075,0.005557510709892549,0.03028912641840059,10.823056557237658,0.8435777445704341,10.772627490990507,0.01898562977804542,0.007390575157788382,0.022253302748276978,0.04079295718017808,0.00993814639959492,0.035683557223433915,0.01176770343044895,0.004883531575933984,0.024229296279035722,0.03484323529297125,0.010826222731502457,0.026135398660290226
448,0.0011298547245664119,4.783185977888522e-06,0.028078468680625378,0.006601613455753538,0.030146534707408638,10.784583091772035,0.8405790205915231,10.751932637389602,0.01947927357255365,0.007582736893118739,0.022148013400990405,0.03859009077332463,0.009401475112113535,0.035386115687561844,0.011398091429301229,0.004730144647964795,0.023795291342019253,0.03498118798615155,0.010869086333869538,0.025723968470365996
449,0.001127792402279475,4.774455235050279e-06,0.02296862762287061,0.0054002233134587685,0.029654008761757812,11.116988146958908,0.8664875525533963,10.742030692630617,0.0178353459343648,0.006942801799785689,0.02194578087375197,0.03704669213965169,0.009025466049896548,0.03508940585219793,0.01206272348559182,0.005005963260530663,0.02371187884382944,0.03717961913673382,0.01155216599326265,0.025602290989915764
450,0.001117718227458502,4.731806697415525e-06,0.03057137515382501,0.007187728215237041,0.02914235514467244,10.780768758412263,0.8402817213290034,10.738523168226068,0.019822509031593518,0.007716348866306247,0.021858406803188797,0.03942888721949764,0.009605826119193205,0.03446431408156575,0.014313137166273327,0.005939872441151701,0.02308680913228088,0.03968922359309712,0.012331931034715074,0.025469813411720738
451,0.0011093926745243802,4.696560866967772e-06,0.03806201449177112,0.00894887502164046,0.02877368997252395,10.79973507477978,0.84176000634946,10.730065027955009,0.02755955587328541,0.010728165005741154,0.021708062829457756,0.044627913100442125,0.010872433982699995,0.03419235447599238,0.01840013262037048,0.007635952858944882,0.02288060014326901,0.04024417710989268,0.012504361933509114,0.025188861606260136
452,0.001102205654768743,4.666134962317805e-06,0.029853652694794418,0.007018982323253898,0.028598551195214504,11.068169522712228,0.8626824994505825,10.715399911140993,0.02396865879195601,0.009330329112294165,0.021432569288045857,0.0428235913236834,0.010432857761486038,0.034116157789910055,0.019559548365014598,0.008117103954574469,0.02261692289071623,0.04111101239420029,0.012773698342155776,0.024781704817859254
453,0.0010842392515819064,4.590075053085363e-06,0.028668850447364325,0.006740419893514323,0.028493490921380846,11.150141159667994,0.8690715863278612,10.70660565621349,0.019732176882056716,0.007681185084639741,0.02132797833005669,0.04487148006711595,0.010931772759298568,0.03355199031552184,0.011762400905255894,0.004881331057424529,0.02245064038487096,0.030314745473664688,0.009419165120206413,0.02459696633712161
454,0.0010813161448602043,4.577700220481566e-06,0.026405527308574733,0.006208283164203952,0.028037957163931766,10.459670330743622,0.8152544579154452,10.694961919228472,0.016205831135321053,0.006308477221994355,0.021198567697618867,0.034005384559692035,0.00828453030840724,0.03345377650999548,0.013324751291978944,0.005529697791964473,0.021885589739632137,0.03295105155013582,0.01023829791692599,0.024502375593202935
455,0.001075049463969925,4.551170526432812e-06,0.02669969542471582,0.006277445917196627,0.02790234161331778,10.985751642662033,0.8562586312025203,10.690052304124038,0.01866247434876792,0.007264779779091779,0.021083707621584256,0.04063000272912239,0.00989844677242879,0.03308310120872799,0.015573986603981217,0.0064631179561272754,0.021586634815504727,0.038090924316067025,0.011835319746491279,0.024374941165168872
456,0.0010512320895067675,4.450340809934513e-06,0.025734830528740513,0.00605059362148543,0.027565517990895422,10.791325796169577,0.8411045648624879,10.682034574084456,0.019980655865906864,0.00777791100981284,0.020664801821915296,0.04341005107652071,0.01057573347543402,0.03249210448080296,0.020028470176636014,0.00831170390240898,0.021231905007525923,0.034217655470747524,0.010631847368974224,0.024109811206787866
457,0.0010387705661317193,4.397585546293398e-06,0.0238666480949572,0.005611359615067682,0.027468963358222766,10.765628218588265,0.8391016274831696,10.6579766387651,0.0209397554816755,0.008151261690143751,0.020514536815247703,0.03717906490519008,0.009057715242261524,0.032204617978526806,0.02074545700567733,0.008609249454933025,0.021012895897015403,0.03722825581065555,0.011567278007413136,0.023922926884695293
458,0.0010238684980324977,4.3344983532021885e-06,0.03054942385740255,0.007182567179730367,0.027154470787470263,11.379265561101382,0.8869301501046507,10.647269444369174,0.02588807094455308,0.010077502629231955,0.020256069336140527,0.04346634420405233,0.01058944783647505,0.032069520393171895,0.02137238689690313,0.008869421878362397,0.020648893293950445,0.03672899661893872,0.011412152021986444,0.023653041760101527
459,0.0010141422976032543,4.293322948524262e-06,0.022515821819865056,0.00529376277545844,0.02703689974228447,10.650093877616381,0.830096574403934,10.642505769980486,0.01743984847154493,0.006788845688882014,0.020089566266162557,0.04444363866805062,0.010827540294833234,0.03186801782288982,0.01581169013239539,0.006561763600418232,0.0202061042968856,0.0339603899436994,0.010551911798309171,0.02334989233833976
460,0.0010111232579211949,4.280541988317667e-06,0.02405543248089733,0.005655745281417019,0.026620602927458874,10.913216923515003,0.8506050827379525,10.627551387016082,0.021932853631830142,0.00853784704989125,0.019926481513584858,0.04043354531450434,0.009850585016804246,0.03174971163123447,0.015513112599108191,0.006437855582146829,0.020059801445850064,0.03277412515349287,0.010183324704449217,0.023268187392547136
461,0.0010052377536152292,4.25562598712123e-06,0.021068270120398275,0.004953424529602008,0.026441914677610805,10.868257722402918,0.8471008433143437,10.619554182205812,0.020103624972635903,0.007825779446940904,0.019821938493967337,0.04109946310358832,0.010012818621217386,0.031604898787578356,0.01659974716920431,0.006888802894503033,0.01977315612634143,0.0324368596807573,0.010078532164468945,0.023151657991239905
462,0.000987932679931824,4.182365784734983e-06,0.02189296278975541,0.0051473205103556175,0.026060109355491433,10.544761256807142,0.8218866704621007,10.601605451606384,0.017511241276163977,0.0068166369127935075,0.01964143079180367,0.04014370407598826,0.0097799727135998,0.03120071711190211,0.012995786666214775,0.005393179299058901,0.019529416259888115,0.03168070618953118,0.009843585953349778,0.023080910842208386
463,0.0009859970285869982,4.174171297276248e-06,0.02371511850277848,0.0055757330356395055,0.02560573971190473,10.959444613585456,0.8542081915566213,10.585601026653865,0.016779477267144436,0.006531781631738921,0.019494066502635844,0.041358311818455035,0.01007588039956138,0.03112354558123708,0.014888951954007358,0.006178832380481307,0.019332977136069355,0.03635482270745495,0.01129589157510257,0.022659818914933974
464,0.0009848982217160055,4.16951955090261e-06,0.024141056650139853,0.005675876638088873,0.02543556087681133,10.614934941846135,0.8273561936638254,10.576199277054387,0.01941642246194563,0.007558270712005476,0.019341330631985097,0.0393483758893651,0.00958621162098095,0.03069871358404667,0.012908995239650743,0.005357161338999753,0.019010461816468857,0.03492714965565186,0.010852295958431978,0.02245870477654677
465,0.0009748949466471162,4.127171163979827e-06,0.029135118981834674,0.006850045694912742,0.025218780017489516,10.761985230542134,0.8388176833290205,10.567270609273367,0.020677683643572073,0.008049244446634513,0.01895835669462565,0.04524911679598335,0.011023774157500018,0.030547309725684875,0.01611260919897302,0.0066866433420023005,0.01863511312133198,0.03740645572636486,0.011622646917962989,0.022362887132102983
466,0.0009677613327854052,4.096971350629397e-06,0.024640038514268294,0.00579319376908613,0.02505118677113545,10.892951926892895,0.8490255751327028,10.55571379580488,0.019104426368963326,0.007436819351103639,0.01876276754845305,0.04066846919557558,0.009907818129680444,0.03032561311416911,0.015065906165574522,0.006252267395630203,0.018377510881705358,0.03442500611533688,0.010696273770339364,0.022138951284263676
467,0.0009606142833925317,4.066714658599908e-06,0.021494135726792533,0.005053551076725815,0.024744615227511813,11.079710527387194,0.8635820359763594,10.543803090762403,0.02035445084901839,0.007923418951797706,0.01869277778670675,0.03757147686474638,0.00915331624235076,0.030042206536007924,0.015174815318002998,0.0062974640891002714,0.01824366229035852,0.03386792709312915,0.010523182450811838,0.021979895256289357
468,0.0009591436329375642,4.06048873018484e-06,0.02447052281580751,0.005753338421964143,0.024539703990232364,10.82261103191282,0.8435430191445169,10.537780941958065,0.022938502314423157,0.008929317981217906,0.018690789705196244,0.03967297313314607,0.009665291323767679,0.02965405598495271,0.015531331739830212,0.006445416424373032,0.018180688349332428,0.031925254733917365,0.009919570200734626,0.021839892231004337
469,0.0009476916731197417,4.01200740561369e-06,0.023277507789603465,0.005472845061037405,0.024146705770153837,10.999049928988008,0.8572951349227209,10.527836879687909,0.01759348718950964,0.006848652948664225,0.018321999172963108,0.039180604405627255,0.00954533844869046,0.029449191011553646,0.01947184759262321,0.008080708621046694,0.017480989283239733,0.036735970549119396,0.011414318908063902,0.02162682902045114
470,0.0009293315121256787,3.934280541523018e-06,0.02419891733716599,0.005689480438722576,0.023977858171019144,10.852301794623646,0.8458571959678308,10.519964352091085,0.01954983739542793,0.007610205417601204,0.018048407965469485,0.041316279152438934,0.010065640230245185,0.02928879032232023,0.024190017583984983,0.010038722966804244,0.017400575501742437,0.03300358062811214,0.010254619348999402,0.021400498137084806
471,0.000926502503186865,3.9223040673859135e-06,0.02446304787358243,0.005751580965753288,0.023838767011758338,11.310769264220001,0.8815913669864952,10.504564894563808,0.020229954703439735,0.007874956081115481,0.01789637770428043,0.04107030959543961,0.01000571612480449,0.028988680328335497,0.2761576575840028,0.11460389435528043,0.01709447941044843,0.03791120831527192,0.011779479769615908,0.021231429318406426
472,0.0009237342811605832,3.9105849317378554e-06,0.02324063112722475,0.005464174877726069,0.023341880897821958,10.690720186906342,0.8332630967425915,10.500963653571748,0.01792868098201095,0.006979134525776286,0.017743002559574526,0.0418669549931474,0.010199798121753478,0.028691547121255708,0.031997527862027295,0.013278796375995702,0.01699845097454636,0.03364698037524781,0.01045453158187085,0.020812860741443923
473,0.0009164164501003203,3.879605243681553e-06,0.020937570586202083,0.004922695367929253,0.023216680311383374,10.719743385919559,0.8355252418800865,10.488003638044267,0.018910496540043353,0.007361327887679682,0.01764008744665118,0.040567250478266294,0.009883158813452012,0.02849374878895323,0.011723361657510872,0.004865129986400746,0.016739386029952737,0.030875842770548473,0.00959350496721061,0.020681239710536495
474,0.0008998775218546093,3.8095884813897927e-06,0.020765699727647906,0.0048822862920145805,0.023153837845870245,11.130940365046087,0.867575025450123,10.472726968478542,0.01721640940547695,0.006701867104011944,0.017476992935016193,0.03956444890829529,0.00963885221003278,0.028445931551267695,0.01851185673307602,0.007682317745298063,0.016628939444515455,0.03567266171276828,0.011083935744792205,0.02065831643365876
475,0.0008942674853353532,3.7858386599031e-06,0.02962123472050725,0.006964337832350024,0.02294949838913293,10.483464337571657,0.8171090259395645,10.465569635542256,0.019220817829041118,0.007482127294189328,0.01726908117612272,0.04072389209786435,0.009921320482902923,0.02805995294730207,0.015441167390367994,0.006407998720041449,0.016259646250209186,0.033696238618462535,0.010469836725262992,0.020428090055471197
476,0.000891652829549846,3.774769639596049e-06,0.02063723985285057,0.004852083703417872,0.022852516124409247,11.105571174680952,0.8655976834417338,10.450524321951763,0.01901439579731062,0.00740177296528043,0.01715498464778127,0.03977704950308481,0.009690646832970435,0.027867161128077713,0.015633228545896424,0.006487703033043301,0.015825202472295602,0.03225812947415777,0.010022998486002401,0.02029534870026807
477,0.0008787248000751257,3.7200394446774573e-06,0.023649716186627045,0.005560356099836711,0.022645590052697333,10.89609969453413,0.8492709204945403,10.436861468663151,0.020880550641499646,0.008128214900222119,0.01694254811208692,0.039926973351818315,0.009727171891718279,0.027740102195002437,0.017705457732204964,0.007347666637982965,0.01569900197204745,0.035365169371934166,0.010988394083918574,0.02019935854281543
478,0.0008705949542226416,3.68562213080649e-06,0.024110149623955086,0.005668609993947433,0.02254138381246639,10.825032762844895,0.8437317752788707,10.42821645822334,0.019650206026046665,0.007649276120903858,0.016793702425253566,0.03982225188606416,0.009701659221645155,0.02731889894151909,0.02437894999957324,0.010117128870105253,0.015500466936213278,0.03364788072734339,0.010454811332365933,0.019901712494012444
479,0.0008695227213148589,3.6810828840360658e-06,0.02567415330840563,0.006036327617210884,0.022443641919724245,10.950768869584342,0.8535319810500768,10.42166627350815,0.01832130306356003,0.007131971331097922,0.016446985894325503,0.03992713739927988,0.009727211857629117,0.027172198821830383,0.014462791375541528,0.006001978106947258,0.01530607971901762,0.03922600788000602,0.012188004202419231,0.019731340458433794
480,0.000858761235159297,3.6355246467146447e-06,0.02637098586977161,0.006200162022350473,0.02181143021203112,10.68035899486839,0.8324555179441058,10.402343799305706,0.017865375707351402,0.0069544915512884525,0.016394152927649026,0.04218980975974704,0.010278453315151257,0.026922666660340037,0.017774358812821526,0.007376260203821505,0.015222876137277835,0.034127319858371426,0.010603778980607098,0.01959716516508325
481,0.0008520333652257899,3.607042530892756e-06,0.026638812536536934,0.0062631315577349874,0.02159772624561701,10.725896630050768,0.8360048420538955,10.384066714781934,0.018294542631952737,0.00712155424283903,0.016175560481406434,0.035477767134488136,0.008643238149074563,0.026882653101445365,0.014037716913748425,0.005825574565801034,0.014996676386017605,0.029719684631745076,0.00923427238107789,0.01946492973142618
482,0.0008452303834128353,3.5782424325190094e-06,0.020551655295120343,0.004831961659928141,0.02125958267619541,11.210258993887171,0.8737573298357946,10.376447257639315,0.0176905189040795,0.006886424683792385,0.016073014875722328,0.03873889863630546,0.009437728289866311,0.026433452345386542,0.013680529249019618,0.005677343668451618,0.014821720492610367,0.03766082778213849,0.01170168345143412,0.019410027989234007
483,0.0008380121702271792,3.5476844719738694e-06,0.027609215790624583,0.006491285993525585,0.02116561990135222,10.602641601957728,0.8263980181353638,10.373296818566667,0.019719993944090738,0.007676442607317004,0.01598813747842563,0.037137229260808174,0.009047523072158425,0.02627910235271765,0.017804195629845136,0.007388642317198287,0.014539012869037268,0.044594552031338906,0.013856077050349032,0.019185425803599096
484,0.0008367920104035137,3.54251898367485e-06,0.029861986782809203,0.007020941775822542,0.021131035328399887,10.091920024029305,0.7865910232690011,10.358335590789006,0.018916949911121833,0.007363840004714206,0.01584621368738612,0.042578283009806435,0.010373094750788405,0.02585362940149996,0.01647425873328855,0.006836725890452822,0.014506290926583091,0.037079293234988035,0.011520993498834217,0.019011259648892203
485,0.0008349413562786584,3.534684327884632e-06,0.0268087996736876,0.006303097746229205,0.021005465314760722,11.093590154840445,0.8646638509664754,10.347534747895242,0.020721257128444588,0.008066206386722983,0.01571802170797708,0.04253888308663292,0.01036349598100808,0.02580793128010079,0.019523088970325553,0.00810197350824263,0.014220667378941126,0.03750687890666735,0.011653849638038179,0.018859646574228266
486,0.0008320347389534421,3.5223793023527897e-06,0.02691937981890534,0.006329096577679451,0.02055712504160075,10.821361878648448,0.8434456568247499,10.338206843825128,0.0234353244774718,0.009122716966608003,0.015680702634075477,0.040199099413143514,0.009793468351292165,0.02557114308606237,0.020311889638199528,0.008429321405089944,0.014052012951735254,0.03917801220147988,0.012173091353439951,0.01870760190056392
487,0.0008276866448723731,3.503971853866799e-06,0.02760089011946496,0.006489328519869143,0.020368807173621797,10.537410828607252,0.8213137585855251,10.326241519141927,0.01921088375555025,0.0074782602369668095,0.015516291038083272,0.03785071313108426,0.009221344919033475,0.025349289124107246,0.01827493850456218,0.0075839979961048656,0.013725788530984643,0.03546567273175731,0.011019621716759236,0.018484924847933216
488,0.0008208981673959045,3.4752331589083674e-06,0.024568296334999986,0.005776326248944993,0.02026089343095422,10.869342697055789,0.8471854091175198,10.309744353660765,0.01974335946794231,0.0076855381528503856,0.015299902408320723,0.04486726131949899,0.010930744970818926,0.02524105877969155,0.01726922254381082,0.007166631457274385,0.013639938536735388,0.0324187333237818,0.010072900081906073,0.018382980128543988
489,0.000819169860454468,3.467916454071877e-06,0.02945592840712601,0.0069254721664495315,0.020085483656981047,10.886755627433827,0.8485426191124029,10.2999919197792,0.021527139728545624,0.008379913964192335,0.015117396511454537,0.0371653921909597,0.009054384239924497,0.024962975494299953,0.01605576855771822,0.006663054791525587,0.013413719552110893,0.03373962074012469,0.01048331608525154,0.018250092926791472
490,0.0008189903900400097,3.467156674649605e-06,0.022037616836537762,0.00518133055956911,0.019797468889712372,10.61084644183124,0.827037525124767,10.283393149687969,0.02146974510488091,0.008357571840975672,0.01488968006970784,0.041547281642866175,0.010121917997958786,0.02470203427136104,0.016875178465743775,0.007003105353058415,0.013345530241308143,0.028928731502812444,0.008988513493534779,0.018064495387054104
491,0.0008055777253930095,3.4103747998910843e-06,0.02809129217183467,0.006604628425447217,0.019718198852398436,10.427824221618538,0.8127722876738864,10.270521039532326,0.018012008060515217,0.007011571429032287,0.01485585895700203,0.03976273175844409,0.00968715868569729,0.024440280695194026,0.019396641843611864,0.008049498652835023,0.013140141496657152,0.03169577732902195,0.009848268742177299,0.017758306415878264
492,0.0007793017404966252,3.2991366736268186e-06,0.022888805879945046,0.005381456182738328,0.019461601112027264,11.114297719091685,0.8662778534669914,10.26003925173383,0.01676779824784233,0.006527235315871049,0.014637608827795282,0.0337129558124015,0.008213287625774867,0.02414348355141604,0.020876061774065334,0.008663449708547509,0.013033493699729963,0.034495577109852585,0.010718201048291215,0.017645059218396052
493,0.0007780819925630748,3.293972929044916e-06,0.023445342240899468,0.005512305125067863,0.019197497286106955,10.844724147868083,0.8452665740741538,10.24732758031681,0.017657803224971916,0.006873689384088906,0.014540398470612077,0.04001637763461447,0.009748952927284161,0.023913545170812678,0.01641616793950725,0.006812618533619881,0.012782772607672117,0.03552592074778292,0.011038341518038883,0.01742878182226913
494,0.0007779054636150747,3.2932256021803142e-06,0.02954768819471466,0.006947046086855679,0.019004299889933893,10.87212684700553,0.8474024131517064,10.238695426243018,0.018342854427442906,0.007140360674848501,0.014497029497879423,0.04130227610758593,0.010062228751416265,0.023618677392792078,0.017397771066997556,0.007219978380548959,0.012606574876844853,0.036377717687358625,0.011303005327593874,0.017201408095141788
495,0.0007747258195797313,3.279764731119774e-06,0.026341595427592818,0.0061932519468486736,0.018560302935969435,11.19649663718147,0.8726846552388938,10.23448949902859,0.018629197707088655,0.007251826112334103,0.014451600038895871,0.03782174167321397,0.009214286774450993,0.023296448941095095,0.0197278017843149,0.008186928189249335,0.012484522233443353,0.02780201498698219,0.008638428782598037,0.017034465735815574
496,0.0007696869911045762,3.258433091588332e-06,0.019551630789299022,0.004596842882305177,0.018516495417641665,10.771074973169515,0.8395261619869469,10.219183147786161,0.01846687473826918,0.007188638316357857,0.014321252072279219,0.040733534586198945,0.009923669625189969,0.022993381169786074,0.015800905619401267,0.006557288087413579,0.012371607047405146,0.02848461697836289,0.008850521636017574,0.016974805932363397
497,0.0007654785472673788,3.2406168457355392e-06,0.024498186243749977,0.005759842453940191,0.0183114687931832,10.62335276149608,0.8280123008620967,10.200086374187526,0.019899934044292095,0.007746488260265316,0.014088426025164236,0.04095692290152521,0.009978092396548894,0.02278430598836861,0.018774232033541293,0.007791202037984427,0.012259075896735314,0.0351972299646798,0.01093621323983091,0.016828933231660754
498,0.0007641269717777727,3.2348950154954414e-06,0.023472380929433635,0.005518662272677421,0.018141906634886636,10.853316148029798,0.8459362573636605,10.185931804830467,0.018487370785384104,0.0071966168547793535,0.013918902937014737,0.04025027584737596,0.009805936162668645,0.022714653331870862,0.014163922288091864,0.005877949095317473,0.012127589059535017,0.03218325205523103,0.009999733148899091,0.01680196969414778
499,0.0007620040797576734,3.225907853586633e-06,0.026918521864160386,0.006328894861351787,0.018103764273029736,10.666289493082145,0.8313589036446883,10.179560822701902,0.020004531127462456,0.007787204981990814,0.013782676280926016,0.03671689111149208,0.00894511857996172,0.022576096198043075,0.014168167157567623,0.005879710692577559,0.011992525763232427,0.02711076149600399,0.00842364780160319,0.01639334760605503
500,0.0007582349391129413,3.209951376803752e-06,0.027533806401004356,0.006473556264498355,0.017756948505542037,10.291898044504123,0.8021778407806398,10.172066769558189,0.019663032190101414,0.007654268988169308,0.013670068938340246,0.0372385834150513,0.009072215384084386,0.02234014693246039,0.015604423043126835,0.006475748909354905,0.011691502266048122,0.03927629472486147,0.012203628945021118,0.0162469940906747
501,0.0007520271015670736,3.1836707932412955e-06,0.029088913778176014,0.006839182250126335,0.017616004050191158,11.166956356745313,0.8703822074033378,10.158346638369519,0.02320275236550124,0.009032183142172448,0.013611356368287343,0.04026706513731537,0.00981002643787537,0.022240657549940812,0.019879276207126276,0.008249789233557408,0.011593788940170331,0.04573244177492502,0.014209633420886198,0.016191530703892554
502,0.0007401007405337961,3.133181113797329e-06,0.025669511715116385,0.006035236318213673,0.017374737682125205,10.655833203606349,0.8305439126995778,10.152898165466818,0.019559984090991914,0.007614155242655495,0.013468614338909892,0.037268105699894576,0.009079407723377836,0.022003690972767963,0.019688070668766204,0.008170439996929065,0.011385962877670104,0.03738827639450581,0.011616998375450757,0.01613822078271175
503,0.0007315522095902748,3.0969913166034568e-06,0.02109022742922138,0.004958586978702331,0.017270600764705747,10.591614856195402,0.8255385643137062,10.13833680870991,0.020309873856305363,0.00790606637414791,0.013256240434888131,0.04006563568212684,0.00976095337347329,0.021858687511809815,0.014435756741123013,0.005990758883790679,0.011157460321414122,0.031045617044632812,0.009646255927041453,0.016074090126877508
504,0.0007122604828778671,3.0153207135660105e-06,0.026848325184365925,0.006312390708253149,0.017059809487325307,10.83232745033578,0.8443003425766912,10.1258774264783,0.02007419578262072,0.007814323485606846,0.013021783504335908,0.03911255272285667,0.009528759420523277,0.021731511560471522,0.024008741869201156,0.009963494551818343,0.011012592240067728,0.039360002938791605,0.012229638118992591,0.01576478794422681
505,0.0007102494244059211,3.0068069936385066e-06,0.022907118967915068,0.005385761828082965,0.01696201330870056,10.898374855334193,0.849448252563915,10.110476491403688,0.01919356543302081,0.007471518697931394,0.012976358223213618,0.04092603008689715,0.00997056616320638,0.02124661934542051,0.016169225734598665,0.006710138889887407,0.010949608590938404,0.03431172877241169,0.01066107710347909,0.01569985855609027
506,0.0007073106997497485,2.9943660432555497e-06,0.026042899642284706,0.006123024679902755,0.016813701606802053,11.159782578463567,0.8698230640900825,10.099093193576818,0.017978883943083807,0.006998677135702321,0.012810739362139393,0.04161268320322562,0.010137851392508813,0.021199756739831297,0.01792912445769449,0.007440487087008523,0.01079682213079048,0.03229825134055003,0.010035464844488171,0.015523045030756698
507,0.0007065393583129034,2.991100606146989e-06,0.024449628450829132,0.005748425884796977,0.016695075523223676,10.88655391682771,0.8485268972525694,10.085627581213283,0.01710313753051233,0.006657773528240353,0.012759824974621059,0.03658033573852182,0.008911850403736212,0.021147459170484596,0.01588221466891196,0.006591030891439997,0.010687008730099432,0.03653494616270362,0.011351858153099513,0.015496132046603798
508,0.000705155750376893,2.985243168075948e-06,0.020436838301986244,0.004804966690386008,0.01654964854693753,10.923919634352524,0.8514392804178185,10.069187138528473,0.01844087363675808,0.007178516814087478,0.012524832569466576,0.04418047464399235,0.01076342720328545,0.020882816499512815,0.014092674379702413,0.005848381608985448,0.010652475061478548,0.03405791275339133,0.010582213337481678,0.015406535403223792
509,0.0007013671440769837,2.969204284372187e-06,0.024562976893322822,0.005775075578968916,0.016167990823120836,10.997674434046855,0.857187925197447,10.048215294113557,0.018732454321718682,0.0072920210271135155,0.012454988190449328,0.040000489509498624,0.009745082197522674,0.020748931823853702,0.021282793939909485,0.008832241298732252,0.010504472877060352,0.03225989854306647,0.010023548157520327,0.015210692289144477
510,0.0006964679804063569,2.9484639091157874e-06,0.02581023563289585,0.006068322342944085,0.01604407631746467,10.909545910164233,0.8503189542172013,10.038658947932742,0.017397410652392826,0.006772325831724632,0.012353647911017611,0.034707839119747695,0.008455665149798158,0.020516509338797968,0.2898488370430951,0.12028565780177011,0.010364488854519557,0.038112991167272105,0.01184217618918727,0.014940470091909519
511,0.0006872930800800647,2.909622407075703e-06,0.02471556603897444,0.005810951273209704,0.015786198361158514,11.029138502006353,0.8596403181369012,10.028554587991861,0.018534833166426647,0.007215092633479522,0.01219757121525088,0.03706388366422813,0.009029654319144062,0.02031863755109681,0.01616895614879216,0.006710027013274755,0.010156157486995538,0.03322385376280143,0.010323060927339102,0.014838561407359651
512,0.0006758059553138354,2.860992213376093e-06,0.024749485802889264,0.005818926251205231,0.015763057931144277,10.757581984789411,0.8384744826720502,10.016142774381066,0.020247664136446082,0.00788184986853077,0.012107791412594797,0.04129962163580668,0.010061582058188332,0.02021443424306354,0.025505931365068422,0.010584819878500674,0.010004969426849789,0.036342661997146766,0.01129211309250006,0.014638187579314274
513,0.0006719305646028662,2.844585932015752e-06,0.02365794179298655,0.005562290046956203,0.015655784645314506,10.9757277598334,0.8554773431787817,10.00551323203865,0.020043842053714647,0.007802507627116922,0.012022449446448575,0.040037402461264034,0.009754075081197803,0.01994826333943841,0.01884741909740637,0.007821574263070435,0.009809714560785684,0.03523355410987313,0.010947499599524202,0.014557244307198288
514,0.000669289982714447,2.833407154791096e-06,0.031909029435630044,0.007502228147778012,0.01556160530966081,10.588092550368078,0.8252640264518936,10.003835070365856,0.01763618926830619,0.006865275674716992,0.011882025878182783,0.03730476094650089,0.009088337823872335,0.019755595195980694,0.01567896699775416,0.006506684236572243,0.009628227795409838,0.03104632137305044,0.009646474770563337,0.014513423513302794
515,0.0006687021313502692,2.8309185141357255e-06,0.02228611762744034,0.005239756329992974,0.015428972786321287,10.71327777535523,0.8350212950376874,9.987854395595752,0.016999060281077123,0.006617259163262255,0.011753989279740112,0.04159405908450478,0.010133314108840124,0.01959167823034379,0.021354155334844947,0.008861855881350664,0.009557580199687768,0.026089300617490506,0.008106267314707533,0.01448565501846899
516,0.0006682372275976355,2.828950366317856e-06,0.023492656430036597,0.005523429306774797,0.015240088087637563,10.9975991188122,0.8571820549282263,9.977574692707066,0.01924794329756074,0.007492686481117976,0.011599147449189395,0.03916311452848011,0.009541077493574322,0.019337616436818774,0.021749991259646516,0.009026125592011085,0.009462548860137329,0.029518921646128744,0.009171892846564276,0.014367360504765236
517,0.0006669801152606894,2.823628441319915e-06,0.02358184522767463,0.005544398753979587,0.015007372862837381,10.728318302815826,0.8361935936545576,9.963914463685303,0.017817087654838554,0.006935694361756603,0.011495029609152135,0.040389618447321814,0.0098398833744838,0.01917698452956604,0.03551678903370101,0.014739270219290997,0.009294831622200345,0.03193032668234649,0.009921146117635414,0.014172779009180755
518,0.0006657213556711719,2.8182995427569396e-06,0.02210650185277167,0.005197526323492067,0.014827080543948493,10.56741655237732,0.8236524843094734,9.954764523122511,0.018802025280155725,0.00731910305721414,0.011430988011268227,0.04023397097621288,0.009801963903537504,0.0191488477218856,0.15665799720095802,0.06501219889463758,0.009174307645598779,0.03376228230659096,0.010490357313310465,0.01396088742447254
519,0.0006433811660943347,2.7237234178765436e-06,0.02620466407251257,0.006161057602972789,0.014739456940011317,10.7077239871559,0.8345884180497277,9.943336738553436,0.017402633317881243,0.006774358869462509,0.011330909649369492,0.04026129943387978,0.009808621773717623,0.01879032879738332,0.019694266000845503,0.008173011025338428,0.009167582410515403,0.034862912847461416,0.010832336790255342,0.01393894466694968
520,0.0006415481885394222,2.715963595000371e-06,0.025763793597694463,0.0060574032159793866,0.01455020411843079,10.835187425413572,0.8445232566225425,9.934010889841007,0.01841065670964359,0.00716675420871237,0.011266295464911794,0.040252433418770404,0.009806461799000693,0.018555707412763824,0.021960672399423245,0.009113557095076606,0.009113747347971502,0.029449764339614895,0.00915040481890168,0.013667423383359861
521,0.0006317308688524134,2.674402441299509e-06,0.029875923136237523,0.007024218393908912,0.0143903709704051,10.514203288479944,0.8195049013321155,9.91630760330527,0.01973045860421396,0.0076805162070893345,0.011175793662865002,0.04693308078516472,0.01143402832422325,0.01853984423991806,0.02134901161666918,0.008859721266871507,0.008803655479094641,0.034819160926319134,0.010818742529009658,0.013591325121877279
522,0.0006303004077684933,2.6683466526660218e-06,0.02251683761121349,0.005294001601225983,0.014217399644986842,10.744497453631409,0.8374546395967918,9.90414534853099,0.018320681537757497,0.0071317293884702706,0.011013843876341911,0.039412857847953536,0.009601920978401497,0.01839754420127349,0.020063122496033713,0.00832608442252985,0.008691731558714399,0.0347481700244197,0.010796684780657323,0.013431569323682809
523,0.0006259984509416087,2.6501345240406065e-06,0.026282838787799474,0.006179437496057693,0.014184538184666617,10.827939082570124,0.8439583015495081,9.891572147559645,0.018843331065791585,0.007335182245356023,0.010945846256594189,0.04494509209906139,0.01094970642238198,0.018227526073178176,0.018071764626952307,0.007499681965149715,0.008651780541232364,0.02917992680431569,0.00906656297029303,0.01338610186857133
524,0.0006245386480309146,2.64395451818579e-06,0.029351920884490477,0.0069010186441175216,0.014132132741931392,10.87656593994984,0.8477484078339013,9.881537331903798,0.01822527262922444,0.007094589366386225,0.010840297215693543,0.042796112308577106,0.010426163211889232,0.018182671616470927,0.020992931103486188,0.008711949831265439,0.00844603848880769,0.038569250999544405,0.011983941743564886,0.013261757309525238
525,0.0006237640930491428,2.640675476688365e-06,0.025629150354351454,0.006025746836954954,0.013844933070974194,10.69214972799655,0.8333745189681219,9.860247286545643,0.02207604308741748,0.00859358670381333,0.010605490861214067,0.03811305153511072,0.009285256869665921,0.017883211014176673,0.019671200380713474,0.00816343892107025,0.008358773736976705,0.03246770475905695,0.0100881161105358,0.013095586829395304
526,0.0006230081302294264,2.6374751442204363e-06,0.022558320718195402,0.005303754819620945,0.01369470239998959,10.699670483163985,0.8339607065804714,9.85374927459104,0.016375064558565005,0.006374355064779458,0.010557374634599381,0.038965328272088,0.009492892000103706,0.01781576673414003,0.019329770954058797,0.008021747605013898,0.008271234594644008,0.03158723750569183,0.00981454408105644,0.012945960793840864
527,0.0006224278579965258,2.6350185894551025e-06,0.02378248895931322,0.005591572706863702,0.013447482096411594,10.824024587194687,0.8436531953937305,9.850814677638002,0.018472846063233128,0.007190962786309793,0.010502363672509115,0.038658437677669306,0.009418126063363192,0.017621633121257026,0.014088472243389953,0.005846637745750827,0.008121326188348243,0.033251077217348574,0.010331519590260903,0.012811875654050519
528,0.0006218621621807397,2.6326237432549805e-06,0.021066415735635842,0.004952988539607715,0.013416343322883315,10.742463328502634,0.8372960944871704,9.843928471255902,0.017689811163513168,0.006886149180166282,0.010394905322147225,0.037481913556441857,0.009131496464342734,0.017388363912862696,0.020216986700318546,0.008389937212878618,0.007976183761995062,0.028545847004524273,0.008869546559952021,0.012755736931100605
529,0.0006177147489896745,2.615065867725783e-06,0.02566458303209864,0.006034077520684535,0.013209661756763899,10.73196875696772,0.8364781197367995,9.828030393196762,0.02076715517665585,0.008084073214364032,0.010256180014704177,0.04266255504297214,0.01039362544679294,0.017288950180122213,0.016794946177453952,0.006969809398959253,0.007956995230316422,0.030554054505257423,0.009493521386376843,0.012548354679473663
530,0.0005964594307573496,2.5250824938336834e-06,0.02652847413432783,0.006237189563212594,0.013126031999982503,10.742135653289788,0.83727055461167,9.817115362810467,0.017012831320596167,0.006622619844143331,0.01011898501252928,0.03921082908520348,0.009552701908249977,0.017094988762168545,0.023687426833535405,0.009830150596324371,0.0077788181737410336,0.03324989398565922,0.010331151945588868,0.01251970818303154
531,0.0005944883308554739,2.516737936602852e-06,0.021814766980300545,0.005128935657757264,0.01298814077320342,10.70884530481069,0.8346758165229015,9.803932394256286,0.019923191129551866,0.007755541593685006,0.009913513451241992,0.036486387930975375,0.008888962456162476,0.016773194936052355,0.015973753648610697,0.006629019059686221,0.007672300064263568,0.02901765096018595,0.009016141865085113,0.012402955645775494
532,0.000590686923158138,2.5006448587948957e-06,0.022941448427230286,0.005393833130799715,0.012789803763683683,10.92102215403998,0.851213443114459,9.788907078178124,0.016906493231404612,0.006581225397422655,0.009886584187005708,0.040720307004180785,0.009920447067775744,0.016538602997989742,0.027005959867612662,0.011207323377188548,0.007608249204040028,0.03503844954727365,0.010886878206795484,0.012356200463953557
533,0.0005893775033710552,2.495101492706704e-06,0.02215476346067326,0.005208873255682115,0.012605958122253636,10.320771053743114,0.8044282797286374,9.777941394691922,0.01845605376200436,0.007184426012668133,0.00977130062751798,0.0346559821253397,0.008443031537579427,0.01642759250468245,0.023998716004271364,0.00995933387354751,0.007595929097307505,0.036208935164462976,0.011250562517083054,0.012201732828329837
534,0.0005863803335487574,2.482413117506196e-06,0.02354517176997251,0.005535776346732629,0.012492403021654616,10.746647806852204,0.8376222438322898,9.766414310927244,0.01730985147745928,0.006738241491586039,0.009711142201504624,0.038147772893532106,0.009293715828443055,0.01607068974616201,0.020686113285394776,0.008584622140559741,0.007544489563673054,0.02989327172131711,0.009288208029682806,0.012095896044374511
535,0.0005853252319696022,2.4779463953967675e-06,0.01979374989102197,0.004653768234538936,0.01244188425223613,10.92398949129597,0.85144472525334,9.753514736305316,0.020179918909422445,0.007855478544653034,0.009508485482177692,0.037169621748790446,0.009055414662032458,0.015966048638362765,0.019491032707612207,0.0080886703372295,0.007483853292517873,0.03527981493305727,0.010961873407562493,0.011821244720294537
536,0.0005838225532878226,2.4715848770141995e-06,0.025929443335231547,0.006096349625368921,0.012213322788194432,11.14508361988296,0.8686773882579933,9.744414247875133,0.019592531112195985,0.0076268248885499376,0.009470356922776186,0.039314476342707294,0.009577952875333333,0.01572526610563589,0.017628079436088333,0.00731555507478706,0.0072681601425866795,0.03396141437629092,0.010552230102143931,0.011808086830313563
537,0.0005804738058210177,2.4574081146584398e-06,0.0221593422208144,0.005209949781788373,0.012077164933669716,11.005636461464213,0.8578085067397703,9.731879396926427,0.022299148622842165,0.008680435454523803,0.009361430882176976,0.042597663354820424,0.01037781626938714,0.015671637854780363,0.024226263464175512,0.010053764805804872,0.007148431109149036,0.03204337812466486,0.009956272594392388,0.011647233099538487
538,0.0005785835047786588,2.4494056155377947e-06,0.022465799806593984,0.005282001949052617,0.011895921966388176,10.701095728015293,0.8340717939457428,9.709761848095495,0.018147248279972328,0.007064216667454105,0.009294017742584999,0.036186135150428615,0.008815813650676782,0.015551127855432516,0.021373330762840047,0.0088698135774848,0.007039602716106057,0.03048708862178556,0.009472714260867907,0.011522042047774942
539,0.0005770601724094693,2.442956660756668e-06,0.02693714674523216,0.006333273813312941,0.0118576563340025,11.172206415105789,0.8707914108817796,9.707480454310797,0.020228583752864418,0.007874422408364936,0.009264944743577232,0.040684247529311324,0.00991166211161867,0.015516003599622645,0.016522959075272427,0.006856936261936323,0.006991021499690296,0.0318683807312236,0.009901898746989943,0.011388921487222746
540,0.000565643845890946,2.394626188055098e-06,0.021453538976732214,0.005044006252379928,0.011768256908663637,10.846131628439496,0.8453762768443167,9.692039442697977,0.017019610696504022,0.00662525886574839,0.009102109012686615,0.03876441410129749,0.009443944471385695,0.015287373234708404,0.01734292203051456,0.0071972163349928835,0.006876505367050659,0.03331535295546519,0.010351490854445507,0.011350277629709677
541,0.0005635829014628874,2.3859012783165642e-06,0.02441669637355271,0.005740683124785853,0.011531881149872473,10.52504005641491,0.8203495477778461,9.687804160943955,0.018347262861855666,0.007142076755180656,0.008935803456481466,0.03529059159910674,0.008597637682679673,0.015070265428596784,0.1577385576305783,0.06546062547242687,0.006803283118926121,0.04348604513708266,0.013511650293312348,0.011176714250058332
542,0.0005574226813365287,2.359822280823844e-06,0.019982871045842485,0.00469823307963543,0.011474028037658764,10.94999352118072,0.8534715483382891,9.674179913608446,0.019889192619112605,0.007742306923590218,0.008898966176478095,0.0430244802281152,0.010481799134710814,0.014831964665600085,0.01779144369190874,0.007383350333767976,0.00666748745444623,0.031567926792135784,0.009808544004303976,0.011063398632321333
543,0.000556202279660815,2.354655768655737e-06,0.021506636797998836,0.0050564902412801776,0.01141271143743183,11.149164482872802,0.868995461547056,9.654681810896063,0.017834008580176905,0.006942281205169984,0.00883495571351848,0.041051656195044015,0.010001171707414916,0.014727406852103893,0.023134992710234392,0.00960089350289837,0.0065121824920166835,0.031293769232671395,0.009723359870932603,0.010898255906554192
544,0.0005482753832886803,2.3210976317103694e-06,0.026617416785589102,0.00625810113820037,0.011152458549021948,10.797953568084324,0.8416211509907966,9.639210100429013,0.022854448447829682,0.00889659815966739,0.008686797336060677,0.04316334505624912,0.01051562994981093,0.014579437160958397,0.021974094478936543,0.00911912718353994,0.006470753300185322,0.03291844408619315,0.01022816637591424,0.010846895191956064
545,0.0005450003212964803,2.3072328132897374e-06,0.022519860851541455,0.005294712404377538,0.01103249561994807,10.690941054019282,0.8332803117113943,9.632310266573594,0.018454409004062398,0.007183785754360743,0.00857612271083212,0.03813503078602335,0.009290611544306408,0.014465200636145327,0.021932978389765097,0.009102064234857182,0.006432393817713962,0.03273823390517421,0.010172172851151373,0.010725120227874
546,0.0005408066983962058,2.289479311165079e-06,0.020797285493077335,0.004889712516586901,0.010956270164913871,10.94259940697889,0.8528952314588116,9.623498114739506,0.01977217555187106,0.007696755449116999,0.00853345804502763,0.04090632100236898,0.00996576455574807,0.014353758454805453,0.021614967798002066,0.008970091605232799,0.006359856941482701,0.028926263370863778,0.008987746614512716,0.010688327749575302
547,0.00053405776903607,2.2609080412670395e-06,0.025406674082532058,0.005973439769702308,0.010871796969570238,10.752825754813157,0.8381037694881351,9.616627546318373,0.01778910538017993,0.006924801644139745,0.008358335785368928,0.03729197889029802,0.009085223807272095,0.014235083867835863,0.015246678326104176,0.00632728683839693,0.006249407879636336,0.031033721777973998,0.009642559921053027,0.01060951673441291
548,0.0005270900159233022,2.2314103914703634e-06,0.02291031247117145,0.005386512662265133,0.010818654681612439,10.739288319006528,0.837048625822884,9.603724154044347,0.017916052673949592,0.00697421867832038,0.008143704672073931,0.04128260143953659,0.010057435528640721,0.014112491365564151,0.020803044400432416,0.008633147903965532,0.00623104365341204,0.030289919329552904,0.009411451331189445,0.010489763601418607
549,0.0005252263227870251,2.2235205356484584e-06,0.024470001518996413,0.005753215858298663,0.010674975290919582,10.786611839531984,0.8407371465747506,9.575021314134686,0.01936234082630516,0.007537218242451938,0.008123594637905254,0.03517104316459626,0.008568512806080023,0.01398284257201399,0.01892250941689347,0.007852736328670541,0.006167309297846788,0.030506358346854886,0.009478701601992268,0.010370469917808097
550,0.0005226301885282089,2.2125299253394637e-06,0.025763287176179078,0.006057284149689544,0.010605148947655369,10.501105384858507,0.8184840159715762,9.565218471682233,0.019935751403267706,0.007760430957271283,0.0080631437670293,0.03671037906588576,0.008943532088884092,0.013926175528125057,0.026433787192006147,0.010969874894166703,0.006145285867865587,0.028740521395458057,0.008930034293041315,0.01020611994388735
551,0.0005189838870094165,2.1970934821254616e-06,0.020705271890825893,0.004868078921049884,0.010374482019639922,10.795550028603696,0.8414338127464354,9.562687306027152,0.018461821802565736,0.007186671349682517,0.00799787240850636,0.04229153466316759,0.01030323595050208,0.01381316554189828,0.02084828305357727,0.00865192169380408,0.005877954226311668,0.02952860961787564,0.009174903018813395,0.010174848472049634
552,0.0005179750131175446,2.192822462720811e-06,0.022925216448163206,0.0053900167812458415,0.010243930533293321,10.51227505538989,0.8193546097289522,9.545752492786571,0.018110907285848743,0.007050070133916952,0.007861809484581615,0.0422819879715071,0.01030091014659101,0.013503933426022656,0.021229417619993612,0.00881009042237333,0.005812150438694508,0.03376559889773863,0.01049138781906494,0.010119786469847538
553,0.0005053626269231825,2.139428528544239e-06,0.021423450656138945,0.005036932096579309,0.010130615557376441,10.797406222213557,0.8415784894013721,9.530988166324814,0.02005599214882954,0.007807237319635457,0.007770669447398486,0.041950199269076394,0.010220078431353405,0.013409805133726022,0.1167601386415837,0.04845480915088373,0.005766724682136092,0.03749124081893931,0.011648990691404347,0.009923229501059994
554,0.0005050568157661979,2.1381338916266194e-06,0.021018716759042856,0.004941773889361521,0.01008162874290104,10.903979443740644,0.8498850890548042,9.516978957051672,0.01879312484983294,0.0073156383683939015,0.007718537035505417,0.038835931926889354,0.009461367935386438,0.013307700318497803,0.08351455525302447,0.0346580766620041,0.005700017560938563,0.029340906505552038,0.00911658134792592,0.009870658990980455
555,0.0005041498157575628,2.134294150437846e-06,0.022823651630130583,0.005366137570560182,0.010019260717673539,10.645644053723089,0.8297497433231033,9.516195548830199,0.01701734526788798,0.006624376997690959,0.007604072108604871,0.04270014396621549,0.010402783013393115,0.013282249774725688,0.030032373876811045,0.012463268384905775,0.00566498191204143,0.03501396424806927,0.010879270322492971,0.009769065000414618
556,0.0005018549609579487,2.1245789923204897e-06,0.02292619438397657,0.005390246706684362,0.009854451814077915,10.773826034909359,0.8397405870382618,9.496132371629198,0.02008692693095225,0.007819279365906267,0.00755027245702145,0.0408935711774219,0.009962658391457659,0.01307114913589983,0.02466852876681485,0.010237302450439143,0.005585976175384435,0.029485385910827836,0.009161472880198364,0.009622562223209095
557,0.0004996347450111095,2.1151798142191803e-06,0.021493841839968195,0.005053481980108187,0.009756296555104418,10.81871353694803,0.8432392380458518,9.48818765290157,0.01951272395654802,0.00759575819290481,0.0074834060284975955,0.041194558268470384,0.01003598609265902,0.012930267260376816,0.02253058990208858,0.009350069693851151,0.00546640783720422,0.027707745362230002,0.008609138048089573,0.009547743430623245
558,0.0004980942559946039,2.1086582275916e-06,0.023937272693789074,0.005627964377501804,0.009625685863846312,10.851310079028694,0.8457798990230703,9.486401775021896,0.01907724349617661,0.007426237818297857,0.0074567169000050535,0.03906600795365971,0.00951741999424997,0.012828808718814444,0.021529850668538637,0.008934768469172795,0.005433728390163794,0.031182822718628576,0.009688887421339106,0.00952363670425112
559,0.0004962459096596003,2.100833341719424e-06,0.024029435686042388,0.00564963309657272,0.009567219389589442,10.968944414346435,0.8549486312334754,9.467396130357299,0.016486375896593124,0.006417685458304886,0.007271032152134203,0.034858324280081475,0.00849232695756458,0.012660336445386139,0.026359075664774644,0.010938870025249186,0.005344898342161786,0.036791528445250556,0.011431581431275428,0.009364145761112963
560,0.0004957152825026974,2.0985869570106655e-06,0.024981764183076748,0.005873537921719315,0.009272427613282064,11.217604097867625,0.8743298267285806,9.44749193564577,0.021329226970771196,0.008302872057860183,0.007179816254854473,0.040969064489841917,0.009981050379753742,0.012524552647154963,0.021871551796694595,0.009076572539843382,0.0052313944860585765,0.03085867828936549,0.009588171751313887,0.009271271275525565
561,0.0004928533896351543,2.0864712703328895e-06,0.02492977029179126,0.005861313481126367,0.009232241319625363,10.735965858678833,0.8367896644495567,9.440196447603777,0.018047569632470725,0.007025414555298775,0.0071389001856603995,0.036734197299544885,0.00894933478399243,0.012380006868739987,0.02567288393676168,0.010654104268642405,0.005149979711972297,0.034243900438600414,0.010640002004017941,0.009155085600382102
562,0.0004911406186360385,2.0792203361657127e-06,0.02029236032305897,0.004770998037016941,0.009128242613021585,10.51419931878321,0.8195045919234193,9.42413198343792,0.018136138564511222,0.007059891965663497,0.00699232714493784,0.039060640713795385,0.009516112405410608,0.012294354496572492,0.13268539934012327,0.05506370390557857,0.005105678435080236,0.034977985911119266,0.010868091409683795,0.0090868780452539
563,0.00048502947054781934,2.0533490828011816e-06,0.02317229680596923,0.005448108589360369,0.009096615239092736,10.934123873437315,0.8522346258866962,9.414675105527472,0.01950332385361798,0.007592098995500902,0.006912987626533739,0.03984982970891799,0.009708377843187909,0.012275378757706148,0.022882407195361762,0.009496071916868905,0.004969118422736209,0.031428936427417925,0.0097653579845984,0.00901633697560189
564,0.00048030298813252605,2.0333397453863704e-06,0.020058439121226908,0.004716000117751274,0.008957321123317345,10.70760465673146,0.834579117119831,9.410754976297378,0.018855970042544048,0.00734010224583526,0.006861526719437594,0.04024682169603479,0.009805094648248316,0.012046688787201689,0.020008998024029254,0.008303623067208759,0.004918548086924386,0.03299593149384728,0.010252242668689486,0.008838238405618083
565,0.0004790985012381898,2.028240607684618e-06,0.022872199889589738,0.0053775518982624665,0.008867514116482164,10.956105010398426,0.8539478940233528,9.388482679483195,0.020287068969248503,0.007897189068852855,0.006782735892084939,0.03699949896616895,0.009013968656729847,0.011861270618851113,0.02077799423952125,0.008622752226294444,0.004879494081539199,0.03249212430472075,0.010095703564402685,0.00879265581570628
566,0.0004740551244888633,2.006889713251845e-06,0.024682413477422838,0.005803156674475666,0.008623373193855782,11.283637733129796,0.8794766634660268,9.378501576371693,0.01764845220805728,0.006870049294499186,0.006638689863933362,0.038256295428876326,0.009320154530573485,0.011780207378236027,0.02411085876658384,0.01000587249716275,0.004848210676495476,0.033166952902183924,0.010305381128506427,0.008720809057929243
567,0.0004713593754627977,1.995477388586537e-06,0.024333794397298533,0.005721191791117583,0.008567407518593854,10.865044123455222,0.8468503668858122,9.373254735753925,0.019628705314949826,0.007640906494867495,0.006572549139773141,0.03300955034889738,0.008041921121412303,0.011619675495155182,0.015506811212767316,0.006435240541807845,0.004738658800587601,0.030029817088326215,0.009330634358459844,0.008625615169249116
568,0.000466351663823374,1.9742774806920136e-06,0.02080016812548105,0.0048903902609853155,0.008496826677324931,11.000722180988701,0.8574254746805923,9.350574591833412,0.019711608737346932,0.0076731784806391866,0.006542419928810848,0.045778051830644734,0.011152635465277283,0.011378747190585875,0.0281113525672981,0.011666055209157804,0.004580078540905481,0.03608058870828208,0.01121068369097147,0.008475075541126862
569,0.0004655239506861402,1.9707733966840006e-06,0.025696213618218694,0.006041514283184606,0.008373386638242516,10.642950371711523,0.8295397906000541,9.344360410898215,0.017940839081455752,0.006983867334156789,0.006493068379429318,0.037919660029458985,0.009238142043272826,0.011337243640398294,0.0207796923309041,0.008623456924788588,0.004562041911548539,0.032487345266649245,0.010094218658360824,0.00836174833692355
570,0.0004609735771402412,1.9515096077510905e-06,0.026693618702692903,0.006276017200754515,0.00832895739757317,11.073213498507815,0.863075640307124,9.32366309738785,0.019920165227562184,0.0077543636945930985,0.0064460427183718975,0.04115261903449296,0.010025768685636685,0.01130771335724911,0.021879004566016214,0.009079665397725584,0.004496955756434081,0.028745295758031884,0.00893151774634841,0.008271530065042563
571,0.0004545668804747112,1.924387163609514e-06,0.025735648120393435,0.006050785847924792,0.00820375451139997,10.744149393419415,0.8374275108603709,9.311085776375025,0.017926970143815852,0.006978468544272827,0.006376433565462212,0.039309807565227756,0.00957681544874536,0.011080030502893683,0.019339491621814597,0.008025781628152328,0.004381186874165293,0.02821636719940771,0.008767173122877897,0.008212762279998995
572,0.0004536876196654722,1.9206648549956587e-06,0.02220266053783956,0.00522013448195157,0.0080945632624888,10.766899930636988,0.8392007480944434,9.297400788862685,0.019219400761408788,0.007481575669357135,0.006202391439160807,0.03872440408061083,0.009434197067163967,0.011041474088047872,0.0286506912908816,0.011889877784421621,0.004309910288139689,0.031474300069057694,0.009779453027270952,0.008143983440953267
573,0.00044783329006519134,1.895880830425821e-06,0.024254127001386887,0.005702460949389093,0.007888792208563693,10.932045101198756,0.8520726008628773,9.292241859355293,0.019873185737602512,0.0077360758918980825,0.006111748157997308,0.036279859615941594,0.008838647186754534,0.010841663238977601,0.02091797290170941,0.008680842593781449,0.0042937889175891164,0.03225921624625291,0.010023336159489417,0.007964382779793945
574,0.00044748737609751646,1.894416420175757e-06,0.02213654471715582,0.005204589791946265,0.007868431911761665,10.699109966427265,0.8339170184188088,9.284228499414402,0.020330724375875887,0.00791418289879136,0.006103346490943892,0.040178637327822696,0.009788483294713376,0.010764925357563753,0.01971715364420827,0.008182509270235694,0.004172960889743581,0.03685952333168578,0.011452708280689996,0.007935091703717622
575,0.00044112215997784164,1.8674695819426007e-06,0.02509937840097521,0.005901190555212187,0.007800356048934961,10.280174042657547,0.8012640409697666,9.257046542185492,0.01924973727996138,0.007493384828337357,0.006022709504060444,0.03953938581477389,0.009632746237093818,0.010596191922434129,0.01921681740649111,0.007974872510020149,0.004147280972545512,0.03221970612549047,0.01001105987791206,0.007846036821536676
576,0.000438435434109557,1.8560954563845196e-06,0.021806889779250323,0.005127083625260823,0.007748987162624165,11.159044340184616,0.869765523839875,9.250579790703194,0.019794316599358906,0.007705374340217484,0.005967462870931165,0.04081157622610333,0.009942682447408485,0.010480212548517378,0.02861230425131094,0.011873947376168394,0.004102177041599263,0.02971426066979259,0.009232587089235984,0.007781451035750306
577,0.00043733615696069724,1.851441719112007e-06,0.02378839656568262,0.005592961662014466,0.007571381754670986,11.16378275021315,0.8701348480897837,9.249599296630391,0.02001052108431427,0.0077895367048160654,0.00594137155979992,0.0370015067216694,0.009014457794303519,0.010413597382260768,0.03928199338878205,0.01630180911794345,0.004055675998828484,0.03625455584637945,0.011264737425338213,0.0077221759376709005
578,0.00043658310555873926,1.8482537119920146e-06,0.027573174872310962,0.006482812304521986,0.007540941556805948,10.539199777075567,0.8214531939757103,9.220890331732685,0.017429150333773017,0.006784681202785107,0.00587662643409242,0.036210987847081925,0.008821868365873682,0.01032345775349941,0.10096995885546406,0.041901972224719974,0.003979397152329488,0.026438876182372187,0.008214884752068849,0.007635333295360155
579,0.00043507605987006155,1.841873706094454e-06,0.023278057253663834,0.005472974247189813,0.007453315712073039,11.065309321256686,0.8624595677602488,9.218502268516556,0.01878305515755294,0.007311718518566364,0.005759500140556173,0.03532459443714012,0.008605921592592967,0.010186262811876434,0.03364157148594978,0.013961065350319445,0.003923690405994512,0.02960722921687377,0.00919933109739618,0.007550457828971848
580,0.0004339041573625347,1.8369125128369704e-06,0.02309423957135393,0.005429756317510485,0.0073327952217076406,10.955314166604103,0.8538862535597005,9.201474847889859,0.018559073788124415,0.0072245288301515985,0.005723083331102979,0.04195706986137772,0.010221752273037423,0.010047748587879983,0.1340281187345735,0.05562092499796689,0.003855935230516068,0.031304457481652094,0.009726680841649066,0.007494381718171947
581,0.00043311140828542177,1.83355644750646e-06,0.02228978933932162,0.00524061959724721,0.007252646679250849,10.442902086518815,0.8139474964698719,9.184367326524821,0.019682486117651814,0.007661841858564246,0.005629256146761626,0.039711022044023596,0.009674560954429066,0.009887207254914857,0.02943227011890582,0.012214228657835172,0.0038326040148701553,0.03248344535324669,0.010093006907190918,0.007466038546306894
582,0.00042722594411470345,1.8086406162206738e-06,0.023915641051408556,0.005622878496821002,0.007144735382353383,11.219830229330233,0.8745033373213058,9.174384273352073,0.017012802967185187,0.006622608806952715,0.005459507264980331,0.035200164674599126,0.008575607506974283,0.009675410755093875,0.04321832672342514,0.01793536559281101,0.003821029423507458,0.03068451171868725,0.009534056050785786,0.007310330256437887
583,0.00042524749348217506,1.8002649400229343e-06,0.021805068877883377,0.005126655507648629,0.007084549461723507,10.244942708962396,0.7985180173432995,9.15754844147008,0.01866858828208269,0.00726715976248979,0.005409788202236566,0.04054286193371426,0.00987721717688076,0.009644235219469038,0.021921184465066513,0.009097169821600581,0.0036694347086598323,0.03126034061189054,0.009712973186368514,0.007197257158235764
584,0.0004234816783580974,1.7927894460878418e-06,0.020703876474354434,0.0048677508404747225,0.006955685922536957,10.682214525258352,0.832600142905924,9.154042985673987,0.019224813222728652,0.007483682589308736,0.005373596960742531,0.03893589592641816,0.00948572157215806,0.009610001689607867,0.030907864350914693,0.01282659206993779,0.0036309627412071067,0.03211387407397395,0.009978176554873432,0.00717308914139629
585,0.0004196783641749161,1.7766882972631745e-06,0.023676620970211334,0.005566681764649648,0.0069287247748129445,10.945611421045351,0.8531299958268405,9.138086505327161,0.018228594989960146,0.007095882668584023,0.005307570205118468,0.03979278909660756,0.009694481376860162,0.009536433403284743,0.06484046627027905,0.0269084334339916,0.0035825171641420627,0.03773541178227219,0.011724857619701346,0.0070099581024346954
586,0.00041782423558578045,1.7688389324944789e-06,0.02467575079993457,0.005801590192276861,0.006892138457332663,10.878224255814473,0.8478776613723518,9.130062393098223,0.018380379173958517,0.007154968010114317,0.005239129746186115,0.04064342782152331,0.009901717448127026,0.009254552302030835,0.02798394293079222,0.011613180917531387,0.0035649010454735603,0.030866929610639717,0.009590735538551004,0.006949502719671434
587,0.00041737152190339093,1.7669223907563942e-06,0.02404516436080302,0.005653331112733146,0.006837478972252572,10.580219941084506,0.824650414396168,9.105943773178629,0.01885536246552776,0.007339865733080323,0.005198288262224091,0.039334282529351575,0.00958277813920472,0.009230584776760063,0.023421400447553233,0.009719751123423482,0.003486351743909193,0.03160749700955626,0.009820838958653823,0.0068284531760019135
588,0.0004135024309575611,1.750542779150689e-06,0.021691220789082588,0.005099888340126501,0.006685996302560983,10.895542532779324,0.8492274938290698,9.09717723818728,0.017034836750153614,0.0066311859429730785,0.005123691200183847,0.03627075167960091,0.008836428274201757,0.00912279504382688,0.026911953023731842,0.011168311059011154,0.0034095125016112547,0.03216109259734904,0.009992847932166989,0.006716907327826754
589,0.00041193905412875015,1.7439242980635793e-06,0.02301538732697676,0.0054112171285177505,0.006610206055966339,10.637088941594401,0.8290829351847646,9.086850704234232,0.019106640016058458,0.007437681062061908,0.005030824265641335,0.04055586491914177,0.00988038501715867,0.009030752267592628,0.02112726029415249,0.008767695699443178,0.003376690969099062,0.03209495145325965,0.009972297063351065,0.006691773930540967
590,0.0003999138104142245,1.6930160035143979e-06,0.028220821287337886,0.006635082406451101,0.0065178684722371795,10.71349444001938,0.8350381824564812,9.083278724849468,0.01919992595091668,0.007473994669816521,0.0049490219884996125,0.03639070353156308,0.008865651433004324,0.008847555612222136,0.021300569867621598,0.008839618210020566,0.0032920435244303938,0.029239330485600085,0.009085020426360143,0.0066608834335653054
591,0.0003942048964022548,1.6688475888879032e-06,0.02542473813867571,0.005977686864423171,0.006494894757072357,10.803236060034918,0.8420328824293072,9.067989812730746,0.020410761020173293,0.00794533892795512,0.004897171440352112,0.03999093623647588,0.009742754790233323,0.008751580803790513,0.05159444962673498,0.021411410083903088,0.003245955780813152,0.02725658774357298,0.008468957814379173,0.006612309066799724
592,0.0003931050398888942,1.6641913989034657e-06,0.03258429736070171,0.007660992426239817,0.006358668611719849,10.718410976244481,0.8354213903347673,9.060172535421758,0.017649074177476458,0.006870291409814401,0.004792914987821193,0.038037663945469515,0.009266890637983876,0.008709941899927295,0.03643137745706762,0.015118819336150762,0.003195748427025318,0.027440789236360397,0.008526191488910944,0.00653053435838315
593,0.0003914768361602382,1.6572984762341004e-06,0.022596233163301914,0.005312668528933318,0.006292177365376292,10.714481337290424,0.835115103848292,9.02667861981223,0.018930925575410797,0.00736928034030039,0.004772879948001325,0.035731307909067846,0.008705006785383778,0.008567024462409891,0.038336885663005395,0.015909594660061473,0.0031228765069492926,0.026167881439615535,0.008130683344837828,0.0064751145454959224
594,0.000390493158262922,1.653134122868222e-06,0.02132540533890992,0.005013880366342346,0.006276539369537402,10.88228458789076,0.8481941344275379,9.02120425289424,0.018429459519838428,0.0071740736173149374,0.0047361542143369685,0.03693635937398809,0.008998586332081684,0.008458192095360851,0.07601143552285128,0.03154432363985506,0.0030785627919026606,0.03264509210396573,0.010143232545321054,0.006339905981449922
595,0.00038977158955752435,1.6500793962394817e-06,0.023010385841333653,0.005410041214143792,0.006207248978548509,10.556511056962224,0.8228024810615888,9.01203001533134,0.018218588950084637,0.0070919875968589174,0.004614618316524802,0.04010958816685734,0.009771661256845126,0.008376225866261267,0.04536457582413258,0.018826047051183285,0.003041807877931249,0.02594410419074946,0.008061152995026837,0.006286529800860122
596,0.00038946754250708684,1.6487922275826181e-06,0.025943537116617867,0.006099663256817297,0.006031243162575569,10.54269959022334,0.8217259786983995,9.000555761916328,0.01745945690842834,0.006796478705442845,0.004583406232704084,0.04103598383088157,0.009997353542215807,0.008244421781567927,0.06897878168679134,0.028625811351200132,0.0029416696874383173,0.027807268469724113,0.008640061104447656,0.006154852195299863
597,0.0003882713272946868,1.6437281076510183e-06,0.024625760306167813,0.005789836776516759,0.006018295546142166,10.876707300644314,0.8477594258614968,8.981684784235531,0.019280452330793476,0.007505341339356674,0.004519067379874049,0.040631660211252515,0.009898850574977134,0.008041280871981915,0.02426134503708362,0.01006832346374886,0.002931659982539353,0.034429672402294026,0.010697723643220067,0.006133386229318156
598,0.0003862329883541624,1.635098897163589e-06,0.02316633422034177,0.0054467067078704245,0.005971446665613365,10.585691416914164,0.8250768757396384,8.976919332693141,0.01770921189689457,0.0068937013435576315,0.00448172042059787,0.034077499300724595,0.0083020991953792,0.008027615765235453,0.0746656833085631,0.030985843944075653,0.002861843653091542,0.03233539114631588,0.010047004639976305,0.006028344150244256
599,0.0003848405929968216,1.6292042579643187e-06,0.024047179784506843,0.00565380496507864,0.005779374959352332,10.67101547548667,0.8317272592526078,8.959639276373636,0.018193497261655894,0.007082220103689802,0.004414457387073162,0.04289536662924837,0.01045034395380668,0.007955052638533749,0.047354068612153875,0.01965167551028053,0.0028429606090936256,0.03058419081968694,0.009502885110772045,0.005967566196182604
600,0.00038430529745328443,1.6269381098638577e-06,0.024390777965729367,0.005734589369752967,0.0057333583210974065,10.923693852080355,0.8514216823484642,8.939263229382947,0.016117198384736242,0.006273974968853612,0.004344371297809206,0.03436654334297388,0.008372517282381725,0.007891537126303867,0.04499045039144279,0.01867078707418785,0.002791026455427474,0.031592634327361105,0.009816220940077783,0.005911338560995572
601,0.00038140243526756795,1.6146489815356203e-06,0.020793381654216875,0.004888794673258497,0.00564271027885158,10.59745800492706,0.8259939948293071,8.938553488517764,0.01875729975050915,0.007301692658286676,0.004301333363632215,0.03923299392257693,0.00955810179622004,0.007810931478541349,1.8019513630417783,0.7477998091744976,0.002742150550007016,0.033172950938709526,0.010307244792395037,0.005805979156681172
602,0.00037533801896759807,1.5889755649632143e-06,0.02143741136745861,0.0050402144415229765,0.00558323313522115,11.060832134738096,0.8621106039638018,8.926712341424313,0.01900026152891316,0.007396270889546679,0.004197604730507278,0.04376542582946472,0.010662311320376176,0.007702719363968519,0.02287296416658673,0.009492153112365726,0.0026819413214162514,0.03851208079940604,0.011966178257622829,0.005765497861709715
603,0.0003643944314986375,1.542646410434594e-06,0.024635366888012246,0.0057920954089475144,0.005519374946517968,10.91645111432165,0.8508571641506064,8.922363082083859,0.018374369972869103,0.0071526287960451095,0.004150910014750905,0.03654852087056221,0.008904099536005051,0.0075357749182897145,0.0311203708868547,0.012914781102274389,0.00264356119181062,0.02899702255042054,0.00900973236387665,0.00564827985948557
604,0.0003635479082312228,1.5390626946394434e-06,0.027574731472378246,0.006483178281458488,0.005455398320314626,10.881687301736232,0.8481475803598921,8.915841247567316,0.02019806377473771,0.007862541833698914,0.004077474939297053,0.04118639293290101,0.010033996820345864,0.007428781684492317,0.02767042697136166,0.011483073535365658,0.0026143722253751398,0.035004733492921,0.010876402213077332,0.005561689248513063
605,0.000358446919134586,1.5174679010877691e-06,0.022435949082948152,0.005274983655386898,0.005388104297350641,10.672644617157598,0.831854238876994,8.89207837229187,0.01841875252116263,0.007169905681915748,0.004046510462044066,0.037283383917020595,0.009083129864870362,0.00732860068509615,0.045586241689122994,0.018918037154212766,0.002552919579735991,0.03205248023093102,0.009959100731014452,0.005502730728728178
606,0.0003565619150471845,1.509487826372782e-06,0.020614106763977787,0.004846644813123933,0.005312960624951399,10.872555538382997,0.8474358264951004,8.88998268149932,0.019805896174121332,0.007709881945104834,0.003972357280759011,0.037263365085894645,0.009078252795684137,0.007299337023575899,0.07009475915363304,0.02908893580276055,0.0025394948397895016,0.03118331857602319,0.009689041490344236,0.005418352714669432
607,0.00035471201160356856,1.5016563485557138e-06,0.018762049012999063,0.004411201929512181,0.005234292584255577,10.649570553874904,0.8300557851630037,8.883524182054556,0.01900846902341399,0.007399465837814113,0.003908152228690458,0.04241635851288562,0.01033364604524416,0.007180462562718184,0.022060185501183247,0.00915485447969684,0.002487337643543014,0.029381365337745782,0.009129152405840116,0.00530172398157257
608,0.00035425649810678325,1.4997279539371946e-06,0.022323328041243175,0.005248504982608223,0.005137486927679895,10.511520731778788,0.8192958157452782,8.875885630012187,0.021140608077344473,0.00822944799322046,0.0038500305600810882,0.03848810227883089,0.009376628259631715,0.007043448962254324,0.019859606676865805,0.008241626487726965,0.002437344015750919,0.03327528246670457,0.01033904045962324,0.005237705319955324
609,0.0003529462898541386,1.4941812499177298e-06,0.019415228961329096,0.0045647730371452455,0.005059384069590313,10.742099923997998,0.8372677697758685,8.848831672887961,0.019598061247367706,0.00762897761564391,0.003799682876896731,0.036047469769703765,0.00878203142576692,0.006910959032173255,0.03426040061199911,0.014217876001185263,0.0023481752908866417,0.035575125711256414,0.011053630106758625,0.0051761816226908106
610,0.0003521061722731473,1.4906246522899087e-06,0.020419079271013413,0.004800791311053007,0.005037540229464882,10.625970248406865,0.8282163147368248,8.841219892739145,0.017425804496669913,0.006783378761893481,0.003789079708341563,0.03888573035611526,0.00947350003156988,0.006859672691921936,0.056675974293813616,0.023520214602323824,0.0023272888092295326,0.032157030880250785,0.00999158590659421,0.005118397277821796
611,0.0003505860633231619,1.4841893436999276e-06,0.021777557803660468,0.005120187296015082,0.004954023703483125,10.687413128169585,0.8330053358101264,8.830455794615371,0.021744877758811502,0.008464673295128495,0.0037104581865865537,0.041500108896149,0.01011042558124392,0.006701520324919609,0.0489792467901362,0.020326115429301562,0.0023152683373504697,0.03161282974558503,0.009822495905476653,0.005087130258331617
612,0.0003500681571708412,1.4819968127560993e-06,0.021736190908950726,0.005110461400637924,0.004857563762411211,10.553753296980526,0.8225875339315314,8.814565152476003,0.01847445535197325,0.007191589237448022,0.0036842937599165693,0.03472633617596513,0.008460171477982174,0.00666794307292547,0.07047593060250686,0.029247119837344838,0.0022865867111317526,0.029331697864879828,0.009113720109750605,0.005046478805634275
613,0.0003489032200920214,1.4770651073081518e-06,0.02052244555944974,0.004825094070878489,0.004751978102105072,10.66228272003648,0.8310466051224555,8.784533782825955,0.017564905985451122,0.006837527084567854,0.0035831624787908646,0.035948470391543134,0.00875791279398243,0.006630626134257246,0.08158618857553832,0.0338578151993371,0.0022554069262476282,0.027106455220260395,0.008422309788644536,0.0050157769101518935
614,0.0003484153163291024,1.4749995900459668e-06,0.02715877556787557,0.0063853816342339265,0.004663336942501245,10.970831367722115,0.8550957053861741,8.768278264323397,0.0191812910044387,0.007466740605868317,0.0035354325992389257,0.039234900460538416,0.00955856627476456,0.006488588932270949,0.05050481708463091,0.02095921862981174,0.0022009859451495722,0.031949267485672554,0.009927031258719398,0.0048675646712982475
615,0.0003480818933514105,1.4735880598050205e-06,0.02328257692587643,0.005474036880954982,0.004654040754086582,10.568328963472808,0.8237236000511293,8.741501585526601,0.019870583900169683,0.007735063069288536,0.003483622524422085,0.037582041591160506,0.009155890064035506,0.006452897760196487,0.09451998571756004,0.03922526919009238,0.0021547746909846436,0.028317320479534894,0.008798540551503364,0.0047995831074068435
616,0.0003474574434127799,1.4709444808338414e-06,0.02312155187897736,0.005436177796529351,0.004623125930366277,10.733531854696498,0.8365999517211019,8.724266727988915,0.01901130874110164,0.00740057126055978,0.003456308011699556,0.038203259249051984,0.009307233640400175,0.0064174653291689115,0.04406695203154007,0.018287540383143727,0.0021339204284442116,0.030363119967151134,0.009434195671663656,0.004679118811320554
617,0.0003466243286584549,1.4674175293380295e-06,0.024955683620889874,0.005867406042084964,0.004503155013275522,10.775809937360691,0.839895217659149,8.720859226025858,0.01877430572594902,0.007308312609328027,0.0034404254425135674,0.036568039856950424,0.008908854830980138,0.006315654610829122,0.04361675721880253,0.01810071203585238,0.0021014471994074764,0.028742672171778488,0.008930702565757521,0.00465623143491745
618,0.00034330578765680774,1.4533686446088728e-06,0.02521917794682499,0.005929356987750611,0.004389867805183754,11.115779978088588,0.8663933846660444,8.71972151646251,0.018872318056974306,0.007346466071040951,0.00341519809805914,0.038561249591581415,0.009394448705931816,0.006198198982254439,0.030082472530496476,0.012484059047980401,0.002081939207146002,0.027162420824182854,0.008439698991692791,0.004587463618094112
619,0.0003423375890610515,1.4492698221263543e-06,0.030113418813861877,0.007080056718958672,0.004353958379335812,11.172832720882566,0.8708402268157804,8.695911491447303,0.02052907788733682,0.007991396378217702,0.003332350523563962,0.04024891502590057,0.009805604633797463,0.006087748838747869,0.03554974678154994,0.014752947501629324,0.0020315645559959255,0.028483033308029336,0.008850029570122424,0.00457291775720845
620,0.0003374486941651199,1.4285729192368568e-06,0.025002779251057046,0.0058784788377333015,0.0043175408618153395,11.027367189810885,0.8595022573646157,8.689428480838764,0.018645875476269395,0.0072583183018498304,0.0032761263029565755,0.03612096043685248,0.008799935521464172,0.006014798076525306,0.04171257128886519,0.01731048544913907,0.0020069602576056333,0.02976808550891529,0.009249311130270922,0.004450736927135464
621,0.00033612807223769677,1.4229821294229128e-06,0.020006960506026305,0.004703896825272708,0.004263298574635817,10.274107580667676,0.8007912048263099,8.675545608666642,0.017954951699170066,0.006989360981884576,0.003215373920247981,0.035264937538376936,0.008591387735902076,0.0059437387085673,0.06532259073465997,0.027108512409405126,0.001924331071457589,0.02938159490554954,0.009129223735386714,0.0044019057379558685
622,0.00033432340179356064,1.415342143347345e-06,0.024385544392579603,0.005733358888585346,0.004236638044224811,10.756787892212927,0.8384125889896964,8.650744170340444,0.018369952204752175,0.007150909082362733,0.0031648225781907256,0.03891643934542502,0.009480981480639531,0.005721956795477896,0.08757450353164954,0.036342932652173116,0.0018953635067840814,0.03239105521776849,0.010064300153169071,0.004338498866227424
623,0.00031947683084873184,1.3524898948069106e-06,0.023817635683743146,0.00559983615924643,0.004175311594996913,10.948313864034713,0.8533406314037443,8.636100742416465,0.02030211912110565,0.007903047672424963,0.0031375719195478784,0.040584166676012355,0.009887280006455557,0.005702083755941354,0.037100226771822606,0.015396388087560327,0.0018690215326958753,0.031808132366162804,0.009883178837260764,0.004266044640491748
624,0.00031854168216834263,1.3485309875615608e-06,0.025371948086693463,0.005965275236087599,0.00406709444148135,10.56193389415089,0.8232251513803287,8.623731272865577,0.019389354788444453,0.007547734023062544,0.0030242582023650042,0.03745840338371947,0.009125768820294698,0.005589320459731434,0.08072199741980447,0.03349918066868186,0.0018540381220821178,0.03482514926805191,0.010820603180606625,0.004180212625843694
625,0.0003173721789842445,1.343579951725143e-06,0.018281161524893615,0.004298139021834064,0.004016543916516713,10.932647925167569,0.8521195865624618,8.600873054257885,0.020225289644725915,0.007873140104113769,0.0030064646666425002,0.037868919453535425,0.00922578041747304,0.0055609982442985,0.1021175154648521,0.042378201845073724,0.001778046371057358,0.03243814598106369,0.010078931833830858,0.004077075955445692
626,0.0003140020757988345,1.3293127809553112e-06,0.022471043597979863,0.0052832348326605485,0.003999603841394024,10.566338828076274,0.8235684836179554,8.584032141080385,0.018151238643799486,0.007065770004589417,0.002971018181099983,0.04030246106078939,0.00981864973693849,0.005372961864856225,0.022905214666966326,0.009505536890931721,0.0017420532664047894,0.031442897262826765,0.00976969578826052,0.004013238794433898
627,0.0003134340365235684,1.3269080138314798e-06,0.025155890421434512,0.005914477266781803,0.003934815257641654,10.548960817935955,0.822213995399053,8.582803771401384,0.018290652114640964,0.007120039773162149,0.0029200342943120484,0.04214237823970645,0.01026689785502522,0.005202870409227875,0.023381769388592103,0.009703304454031425,0.0017198355073524618,0.03229252984265519,0.010033687104561135,0.0039948647306661395
628,0.00031238536565531916,1.322468515829332e-06,0.02102340807610397,0.0049428768790647035,0.0038501059829868164,10.918350303707049,0.8510051920103681,8.558498725693806,0.01953848251521389,0.007605785280022907,0.002884679617900858,0.040957552767332706,0.009978245847022693,0.005165196953255606,0.03872197372068042,0.016069404065548784,0.0017018650685396211,0.02983396435600296,0.009269780500174973,0.003963326811161089
629,0.00031050236091709194,1.31449690526352e-06,0.021680707477090087,0.005097416523635948,0.0037863224537378532,10.585700991485142,0.8250776220071043,8.52634334636512,0.019147805345727114,0.007453705574620515,0.002851498481450486,0.04078676786659311,0.009936638533806993,0.005135650943316593,0.055911492527402316,0.02320295891453726,0.0016468081491829705,0.03039104682616278,0.009442872891023718,0.0038995258838017454
630,0.0003095922475260984,1.310643983719328e-06,0.02230399505395497,0.0052439595456588856,0.003767752392693367,11.076185617406153,0.8633072951398966,8.514910741423519,0.018223200921178843,0.007093782908333741,0.0027919281685576014,0.044570828021081796,0.010858526683128412,0.005109567848567175,0.04416791077943399,0.01832943770288166,0.0016064613427793065,0.03164022280156134,0.00983100726565324,0.0038314885310489133
631,0.00030871894951526696,1.306946918327554e-06,0.022066027942878284,0.005188010380468312,0.003621704811097804,10.838873812994517,0.8448105834515857,8.506536011701831,0.018585402680944316,0.007234777932419033,0.002710691141483358,0.03866657169102495,0.009420107704831046,0.005025018886178172,0.09195506432778645,0.03816084105670341,0.0015674146612669846,0.03019064689241108,0.009380606161199926,0.0038101506578596014
632,0.0003082509997585245,1.3049658753968658e-06,0.02107162385897103,0.004954213037192675,0.0035620859914785347,10.791023334968447,0.8410809902339603,8.493526570669001,0.019278223682295866,0.007504473788771604,0.0026510055054643957,0.03844511916443152,0.009366156538208707,0.004913034898000641,0.08488141833450794,0.035225317250437954,0.001542866356299204,0.02960378851922237,0.009198262030221085,0.003781922995817012
633,0.0003068220977079666,1.2989166868566069e-06,0.023776341427610984,0.005590127342144324,0.0035223101397783224,10.862058924947945,0.8466176925936151,8.476429852453494,0.018356791104482857,0.007145785833788063,0.0026330619135718986,0.03587396975168757,0.00873976264462018,0.004855516752387631,0.06962592713575136,0.028894373118829392,0.0015168028567145659,0.024970073514767897,0.007758509656748215,0.003719132407099169
634,0.00030266686407887946,1.2813257038768016e-06,0.02122911260883801,0.0049912406921576715,0.003471645904910962,10.822094649267715,0.8435027709110545,8.467091692265978,0.021566984501270925,0.00839542442083317,0.002599137120689569,0.03867264952409325,0.009421588411281386,0.00474293502138212,0.057054341111179484,0.023677234730406824,0.0015101038353661843,0.028228569356569956,0.008770964483528895,0.0036391286874022247
635,0.0002976220564254891,1.2599687517800604e-06,0.024803263469556452,0.005831570080608012,0.00345695185422849,10.521834362700654,0.8200996875041836,8.446838596838031,0.02301973762293777,0.008960940616867193,0.00253144337903695,0.036990963986147,0.009011889330129396,0.004734987883257727,1.236748288844772,0.5132436720344291,0.0014828206187273822,0.03484882046505111,0.010827958113318237,0.003581376521265504
636,0.00029674436921945995,1.2562531049401874e-06,0.019528479633827634,0.004591399744318752,0.0033892898260909484,10.981516498670077,0.8559285328428037,8.434361703353483,0.021133606283423888,0.008226722390498065,0.0024667248977200498,0.03815930151394657,0.009296524477910616,0.0045745214809858395,0.08555661438634715,0.03550551986249315,0.001461424107612531,0.028681811355721877,0.008911792359954021,0.003550803889501574
637,0.000293618001194115,1.243017775321782e-06,0.02001079368412984,0.004704798055337439,0.0033497498459820266,11.16849727268076,0.8705023104798137,8.421999613787962,0.01948824946391137,0.0075862309568112745,0.002454289491935499,0.04041066732886517,0.009845011388748656,0.004485007940681074,0.08354565261258229,0.03467098189353261,0.0014104416248852294,0.03290262488358447,0.010223251154654322,0.0034664988407926986
638,0.0002909102963030033,1.2315548360732023e-06,0.022265476449440092,0.005234903320379843,0.0033146271894253167,10.793939729781226,0.8413083017836533,8.411224982099238,0.019530778019373772,0.007602786135078815,0.0023845235507390654,0.039528220758768016,0.009630026160668468,0.004424153218966006,0.7498343835884402,0.3111771052540402,0.0013900254210598936,0.03302704685870929,0.010261910596123193,0.003384107913282672
639,0.0002897548346797765,1.2266632445136523e-06,0.02091494770708826,0.00491737643459053,0.0032406877776276263,10.988206841988273,0.8564499959523161,8.401099074298118,0.018647666623397206,0.007259015545376724,0.002366295101179544,0.03472997994041393,0.008461059186720176,0.004416892899688003,1.2695042481092331,0.5268372132307592,0.00135752033326601,0.03494450198946264,0.010857687542455887,0.003294069237763657
640,0.00028818263817482445,1.2200074257491135e-06,0.02294200229007135,0.005393963351162719,0.003151210668335273,10.477397997207795,0.8166361992759616,8.379356305429638,0.0198797488174138,0.007738630715476701,0.0023556277089432,0.03816043515407174,0.009296800659935827,0.004349201945346964,0.11010950761592815,0.045694834207120553,0.001342664479667432,0.02747698218365174,0.00853743708379876,0.00328296092389714
641,0.0002875841789511652,1.2174738772276047e-06,0.025533087167684047,0.006003161131412411,0.0030805968693115313,10.911337063572555,0.8504585614662608,8.365955100315084,0.0185879477808578,0.007235768668697712,0.0023210611009393985,0.037718582362027325,0.00918915468283709,0.004276389360267629,0.028376301945531528,0.011776007729823738,0.001320874206757593,0.03295132555941004,0.010238383054985308,0.0032345826353386313
642,0.00028174778625375893,1.1927657876788375e-06,0.022350209184252488,0.005254825089214277,0.0030750910100131117,10.529196021780086,0.8206734747453092,8.34146174927538,0.01782947162191484,0.006940515094094632,0.002262822227905259,0.037269506214207306,0.00907974892237974,0.004219676344498342,0.09756262554572016,0.04048794782257449,0.0013065955432029542,0.030896443175023266,0.009599905766830044,0.003168707333555449
643,0.0002807756327373127,1.1886502222285934e-06,0.020653848563961123,0.004855988627578704,0.003015973209836034,10.861575111828643,0.8465799829154095,8.329529930802972,0.018999151809689238,0.007395838906861652,0.0022290770093600903,0.03896526582114333,0.00949287678555017,0.0041963601204974875,0.03154358448529209,0.013090412395461626,0.001259078272178137,0.029687614277323856,0.00922430772661561,0.003143173028100755
644,0.0002801558680417491,1.1860264780100188e-06,0.02191741384691238,0.005153069272147824,0.0029372055966313884,10.56463821427074,0.8234359332657633,8.321680324430522,0.018709246923592594,0.007282987035506563,0.0021837911111077654,0.03822231355161866,0.009311875727209755,0.004143387235299266,0.09159482929504616,0.03801134551855168,0.001237027793183295,0.03094870571668125,0.009616144382783652,0.0030920815145059105
645,0.00027903493297440585,1.181281052974692e-06,0.02140277343412256,0.005032070612548837,0.0028952764888443418,10.688569127624175,0.8330954374747968,8.306404517394022,0.018887994578012088,0.007352568502632467,0.00213573442140617,0.039227721407840054,0.009556817284702092,0.003993459379826628,0.07071172457241207,0.029344973025458618,0.0012020044497012088,0.02950956253725495,0.00916898485606385,0.0030476110565335855
646,0.0002776101277243469,1.175249208043549e-06,0.02106416441977943,0.004952459225946778,0.0028379386277574423,10.729774370646341,0.8363070834446102,8.292741232970926,0.02055406319280993,0.008001122459474845,0.0021028530306246144,0.04494682072679124,0.010950127557711143,0.003955726973110066,0.038203470440469914,0.01585422808358263,0.0011791166529022997,0.030592398527940608,0.009505435346906038,0.003040400561904404
647,0.00027727869446382667,1.1738461011751551e-06,0.024281518815550438,0.005708901121430397,0.0027800413986306853,10.665766053864038,0.8313181054032032,8.249849805223803,0.019270691080206227,0.00750154155726135,0.002086352546312546,0.035052105624790685,0.008539536758136878,0.0038789147913566775,0.03953351862628499,0.016406190694752364,0.0011529460513466728,0.032738486006931675,0.010172251182275173,0.0029542599646595626
648,0.0002766333446885765,1.171114043744502e-06,0.023330163300824047,0.0054852250570887285,0.002762807162174908,10.620464162314542,0.8277871557776519,8.244651712037793,0.019138309525883444,0.007450009117296744,0.002004057501179901,0.04221838425082349,0.010285414749066368,0.003815913168669491,0.03765296555916439,0.015625771614871407,0.001127523956589288,0.03156196927223925,0.00980669292943148,0.002921876835835271
649,0.00027656496609746795,1.1708245662470268e-06,0.023406358735667522,0.005503139595579097,0.0027471161813844383,10.773927992381918,0.8397485338741938,8.21591861073025,0.022330387415965044,0.008692595843782009,0.0019989682063901405,0.03957997208645762,0.009642634029930828,0.003734017373934061,0.08557076689582781,0.03551139307533677,0.0010791837533400373,0.029895028917317903,0.009288754012141883,0.002841297194340192
650,0.00027397129363415743,1.1598443778316504e-06,0.019279745862313406,0.004532919197120617,0.002682308258950581,10.81124647944043,0.8426572357715842,8.204252908745724,0.018522438784957993,0.007210267847109553,0.001991115289640151,0.0390718288376444,0.00951883810171787,0.003669310291368359,0.08467277167761202,0.0351387300464702,0.001058812899086883,0.02895610939038403,0.008997020140701032,0.002769624298096141
651,0.00027270132407908993,1.1544680224152712e-06,0.02555091759085082,0.0060073532959794475,0.0025906185014393226,10.512871652914443,0.8194011101229507,8.189918649583161,0.021287423325376722,0.008286599066825951,0.001962266882735406,0.03977716463680675,0.009690674882316773,0.0036293368648801995,0.09045571123543115,0.0375386178494933,0.0010405506189121634,0.030523826061158315,0.009484129036157581,0.0027452960593425963
652,0.000270649682941802,1.1457824977135882e-06,0.017780727424008998,0.0041804804510731375,0.002535869664970797,10.803129218794746,0.8420245549395694,8.17961130815787,0.01916467471929831,0.007460272350371453,0.001848204189094962,0.03630756848463191,0.008845397734217792,0.0035118115677030513,0.12989383533200502,0.0539052203441547,0.0010284106890418164,0.02984881608665008,0.009274395115970035,0.0027037986479405674
653,0.00026657219510286786,1.1285206478207312e-06,0.02385420286212484,0.005608433578841826,0.00250992306153385,10.706059498874241,0.8344586834167173,8.154077455139662,0.01977917620868648,0.007699480609196128,0.0018286278268665951,0.039550660429379464,0.009635493004631514,0.0034425765418967104,0.0362321360361936,0.01503613525290351,0.001006421556522967,0.031832634032671614,0.009890791807086527,0.002658873278458665
654,0.0002631892876121903,1.1141992706364984e-06,0.01926562260699675,0.004529598635967587,0.00245246050117775,10.910949517147154,0.8504283550695995,8.144201335423512,0.01868466636315958,0.007273418510183752,0.001805709894449218,0.039512071377238056,0.00962609178255514,0.003413386092767444,0.08942286576799209,0.03710999271604136,0.0009917175620646483,0.03094462659886515,0.009614876950593335,0.0026083263239803606
655,0.00026251673722518207,1.1113520607159525e-06,0.02204816794746628,0.0051838112630815105,0.002391350369207951,10.714200589785065,0.8350932216428252,8.139774088240529,0.01803799306736349,0.0070216866661001595,0.001773334722415476,0.03683992645140792,0.00897509295066024,0.0033435904082398317,0.10530043869824966,0.04369909731171601,0.0009390380279470205,0.029052247040634024,0.009026891293759533,0.002585450005556454
656,0.0002620870309864669,1.1095329198910802e-06,0.023649574881138925,0.005560322877077224,0.002312679319206399,10.694729045286092,0.8335755578012959,8.105075290859958,0.01930732333802863,0.007515801471617682,0.0017532581112717483,0.03847714974250303,0.00937395995811603,0.0033235290138652423,1.2427322689655584,0.5157269905546773,0.0009295277588866221,0.03661164555005003,0.01137568959825092,0.002551101870750404
657,0.000253433559071817,1.0728988601113243e-06,0.02460250065342016,0.0057843681294084855,0.002267569793603073,10.762456349945298,0.8388544036253104,8.092853071246058,0.0179282007386835,0.006978947580468332,0.0017500242217922534,0.03468665221358218,0.008450503509412602,0.0031293511094034796,0.060133682887152824,0.024955144467420372,0.0009053906541836824,0.029622752981458614,0.009204154522420113,0.0025252775102173183
658,0.00025108612114436063,1.0629610938353263e-06,0.025564661186877485,0.006010584594291762,0.002247356163112502,10.95852163441833,0.854136252111422,8.061096683368746,0.018821064423015295,0.007326514463519252,0.001687038929241155,0.03610222690830911,0.008795371582928835,0.0031156534874699077,0.12766181346923816,0.05297894366583591,0.0008796851171904912,0.0337329438529072,0.010481241494084506,0.002473411718639514
659,0.0002499793057212629,1.0582754436391002e-06,0.02213344530752207,0.0052038610803995,0.0022008872997478527,10.561283590778773,0.823174465010075,8.040924297198183,0.019515735984936732,0.007596930691391529,0.0016505304316903563,0.03686805250386696,0.008981945134132648,0.003034979958816591,0.06435775122041228,0.026708109368881044,0.0008733854471161163,0.027899398118826,0.008668686922141268,0.002466127514977831
660,0.00024920962640797456,1.0550170430511798e-06,0.024387967424444313,0.005733928574914887,0.002174932659466557,10.917400548131862,0.8509311655408793,8.029401355893091,0.01792881127616404,0.0069791852456492776,0.0015984198439965179,0.04111826464782291,0.010017399130012481,0.002996648341048403,0.07434824702635223,0.030854109649726198,0.000845490242470862,0.028510959752402792,0.008858706660649288,0.002445761663604732
661,0.0002491290019587665,1.0546757232987e-06,0.026137736254926564,0.0061453220019268215,0.0021143296733617594,11.093994774557647,0.8646953881007997,8.015115503792279,0.019247594276941657,0.007492550617143639,0.0015839641765537519,0.04447538479906205,0.010835274416589076,0.002933379010547158,0.02613209157276208,0.010844672887538369,0.0008320491438360805,0.03232141843881297,0.010042663147508206,0.0023267989533095074
662,0.0002485112628301072,1.0520605542208083e-06,0.023982693514633644,0.005638643403679104,0.00206805163755798,10.976923693469978,0.8555705574195522,8.001177633503412,0.018521477106440216,0.007209893492534732,0.0015612552317394138,0.03927196223434346,0.009567595415071215,0.0029132209179910254,0.08999866397943306,0.03734894577630139,0.0008164581119296591,0.02829165044915589,0.00879056455662026,0.0022548369161361115
663,0.0002444670874660881,1.0349397310984179e-06,0.020884150173627544,0.004910135533613669,0.0020392774587063133,10.492937678887877,0.81784740329709,7.987256673469569,0.016897849893625295,0.006577860787545659,0.0015154757701556394,0.04084923040214619,0.009951855911161484,0.0029013235570032486,0.08018007411725789,0.03327428550750089,0.000797519704224751,0.031181606941864257,0.009688509664511083,0.0022483687904443486
664,0.00024213202316720282,1.0250543479876093e-06,0.025255170896658647,0.005937819398740213,0.002005681605822319,11.30449972858704,0.8811027027444867,7.940157540731417,0.017762584307451194,0.0069144777316038795,0.0014816818464581955,0.04367434430904128,0.010640121669347255,0.0027694480722688076,0.042279864836754194,0.017545909121252624,0.0007676175950331336,0.03167613561668325,0.009842165820022715,0.0021911447335327206
665,0.0002415675673624578,1.0226647513149661e-06,0.027534571971776105,0.006473736260151451,0.0019780933138977223,10.752292571183002,0.8380622117413202,7.919462158341457,0.015913854816196872,0.006194818999643628,0.0014430998070527692,0.03799446292978869,0.009256365830563053,0.002721233607017393,0.04882072227426295,0.020260328635522965,0.0007513713483466306,0.031886838907492866,0.00990763392989785,0.0021542333249106186
666,0.000239820917407423,1.0152703922070655e-06,0.02080916290364092,0.004892505050406603,0.0019405814275493187,10.927778915430578,0.8517400830247596,7.899015675302268,0.018227429770029474,0.007095429081024713,0.0014357424495981194,0.047171923442752894,0.011492216145397758,0.002680250158458531,0.1923495074243163,0.07982397743738516,0.0007394155670990913,0.030531343969626427,0.009486464942994776,0.002095350758675622
667,0.00023488423562841683,9.943711858319258e-07,0.02534126013304864,0.005958060098751744,0.0019290201372340313,11.266837795988366,0.8781672317904421,7.862506245912947,0.01648109299054619,0.006415628970600878,0.0014137824346320623,0.04043263632869212,0.009850363565977892,0.0026456741487760386,0.5617346950606381,0.23311677905886993,0.0007193654891653067,0.029666687729146643,0.009217805590127333,0.0020481483929160786
668,0.00023475132687487786,9.93808522975858e-07,0.02672247770782294,0.006282802328488975,0.0018718117075859284,10.77748999397433,0.840026165729261,7.848413057644817,0.01858102793863911,0.0072330749674828915,0.0013818436269339605,0.03715552672706797,0.009051980775423926,0.002588739174062343,0.6153929913418676,0.25538467404355925,0.0006845294228225918,0.02740427376614875,0.008514845682175925,0.00202068895487627
669,0.00023394862175801635,9.904103092268959e-07,0.0210385160905717,0.004946428969911762,0.0018582207921375457,10.518675074351453,0.8198534441877995,7.82958409905689,0.01823145204398832,0.0070969948398826276,0.0013459789464898904,0.0378468140326845,0.009220395004798229,0.0024921581089089786,0.28075708325119836,0.11651263046591284,0.0006552320282126769,0.0319566871064068,0.00992933662634605,0.0019648306140077456
670,0.00023304721053118798,9.865942278787994e-07,0.022901861514718052,0.005384525732405413,0.0018142383507031548,10.80404097442632,0.8420956195926288,7.813767518171425,0.018135503658932833,0.007059644814662975,0.001331165087276798,0.03678971616775807,0.008962860516824336,0.002478854383108954,1.2331829975035633,0.5117640959263887,0.0006411657499773183,0.03107301112939726,0.009654767606875198,0.0019176340589275127
671,0.00023261784589800945,9.847765332246403e-07,0.021001875921164197,0.004937814389176148,0.0017877622186128408,10.704491378436867,0.8343364599491802,7.763651144190569,0.016719613257074394,0.006508478245396644,0.0013276170489967762,0.03767654433483824,0.009178913207410095,0.0023952735522017065,0.11895144893575267,0.049364190754311435,0.000628899312843315,0.0275445419050585,0.008558428722074535,0.00188983107045395
672,0.00023228299976686066,9.8335897813155e-07,0.022468241484315102,0.005282576019265693,0.001739684092187799,11.20992683937497,0.8737314408318179,7.749093984489902,0.019338272868215947,0.007527849258897939,0.001299201503480769,0.03873122302794077,0.009435858326889679,0.002351417512400561,0.21484868982847097,0.08916101319400396,0.0006193881207909194,0.030060721441319715,0.009340236721904783,0.00185427347377216
673,0.0002311661619590796,9.786308986487615e-07,0.01955100791947898,0.004596696437503221,0.001706511641624342,10.55552350350317,0.8227255085247435,7.740686846483749,0.018528119420660065,0.00721247915985456,0.0012631408597410696,0.03662583949595623,0.008922936214483332,0.0022912412010935345,0.11435361556706362,0.04745611543871698,0.0005982820543781411,0.033904686241711314,0.010534603971420494,0.0017928670618286568
674,0.00022592645155149408,9.56448835057022e-07,0.022079810995831735,0.0051912509556176845,0.001638846047938299,10.88974909239167,0.8487759377136902,7.722289385362849,0.02156959586564437,0.008396440952014486,0.0012345885155588166,0.03866400162551161,0.009419481575001446,0.0022457259871182574,0.10178159604878871,0.0422387971528149,0.0005918678027058101,0.034152288100053725,0.010611536921090917,0.0017746517303061325
675,0.00022511274853570856,9.530040622285819e-07,0.02367872663837441,0.005567176834642132,0.0015974189393668857,10.879659264694018,0.8479895097718906,7.688960054084461,0.01870618344162887,0.007281794507580858,0.0012199839279900323,0.0426106039177154,0.010380968902033395,0.002225917686705533,0.031163204498630165,0.012932556813300172,0.0005790136160377816,0.03406378905196482,0.010584039175887855,0.0016866423028960846
676,0.00022268676604261139,9.427337812877835e-07,0.023118553663098538,0.0054354728769515056,0.0015794935626211577,10.737876630540411,0.8369385950782431,7.655312968737834,0.01892363720445846,0.0073664431811473466,0.0011751612269324753,0.039604478236636896,0.009648604318064056,0.0021266227736754994,0.10112522056384599,0.041966404971508504,0.0005682418414706653,0.0300797340783758,0.009346144182614204,0.0016578152680404921
677,0.00022137125023081458,9.371646079703096e-07,0.026650025903428392,0.006265767966244189,0.0015698685853687902,11.149714657742015,0.8690383436361253,7.625906919177588,0.022327355160691453,0.008691415471534205,0.0011459508707887763,0.03916280703762675,0.009541002581400053,0.0020734400811719482,0.06710710750661823,0.027849076960096687,0.0005522158539718019,0.03135666447856498,0.00974290219916565,0.0016229675585354008
678,0.00022116169251273446,9.362774553861012e-07,0.023725266643523483,0.005578118995616708,0.001501912762917847,10.449826008316462,0.8144871653058197,7.607209865224042,0.019136791632306062,0.007449418243741518,0.0011162552731045457,0.043618732851079436,0.010626573379423614,0.0020207189028038325,0.11202436963920762,0.04648949131328501,0.0005329977336716367,0.028720006913793422,0.0089236601906982,0.001565176477351908
679,0.00021836647040874337,9.244440161994615e-07,0.02105140752017059,0.00494945991280512,0.0014890339106484105,10.912805902734274,0.8505730466877531,7.545965172344798,0.017176702457745375,0.006686410298789927,0.0010743479209729006,0.0386944194207107,0.009426892082175668,0.0020083509491295418,0.04952167131063869,0.020551218593150903,0.000519019914181579,0.03233277887444509,0.01004619297490357,0.001543627712273304
680,0.00021330794283651194,9.030289814820157e-07,0.022248147213200738,0.005230828991382885,0.0014406348166899879,10.831656385607198,0.8442480380112292,7.51683818590898,0.019027847412076544,0.007407009303030792,0.001065259438102337,0.03865991236635138,0.009418485333027108,0.0019759489348815133,1.1237460893750284,0.46634838677149737,0.0004959979219737821,0.03129597392430938,0.009724044895802607,0.0015264488106867759
681,0.00021245267773367438,8.994082575443962e-07,0.022519125757924974,0.0052945395743003365,0.0013494917837005172,10.770379930356397,0.8394719885059556,7.494602334178761,0.01693437613101221,0.006592079431108981,0.0010321504363279832,0.03580739727488548,0.008723543986636632,0.0018969214263324858,0.15906730206566316,0.06601204703428347,0.0004897798620907333,0.030074762594234725,0.009344599481206174,0.0014875566555356604
682,0.00021159830787355707,8.957913235740472e-07,0.018049456404459784,0.004243662132149605,0.0013414192829591465,10.523722721142994,0.8202468711715057,7.463848248441382,0.01742705591461043,0.006783865903929395,0.0010004929648330752,0.03495082302157543,0.008514861877763793,0.0018650711312654317,0.09256779745071492,0.038415121900126026,0.0004792224842166405,0.029862973882932735,0.00927879411780366,0.0014524892867114514
683,0.00020861323620210162,8.831541653169294e-07,0.023722548814623743,0.005577479998667157,0.0013105271244111727,10.69339160243206,0.8334713139566546,7.418800408474011,0.016483749139871846,0.006416662935312666,0.0009754649253452252,0.03969064122313973,0.009669595695823438,0.0018159354239258082,0.747855449177637,0.3103558584628563,0.000452099031776875,0.030308144739127553,0.009417114190615928,0.0014345955876963496
684,0.00020796134970251694,8.803944349762125e-07,0.01939292960153067,0.004559530167408493,0.0012883974576806438,10.643183171519674,0.8295579356347823,7.380556298706996,0.018524125219762683,0.0072109243290550285,0.000958504374377099,0.037798384655440054,0.009208596442635386,0.0017950858169949902,0.6367143587639266,0.2642329231231796,0.0004439602833667385,0.0335259656888721,0.010416930827019286,0.001409957933044468
685,0.00020722982368784782,8.772975545545558e-07,0.02753567584324174,0.006473995794700997,0.0012623722205382935,10.861600041809389,0.8465819260242549,7.335104491023474,0.01858358940191583,0.007234072073561638,0.0009472018226961956,0.03816875668406774,0.00929882798497146,0.0017566770943561,0.18601443444706,0.0771949573313697,0.00042698383348040793,0.03348845780409877,0.010405276664846077,0.0013570615784900023
686,0.00020687544203622327,8.757972967691826e-07,0.026129551156213394,0.00614339757868223,0.0012264387716172296,10.780434710759357,0.840255684768617,7.321877402351151,0.019964011784864066,0.007771431934147868,0.000920640617435117,0.034753084115780236,0.008466687920038482,0.0017257443490712899,0.1584650270816161,0.06576210626042113,0.000414866356964283,0.03524624842594893,0.010951443880016674,0.0013518772368212079
687,0.0002066181418395163,8.747080286834391e-07,0.021015307146541384,0.004940972245082958,0.0012108683889052588,10.16203462391949,0.7920559412174589,7.2657947796153035,0.018352156248177497,0.007143981613740018,0.0008834800106664788,0.03674279205300787,0.008951428672842075,0.0016880018163664711,0.5094111541863273,0.21140280015596852,0.0004060814644836345,0.03053617093806608,0.009487964741592875,0.0012873999208616524
688,0.00020414919862884106,8.642558755979733e-07,0.023889548350891517,0.005616743763307238,0.0011715556310439757,11.21206711145093,0.8738982593161394,7.195957783167685,0.01935043638377013,0.007532584175618483,0.0008491168858350623,0.034739480337278576,0.008463373712104498,0.001627425798710243,0.17392711060522545,0.07217878505960752,0.00040176383429360585,0.030333820760176156,0.009425092046873926,0.0012790457530477183
689,0.00019934892325680127,8.439341392275247e-07,0.023559130133651712,0.005539058139715467,0.0011385187257875213,10.593803426884138,0.8257091473200568,7.1842084884902375,0.018606872231371405,0.007243135428477384,0.0008463422138050748,0.03462143648546409,0.008434615388070209,0.0015793960341825425,0.11122686530074472,0.04615853144147599,0.0003891692575906417,0.028988262798021875,0.009007010600821545,0.0012281882894945469
690,0.00019803405731738487,8.383677171137143e-07,0.0222633539171101,0.005234404285402212,0.0011048962906375184,10.85237415995675,0.8458628363138977,7.152785600228069,0.01708884427564444,0.006652209563516216,0.0008204241740578954,0.037892725809429116,0.00923158021887178,0.0015422581759304734,0.06268101122925547,0.02601227158372256,0.0003743285244586557,0.028392028837526707,0.008821753359290111,0.00118831413798934
691,0.0001950198194496493,8.256070851585696e-07,0.023870531044173495,0.005612272546968844,0.00107283369282792,10.850647836620423,0.8457282820926613,7.122210326867263,0.018885073341645672,0.00735143134694303,0.0007941749263201037,0.036668071757503924,0.008933225010075992,0.0015155839366463482,0.5169181828244346,0.2145181753532035,0.00035334132471950136,0.03365305002774293,0.010456417497724026,0.001172996644208861
692,0.00019451497945661042,8.234698691755966e-07,0.021817517932012878,0.005129582442311181,0.0010263524122597167,10.808298276965678,0.8424274450483227,7.103558972656899,0.018711426642870187,0.007283835539313509,0.0007547757651600444,0.04023681368042913,0.00980265645471851,0.0014797011069291907,0.3299160695601963,0.13691333679742335,0.00034861745279535596,0.031229753389124877,0.00970346935919475,0.0011438630075462908
693,0.00019372356631263736,8.201194594541863e-07,0.02506555199837372,0.005893237527676614,0.0010200831794981624,10.903776220242433,0.8498692492761466,7.085340758197507,0.018573770465293078,0.0072302498359046105,0.0007430175768260457,0.03855885058495259,0.009393864250164476,0.0014200635612628242,1.1838240554706285,0.4912804090798265,0.00033309296974110117,0.031074785989598234,0.009655319077819025,0.0010959067823916727
694,0.00019234609297373936,8.142879919068336e-07,0.019360425835540734,0.0045518881089557164,0.0009965811045644431,10.790298434593927,0.8410244895754132,7.052407995953072,0.01708509546751261,0.006650750257263313,0.0007233911335446606,0.03890933958636416,0.009479251808416038,0.0014122426587226716,0.12735594103405726,0.05285200830378823,0.0003327566116464545,0.029312578072250108,0.009107779354483505,0.0010657643962984412
695,0.00019056031395081792,8.067279817601103e-07,0.02395434254690411,0.005631977722150108,0.0009501757462893479,11.087448794498622,0.8641851770467419,6.998858633990727,0.02018778978625734,0.007858542457069217,0.0006986185227794795,0.0395122400403203,0.00962613287294229,0.0013708284178516215,0.053202664764254386,0.022078810435330148,0.0003196420500955281,0.033125672332731226,0.010292554746695999,0.0010343970000425762
696,0.00018953642005978188,8.023933759068412e-07,0.021647169682420014,0.005089531351581568,0.0009385249178826865,10.603791665345058,0.826487657127202,6.975183651167769,0.0180613006791897,0.007030759668100303,0.0006903389812713029,0.037936423670147934,0.009242226069704672,0.001323967783980505,0.1201409873821402,0.049857842603888966,0.0003045271186650738,0.03354466365679582,0.010422740516150235,0.0010233235039280853
697,0.00018884794738480062,7.994787597411271e-07,0.0219244286531876,0.0051547185444077446,0.0009142946360648516,11.238438596840615,0.8759537228581021,6.940300823177032,0.020179330250023844,0.007855249395998049,0.0006623805333464037,0.03565504074514486,0.008686426268232234,0.00129201145562972,1.2555395692746847,0.5210419490622356,0.00030073636934442447,0.034945384290789167,0.010857961684354508,0.0009802245980639237
698,0.00018600958665817633,7.874626952572716e-07,0.02267768169805695,0.005331818139587167,0.0008912381703329832,10.745675631670919,0.8375464699192164,6.926030541791471,0.019410920076094858,0.00755612878694675,0.0006436767278751422,0.03590705401599596,0.008747822767860753,0.0012017776524427858,0.11555694646493692,0.047955491079069684,0.00028006405940518244,0.03165838471892698,0.009836650397267692,0.0009513315628019529
699,0.00018293205546450112,7.744341140317067e-07,0.02581054085664678,0.0060683941050207165,0.0008651669918060295,10.743358642514137,0.8373658776367373,6.885814429244671,0.01946686707517043,0.0075779073903617855,0.0006273343283779341,0.04073762246810408,0.009924665531631809,0.0011891147904717347,0.16480302173237157,0.06839233884471427,0.0002733986313108454,0.034545292944608744,0.010733648371016188,0.0009346120280103025
700,0.0001798533637135322,7.614006196423047e-07,0.02809909490372809,0.006606462949275605,0.0008317216795205129,10.846908387465222,0.8454368195037337,6.86427902577096,0.0172657830977067,0.006721086902749591,0.0006164826364432408,0.03922649677319108,0.009556518934220323,0.0011672118954087502,0.10400947251830663,0.043163353515955336,0.00026425972820716685,0.03244988871781203,0.010082580446895804,0.0009283056769085076
701,0.00017955489450112165,7.601370644961496e-07,0.02612111863882337,0.006141414984086312,0.0008243740003147248,10.627890159888086,0.8283659577317161,6.805668622640782,0.019697416496464056,0.007667653837836786,0.0005826449267702571,0.04221801064379145,0.010285323729399321,0.0010966170491499027,0.1003829648265017,0.04165837296236051,0.00025879940005079445,0.03120899248694439,0.009697018690959638,0.0009000676752783152
702,0.00017735180454467664,7.508103884566802e-07,0.021860973883619166,0.005139799502155851,0.000807409038166351,10.96680359063954,0.8547817697535751,6.721832661082414,0.01835185030970101,0.00714386252043995,0.0005653047510247417,0.0409198878981279,0.009969069778158021,0.0010795684023744965,0.09389703404791158,0.03896674770652598,0.00024673607054175766,0.02889597200862837,0.00897833471485289,0.0008655432990505926
703,0.00017641129873324345,7.468288020530864e-07,0.02251712281882819,0.005294068657248456,0.0007494043292881421,11.137851858432917,0.8681137255827558,6.661010163550357,0.018491253576473705,0.0071981283168538355,0.0005494965483083912,0.037714631073026764,0.009188192053715077,0.0010755994562700302,1.1879455949448148,0.4929908250741289,0.00023627526776647857,0.03537680307185947,0.010992008817898464,0.0008283616404545102
704,0.00017628112528362058,7.462777189754204e-07,0.023909588784528982,0.005621455530101398,0.0007402397962435072,10.95160335342734,0.8535970229349116,6.62218546166054,0.01853112841468849,0.007213650477149608,0.0005255061329426801,0.039546570035754486,0.009634496486274255,0.0010545242999596097,0.8944496240474336,0.37119162697587427,0.0002272434304447809,0.03367876428654482,0.010464407234923341,0.0008029947426259375
705,0.00017596635313945572,7.44945146146841e-07,0.02770769521790435,0.006514439788685845,0.0007179291118316247,11.133938549184736,0.8678087118768836,6.5454694133761615,0.02020934815838906,0.007866934528935238,0.0005011459192930417,0.03903463248283419,0.009509776174238517,0.00102938238157714,0.7810438132656514,0.3241288452597566,0.00022540063401593237,0.02979580893646265,0.009257925140967252,0.000775317519950544
706,0.00017503049082518343,7.409832177665536e-07,0.02365759253914444,0.0055622079328320395,0.000709095861138531,10.963324664602847,0.8545106130277427,6.519729586142329,0.018856963912709274,0.007340489131718903,0.000487388676953482,0.03657054551003089,0.008909465268390456,0.0009838102220845496,0.26457535701436413,0.10979730393701471,0.00021660205032505961,0.031056492187403847,0.009649634967962487,0.0007584862742724756
707,0.00017416300696812832,7.373107663169188e-07,0.025104678451953785,0.0059024366661826365,0.0006690222890806051,11.001477617603253,0.8574843554147084,6.507312514834861,0.01949447346046494,0.007588653784752656,0.0004736842857393188,0.039004100984290094,0.009502337966192211,0.0009481035094615694,1.0934142269003195,0.45376083228156605,0.00021369816373251836,0.029834152193567446,0.009269838863621805,0.0007312016509109311
708,0.0001690158306622982,7.155204414225261e-07,0.02060323551630371,0.004844088841295756,0.0006458489743815222,10.954623489640335,0.8538324203645915,6.462805099944329,0.019632872073898976,0.007642528497694796,0.0004667660376272754,0.04006408936466712,0.00976057665331478,0.0009017600475822176,0.9701382743584016,0.4026019965452692,0.0002002918599893359,0.041364300242835376,0.012852397999103524,0.000725323401153415
709,0.00016859488909561863,7.13738405417831e-07,0.0215315508631277,0.005062347862273081,0.0006195614896917376,11.32306683204625,0.8825498720516499,6.446988040662748,0.015911087643472755,0.0061937418166251425,0.0004581599450990182,0.041688537740198935,0.010156331383802031,0.0008462147927656893,0.7982787204706863,0.33128123604199683,0.00019532989948671753,0.03300509466230783,0.010255089778088086,0.0007019597688097704
710,0.00016685784868077517,7.063847278390668e-07,0.022849700410105263,0.005372261977782769,0.0005977478140961034,10.321643631600837,0.8044962907620538,6.418481494327029,0.01819737512190395,0.007083729646325453,0.0004396673303569113,0.03885495022784088,0.009466001251335879,0.00083974193313924,0.13063722678669779,0.05421372366969553,0.00018251019980067206,0.029388742305404877,0.009131444520630519,0.0006499967832852479
711,0.00016205154095464956,6.860374537858972e-07,0.02002922163329111,0.004709130706043172,0.0005707693174864625,10.83127263941681,0.8442181278149676,6.372477242191558,0.017333707605722226,0.006747528015707826,0.00043328698544814167,0.04037923868603728,0.009837354614757387,0.0008242660746963181,1.2024450534455189,0.49900801983440096,0.00017558379530462274,0.030483836635453357,0.009471703828626004,0.0006375968221670491
712,0.00016120117751277233,6.824374807956907e-07,0.023762450605802107,0.005586861429134323,0.0005525610002553593,10.814663249797016,0.8429235479187934,6.324152008573316,0.017757556825729083,0.006912520673452212,0.0004164931576645247,0.04054685575572097,0.009878190168066993,0.0008017736542479103,1.184027537392392,0.49136485294739485,0.00017128891859529344,0.03514186949477628,0.010919012059382062,0.0006192270239542136
713,0.00015948664901197496,6.751791063291403e-07,0.022241779235825303,0.00522933179701642,0.0005288037076369907,10.73431626242537,0.8366610905407363,6.317250053627413,0.017976093970103673,0.006997591077181275,0.00038798738279881496,0.037356248955810946,0.009100881542438434,0.0007474743809152186,0.09619107586951776,0.039918762323357594,0.00016003358645486437,0.029027943858079247,0.009019339995345075,0.0005793598812923417
714,0.0001587769248812428,6.721745231411646e-07,0.023153415150330807,0.005443669266356421,0.00050943538782609,10.934405762075057,0.8522565970350486,6.202677119985776,0.0170343490650831,0.006630996100802495,0.00036683686971350607,0.03784102615220337,0.009218984937778306,0.000717735681703674,1.3151645182568243,0.5457859717841459,0.0001558131605238008,0.030241261998385775,0.009396332898578164,0.0005652861224901932
715,0.00015772226820312955,6.677096844990341e-07,0.02331024915387089,0.0054805429819377955,0.0004976671189761994,10.394032269955243,0.8101384533020525,6.11004089155895,0.018589872576430414,0.007236517937829634,0.000361225974479805,0.03416412362522254,0.008323202966180226,0.0007056055216122314,0.1345312393221228,0.055829717247900895,0.00014802138024073085,0.029134281427672326,0.009052380389081805,0.0005574534197552547
716,0.00015624363000324654,6.614499403476213e-07,0.020644141274876498,0.004853706317564975,0.0004712356776445459,10.658400578729681,0.8307440207286317,6.061579202691028,0.020027506313846047,0.007796148580055097,0.00033930150941945646,0.04307490347527134,0.010494083451583635,0.0006712024061936163,0.8173277049214669,0.339186458807397,0.0001426922934648079,0.030995557460053513,0.009630701797008893,0.0005324785210570503
717,0.00015356258504983897,6.500998646711673e-07,0.02055075430005173,0.004831749824260171,0.00046904240457883454,10.506570214676632,0.818909959307274,6.028455029755799,0.018863888631863862,0.007343184731388593,0.0003212540949252493,0.03277727209888124,0.007985332547950807,0.0006517690665017833,0.11734884716067857,0.048699119917127394,0.0001348770350297957,0.03174824707130845,0.00986457173792043,0.0005087500598283528
718,0.0001533841450977034,6.493444476618898e-07,0.02230161184702415,0.005243399222689664,0.0004471914343672713,10.788901717545404,0.8409156257427829,5.98132418027537,0.01763121843549376,0.006863340668402925,0.0003174064439159154,0.03405941955626091,0.008297694534384564,0.0006437304335549345,0.1071590955547481,0.04447042958578149,0.0001275942742613992,0.029643249519285375,0.0092105230493916,0.0005049475325485746
719,0.00015102274020043098,6.393475528866919e-07,0.024332273939115894,0.005720834311608583,0.0004307387192314242,10.203400769010676,0.7952801283214485,5.9415503132978715,0.017598389024435893,0.0068505610960292096,0.00030680681598820416,0.040277619918629264,0.009812597836694286,0.0006001931050929271,0.11249213902196702,0.04668361300954138,0.00011963869876067096,0.03563787372024128,0.011073126686669087,0.00047625551242177003
720,0.00014886396045037993,6.302084619882964e-07,0.02254765033138408,0.0053012460727960035,0.00040744771729159154,11.119869951373463,0.8667121680356741,5.876021638165966,0.018175130191458087,0.00707507031649221,0.0002944462141479133,0.04003992767328273,0.009754690283636326,0.0005693498177204288,1.2255716170674342,0.5086054153124548,0.0001158632563854691,0.03816498767078026,0.011858332143808171,0.0004560745066442641
721,0.00014726510401387075,6.234397796776549e-07,0.02428681894027086,0.005710147249738514,0.00039908232536047726,10.864833135092123,0.846833921892983,5.862668227625558,0.01906139053868862,0.007420066704926432,0.00028275178078122237,0.04069132057031736,0.00991338527468081,0.0005526469324049708,1.2269251186279437,0.5091671109438829,0.00010719495799490705,0.03495481011926042,0.010860890405456342,0.0004277929431041462
722,0.0001447125534305546,6.126336787759178e-07,0.025048298547312397,0.00588918101676143,0.00036309365320052946,10.708726777442306,0.8346665781853244,5.773991530446425,0.017318828329027917,0.006741735929061852,0.00025775784835234026,0.0364118494269454,0.008870803082175817,0.0005319121792543539,1.1682262210615768,0.4848073944170252,0.00010592115187956852,0.029318798056905175,0.00910971198039198,0.00041174672742767647
723,0.00014374371905182722,6.085321647365766e-07,0.026837839475571418,0.006309925381633728,0.0003444665332062169,10.98383994541421,0.8561096284467747,5.701647479573671,0.016253002834329615,0.006326839846301213,0.00025490045240179936,0.03765316775642507,0.00917321811015187,0.0005189710827171314,0.9769489968231606,0.40542840854725015,0.00010064909494603011,0.03664111964558666,0.011384847563072675,0.000394919700574888
724,0.00014350543947942308,6.075234195547762e-07,0.024255976137384574,0.005702895705330476,0.000335124528397359,10.797176057066903,0.8415605497191515,5.66294993518462,0.018929561769124515,0.007368749448621933,0.00024771185962084815,0.04038824209459402,0.00983954806182564,0.0004905493089461327,1.1249832285193093,0.46686179264636735,9.620455863985783e-05,0.0330467402499821,0.010268029575559674,0.00037233306975888414
725,0.0001415110679391516,5.99080342955006e-07,0.024094271900169887,0.005664876934421312,0.00032040790988649957,10.822199304972235,0.8435109280543447,5.600127726185032,0.019029714025966975,0.007407735923659609,0.000231632737381563,0.03793372859826214,0.009241569485313397,0.00046512656709637285,1.1654079140612679,0.4836378126623498,9.261666928283812e-05,0.033462858049013965,0.01039732250536319,0.00035917142532825664
726,0.00014108486360908166,5.972760272930184e-07,0.022326834049694596,0.0052493292908293064,0.00030675558484182685,10.691460023648935,0.8333207615812963,5.541934907362983,0.01878331432706185,0.007311819406014218,0.00021836935491162065,0.0374366361838372,0.009120465806390024,0.0004374523254389879,1.4737341606684098,0.6115914928255608,8.931213880885062e-05,0.02838963034352813,0.008821008117637594,0.0003425817723491549
727,0.00013772420434051154,5.830488368937797e-07,0.024215611898904022,0.005693405547483359,0.0002960009145672594,10.174562721674105,0.7930324143968889,5.513650509357911,0.017526394014627106,0.00682253545046475,0.00020152204015764873,0.03626341965416344,0.008834642016297451,0.00042136795519838054,0.12900346221919556,0.053535720446705154,8.547842109013304e-05,0.02744386757788142,0.008527147967569426,0.00032614193766855376
728,0.00013637196269231997,5.773241865031476e-07,0.025581445497431216,0.006014530804167285,0.000282808736353208,11.126590668014519,0.8672359985225587,5.435150621787211,0.01935996125440288,0.007536291941602677,0.00019835282567473583,0.040032191634107865,0.009752805598259553,0.0004081310274256594,1.4677669825872839,0.6091151470584677,7.874855947512401e-05,0.034959953029242125,0.01086248837098629,0.00031731254080372893
729,0.0001356567537089438,5.742963834536382e-07,0.019152811770887228,0.004503075340054042,0.00026171344627111496,10.772777306408454,0.8396588463563407,5.412279211349334,0.01814376077003066,0.007062859077285185,0.0001864022970681502,0.04115720078675133,0.010026884910785778,0.0004020850313445442,1.1199331223459297,0.4647660266283604,7.490851195348648e-05,0.029477277459572918,0.00915895348443746,0.0003084158457995793
730,0.00012934934779127252,5.475942819477705e-07,0.022559764609306844,0.00530409429721491,0.0002606078915812018,10.511796144963307,0.8193172821796254,5.2939281031666034,0.019113225404469917,0.007440244569755206,0.00018125708600037638,0.03486902811712486,0.008494934669947498,0.00037857097132058825,0.11367761815185229,0.047175580265312426,7.265968280478644e-05,0.033075741461196205,0.010277040609392992,0.0002855604711818412
731,0.00012859532923057608,5.444021804074818e-07,0.02436598968115814,0.0057287613214063214,0.00024930326905486566,10.569399825594008,0.8238070658861428,5.225334085260788,0.01825751380805932,0.0071071399563924845,0.00017523032932822445,0.039867223800888814,0.009712615462729208,0.00035038434096951843,0.12003402094284697,0.049813452125581865,6.68765714531828e-05,0.03005457076414042,0.00933832563068341,0.0002730345343934045
732,0.00012764613138271355,5.403837966830784e-07,0.027039064769623658,0.006357236067410899,0.0002435583288651759,10.730046294156896,0.8363282778845096,5.121167968144347,0.019158154526563484,0.007457734221533307,0.0001654723571466272,0.03932986801164502,0.009581702656418377,0.000332753741132475,1.0666486944252656,0.44265328493716244,5.987080501082384e-05,0.031169915320750266,0.009684876933703852,0.0002613471702047449
733,0.0001254828518393055,5.312256561245625e-07,0.022094241700478377,0.005194643802109951,0.00023034723544774683,10.770062589117687,0.8394472540878184,4.925056631621584,0.01834975295815496,0.007143046080089295,0.00015664265936812932,0.03748973602073551,0.009133402204959002,0.0003249975073405498,0.13340332904057342,0.05536164074450138,5.919382943434884e-05,0.028843479152780592,0.00896202453744134,0.00025097964459381883
734,0.00012388361004642758,5.24455342426151e-07,0.0219505470569391,0.005160859321086484,0.00019789242099328092,10.815139580308212,0.8429606743826699,4.884459385457205,0.01972688428926797,0.007679124826157822,0.00013446930681840417,0.03959432642981596,0.009646131093532644,0.00030589315482673087,1.4546747297408489,0.6036819348303075,5.799860172134879e-05,0.036204381942173354,0.011249147774788344,0.00022963416901876788
735,0.0001233602169455922,5.222395827480206e-07,0.023559687632636057,0.005539189214983085,0.00017497540046983732,10.861879101150985,0.8466036766497588,4.830724244863356,0.018780905012617644,0.00731088152722448,0.00013336736077377128,0.04370723018409647,0.01064813346018982,0.00028887803763555847,1.5028185552810258,0.623661355080087,5.2864821572931656e-05,0.02997630237911446,0.009314006678611327,0.00021095254047974078
736,0.00012159779299939021,5.14778445202392e-07,0.019551081899186477,0.004596713831095372,0.00016929980702320104,10.541997305807493,0.8216712407876777,4.788910432360425,0.02281421785194491,0.008880937512851617,0.00012752267280810218,0.03815869256100734,0.009296376122314971,0.0002780088895588452,1.3912248647281897,0.577350593196025,4.563576227639585e-05,0.031076303133764693,0.009655790473213964,0.0002011653526453718
737,0.00012151147270147026,5.144130123466092e-07,0.024376712424325563,0.005731282377892051,0.00016702287252899755,10.904192916321872,0.8499017276741856,4.739965378649008,0.019024800806299532,0.0074058233445330034,0.00011657766170394974,0.034618626976300734,0.008433930924003212,0.0002592270927305108,1.4139516534639571,0.5867820843163333,4.50121197491237e-05,0.029254360005720344,0.009089690283536187,0.00018533446721524837
738,0.00012110157589312628,5.126777337984716e-07,0.023786388273492196,0.0055924894863805955,0.00015622204049982105,11.271950520339436,0.8785657310918065,4.600764890609875,0.017324825038628575,0.006744070280543537,0.00011289880672864041,0.037545661121334055,0.009147026905779428,0.00023664889570970942,1.386214695425007,0.5752714007573747,4.3695821346182135e-05,0.03101154053531752,0.009635667935522943,0.00018353793373674366
739,0.00011659398610312167,4.93595067851398e-07,0.025408445390566043,0.005973856227276417,0.00014908076890235498,10.48922013085585,0.8175576477398124,4.557658943801135,0.018120509244908326,0.007053807908271633,0.00010604503883684767,0.03718219633941504,0.0090584781350234,0.00021653084075287941,1.4074885924442315,0.5840999498834286,3.8072765197045e-05,0.033913470474963986,0.010537333340978724,0.00016390735182324673
740,0.00011312979378846674,4.789295752496607e-07,0.02438787246323252,0.00573390624829798,0.00014167633845043153,10.570006499125906,0.823854351630888,4.525199559528339,0.01776354932567247,0.006914853386231951,0.00010408263014194088,0.03546608127550114,0.008640391192505446,0.00020597732722605757,0.12146831335061233,0.050408675509978226,3.68008977759174e-05,0.028460467093848085,0.008843017969193899,0.00015323145106936473
741,0.00011149545280399238,4.7201067080110327e-07,0.02192783745853583,0.005155519998914074,0.00013880460641156638,10.851717332295324,0.8458116414232246,4.439532389528084,0.0197208395735918,0.007676771787252372,9.51836615588095e-05,0.03959148872087003,0.009645439759319743,0.00018820731155555942,1.2927665206294665,0.5364909271480046,3.645654738586681e-05,0.03291240964438397,0.010226291400455242,0.00014629946722622013
742,0.00011022380886049205,4.666272269413169e-07,0.0219097619174346,0.005151270203930196,0.00012808599931113883,10.93235711370197,0.8520969199452314,4.34420261298578,0.017832427636689355,0.0069416657880465304,8.551467556317395e-05,0.04626705515113281,0.011271768446184584,0.00017578880188718826,1.456532490005182,0.6044528950236032,3.1884988053442904e-05,0.03219519484191318,0.010003443919944566,0.00013461137363545962
743,0.00010828470572037959,4.584181264722058e-07,0.021126671264628243,0.004967155398758914,0.00011968323929978466,10.351537152085289,0.8068262710642152,4.303412880110222,0.01805633904196396,0.007028828241371182,7.858859429588487e-05,0.038171702898719004,0.009299545753786297,0.00015990179468090127,0.15095815668992527,0.06264679673457021,2.8360584222519926e-05,0.028036897752266577,0.008711409753262175,0.00013059017499078
744,0.00010718964769783405,4.5378225066930186e-07,0.025158040462691975,0.005914982769466338,0.00011864411929657414,10.592103418651451,0.8255766441678192,4.262389964904055,0.017666971416693218,0.006877258304939541,6.835909338628715e-05,0.03541860253721649,0.008628824228878446,0.00014910653727724839,1.4796657762025458,0.6140530803331369,2.4407497569420408e-05,0.03229086527023294,0.010033169901389718,0.00011812203203144887
745,0.00010636138076867262,4.5027582220963056e-07,0.020452865469667035,0.004808734886117142,0.00010908719649253853,10.314023671413171,0.8039023708472096,4.175173520408726,0.01860593705265318,0.007242771389534046,6.0688439502124824e-05,0.04217057747024508,0.01027376786643947,0.00012011630062247075,0.13449733541220024,0.055815647313556184,2.3163803403442858e-05,0.030914596149096987,0.00960554611965345,0.00011049977182475355
746,0.00010273542111273368,4.3492549529983045e-07,0.02320249627216224,0.005455208876938156,8.99876759803414e-05,10.536482388595466,0.8212413935076038,4.036411112317624,0.020991270748993634,0.008171315144221345,5.7703373859329365e-05,0.03465778184948265,0.008443469993706364,0.00011719991639003588,1.5620579250954176,0.6482453645885571,1.971203800149885e-05,0.032808392890826786,0.010193972112870455,9.804177654428498e-05
747,0.00010114053378899126,4.2817361603839313e-07,0.019681813507111092,0.00462745053371915,8.146806439383251e-05,10.641353348233938,0.8294153143528755,4.015049286366725,0.01865683479922996,0.007262584460042392,5.114433670882178e-05,0.04701132879916174,0.011453091424138884,0.00010658413812931077,1.571767149506679,0.65227463880255,1.859210238812441e-05,0.028340292067284938,0.008805678106996909,9.494183392322945e-05
748,9.92144120685901e-05,4.200194717892155e-07,0.021876219742736545,0.005143384002074227,7.523955547985488e-05,10.957034205931636,0.8540203179886185,3.936118700044,0.018528344274962402,0.007212566689351364,5.005954325246662e-05,0.03991690498411487,0.00972471899496456,9.617246588629249e-05,1.6184685114810466,0.6716554446827204,1.6571492505612083e-05,0.03089707681127291,0.009600102645423885,8.008682886133794e-05
749,9.672635220155219e-05,4.094863892526709e-07,0.02579701182623815,0.0060652132538779845,6.703351996511202e-05,11.444552914796299,0.892018819676658,3.904846632722505,0.01742337195140483,0.006782431839994313,3.923864020392332e-05,0.04049640661889946,0.009865899543848432,8.801453904421926e-05,1.518780805737732,0.6302856003790117,1.4112450824504128e-05,0.03231740027123201,0.010041414653307303,7.170969720018441e-05
750,9.632583784046931e-05,4.0779083084660257e-07,0.021406943406928176,0.005033051027431742,6.069059230253881e-05,10.77132542548605,0.8395456829050154,3.8844469810535966,0.019330200749609665,0.007524707008683448,3.708638525911157e-05,0.037203171607127786,0.009063588215186977,8.196541713897991e-05,1.4861094289540908,0.6167271604425235,1.3401871760358675e-05,0.029466975582204992,0.009155752564144037,6.313068919608092e-05
751,9.428073860553382e-05,3.991330009758748e-07,0.022869192269990766,0.005376844767747615,4.896750903504317e-05,10.809024410406842,0.8424840418153556,3.872094953089703,0.019623639834315476,0.007638934644801095,3.3855211276787264e-05,0.03718362536357723,0.009058826279710967,7.246374846410448e-05,0.10470073979579271,0.04345022559740822,1.1709181814623482e-05,0.03249244868841004,0.010095804354413748,6.095944604348101e-05
752,9.271393538107452e-05,3.9250001440654373e-07,0.021007709885314717,0.004939186030082728,4.203620863084519e-05,10.800438066636922,0.8418147994000333,3.650212731578386,0.01762259803793685,0.006859984988513495,2.624531553146791e-05,0.03483002284101141,0.008485432045691552,6.36933016495824e-05,0.11286814320248804,0.046839652656453824,1.070679298847171e-05,0.030162140634275844,0.00937174891538969,5.6142202920810924e-05
753,9.076922543705944e-05,3.8426717780107396e-07,0.023585295147498887,0.005545209875034376,4.058588216232397e-05,11.136039268928306,0.8679724475474757,3.497503749558703,0.016768798301664275,0.006527624608879463,2.603488495844799e-05,0.03946215370299142,0.009613930635414,5.8149332085820236e-05,1.723903529630318,0.715410391719272,9.842319540467076e-06,0.03133335572808909,0.00973565988305685,4.878884202349316e-05
754,8.575240700999e-05,3.6302871675628786e-07,0.02215192936572888,0.0052082069230721525,3.4303313824344746e-05,10.84967536086761,0.8456524847522455,3.446642536177047,0.02003289139434969,0.007798244841420044,2.2339519356741546e-05,0.03958764577703423,0.009644503525688115,5.0184276445695483e-05,1.8381895286407182,0.7628384466624578,7.542721613799167e-06,0.03005576574312758,0.009338696925385685,4.147771429631156e-05
755,8.368311036467362e-05,3.5426844830516696e-07,0.02085799872218487,0.0049039869869925866,3.0693777291135366e-05,10.620856328253812,0.827817722231481,3.2233961648217426,0.02023097628401503,0.007875353753887452,1.671353434765469e-05,0.03998184502779991,0.009740539952942367,4.224592463076721e-05,1.7481282177065351,0.7254635027478225,7.29383277386268e-06,0.026765470198989814,0.008316361539082127,3.450461516106136e-05
756,8.327287591674465e-05,3.5253174037598274e-07,0.02185029886610753,0.005137289666592993,2.295040132606299e-05,10.564951421929221,0.82346034550169,3.1134985644915734,0.017744288203802513,0.006907355569700848,1.550896963740587e-05,0.03697053601802143,0.009006912585320692,4.117275880808021e-05,1.7352461400566517,0.720117512059099,6.669845619467389e-06,0.03288289998098314,0.010217122384259621,3.259206632869907e-05
757,8.257339115451158e-05,3.4957050506518305e-07,0.02279619672062547,0.005359682563982829,2.1004207375458586e-05,10.684750036618782,0.832797767388754,2.912647117433531,0.019501439898762133,0.007591365624518806,1.4058510625461339e-05,0.038200363022626006,0.009306528049920413,3.205622960271056e-05,0.165221299510506,0.06856592179988508,5.3751826919322536e-06,0.029831814334914806,0.009269112462118746,2.754889543204654e-05
758,8.236238689327936e-05,3.4867722860967417e-07,0.020080229512740612,0.004721123322419564,1.4022116797878634e-05,10.81249903712519,0.8427548634409092,2.845074982336453,0.019233721644651824,0.007487150389035697,1.1095779904484613e-05,0.040243863822523734,0.009804374039054566,2.4768983047989204e-05,1.6787228342395855,0.696660654026836,5.271010959359283e-06,0.031955468683732134,0.009928958047401066,2.0920273993554536e-05
759,7.612366113656604e-05,3.2226588128282666e-07,0.022504930132970075,0.005291201998103392,1.1392271787252272e-05,10.549964348849924,0.822292213261127,2.582272757113779,0.018294424457075357,0.0071215082406614226,9.069575913721622e-06,0.04257950638799135,0.010373392795165283,1.9525229812255587e-05,1.9849798097824725,0.8237555981893326,3.792116106891279e-06,0.029972301634210448,0.009312763597850928,1.7001732520101704e-05
760,7.193311997592709e-05,3.0452542555563134e-07,0.021450630029459135,0.005043322321013212,9.865026423821374e-06,10.701550102404406,0.8341072090912085,2.485839946704887,0.017590660249366785,0.006847552499859704,6.284389418072077e-06,0.039946174168114315,0.009731849672799423,1.424236186414091e-05,1.9299217830410755,0.8009068228365728,3.065947331484358e-06,0.028888178090217598,0.008975913048324029,1.4661061012950557e-05
761,7.140112309924429e-05,3.022732422036467e-07,0.022984991543371143,0.005404070684160994,7.757298663310163e-06,10.513560888491185,0.8194548309725305,2.297386732915809,0.01745412642212681,0.006794403696075255,5.852453412898587e-06,0.04057538706844563,0.00988514108269615,1.0662232384908827e-05,1.8499361106383754,0.7677132129610734,2.352700244432845e-06,0.03593600944554234,0.011165761131753996,1.303350009480429e-05
762,6.971568420077819e-05,2.951380171783014e-07,0.024021662476316503,0.00564780551379018,5.932010164134446e-06,11.104099068245516,0.865482943560259,2.0083666796780544,0.01856165285130476,0.0072255327873810326,3.6782265788097456e-06,0.043071023231724216,0.010493138130844393,9.706330736571361e-06,2.056973324274728,0.8536325069135677,1.5522499121905538e-06,0.030725208232143808,0.00954670095919833,6.430226942127552e-06
763,6.37542239484791e-05,2.6990046011318444e-07,0.024145888669827694,0.0056770127088109825,2.886984697923035e-06,10.942186584268194,0.8528630549614097,0.7608830643643619,0.017217824805505925,0.006702418079692751,2.609518889469863e-06,0.037752477783775794,0.009197412423557491,5.7222648164368315e-06,2.0391825189534054,0.846249421500048,1.247616053727725e-06,0.03154600514163258,0.009801732677256005,4.284480471490752e-06
764,6.122606707576722e-05,2.591976288194545e-07,0.024089308322813377,0.0056637099327789455,2.1381924665845134e-06,10.934474197143537,0.8522619310458627,1.0661257801899682e-05,0.01762540935726542,0.006861079356571507,1.871142442145646e-06,0.03510010272121171,0.00855123000628461,3.8640475444397595e-06,2.082207213756375,0.8641044309211352,6.171565041033833e-07,0.0291777549570199,0.00906588815056503,3.92712432201241e-06
765,6.014928050610455e-05,2.546391043390921e-07,0.01992377197820149,0.00468433811960043,1.9282169678911107e-06,10.524148177060074,0.8202800323345327,1.1382030462262544e-06,0.020010294974953966,0.007789448686760265,7.64522468472228e-07,0.03653925043967589,0.008901841035869143,2.358574681355997e-06,1.947927094468576,0.8083789270929739,2.7946420213691376e-07,0.032935478087630664,0.01023345905014557,1.4698783587419115e-06
766,5.4116266670898086e-05,2.2909862860046023e-07,0.024717969860085613,0.005811516442841042,1.0250607718138748e-06,10.697517085733772,0.8337928650712142,8.728254376226935e-07,0.01852695873670357,0.0072120273380232485,5.145016963033128e-07,0.03796992881183982,0.009250388728807868,6.445416103530179e-07,2.0040644748512033,0.8316756282130428,1.8844174652576253e-07,0.03198496186022093,0.009938121940909875,7.652784941866883e-07
767,5.313771518865293e-05,2.2495597766778104e-07,0.0233805340175631,0.005497067868218595,4.021253728609958e-07,10.680842971687449,0.8324932403815047,1.479593019044641e-07,0.018666014584301806,0.00726615789386044,1.480217000261557e-07,0.03940969408553849,0.009601150209714259,1.3516664591912836e-07,2.300535740681566,0.9547095571862559,3.013942809624864e-08,0.03296234609261208,0.010241807270505538,2.0660499952519662e-07
768,4.799736899909973e-05,2.0319456774421845e-07,0.0232064514826783,0.005456138798411444,3.897037621343516e-08,10.600575468298015,0.8262369781959138,4.463722448553291e-08,0.01689574477138105,0.006577041322279334,1.3083218583331276e-08,0.03686119635431334,0.00898027481104966,9.17550051060589e-08,2.9561150374556924,1.2267713248240304,4.9332418949982404e-11,0.03145629958582972,0.009773860055233133,5.953279359108076e-08
