variant,component,eigenvalue,explained_variance_ratio,cumulative_explained_variance
dino_final_ln,1,16.0269916773299,0.026490171566563248,0.026490171566563248
dino_final_ln,2,10.038443860689226,0.016592015862035656,0.0430821874285989
dino_final_ln,3,9.582521525232599,0.0158384458140548,0.0589206332426537
dino_final_ln,4,8.849690520277846,0.014627187990915872,0.07354782123356958
dino_final_ln,5,7.076342140021533,0.011696113726571894,0.08524393496014147
dino_final_ln,6,6.686088083030426,0.01105108332209089,0.09629501828223236
dino_final_ln,7,5.025662462645167,0.00830665314810264,0.104601671430335
dino_final_ln,8,4.639555814570863,0.007668477777677605,0.1122701492080126
dino_final_ln,9,4.449627431771486,0.007354555143473454,0.11962470435148606
dino_final_ln,10,4.057531582820107,0.006706480537934649,0.12633118488942072
dino_final_ln,11,3.934679566390611,0.00650342490166581,0.13283460979108652
dino_final_ln,12,3.665245138267779,0.006058090906951853,0.13889270069803838
dino_final_ln,13,3.5037313494607343,0.005791133260625985,0.14468383395866438
dino_final_ln,14,3.320519217581323,0.005488311564310611,0.150172145522975
dino_final_ln,15,3.2875038839154445,0.005433742255812526,0.15560588777878753
dino_final_ln,16,3.196695751642071,0.005283650270242743,0.16088953804903028
dino_final_ln,17,3.0238053065861945,0.00499788874718487,0.16588742679621515
dino_final_ln,18,2.9120859468501177,0.004813233693616619,0.17070066048983176
dino_final_ln,19,2.827981921036277,0.004674222572995729,0.1753748830628275
dino_final_ln,20,2.7811106112094475,0.0045967514502884945,0.17997163451311599
dino_final_ln,21,2.6713192533467307,0.004415283089608978,0.18438691760272496
dino_final_ln,22,2.638703759901019,0.004361374655980281,0.18874829225870524
dino_final_ln,23,2.599009942296189,0.0042957668326498956,0.19304405909135514
dino_final_ln,24,2.5746072210520405,0.00425543285822331,0.19729949194957844
dino_final_ln,25,2.5499048083260836,0.0042146035395094145,0.20151409548908786
dino_final_ln,26,2.4728518869582414,0.004087246818558082,0.20560134230764593
dino_final_ln,27,2.4425231803716936,0.004037118094650024,0.20963846040229595
dino_final_ln,28,2.4269392257114464,0.004011360195666435,0.2136498205979624
dino_final_ln,29,2.3496368440352744,0.0038835911548924075,0.2175334117528548
dino_final_ln,30,2.3073620415553515,0.0038137173574148823,0.22134712911026966
dino_final_ln,31,2.2770641286913627,0.003763639530831175,0.22511076864110083
dino_final_ln,32,2.2527713037596193,0.0037234871982391128,0.22883425583933995
dino_final_ln,33,2.2224955079190893,0.003673445927720184,0.23250770176706012
dino_final_ln,34,2.178219887899949,0.0036002650841697376,0.23610796685122987
dino_final_ln,35,2.1594879166191148,0.003569303994091234,0.2396772708453211
dino_final_ln,36,2.125145499828116,0.003512541219696661,0.24318981206501775
dino_final_ln,37,2.120520114400035,0.0035048961634054883,0.24669470822842324
dino_final_ln,38,2.1002547111921004,0.0034714005443490983,0.25016610877277234
dino_final_ln,39,2.068024391765235,0.003418128744597029,0.25358423751736936
dino_final_ln,40,2.0222196044109637,0.003342420420788456,0.25692665793815783
dino_final_ln,41,2.011991004773111,0.0033255141064440323,0.2602521720446019
dino_final_ln,42,1.9955300037622725,0.003298306583677843,0.26355047862827974
dino_final_ln,43,1.9560311318201653,0.0032330209757797518,0.2667834996040595
dino_final_ln,44,1.9376846657079836,0.0032026970669179733,0.26998619667097745
dino_final_ln,45,1.9181888315558038,0.003170473428076567,0.27315667009905403
dino_final_ln,46,1.9068821438065118,0.003151785198597296,0.27630845529765136
dino_final_ln,47,1.872038248714072,0.0030941935570946884,0.279402648854746
dino_final_ln,48,1.850752290087479,0.0030590111156652837,0.28246165997041134
dino_final_ln,49,1.833716280632574,0.0030308531916858027,0.2854925131620971
dino_final_ln,50,1.8263081570565503,0.003018608693874479,0.2885111218559716
dino_final_ln,51,1.8149676378278063,0.0029998645461222677,0.2915109864020939
dino_final_ln,52,1.802283785328192,0.002978900073462371,0.29448988647555624
dino_final_ln,53,1.7856473688963739,0.002951402615773227,0.29744128909132944
dino_final_ln,54,1.7679991647325883,0.0029222328273592413,0.3003635219186887
dino_final_ln,55,1.7491015001353596,0.002890997871513095,0.3032545197902018
dino_final_ln,56,1.7410130134089794,0.002877628837235829,0.3061321486274376
dino_final_ln,57,1.7072682202726905,0.00282185384354672,0.3089540024709843
dino_final_ln,58,1.6992239468028334,0.0028085578870356617,0.31176256035801997
dino_final_ln,59,1.6820767146159064,0.00278021612885244,0.3145427764868724
dino_final_ln,60,1.6758695322388668,0.002769956603582622,0.31731273309045505
dino_final_ln,61,1.6520623512038424,0.002730606966243876,0.32004334005669893
dino_final_ln,62,1.6387847079727318,0.0027086610481156944,0.3227520011048146
dino_final_ln,63,1.61657456113883,0.0026719510646082568,0.3254239521694229
dino_final_ln,64,1.613282752587627,0.0026665102073942988,0.32809046237681716
dino_final_ln,65,1.5980675134802549,0.0026413617389546046,0.3307318241157718
dino_final_ln,66,1.5861984024993112,0.0026217439096976945,0.3333535680254695
dino_final_ln,67,1.5740472450559944,0.002601659900678017,0.3359552279261475
dino_final_ln,68,1.5710741645605566,0.00259674585230319,0.3385519737784507
dino_final_ln,69,1.5668389325810215,0.002589745660126091,0.3411417194385768
dino_final_ln,70,1.5457359829803692,0.0025548657046898784,0.3436965851432667
dino_final_ln,71,1.5390645519144535,0.0025438388471804565,0.34624042399044713
dino_final_ln,72,1.5330398416612563,0.002533880920486592,0.34877430491093375
dino_final_ln,73,1.5278080866905632,0.0025252336278718517,0.3512995385388056
dino_final_ln,74,1.518443955311082,0.0025097561476429718,0.35380929468644856
dino_final_ln,75,1.4982060592029716,0.0024763059936250818,0.35628560068007364
dino_final_ln,76,1.4886867896069547,0.002460572093597945,0.3587461727736716
dino_final_ln,77,1.4756429727224996,0.0024390126547395095,0.3611851854284111
dino_final_ln,78,1.4734524111447087,0.002435391990725259,0.36362057741913634
dino_final_ln,79,1.4651382029249413,0.00242164987326392,0.36604222729240027
dino_final_ln,80,1.4439693250184449,0.0023866609483986305,0.3684288882407989
dino_final_ln,81,1.4410582682990785,0.002381849415860987,0.3708107376566599
dino_final_ln,82,1.4309605816572704,0.0023651594807220515,0.373175897137382
dino_final_ln,83,1.4285258673013865,0.0023611352694226746,0.37553703240680464
dino_final_ln,84,1.4137560696191602,0.002336723047685576,0.3778737554544902
dino_final_ln,85,1.4093652342369103,0.0023294656668284524,0.38020322112131866
dino_final_ln,86,1.4053654950421566,0.0023228547082890278,0.3825260758296077
dino_final_ln,87,1.3991198097887616,0.00231253154364003,0.3848386073732477
dino_final_ln,88,1.3886828422877302,0.0022952808290141505,0.38713388820226186
dino_final_ln,89,1.383059972913874,0.0022859870839739933,0.38941987528623584
dino_final_ln,90,1.3812027735461607,0.0022829174168228195,0.39170279270305863
dino_final_ln,91,1.373458226602047,0.002270116862521349,0.39397290956558
dino_final_ln,92,1.3673124942491657,0.0022599589047643557,0.3962328684703444
dino_final_ln,93,1.3550151654414762,0.0022396332967847296,0.3984725017671291
dino_final_ln,94,1.3524603324675826,0.002235410547739562,0.4007079123148687
dino_final_ln,95,1.3445672180855928,0.002222364434134276,0.40293027674900295
dino_final_ln,96,1.3387967496821134,0.002212826730421369,0.40514310347942434
dino_final_ln,97,1.3299356387607482,0.0021981806662501784,0.4073412841456745
dino_final_ln,98,1.3224230399853576,0.002185763486876937,0.40952704763255143
dino_final_ln,99,1.30636643964317,0.0021592243767055673,0.411686272009257
dino_final_ln,100,1.3046716351738574,0.0021564231235404224,0.4138426951327974
dino_final_ln,101,1.302924471638365,0.0021535353288287358,0.41599623046162615
dino_final_ln,102,1.2920162473408374,0.0021355056986307745,0.41813173616025695
dino_final_ln,103,1.2881535415706662,0.0021291212354312508,0.4202608573956882
dino_final_ln,104,1.2831901108390527,0.0021209174418381476,0.4223817748375263
dino_final_ln,105,1.2722634577900238,0.002102857351726133,0.4244846321892524
dino_final_ln,106,1.267601951802802,0.002095152593662601,0.42657978478291503
dino_final_ln,107,1.2637483511866363,0.002088783179893226,0.4286685679628083
dino_final_ln,108,1.2561145056207637,0.002076165598077254,0.43074473356088555
dino_final_ln,109,1.2455718620446443,0.0020587402170251404,0.4328034737779107
dino_final_ln,110,1.241495619739899,0.0020520028105190696,0.43485547658842977
dino_final_ln,111,1.2368197364657882,0.0020442742889942456,0.436899750877424
dino_final_ln,112,1.234247437192455,0.0020400226708214148,0.4389397735482454
dino_final_ln,113,1.2274928777473817,0.0020288584147864137,0.4409686319630318
dino_final_ln,114,1.2214180343205772,0.0020188176256067648,0.44298744958863856
dino_final_ln,115,1.2182264614170393,0.002013542442622705,0.44500099203126126
dino_final_ln,116,1.2114466289305612,0.0020023364141068607,0.4470033284453681
dino_final_ln,117,1.2060355282908433,0.0019933926904688913,0.448996721135837
dino_final_ln,118,1.2024335747211539,0.001987439210866676,0.4509841603467037
dino_final_ln,119,1.1951250450153084,0.0019753593265249983,0.45295951967322867
dino_final_ln,120,1.193075194277453,0.001971971236057063,0.45493149090928575
dino_final_ln,121,1.1820140438225526,0.0019536888422570873,0.45688517975154286
dino_final_ln,122,1.1786615001667045,0.0019481475991831654,0.458833327350726
dino_final_ln,123,1.1691950040590744,0.0019325009256792392,0.4607658282764053
dino_final_ln,124,1.1628771542445964,0.0019220584840228905,0.46268788676042816
dino_final_ln,125,1.1617598559202076,0.0019202117603894118,0.4646080985208176
dino_final_ln,126,1.1584091474803593,0.0019146735506474885,0.4665227720714651
dino_final_ln,127,1.1518012528632824,0.001903751709192505,0.4684265237806576
dino_final_ln,128,1.1501368292684915,0.0019010006709769044,0.4703275244516345
dino_final_ln,129,1.1444111728536992,0.0018915370346431074,0.4722190614862776
dino_final_ln,130,1.1430522709105222,0.0018892909770958377,0.47410835246337346
dino_final_ln,131,1.1369435544410675,0.0018791942009456237,0.4759875466643191
dino_final_ln,132,1.1332309161486707,0.001873057776386965,0.47786060444070605
dino_final_ln,133,1.130997675848739,0.0018693665709576745,0.4797299710116637
dino_final_ln,134,1.127560729078998,0.001863685822416177,0.4815936568340799
dino_final_ln,135,1.1253101768273475,0.0018599660029724528,0.48345362283705234
dino_final_ln,136,1.1181433601247597,0.001848120348600135,0.4853017431856525
dino_final_ln,137,1.1087914539248074,0.0018326630747274868,0.48713440626038
dino_final_ln,138,1.1053290420513786,0.0018269402362555002,0.48896134649663553
dino_final_ln,139,1.103503154970791,0.0018239223235367737,0.4907852688201723
dino_final_ln,140,1.1014076715424843,0.0018204588091949492,0.4926057276293673
dino_final_ln,141,1.0945031583844278,0.0018090467025549224,0.4944147743319222
dino_final_ln,142,1.090640467311937,0.0018026622636484213,0.49621743659557066
dino_final_ln,143,1.089493093613074,0.0018007658300103584,0.49801820242558104
dino_final_ln,144,1.0854790355741157,0.0017941312046064809,0.4998123336301875
dino_final_ln,145,1.083163897237194,0.0017903046342194672,0.501602638264407
dino_final_ln,146,1.08022423818376,0.0017854458263882496,0.5033880840907953
dino_final_ln,147,1.076440215534754,0.0017791914143811783,0.5051672755051765
dino_final_ln,148,1.0671674833308415,0.0017638650030422436,0.5069311405082187
dino_final_ln,149,1.0629320744862614,0.001756864518534214,0.5086880050267529
dino_final_ln,150,1.0622557640692736,0.0017557466806180939,0.510443751707371
dino_final_ln,151,1.0585971248128445,0.0017496995082257815,0.5121934512155968
dino_final_ln,152,1.0515793250854384,0.0017381001561738473,0.5139315513717706
dino_final_ln,153,1.049669765992157,0.0017349439463862635,0.5156664953181569
dino_final_ln,154,1.0459818171469188,0.0017288483297162145,0.5173953436478731
dino_final_ln,155,1.044030125693778,0.0017256224815670683,0.5191209661294401
dino_final_ln,156,1.0418687747797748,0.0017220500983225896,0.5208430162277627
dino_final_ln,157,1.0373916095507898,0.0017146500274025163,0.5225576662551653
dino_final_ln,158,1.0304361009258562,0.0017031536330375137,0.5242608198882028
dino_final_ln,159,1.0261843979727907,0.001696126216854595,0.5259569461050574
dino_final_ln,160,1.0246713528991043,0.0016936253842344227,0.5276505714892918
dino_final_ln,161,1.0210434259656458,0.0016876289746253624,0.5293382004639172
dino_final_ln,162,1.0189288265140735,0.0016841338644141338,0.5310223343283313
dino_final_ln,163,1.017383739320438,0.0016815800710592275,0.5327039143993906
dino_final_ln,164,1.0068381568537406,0.0016641498324694553,0.53436806423186
dino_final_ln,165,1.0044560056286838,0.0016602125000043419,0.5360282767318644
dino_final_ln,166,1.0014640072345826,0.001655267183229845,0.5376835439150942
dino_final_ln,167,0.9981771499746198,0.0016498345097447531,0.539333378424839
dino_final_ln,168,0.9948394931968852,0.001644317872408655,0.5409776962972477
dino_final_ln,169,0.9923938836833737,0.0016402756530762908,0.542617971950324
dino_final_ln,170,0.9897048477504317,0.001635831087018829,0.5442538030373428
dino_final_ln,171,0.986843342036823,0.001631101454732352,0.5458849044920752
dino_final_ln,172,0.9807977579701187,0.0016211090268100485,0.5475060135188852
dino_final_ln,173,0.9801983157123254,0.0016201182402312015,0.5491261317591164
dino_final_ln,174,0.9742947129043432,0.0016103604856636052,0.55073649224478
dino_final_ln,175,0.9718361984234946,0.0016062969363894964,0.5523427891811695
dino_final_ln,176,0.9665143567738295,0.0015975007442414015,0.5539402899254109
dino_final_ln,177,0.9621161888622586,0.0015902312438322347,0.5555305211692432
dino_final_ln,178,0.9606443237206093,0.0015877984753557722,0.5571183196445989
dino_final_ln,179,0.9561147386665142,0.0015803117624639171,0.5586986314070628
dino_final_ln,180,0.9533561871116063,0.0015757522976912433,0.560274383704754
dino_final_ln,181,0.9497505136112442,0.001569792669611277,0.5618441763743653
dino_final_ln,182,0.945574992361479,0.0015628911701587897,0.5634070675445242
dino_final_ln,183,0.9420432012393262,0.00155705365837575,0.5649641212029
dino_final_ln,184,0.9407677199697895,0.001554945482472236,0.5665190666853722
dino_final_ln,185,0.937983067430719,0.001550342876755682,0.5680694095621279
dino_final_ln,186,0.9355046782567205,0.0015462464776466215,0.5696156560397746
dino_final_ln,187,0.9303486941090233,0.0015377244226398685,0.5711533804624145
dino_final_ln,188,0.9287970858114573,0.001535159850895268,0.5726885403133097
dino_final_ln,189,0.9234012350057619,0.0015262413329058544,0.5742147816462156
dino_final_ln,190,0.9227330057551385,0.0015251368519245702,0.5757399184981402
dino_final_ln,191,0.9213496003476199,0.001522850293889907,0.5772627687920301
dino_final_ln,192,0.9203188477607427,0.001521146617153887,0.578783915409184
dino_final_ln,193,0.9145144463280077,0.0015115528273217098,0.5802954682365057
dino_final_ln,194,0.9123904725838438,0.0015080422228353192,0.581803510459341
dino_final_ln,195,0.9076663482321463,0.001500233966170704,0.5833037444255117
dino_final_ln,196,0.90671793703304,0.0014986663871835936,0.5848024108126952
dino_final_ln,197,0.9058377978612956,0.0014972116514395835,0.5862996224641348
dino_final_ln,198,0.9011372851660874,0.0014894424212400692,0.5877890648853749
dino_final_ln,199,0.8996825957702117,0.0014870380416503977,0.5892761029270253
dino_final_ln,200,0.8957754421733285,0.0014805801129759385,0.5907566830400012
dino_final_ln,201,0.8936486883607448,0.0014770649134606812,0.5922337479534618
dino_final_ln,202,0.8885134143585022,0.0014685770891640516,0.5937023250426259
dino_final_ln,203,0.8879971690483065,0.0014677238144439517,0.5951700488570698
dino_final_ln,204,0.8872745558743803,0.0014665294451362892,0.5966365783022061
dino_final_ln,205,0.8822223727461175,0.0014581789573749032,0.598094757259581
dino_final_ln,206,0.878656908612527,0.0014522857892423685,0.5995470430488233
dino_final_ln,207,0.8750542819512573,0.0014463311971224825,0.6009933742459458
dino_final_ln,208,0.8719965678336784,0.0014412772622851204,0.602434651508231
dino_final_ln,209,0.8713448977569647,0.0014402001510914234,0.6038748516593224
dino_final_ln,210,0.8685700443760681,0.0014356137418880055,0.6053104654012105
dino_final_ln,211,0.8673786997422878,0.0014336446310043711,0.6067441100322148
dino_final_ln,212,0.8649625541073767,0.0014296511109672247,0.6081737611431821
dino_final_ln,213,0.858285371954319,0.0014186147477883576,0.6095923758909705
dino_final_ln,214,0.856385183744743,0.0014154740266415669,0.611007849917612
dino_final_ln,215,0.8522852914559466,0.0014086975303207838,0.6124165474479328
dino_final_ln,216,0.8500763585147963,0.0014050465012463212,0.6138215939491791
dino_final_ln,217,0.8492439655429964,0.001403670682684877,0.615225264631864
dino_final_ln,218,0.8471146594713469,0.0014001512646748518,0.6166254158965389
dino_final_ln,219,0.8446168920895023,0.0013960228363452843,0.6180214387328842
dino_final_ln,220,0.8406010963551009,0.001389385338796007,0.6194108240716801
dino_final_ln,221,0.837818913593865,0.001384786815245332,0.6207956108869255
dino_final_ln,222,0.8365713579194671,0.0013827247960892114,0.6221783356830147
dino_final_ln,223,0.8354582956764568,0.0013808850740518366,0.6235592207570666
dino_final_ln,224,0.8314604411805796,0.0013742772306320546,0.6249334979876987
dino_final_ln,225,0.8290178913569363,0.0013702400685001424,0.6263037380561989
dino_final_ln,226,0.8263438168673908,0.0013658202314255385,0.6276695582876244
dino_final_ln,227,0.8237043932175091,0.0013614576669012735,0.6290310159545257
dino_final_ln,228,0.8217711898299671,0.0013582623767033329,0.630389278331229
dino_final_ln,229,0.8175702673604807,0.0013513188929108045,0.6317405972241399
dino_final_ln,230,0.8162189229843607,0.0013490853268686156,0.6330896825510085
dino_final_ln,231,0.8130271374364527,0.0013438097924158613,0.6344334923434244
dino_final_ln,232,0.8114444160499882,0.0013411937954830857,0.6357746861389074
dino_final_ln,233,0.8101683472793629,0.0013390846485299235,0.6371137707874374
dino_final_ln,234,0.8072112203936957,0.001334196969037569,0.6384479677564749
dino_final_ln,235,0.8055958270767253,0.0013315269703893164,0.6397794947268642
dino_final_ln,236,0.8037953971794005,0.0013285511345098255,0.641108045861374
dino_final_ln,237,0.8033769201181716,0.0013278594557860944,0.6424359053171601
dino_final_ln,238,0.7978620503436986,0.0013187442176032676,0.6437546495347634
dino_final_ln,239,0.7972206886454339,0.0013176841445861158,0.6450723336793495
dino_final_ln,240,0.7957070543852233,0.0013151823381305273,0.64638751601748
dino_final_ln,241,0.7939688322470893,0.0013123093221842409,0.6476998253396643
dino_final_ln,242,0.7935763441388023,0.0013116605992338779,0.6490114859388982
dino_final_ln,243,0.7878153280561847,0.0013021385187649565,0.6503136244576632
dino_final_ln,244,0.7846799226847286,0.0012969561721404132,0.6516105806298036
dino_final_ln,245,0.7837596139947871,0.0012954350423125844,0.6529060156721161
dino_final_ln,246,0.7825179124951537,0.001293382699214018,0.6541993983713301
dino_final_ln,247,0.7810486081533982,0.0012909541633490088,0.6554903525346791
dino_final_ln,248,0.7768971525537335,0.0012840924407437838,0.6567744449754229
dino_final_ln,249,0.7755004318500078,0.001281783874556369,0.6580562288499793
dino_final_ln,250,0.773672850611952,0.0012787631616538715,0.6593349920116331
dino_final_ln,251,0.7718800838205316,0.0012757999917190708,0.6606107920033523
dino_final_ln,252,0.7698261171237227,0.00127240509819907,0.6618831971015513
dino_final_ln,253,0.7691717180679776,0.0012713234764194687,0.6631545205779708
dino_final_ln,254,0.7654576626254548,0.0012651847095279053,0.6644197052874986
dino_final_ln,255,0.7644484905065356,0.001263516702012298,0.6656832219895109
dino_final_ln,256,0.7639918985943603,0.0012627620252561769,0.6669459840147671
dino_final_ln,257,0.7605397813417378,0.0012570562022214515,0.6682030402169886
dino_final_ln,258,0.7599615672219452,0.0012561005025153622,0.669459140719504
dino_final_ln,259,0.7549658781255407,0.0012478433907678,0.6707069841102717
dino_final_ln,260,0.7526297894547425,0.0012439821926758534,0.6719509663029476
dino_final_ln,261,0.7488273348955061,0.0012376973155338311,0.6731886636184814
dino_final_ln,262,0.7480013301522433,0.0012363320557393323,0.6744249956742208
dino_final_ln,263,0.7456757348041136,0.0012324882015085038,0.6756574838757292
dino_final_ln,264,0.7446159590312057,0.0012307365538748354,0.6768882204296041
dino_final_ln,265,0.7438364825878218,0.0012294481982599423,0.678117668627864
dino_final_ln,266,0.7424848936957108,0.0012272142280701328,0.6793448828559342
dino_final_ln,267,0.7393978107448081,0.001222111751032892,0.6805669946069671
dino_final_ln,268,0.736819614439,0.0012178503859652517,0.6817848449929323
dino_final_ln,269,0.7355222257291757,0.0012157060004059591,0.6830005509933383
dino_final_ln,270,0.7333435734888927,0.0012121050207092759,0.6842126560140476
dino_final_ln,271,0.7315078049301699,0.0012090707754150792,0.6854217267894627
dino_final_ln,272,0.7281079515002336,0.0012034513365039342,0.6866251781259666
dino_final_ln,273,0.7257522865189903,0.0011995577817581146,0.6878247359077246
dino_final_ln,274,0.7253037667709017,0.001198816447057438,0.6890235523547821
dino_final_ln,275,0.7233808800509617,0.0011956382087367477,0.6902191905635188
dino_final_ln,276,0.7219888653388983,0.0011933374208354288,0.6914125279843542
dino_final_ln,277,0.7208211538288123,0.00119140737189891,0.6926039353562531
dino_final_ln,278,0.7183344333095213,0.001187297202347422,0.6937912325586005
dino_final_ln,279,0.7182122383905283,0.0011870952327929442,0.6949783277913935
dino_final_ln,280,0.7148022379375767,0.0011814590224011638,0.6961597868137946
dino_final_ln,281,0.7109729141293006,0.0011751297344906545,0.6973349165482853
dino_final_ln,282,0.7089503098210753,0.0011717866782131657,0.6985067032264984
dino_final_ln,283,0.707051219306122,0.0011686477713880809,0.6996753509978865
dino_final_ln,284,0.7053591238531407,0.0011658509958135431,0.7008412019937
dino_final_ln,285,0.7046439609828216,0.001164668940720847,0.7020058709344209
dino_final_ln,286,0.702400779365021,0.0011609613038101375,0.7031668322382311
dino_final_ln,287,0.7006829898458576,0.0011581220598650467,0.7043249542980962
dino_final_ln,288,0.6985764824235566,0.0011546403245433815,0.7054795946226395
dino_final_ln,289,0.6954311332394574,0.0011494415423139383,0.7066290361649534
dino_final_ln,290,0.6942971356811302,0.0011475672173950177,0.7077766033823485
dino_final_ln,291,0.6937248102683209,0.0011466212508229711,0.7089232246331715
dino_final_ln,292,0.6904107322059035,0.0011411435855052435,0.7100643682186767
dino_final_ln,293,0.6886564138626012,0.0011382439649880519,0.7112026121836648
dino_final_ln,294,0.6881419503781042,0.0011373936353539298,0.7123400058190187
dino_final_ln,295,0.6860224763607563,0.00113389046822932,0.713473896287248
dino_final_ln,296,0.6849271970060403,0.0011320801385926746,0.7146059764258407
dino_final_ln,297,0.6811758956470096,0.0011258798098847506,0.7157318562357254
dino_final_ln,298,0.6803399540276578,0.0011244981259504172,0.7168563543616758
dino_final_ln,299,0.6787819753640373,0.0011219230249628297,0.7179782773866387
dino_final_ln,300,0.67680073327104,0.0011186483341153492,0.719096925720754
dino_final_ln,301,0.6742862856539298,0.0011144923359022471,0.7202114180566562
dino_final_ln,302,0.674032399917158,0.0011140727015216479,0.7213254907581779
dino_final_ln,303,0.6722678815475562,0.0011111562219174797,0.7224366469800954
dino_final_ln,304,0.6696597411284715,0.0011068453637999847,0.7235434923438954
dino_final_ln,305,0.6682762316751918,0.0011045586337935555,0.7246480509776889
dino_final_ln,306,0.6660929405243876,0.0011009499866856663,0.7257490009643746
dino_final_ln,307,0.6652850889538561,0.0010996147313155665,0.7268486156956901
dino_final_ln,308,0.6625096054841457,0.0010950272806714892,0.7279436429763616
dino_final_ln,309,0.6620356167248301,0.0010942438495817575,0.7290378868259434
dino_final_ln,310,0.6596961163405326,0.001090377012448015,0.7301282638383914
dino_final_ln,311,0.6558267658658629,0.001083981566565919,0.7312122454049573
dino_final_ln,312,0.6551986009505959,0.0010829433058172687,0.7322951887107746
dino_final_ln,313,0.6543818440941624,0.001081593331368496,0.7333767820421431
dino_final_ln,314,0.651466327148451,0.0010767744267573228,0.7344535564689004
dino_final_ln,315,0.6511548812663537,0.0010762596542400246,0.7355298161231405
dino_final_ln,316,0.6481266697984827,0.0010712544827806043,0.7366010706059211
dino_final_ln,317,0.6447705067479252,0.0010657072573995378,0.7376667778633206
dino_final_ln,318,0.6446536224085132,0.0010655140654227274,0.7387322919287433
dino_final_ln,319,0.6430653851411654,0.0010628889515805603,0.7397951808803239
dino_final_ln,320,0.6404272927878423,0.0010585285874863543,0.7408537094678103
dino_final_ln,321,0.6398582713743227,0.0010575880819209524,0.7419112975497312
dino_final_ln,322,0.6378880619216757,0.0010543316263444196,0.7429656291760756
dino_final_ln,323,0.6368938556165022,0.0010526883550351909,0.7440183175311107
dino_final_ln,324,0.6343735922391937,0.0010485227442579503,0.7450668402753686
dino_final_ln,325,0.6326412662903718,0.001045659473812854,0.7461124997491815
dino_final_ln,326,0.6315933957717248,0.001043927503747769,0.7471564272529293
dino_final_ln,327,0.6306138961410844,0.0010423085403273443,0.7481987357932567
dino_final_ln,328,0.6292920200384082,0.0010401236808443783,0.7492388594741011
dino_final_ln,329,0.6271219623516645,0.0010365369066331898,0.7502753963807343
dino_final_ln,330,0.6249771919439173,0.0010329919284354113,0.7513083883091697
dino_final_ln,331,0.6235829602981611,0.0010306874762809962,0.7523390757854507
dino_final_ln,332,0.6224719239600968,0.0010288511027553495,0.753367926888206
dino_final_ln,333,0.6223225648872562,0.001028604234999739,0.7543965311232057
dino_final_ln,334,0.6211845932192087,0.0010267233414838893,0.7554232544646896
dino_final_ln,335,0.6177851172972536,0.0010211045265358309,0.7564443589912254
dino_final_ln,336,0.6164112397795454,0.0010188337166490936,0.7574631927078745
dino_final_ln,337,0.6148986033686361,0.0010163335594861312,0.7584795262673607
dino_final_ln,338,0.6120386466661253,0.001011606487478624,0.7594911327548394
dino_final_ln,339,0.6104522923345724,0.0010089844858419952,0.7605001172406813
dino_final_ln,340,0.6089277192154248,0.0010064645991218245,0.7615065818398031
dino_final_ln,341,0.6083232528172601,0.001005465508405614,0.7625120473482088
dino_final_ln,342,0.6058350366678451,0.00100135286680576,0.7635134002150146
dino_final_ln,343,0.6050156091748508,0.0009999984782022842,0.7645133986932169
dino_final_ln,344,0.6030811639307637,0.0009968011354049785,0.7655101998286219
dino_final_ln,345,0.6018803155862178,0.0009948163163376897,0.7665050161449596
dino_final_ln,346,0.6000314893690901,0.0009917604887267133,0.7674967766336863
dino_final_ln,347,0.5985394710930831,0.000989294410194472,0.7684860710438808
dino_final_ln,348,0.5977639712298504,0.0009880126272597532,0.7694740836711406
dino_final_ln,349,0.5956406625389449,0.0009845031220049136,0.7704585867931455
dino_final_ln,350,0.5946532241393181,0.0009828710370107891,0.7714414578301563
dino_final_ln,351,0.5939274671759086,0.0009816714714988447,0.7724231293016551
dino_final_ln,352,0.5916230702090387,0.0009778626549574224,0.7734009919566126
dino_final_ln,353,0.5903253572883337,0.0009757177335270178,0.7743767096901396
dino_final_ln,354,0.5887970804656335,0.0009731917251500499,0.7753499014152897
dino_final_ln,355,0.5886121801054851,0.0009728861130700251,0.7763227875283597
dino_final_ln,356,0.5856718548446105,0.0009680262040995697,0.7772908137324592
dino_final_ln,357,0.5841066671344038,0.0009654391876580563,0.7782562529201172
dino_final_ln,358,0.5823699717683705,0.0009625686952330709,0.7792188216153503
dino_final_ln,359,0.581270654375264,0.0009607516913351599,0.7801795733066854
dino_final_ln,360,0.5791445081881054,0.0009572374961320081,0.7811368108028174
dino_final_ln,361,0.5766707049912827,0.0009531486769434114,0.7820899594797608
dino_final_ln,362,0.5763139059926772,0.0009525589426452894,0.7830425184224061
dino_final_ln,363,0.5735245780640003,0.0009479486092231678,0.7839904670316293
dino_final_ln,364,0.5724601873661185,0.0009461893338227428,0.7849366563654521
dino_final_ln,365,0.5713755422228715,0.0009443965809149033,0.785881052946367
dino_final_ln,366,0.5709379770570504,0.0009436733524670751,0.786824726298834
dino_final_ln,367,0.5697314356267781,0.0009416791235978301,0.7877664054224319
dino_final_ln,368,0.5655732075287206,0.000934806207086227,0.7887012116295181
dino_final_ln,369,0.5650989366985371,0.0009340223097763937,0.7896352339392945
dino_final_ln,370,0.5643798025670195,0.0009328336907949401,0.7905680676300894
dino_final_ln,371,0.5637134913451483,0.0009317323800224973,0.7914998000101119
dino_final_ln,372,0.5619708602889465,0.000928852076807434,0.7924286520869194
dino_final_ln,373,0.5615761200967392,0.0009281996315060128,0.7933568517184254
dino_final_ln,374,0.5592961607069201,0.0009244312065503467,0.7942812829249758
dino_final_ln,375,0.5587850511842395,0.0009235864205033018,0.7952048693454791
dino_final_ln,376,0.5567093224440111,0.000920155557646358,0.7961250249031254
dino_final_ln,377,0.5558398100831186,0.0009187183863990634,0.7970437432895244
dino_final_ln,378,0.5545989405478333,0.000916667418410609,0.797960410707935
dino_final_ln,379,0.5530587834069538,0.0009141217736805954,0.7988745324816156
dino_final_ln,380,0.5516269743214818,0.000911755211752547,0.7997862876933681
dino_final_ln,381,0.5484775962087677,0.0009065497703189071,0.800692837463687
dino_final_ln,382,0.5480579854713065,0.0009058562178013599,0.8015986936814884
dino_final_ln,383,0.5468874880837221,0.0009039215642344537,0.8025026152457229
dino_final_ln,384,0.5453907024828423,0.0009014476060416785,0.8034040628517646
dino_final_ln,385,0.5433020025763541,0.0008979953038262727,0.8043020581555909
dino_final_ln,386,0.5423485472528746,0.0008964193876712934,0.8051984775432621
dino_final_ln,387,0.5402025389210318,0.0008928723633738887,0.806091349906636
dino_final_ln,388,0.5391969065580999,0.0008912102065347712,0.8069825601131708
dino_final_ln,389,0.5381475592077736,0.0008894757954922808,0.8078720359086631
dino_final_ln,390,0.5374822561173364,0.0008883761510072602,0.8087604120596703
dino_final_ln,391,0.5349893159995968,0.0008842557014086307,0.8096446677610789
dino_final_ln,392,0.5343959528715754,0.0008832749627036377,0.8105279427237826
dino_final_ln,393,0.5334375096812028,0.0008816908023658193,0.8114096335261484
dino_final_ln,394,0.5326238697653864,0.0008803459797442497,0.8122899795058927
dino_final_ln,395,0.5307136435336784,0.0008771886672786501,0.8131671681731714
dino_final_ln,396,0.5281162127787647,0.0008728955106017637,0.8140400636837731
dino_final_ln,397,0.5265437673880549,0.0008702964983218812,0.8149103601820951
dino_final_ln,398,0.5247158826039715,0.0008672752837041203,0.8157776354657992
dino_final_ln,399,0.5242555451443973,0.0008665144161297093,0.8166441498819289
dino_final_ln,400,0.5230607802014615,0.0008645396519969712,0.8175086895339259
dino_final_ln,401,0.5218990877791256,0.0008626195516940065,0.8183713090856198
dino_final_ln,402,0.5197759614204099,0.0008591103478064531,0.8192304194334263
dino_final_ln,403,0.5182152101957869,0.0008565306641986135,0.820086950097625
dino_final_ln,404,0.5163232639458456,0.000853403565753398,0.8209403536633784
dino_final_ln,405,0.515063602122859,0.0008513215369810261,0.8217916752003593
dino_final_ln,406,0.5136107639967731,0.0008489202172578184,0.8226405954176171
dino_final_ln,407,0.5127826027604924,0.0008475513931094359,0.8234881468107266
dino_final_ln,408,0.5120122256292006,0.0008462780772689003,0.8243344248879955
dino_final_ln,409,0.5112054284767987,0.0008449445646910676,0.8251793694526866
dino_final_ln,410,0.5107817730549199,0.0008442443269273862,0.826023613779614
dino_final_ln,411,0.5083316622505347,0.000840194667648093,0.826863808447262
dino_final_ln,412,0.5080709519269632,0.0008397637532669272,0.8277035722005289
dino_final_ln,413,0.5074969233966726,0.0008388149717015753,0.8285423871722305
dino_final_ln,414,0.5061052711795563,0.0008365147829490882,0.8293789019551796
dino_final_ln,415,0.5035161052071724,0.0008322352866965398,0.8302111372418761
dino_final_ln,416,0.5023595352883217,0.0008303236531101558,0.8310414608949863
dino_final_ln,417,0.5009263405629899,0.0008279548009308642,0.8318694156959172
dino_final_ln,418,0.4986820148643241,0.0008242452730290684,0.8326936609689463
dino_final_ln,419,0.49827340861501995,0.0008235699092511893,0.8335172308781974
dino_final_ln,420,0.4974956514890507,0.0008222843954056194,0.8343395152736031
dino_final_ln,421,0.49657248036834617,0.0008207585344165386,0.8351602738080196
dino_final_ln,422,0.4934925462559126,0.0008156678733183937,0.835975941681338
dino_final_ln,423,0.4930637199570895,0.0008149590888841853,0.8367909007702222
dino_final_ln,424,0.49254094200761755,0.000814095016708225,0.8376049957869305
dino_final_ln,425,0.49148788113615105,0.0008123544677819633,0.8384173502547124
dino_final_ln,426,0.48949476779565043,0.0008090601555738806,0.8392264104102863
dino_final_ln,427,0.4883879612013177,0.0008072307731691746,0.8400336411834555
dino_final_ln,428,0.48764083244483,0.0008059958833445503,0.8408396370668
dino_final_ln,429,0.4860996124079031,0.0008034484818095656,0.8416430855486096
dino_final_ln,430,0.4844892431572855,0.000800786787176335,0.8424438723357859
dino_final_ln,431,0.48396375334559455,0.0007999182327059497,0.8432437905684919
dino_final_ln,432,0.4821728657926891,0.0007969581688656475,0.8440407487373575
dino_final_ln,433,0.4815004471425577,0.0007958467634462678,0.8448365955008037
dino_final_ln,434,0.4812225706447031,0.0007953874759985245,0.8456319829768022
dino_final_ln,435,0.47895310089881943,0.000791636388823592,0.8464236193656258
dino_final_ln,436,0.47824418203427066,0.0007904646541196154,0.8472140840197454
dino_final_ln,437,0.47702225942015997,0.0007884450025006131,0.848002529022246
dino_final_ln,438,0.47522493765960344,0.0007854743038969066,0.8487880033261429
dino_final_ln,439,0.4739863186470513,0.0007834270556791064,0.849571430381822
dino_final_ln,440,0.4721483172458414,0.0007803891198370042,0.8503518195016591
dino_final_ln,441,0.4716845907977593,0.0007796226507817401,0.8511314421524407
dino_final_ln,442,0.4706605336975006,0.000777930040663387,0.8519093721931041
dino_final_ln,443,0.4695446431276571,0.000776085643833352,0.8526854578369375
dino_final_ln,444,0.46672134390094067,0.0007714191610395004,0.853456876997977
dino_final_ln,445,0.46575939250560067,0.0007698292021742133,0.8542267062001512
dino_final_ln,446,0.4648778086842245,0.0007683720786448118,0.854995078278796
dino_final_ln,447,0.4640520406093523,0.0007670072100270476,0.855762085488823
dino_final_ln,448,0.46255478615232737,0.0007645324768866109,0.8565266179657096
dino_final_ln,449,0.46172622606419295,0.000763162993496978,0.8572897809592066
dino_final_ln,450,0.46100141985862086,0.0007619649994426557,0.8580517459586493
dino_final_ln,451,0.46083141399138783,0.00076168400568656,0.8588134299643359
dino_final_ln,452,0.4585106857833233,0.0007578481960955468,0.8595712781604314
dino_final_ln,453,0.45692197112695,0.000755222293202169,0.8603265004536336
dino_final_ln,454,0.4558709479817174,0.0007534851123264203,0.86107998556596
dino_final_ln,455,0.4547026990662731,0.0007515541751408507,0.8618315397411008
dino_final_ln,456,0.45337156529572625,0.0007493540141455899,0.8625808937552464
dino_final_ln,457,0.45228020122345325,0.000747550155873361,0.8633284439111197
dino_final_ln,458,0.4513762792540213,0.0007460561107939648,0.8640745000219137
dino_final_ln,459,0.44980748229589884,0.0007434631288164081,0.8648179631507301
dino_final_ln,460,0.44916296521919086,0.0007423978404401919,0.8655603609911703
dino_final_ln,461,0.44869730425841,0.0007416281739306383,0.8663019891651009
dino_final_ln,462,0.44645269483113664,0.0007379181770687505,0.8670399073421696
dino_final_ln,463,0.44388488185197844,0.0007336739740555945,0.8677735813162252
dino_final_ln,464,0.44258819829278345,0.0007315307540026882,0.8685051120702278
dino_final_ln,465,0.4424059858565094,0.0007312295846506575,0.8692363416548785
dino_final_ln,466,0.441021216546124,0.0007289407722926834,0.8699652824271712
dino_final_ln,467,0.44040137000836943,0.0007279162605526989,0.8706931986877239
dino_final_ln,468,0.4388260988033342,0.0007253125776329482,0.8714185112653569
dino_final_ln,469,0.4385287866965663,0.0007248211660894932,0.8721433324314464
dino_final_ln,470,0.43593275918148694,0.0007205303287539222,0.8728638627602003
dino_final_ln,471,0.4345180340539958,0.00071819200400145,0.8735820547642018
dino_final_ln,472,0.4333466642977669,0.0007162559085422954,0.8742983106727441
dino_final_ln,473,0.43281444532380126,0.0007153762317935221,0.8750136869045376
dino_final_ln,474,0.4316486745711527,0.0007134493906328928,0.8757271362951705
dino_final_ln,475,0.4310293103109569,0.0007124256760241187,0.8764395619711947
dino_final_ln,476,0.4301125991492185,0.0007109104923614365,0.877150472463556
dino_final_ln,477,0.4288910832217215,0.0007088915129333473,0.8778593639764893
dino_final_ln,478,0.4275849291386345,0.000706732639549624,0.878566096616039
dino_final_ln,479,0.426791601483209,0.0007054213899948841,0.8792715180060339
dino_final_ln,480,0.42513952117051235,0.0007026907533410334,0.8799742087593749
dino_final_ln,481,0.42428830560854724,0.0007012838239103231,0.8806754925832853
dino_final_ln,482,0.4237791460884903,0.00070044226092005,0.8813759348442053
dino_final_ln,483,0.4210962930378132,0.0006960079142234805,0.8820719427584288
dino_final_ln,484,0.420625128554103,0.0006952291512303476,0.8827671719096591
dino_final_ln,485,0.41956133568716725,0.000693470863953249,0.8834606427736124
dino_final_ln,486,0.418466593764261,0.0006916614226093742,0.8841523041962217
dino_final_ln,487,0.4173710632595478,0.0006898506778601082,0.8848421548740818
dino_final_ln,488,0.41660849237991154,0.0006885902645623461,0.8855307451386442
dino_final_ln,489,0.41614166345887854,0.0006878186675927233,0.8862185638062369
dino_final_ln,490,0.4147451609390785,0.0006855104620300431,0.8869040742682669
dino_final_ln,491,0.41400821540463495,0.0006842924035175255,0.8875883666717844
dino_final_ln,492,0.4117689089317019,0.0006805911716299455,0.8882689578434144
dino_final_ln,493,0.41119473594081857,0.000679642151293278,0.8889485999947077
dino_final_ln,494,0.41062419206224177,0.0006786991293254604,0.8896272991240332
dino_final_ln,495,0.4088223831039526,0.0006757210140686361,0.8903030201381018
dino_final_ln,496,0.4083620137566969,0.0006749600937887536,0.8909779802318906
dino_final_ln,497,0.40689397855043136,0.0006725336556110426,0.8916505138875016
dino_final_ln,498,0.40628581992990825,0.0006715284622146968,0.8923220423497163
dino_final_ln,499,0.4060479427755927,0.0006711352875780306,0.8929931776372944
dino_final_ln,500,0.40365817400502624,0.0006671853644726069,0.893660363001767
dino_final_ln,501,0.40195199981773344,0.0006643653188986294,0.8943247283206656
dino_final_ln,502,0.4008863026391202,0.0006626038840849207,0.8949873322047505
dino_final_ln,503,0.40035684447118836,0.0006617287705272298,0.8956490609752777
dino_final_ln,504,0.3994956519449308,0.0006603053506970022,0.8963093663259748
dino_final_ln,505,0.39843602554173746,0.0006585539499486785,0.8969679202759234
dino_final_ln,506,0.39731680262851,0.0006567040452635366,0.897624624321187
dino_final_ln,507,0.39611292984241075,0.0006547142272558817,0.8982793385484429
dino_final_ln,508,0.39521255752667134,0.0006532260492123716,0.8989325645976552
dino_final_ln,509,0.3944565735762282,0.000651976523103418,0.8995845411207587
dino_final_ln,510,0.3922557273783595,0.0006483388601815842,0.9002328799809403
dino_final_ln,511,0.39130080708495435,0.0006467605226548682,0.9008796405035951
dino_final_ln,512,0.390683595093625,0.0006457403654180998,0.9015253808690132
dino_final_ln,513,0.38944393157243445,0.0006436913907869095,0.9021690722598001
dino_final_ln,514,0.3883560259691032,0.0006418932488360882,0.9028109655086363
dino_final_ln,515,0.3870981433858931,0.0006398141608755597,0.9034507796695118
dino_final_ln,516,0.3861165166922238,0.0006381916817445322,0.9040889713512563
dino_final_ln,517,0.3851980185005953,0.0006366735443941378,0.9047256448956504
dino_final_ln,518,0.3848909578814971,0.0006361660200473975,0.9053618109156978
dino_final_ln,519,0.3830836489523568,0.0006331788141780374,0.9059949897298758
dino_final_ln,520,0.3826126181836822,0.0006324002721954537,0.9066273900020713
dino_final_ln,521,0.38069560283023424,0.0006292317383476197,0.9072566217404189
dino_final_ln,522,0.38001086917147003,0.0006280999780982074,0.9078847217185171
dino_final_ln,523,0.37807458810665956,0.0006248996009693873,0.9085096213194864
dino_final_ln,524,0.3771078263894115,0.0006233016913760284,0.9091329230108625
dino_final_ln,525,0.3763233638545964,0.0006220050945128638,0.9097549281053753
dino_final_ln,526,0.37450325791902617,0.0006189967371446638,0.91037392484252
dino_final_ln,527,0.37391510764639996,0.0006180246144941712,0.9109919494570141
dino_final_ln,528,0.37371056871110564,0.000617686542846224,0.9116096359998603
dino_final_ln,529,0.3729613406470907,0.000616448183186606,0.912226084183047
dino_final_ln,530,0.3715704705707103,0.0006141492871934028,0.9128402334702403
dino_final_ln,531,0.3701524426244324,0.0006118055033854773,0.9134520389736258
dino_final_ln,532,0.369789163543172,0.0006112050584995699,0.9140632440321254
dino_final_ln,533,0.3686424856703925,0.0006093097749558418,0.9146725538070812
dino_final_ln,534,0.3671629403428509,0.0006068643123040752,0.9152794181193853
dino_final_ln,535,0.3659480666707729,0.0006048563115106033,0.9158842744308959
dino_final_ln,536,0.3650917890112053,0.0006034410152050187,0.916487715446101
dino_final_ln,537,0.36409290267702094,0.0006017900085219948,0.917089505454623
dino_final_ln,538,0.362891917503594,0.0005998049632974453,0.9176893104179205
dino_final_ln,539,0.3620478097309813,0.0005984097819579048,0.9182877201998784
dino_final_ln,540,0.36155838391979955,0.0005976008357770912,0.9188853210356555
dino_final_ln,541,0.3603670871333202,0.0005956318039777442,0.9194809528396332
dino_final_ln,542,0.36024578479375297,0.000595431309720852,0.920076384149354
dino_final_ln,543,0.3587448600617589,0.0005929505101759655,0.9206693346595299
dino_final_ln,544,0.3571932373688823,0.0005903859146381133,0.921259720574168
dino_final_ln,545,0.35532841615389893,0.0005873036497364754,0.9218470242239045
dino_final_ln,546,0.35507037488045834,0.0005868771468878863,0.9224339013707924
dino_final_ln,547,0.35445107239894624,0.0005858535343898491,0.9230197549051823
dino_final_ln,548,0.35355321171857945,0.0005843695076963411,0.9236041244128786
dino_final_ln,549,0.35183824425267984,0.0005815349281746573,0.9241856593410533
dino_final_ln,550,0.35051969598090166,0.0005793555690883477,0.9247650149101417
dino_final_ln,551,0.3493375010104718,0.0005774015812020176,0.9253424164913437
dino_final_ln,552,0.34920472442166506,0.0005771821217620723,0.9259195986131058
dino_final_ln,553,0.34907825451212265,0.0005769730863005687,0.9264965716994064
dino_final_ln,554,0.3474398215305209,0.0005742650066024717,0.9270708367060089
dino_final_ln,555,0.3456018692756019,0.0005712271519916888,0.9276420638580005
dino_final_ln,556,0.34467507475721,0.0005696953020791516,0.9282117591600797
dino_final_ln,557,0.34328207235881186,0.0005673928816830397,0.9287791520417628
dino_final_ln,558,0.3429204497263417,0.000566795174654213,0.929345947216417
dino_final_ln,559,0.34097685203456446,0.0005635827042575145,0.9299095299206744
dino_final_ln,560,0.34013503902279,0.0005621913158074654,0.9304717212364819
dino_final_ln,561,0.3397940106156072,0.000561627647890415,0.9310333488843723
dino_final_ln,562,0.3390776950092718,0.0005604436875009882,0.9315937925718732
dino_final_ln,563,0.3384186735510066,0.0005593544255953877,0.9321531469974687
dino_final_ln,564,0.33629840066722927,0.0005558499380664748,0.9327089969355351
dino_final_ln,565,0.3357301054971669,0.0005549106328706847,0.9332639075684058
dino_final_ln,566,0.3350443754504462,0.0005537772257440263,0.9338176847941498
dino_final_ln,567,0.3336871638266123,0.0005515339620366926,0.9343692187561865
dino_final_ln,568,0.33175424243297363,0.0005483391379316427,0.9349175578941181
dino_final_ln,569,0.3313625192946715,0.0005476916793599323,0.9354652495734781
dino_final_ln,570,0.33019585423539566,0.0005457633600469171,0.9360110129335251
dino_final_ln,571,0.3289913130556678,0.0005437724372865892,0.9365547853708116
dino_final_ln,572,0.3280731711394893,0.0005422548888051468,0.9370970402596167
dino_final_ln,573,0.32729433098181027,0.0005409675848734283,0.9376380078444901
dino_final_ln,574,0.3260510345103457,0.0005389126055298136,0.93817692045002
dino_final_ln,575,0.32558194254053213,0.0005381372680858915,0.9387150577181059
dino_final_ln,576,0.3247307434346294,0.0005367303658545412,0.9392517880839605
dino_final_ln,577,0.32371394300377165,0.0005350497499033596,0.9397868378338639
dino_final_ln,578,0.32185209478461346,0.0005319723989101495,0.940318810232774
dino_final_ln,579,0.3202553111474514,0.0005293331592228328,0.9408481433919968
dino_final_ln,580,0.31949272578404503,0.0005280727219856088,0.9413762161139825
dino_final_ln,581,0.3192840474708235,0.0005277278085776061,0.94190394392256
dino_final_ln,582,0.3181986591010908,0.0005259338272298001,0.9424298777497898
dino_final_ln,583,0.31778976873935616,0.0005252579938574283,0.9429551357436472
dino_final_ln,584,0.31665487619251814,0.0005233821896590723,0.9434785179333063
dino_final_ln,585,0.3153257888291664,0.0005211854110626286,0.9439997033443689
dino_final_ln,586,0.31384750738773526,0.0005187420374217369,0.9445184453817906
dino_final_ln,587,0.3129935496684308,0.0005173305756233906,0.9450357759574141
dino_final_ln,588,0.31233457299411516,0.0005162413877388247,0.9455520173451529
dino_final_ln,589,0.31052785483044754,0.0005132551583146416,0.9460652725034676
dino_final_ln,590,0.30990248791606273,0.000512221522234482,0.9465774940257021
dino_final_ln,591,0.30874228608084203,0.0005103038856445591,0.9470877979113467
dino_final_ln,592,0.3075897691911642,0.0005083989510969165,0.9475961968624436
dino_final_ln,593,0.30718343645643925,0.0005077273450917046,0.9481039242075353
dino_final_ln,594,0.3062447071320885,0.0005061757687661369,0.9486100999763014
dino_final_ln,595,0.30450687018919803,0.0005033033894888083,0.9491134033657902
dino_final_ln,596,0.30274298211856276,0.00050038795167265,0.9496137913174628
dino_final_ln,597,0.3018735448872048,0.0004989509046030113,0.9501127422220659
dino_final_ln,598,0.30095106516860065,0.0004974261863960964,0.950610168408462
dino_final_ln,599,0.300039063527289,0.0004959187868520193,0.9511060871953141
dino_final_ln,600,0.29814058514876496,0.000492780891795042,0.9515988680871091
dino_final_ln,601,0.2976730546620329,0.0004920081352443756,0.9520908762223536
dino_final_ln,602,0.29637756812761273,0.0004898668936907592,0.9525807431160443
dino_final_ln,603,0.29567250572498677,0.0004887015331298553,0.9530694446491742
dino_final_ln,604,0.2948216227357814,0.0004872951533911672,0.9535567398025654
dino_final_ln,605,0.29402847919940905,0.00048598420815712594,0.9540427240107225
dino_final_ln,606,0.2921469051474914,0.0004828742533724738,0.954525598264095
dino_final_ln,607,0.2909075162787279,0.0004808257326998342,0.9550064239967948
dino_final_ln,608,0.29004291291769935,0.00047939667528021433,0.955485820672075
dino_final_ln,609,0.28917100841643434,0.0004779555501899181,0.9559637762222649
dino_final_ln,610,0.288626625838303,0.0004770557688595924,0.9564408319911245
dino_final_ln,611,0.2873647385501967,0.00047497006173297763,0.9569158020528575
dino_final_ln,612,0.2865879121868077,0.00047368608629592095,0.9573894881391535
dino_final_ln,613,0.28478097171787087,0.000470699489435051,0.9578601876285885
dino_final_ln,614,0.28406586433090925,0.000469517526047878,0.9583297051546363
dino_final_ln,615,0.2826933974315247,0.0004672490476979733,0.9587969542023344
dino_final_ln,616,0.28097592571285884,0.00046441032902860927,0.959261364531363
dino_final_ln,617,0.2800200015617639,0.00046283033227831794,0.9597241948636414
dino_final_ln,618,0.2792882851945301,0.000461620916781241,0.9601858157804226
dino_final_ln,619,0.2778041290310487,0.0004591678331212672,0.9606449836135439
dino_final_ln,620,0.27755801895746135,0.0004587610507253663,0.9611037446642693
dino_final_ln,621,0.27581275025110547,0.00045587638787709657,0.9615596210521464
dino_final_ln,622,0.27526586657448204,0.0004549724726126244,0.962014593524759
dino_final_ln,623,0.27407755312338944,0.0004530083718114226,0.9624676018965704
dino_final_ln,624,0.2737380833880701,0.0004524472801411134,0.9629200491767116
dino_final_ln,625,0.2721009962731877,0.0004497414249553278,0.9633697906016669
dino_final_ln,626,0.2712236739510247,0.00044829134503383226,0.9638180819467008
dino_final_ln,627,0.2695025876107711,0.00044544665194656526,0.9642635285986474
dino_final_ln,628,0.26829602618954873,0.00044345239003533036,0.9647069809886827
dino_final_ln,629,0.26743000657565497,0.00044202099176584073,0.9651490019804485
dino_final_ln,630,0.26708862030327946,0.0004414567323522361,0.9655904587128007
dino_final_ln,631,0.26607340503352017,0.0004397787364304588,0.9660302374492311
dino_final_ln,632,0.26410679612444726,0.0004365282320030208,0.9664667656812341
dino_final_ln,633,0.2634819300688469,0.00043549542376600215,0.9669022611050001
dino_final_ln,634,0.2625963604208231,0.00043403171227337855,0.9673362928172735
dino_final_ln,635,0.26073072755870375,0.00043094810584288,0.9677672409231164
dino_final_ln,636,0.2590262392802834,0.0004281308468190035,0.9681953717699354
dino_final_ln,637,0.2588152551544243,0.0004277821222545717,0.96862315389219
dino_final_ln,638,0.2582871586494832,0.0004269092593180183,0.969050063151508
dino_final_ln,639,0.2559335621554954,0.0004230191234659863,0.969473082274974
dino_final_ln,640,0.25343461529580197,0.00041888874563952004,0.9698919710206135
dino_final_ln,641,0.2531556994199748,0.0004184277402585943,0.9703103987608721
dino_final_ln,642,0.251957005590533,0.00041644648227599936,0.9707268452431481
dino_final_ln,643,0.2505695454076265,0.0004141532223163678,0.9711409984654645
dino_final_ln,644,0.24894928267226996,0.00041147517526258316,0.9715524736407272
dino_final_ln,645,0.24807584527205487,0.00041003151652423874,0.9719625051572514
dino_final_ln,646,0.2463010238700715,0.00040709800757975914,0.9723696031648311
dino_final_ln,647,0.24457254805707407,0.00040424110082166033,0.9727738442656528
dino_final_ln,648,0.24272044798633985,0.0004011798620302537,0.9731750241276831
dino_final_ln,649,0.24239693941682647,0.0004006451517313905,0.9735756692794145
dino_final_ln,650,0.24208874073812386,0.00040013574634578913,0.9739758050257603
dino_final_ln,651,0.23995910286281813,0.00039661577991495245,0.9743724208056752
dino_final_ln,652,0.23888568829261092,0.00039484158943059233,0.9747672623951058
dino_final_ln,653,0.23683827144058683,0.000391457521804532,0.9751587199169104
dino_final_ln,654,0.23625604366751612,0.000390495188142047,0.9755492151050524
dino_final_ln,655,0.23399965704944564,0.00038676572538093936,0.9759359808304334
dino_final_ln,656,0.23262468465690994,0.00038449310583318734,0.9763204739362666
dino_final_ln,657,0.23038681081423892,0.00038079424186481496,0.9767012681781314
dino_final_ln,658,0.229895795493564,0.00037998266846736394,0.9770812508465988
dino_final_ln,659,0.22841934031614805,0.00037754231336220643,0.977458793159961
dino_final_ln,660,0.22728427528723438,0.0003756662240772996,0.9778344593840382
dino_final_ln,661,0.22552239040239214,0.0003727540972215764,0.9782072134812598
dino_final_ln,662,0.22390211842982485,0.000370076034900092,0.97857728951616
dino_final_ln,663,0.22328152143214425,0.00036905028276436785,0.9789463397989243
dino_final_ln,664,0.22179523830713258,0.00036659368356155314,0.9793129334824858
dino_final_ln,665,0.22100456209512856,0.00036528681643818565,0.979678220298924
dino_final_ln,666,0.21860164359643378,0.00036131515883877906,0.9800395354577628
dino_final_ln,667,0.2169019055917507,0.00035850575129251123,0.9803980412090553
dino_final_ln,668,0.21627554579939115,0.0003574704741365699,0.9807555116831919
dino_final_ln,669,0.21449411306579452,0.0003545260376698051,0.9811100377208617
dino_final_ln,670,0.21384091464235366,0.00035344640035218965,0.9814634841212139
dino_final_ln,671,0.2130061314802287,0.0003520666311708749,0.9818155507523847
dino_final_ln,672,0.21065424523665932,0.0003481793221018049,0.9821637300744865
dino_final_ln,673,0.20960707872508946,0.0003464485156529888,0.9825101785901396
dino_final_ln,674,0.20603836624943433,0.0003405499785067096,0.9828507285686463
dino_final_ln,675,0.20542483143791299,0.000339535899087036,0.9831902644677334
dino_final_ln,676,0.20445336362358682,0.00033793021103334495,0.9835281946787667
dino_final_ln,677,0.20223544249622966,0.0003342643258586554,0.9838624590046254
dino_final_ln,678,0.2010213571569491,0.0003322576280590001,0.9841947166326844
dino_final_ln,679,0.19992622650481623,0.0003304475442050329,0.9845251641768895
dino_final_ln,680,0.19795811618875184,0.00032719455818094867,0.9848523587350705
dino_final_ln,681,0.19717047087006606,0.00032589270066173,0.9851782514357322
dino_final_ln,682,0.1957426903939729,0.0003235327974102298,0.9855017842331425
dino_final_ln,683,0.19473214723105867,0.0003218625237681164,0.9858236467569106
dino_final_ln,684,0.19347699622891107,0.00031978795069425225,0.9861434347076048
dino_final_ln,685,0.192959219484089,0.00031893214474640775,0.9864623668523512
dino_final_ln,686,0.1889783098575697,0.0003123523086099327,0.9867747191609612
dino_final_ln,687,0.18640310178691802,0.00030809588263900923,0.9870828150436002
dino_final_ln,688,0.1837889539714913,0.0003037750952120735,0.9873865901388122
dino_final_ln,689,0.18194378336846,0.0003007253097733616,0.9876873154485856
dino_final_ln,690,0.18106698590369058,0.0002992760973610457,0.9879865915459466
dino_final_ln,691,0.1801275675023725,0.0002977233820964023,0.988284314928043
dino_final_ln,692,0.17818861379059836,0.00029451858748999005,0.988578833515533
dino_final_ln,693,0.1762278701411952,0.0002912777774417632,0.9888701112929748
dino_final_ln,694,0.1757921267584224,0.0002905575601233145,0.9891606688530981
dino_final_ln,695,0.1707885989987552,0.00028228749226153795,0.9894429563453596
dino_final_ln,696,0.16768301892926724,0.0002771544423098866,0.9897201107876695
dino_final_ln,697,0.16576305856090756,0.000273981040801805,0.9899940918284713
dino_final_ln,698,0.16507896014925985,0.0002728503305189392,0.9902669421589902
dino_final_ln,699,0.1625512960193115,0.00026867248742692013,0.9905356146464172
dino_final_ln,700,0.15883094053703833,0.00026252330753101847,0.9907981379539482
dino_final_ln,701,0.1570286350093563,0.000259544371520763,0.991057682325469
dino_final_ln,702,0.15571091321458178,0.00025736637847482215,0.9913150487039438
dino_final_ln,703,0.15468227765405407,0.0002556662008603051,0.9915707149048041
dino_final_ln,704,0.15381035176140984,0.0002542250404133233,0.9918249399452174
dino_final_ln,705,0.1507452963682892,0.0002491589715677499,0.9920740989167851
dino_final_ln,706,0.14949591424471706,0.0002470939335698555,0.9923211928503549
dino_final_ln,707,0.14859654966088087,0.0002456074211534043,0.9925668002715083
dino_final_ln,708,0.14540614997757936,0.0002403341773233653,0.9928071344488317
dino_final_ln,709,0.14379835038408242,0.0002376767299412325,0.993044811178773
dino_final_ln,710,0.14108778832663676,0.00023319658448479495,0.9932780077632578
dino_final_ln,711,0.13874216437431197,0.0002293196260275434,0.9935073273892854
dino_final_ln,712,0.13630600772767998,0.00022529303084164909,0.993732620420127
dino_final_ln,713,0.13512684983287143,0.00022334406277787146,0.9939559644829049
dino_final_ln,714,0.13473042353130255,0.0002226888305949714,0.9941786533134999
dino_final_ln,715,0.1306547498218095,0.00021595236389008638,0.9943946056773899
dino_final_ln,716,0.12899402197715487,0.0002132074341854995,0.9946078131115754
dino_final_ln,717,0.127852714429863,0.00021132102697030516,0.9948191341385457
dino_final_ln,718,0.12697384029621167,0.00020986838214122157,0.9950290025206869
dino_final_ln,719,0.12454501238573082,0.00020585390023783955,0.9952348564209248
dino_final_ln,720,0.12153333926155707,0.00020087606413684387,0.9954357324850617
dino_final_ln,721,0.12015929164891823,0.00019860497310914243,0.9956343374581709
dino_final_ln,722,0.11627698230428823,0.00019218810819249116,0.9958265255663633
dino_final_ln,723,0.11571080365346312,0.000191252301280025,0.9960177778676433
dino_final_ln,724,0.1128974112073543,0.00018660219288276953,0.9962043800605261
dino_final_ln,725,0.11158316081040952,0.0001844299375277152,0.9963888099980539
dino_final_ln,726,0.11041174875064375,0.00018249377214726956,0.9965713037702012
dino_final_ln,727,0.10348692484676869,0.00017104809494377022,0.9967423518651449
dino_final_ln,728,0.09842067136746284,0.00016267435103920803,0.9969050262161842
dino_final_ln,729,0.0934524699152252,0.00015446267217291253,0.997059488888357
dino_final_ln,730,0.0891411238736689,0.0001473366750660945,0.9972068255634231
dino_final_ln,731,0.0843409236325028,0.0001394026765651648,0.9973462282399883
dino_final_ln,732,0.08245225003824276,0.00013628098732039186,0.9974825092273087
dino_final_ln,733,0.0799110445776371,0.00013208076247516712,0.9976145899897839
dino_final_ln,734,0.0780437904479175,0.0001289944763367265,0.9977435844661207
dino_final_ln,735,0.07367747734927707,0.0001217776270723743,0.997865362093193
dino_final_ln,736,0.07198841379892103,0.00011898586277021587,0.9979843479559632
dino_final_ln,737,0.06922540406003173,0.00011441902929972788,0.998098766985263
dino_final_ln,738,0.06847670562031401,0.00011318154502825385,0.9982119485302913
dino_final_ln,739,0.06737048998945981,0.00011135313939599838,0.9983233016696873
dino_final_ln,740,0.06611516232335275,0.00010927827432356768,0.9984325799440109
dino_final_ln,741,0.06450507007773926,0.00010661703753733878,0.9985391969815482
dino_final_ln,742,0.06052277348343015,0.0001000349089547548,0.998639231890503
dino_final_ln,743,0.058661650099489385,9.695875600355121e-05,0.9987361906465065
dino_final_ln,744,0.05499616895259282,9.090027501035027e-05,0.9988270909215169
dino_final_ln,745,0.0535542414285814,8.851698884744288e-05,0.9989156079103644
dino_final_ln,746,0.051681508300350495,8.542164676054362e-05,0.9990010295571249
dino_final_ln,747,0.050880069075729534,8.409699001972727e-05,0.9990851265471447
dino_final_ln,748,0.04910692955079855,8.11662609613653e-05,0.999166292808106
dino_final_ln,749,0.04615304979332943,7.628394847641918e-05,0.9992425767565825
dino_final_ln,750,0.0436658928371031,7.217305756127625e-05,0.9993147498141437
dino_final_ln,751,0.04322740899286956,7.144831067822005e-05,0.9993861981248219
dino_final_ln,752,0.04248791624228792,7.022604200612444e-05,0.999456424166828
dino_final_ln,753,0.037917382552355765,6.2671647267883e-05,0.9995190958140959
dino_final_ln,754,0.03680141707582028,6.0827126628516726e-05,0.9995799229407244
dino_final_ln,755,0.03476547910826492,5.746203184683611e-05,0.9996373849725713
dino_final_ln,756,0.03257647023658665,5.384393421885088e-05,0.9996912289067901
dino_final_ln,757,0.03122544613065681,5.161089753441387e-05,0.9997428398043244
dino_final_ln,758,0.025528837352206003,4.2195272510897743e-05,0.9997850350768354
dino_final_ln,759,0.023431891875679484,3.8729341626470495e-05,0.9998237644184619
dino_final_ln,760,0.018533643079255736,3.0633283825647185e-05,0.9998543977022876
dino_final_ln,761,0.017177523296359833,2.8391824764771954e-05,0.9998827895270523
dino_final_ln,762,0.016016777155921914,2.6473288521384493e-05,0.9999092628155737
dino_final_ln,763,0.015130572783252479,2.5008527925778883e-05,0.9999342713434994
dino_final_ln,764,0.01354041755546011,2.238024398767272e-05,0.9999566515874871
dino_final_ln,765,0.01208282188675003,1.997106077249542e-05,0.9999766226482596
dino_final_ln,766,0.008179671100289318,1.3519748132846244e-05,0.9999901423963924
dino_final_ln,767,0.005963993964978204,9.85757193458162e-06,0.999999999968327
dino_final_ln,768,1.9163489163587233e-08,3.1674323290219304e-11,1.0000000000000013
dino_rae_position_normalized,1,11.872453455360702,0.014960674827697307,0.014960674827697307
dino_rae_position_normalized,2,7.874344141476327,0.009922591200289658,0.024883266027986965
dino_rae_position_normalized,3,7.189066561314669,0.009059061595220479,0.033942327623207445
dino_rae_position_normalized,4,6.851991166347101,0.008634307318820226,0.04257663494202767
dino_rae_position_normalized,5,6.204198650594697,0.00781801326296846,0.05039464820499613
dino_rae_position_normalized,6,5.832312310344099,0.007349393139059743,0.05774404134405588
dino_rae_position_normalized,7,5.532632004220823,0.006971761032180374,0.06471580237623625
dino_rae_position_normalized,8,5.195181828478159,0.006546534488331023,0.07126233686456727
dino_rae_position_normalized,9,4.5828195006908885,0.005774886597926318,0.07703722346249359
dino_rae_position_normalized,10,4.408209520396857,0.005554857675793957,0.08259208113828755
dino_rae_position_normalized,11,4.284921585717738,0.005399500511594685,0.08799158164988223
dino_rae_position_normalized,12,4.221235430465274,0.005319248534752598,0.09331083018463483
dino_rae_position_normalized,13,4.121547189403923,0.005193629734538177,0.098504459919173
dino_rae_position_normalized,14,4.032362112865098,0.0050812461455355,0.1035857060647085
dino_rae_position_normalized,15,3.940471903384682,0.0049654537738025315,0.10855115983851103
dino_rae_position_normalized,16,3.8664790921614784,0.00487221420942271,0.11342337404793375
dino_rae_position_normalized,17,3.735088684601873,0.004706646985228597,0.11813002103316235
dino_rae_position_normalized,18,3.5872013928097872,0.004520291764551679,0.12265031279771403
dino_rae_position_normalized,19,3.547131031840056,0.004469798440408478,0.1271201112381225
dino_rae_position_normalized,20,3.477732375477387,0.004382348046500872,0.13150245928462337
dino_rae_position_normalized,21,3.416116111010546,0.004304704373249023,0.1358071636578724
dino_rae_position_normalized,22,3.3572002680823942,0.0042304635458108005,0.1400376272036832
dino_rae_position_normalized,23,3.3386593238819597,0.004207099795578035,0.14424472699926125
dino_rae_position_normalized,24,3.2278668663065497,0.004067488388603115,0.14831221538786435
dino_rae_position_normalized,25,3.1651298777519568,0.003988432472404897,0.15230064786026926
dino_rae_position_normalized,26,3.107843435665248,0.0039162448798978075,0.15621689274016706
dino_rae_position_normalized,27,3.044541407997015,0.0038364769485734937,0.16005336968874057
dino_rae_position_normalized,28,2.9873122671338312,0.003764361562285246,0.1638177312510258
dino_rae_position_normalized,29,2.970883320759745,0.0037436591754206844,0.1675613904264465
dino_rae_position_normalized,30,2.9248899112177025,0.003685702119875024,0.1712470925463215
dino_rae_position_normalized,31,2.90370090834467,0.0036590015071416506,0.17490609405346316
dino_rae_position_normalized,32,2.878126746919408,0.0036267750836384595,0.17853286913710162
dino_rae_position_normalized,33,2.8491184766342,0.0035902212828017,0.18212309041990332
dino_rae_position_normalized,34,2.8187825865783775,0.0035519945263490127,0.18567508494625234
dino_rae_position_normalized,35,2.7686828350052273,0.0034888630013400947,0.18916394794759245
dino_rae_position_normalized,36,2.7249221257504517,0.003433719408328619,0.19259766735592107
dino_rae_position_normalized,37,2.711483997276558,0.0034167858005325013,0.19601445315645358
dino_rae_position_normalized,38,2.6816457580359403,0.003379186142097255,0.19939363929855083
dino_rae_position_normalized,39,2.6576791120501704,0.0033489853753684755,0.20274262467391932
dino_rae_position_normalized,40,2.637452981781071,0.0033234980943177323,0.20606612276823705
dino_rae_position_normalized,41,2.6216298291609412,0.0033035590781751254,0.20936968184641216
dino_rae_position_normalized,42,2.58048247143342,0.0032517086126167675,0.21262139045902892
dino_rae_position_normalized,43,2.559295687292645,0.003225010795744584,0.2158464012547735
dino_rae_position_normalized,44,2.5157144121579806,0.0031700933106335576,0.21901649456540706
dino_rae_position_normalized,45,2.463710516606593,0.0031045623423258607,0.22212105690773293
dino_rae_position_normalized,46,2.4393956870087043,0.003073922823672652,0.2251949797314056
dino_rae_position_normalized,47,2.4215345175780656,0.0030514156688626628,0.22824639540026825
dino_rae_position_normalized,48,2.3958444852069025,0.0030190432344654196,0.23126543863473367
dino_rae_position_normalized,49,2.3675126821431114,0.0029833418611550566,0.23424878049588874
dino_rae_position_normalized,50,2.340602063489061,0.0029494313458088266,0.23719821184169756
dino_rae_position_normalized,51,2.334968881877238,0.0029423328805542165,0.24014054472225177
dino_rae_position_normalized,52,2.3291126525610695,0.0029349533492008164,0.2430754980714526
dino_rae_position_normalized,53,2.3116614611006576,0.0029129628144072494,0.24598846088585985
dino_rae_position_normalized,54,2.2854379941330434,0.00287991819025838,0.24886837907611822
dino_rae_position_normalized,55,2.274480747431758,0.002866110782588083,0.25173448985870633
dino_rae_position_normalized,56,2.2538679119136944,0.002840136207861634,0.25457462606656794
dino_rae_position_normalized,57,2.245346834269921,0.0028293986570858513,0.2574040247236538
dino_rae_position_normalized,58,2.211072198276125,0.002786208621776903,0.26019023334543073
dino_rae_position_normalized,59,2.187304961342868,0.0027562591336910396,0.2629464924791218
dino_rae_position_normalized,60,2.1603000540701545,0.002722229803698024,0.2656687222828198
dino_rae_position_normalized,61,2.158606161728166,0.002720095301961134,0.26838881758478095
dino_rae_position_normalized,62,2.132236353012131,0.0026868662701563344,0.2710756838549373
dino_rae_position_normalized,63,2.1288395360435657,0.0026825858849514584,0.27375826973988876
dino_rae_position_normalized,64,2.0919945105866233,0.0026361568593964535,0.2763944265992852
dino_rae_position_normalized,65,2.076802613911665,0.002617013299303792,0.279011439898589
dino_rae_position_normalized,66,2.069530812134263,0.0026078499816953272,0.28161928988028434
dino_rae_position_normalized,67,2.062302320052749,0.0025987412393504764,0.28421803111963484
dino_rae_position_normalized,68,2.0511708536411546,0.0025847142945437055,0.28680274541417855
dino_rae_position_normalized,69,2.0390910003526663,0.002569492271758368,0.2893722376859369
dino_rae_position_normalized,70,2.0144805168084905,0.0025384801946808566,0.29191071788061773
dino_rae_position_normalized,71,2.011949532986983,0.002535290860135128,0.2944460087407529
dino_rae_position_normalized,72,1.9931201033697357,0.002511563584660533,0.2969575723254134
dino_rae_position_normalized,73,1.9739850467436038,0.002487451183540622,0.299445023508954
dino_rae_position_normalized,74,1.9639102348588013,0.002474755746567509,0.30191977925552155
dino_rae_position_normalized,75,1.9598292768290588,0.0024696132639039203,0.3043893925194255
dino_rae_position_normalized,76,1.950100695070884,0.002457354117235882,0.30684674663666134
dino_rae_position_normalized,77,1.9308606171248088,0.0024331093770149116,0.30927985601367625
dino_rae_position_normalized,78,1.9191688105269398,0.0024183763382780816,0.3116982323519543
dino_rae_position_normalized,79,1.910714399498941,0.0024077227952067058,0.314105955147161
dino_rae_position_normalized,80,1.902736141878899,0.0023976692609145875,0.3165036244080756
dino_rae_position_normalized,81,1.8915441954827066,0.002383566104279608,0.3188871905123552
dino_rae_position_normalized,82,1.8806683636862247,0.0023698612888764844,0.3212570518012317
dino_rae_position_normalized,83,1.8700409861728315,0.002356469554821948,0.32361352135605365
dino_rae_position_normalized,84,1.852109170157766,0.0023338733770832715,0.32594739473313694
dino_rae_position_normalized,85,1.847775930813678,0.002328412990565756,0.3282758077237027
dino_rae_position_normalized,86,1.843145818093379,0.0023225785090001364,0.3305983862327028
dino_rae_position_normalized,87,1.8161611462886667,0.0022885746780548022,0.33288696091075765
dino_rae_position_normalized,88,1.807232259838547,0.002277323240661855,0.3351642841514195
dino_rae_position_normalized,89,1.8041949443146055,0.002273495869169209,0.3374377800205887
dino_rae_position_normalized,90,1.7971836092894657,0.00226466077002028,0.339702440790609
dino_rae_position_normalized,91,1.7928414681308062,0.002259189166179093,0.34196162995678814
dino_rae_position_normalized,92,1.7746006210696936,0.00223620357331161,0.34419783353009975
dino_rae_position_normalized,93,1.7636747213397992,0.002222435666478067,0.3464202691965778
dino_rae_position_normalized,94,1.7595015487490633,0.002217176982722043,0.34863744617929987
dino_rae_position_normalized,95,1.7560830764145974,0.0022128693092326743,0.35085031548853257
dino_rae_position_normalized,96,1.7458337196778466,0.0021999539254067336,0.3530502694139393
dino_rae_position_normalized,97,1.735016716813046,0.0021863232413127493,0.35523659265525204
dino_rae_position_normalized,98,1.730156073659163,0.0021801982645375507,0.35741679091978956
dino_rae_position_normalized,99,1.7252280807597526,0.002173988419234852,0.3595907793390244
dino_rae_position_normalized,100,1.7081324429565148,0.0021524459234813016,0.3617432252625057
dino_rae_position_normalized,101,1.701654168331937,0.0021442825425535736,0.36388750780505924
dino_rae_position_normalized,102,1.6947854653903498,0.00213562717645056,0.3660231349815098
dino_rae_position_normalized,103,1.6852891078258043,0.0021236606593271292,0.3681467956408369
dino_rae_position_normalized,104,1.6710348309947571,0.002105698609496815,0.37025249425033374
dino_rae_position_normalized,105,1.665230681383218,0.0020983847046399944,0.37235087895497376
dino_rae_position_normalized,106,1.659588508780809,0.0020912749096895435,0.3744421538646633
dino_rae_position_normalized,107,1.6528380722788223,0.002082768573081785,0.37652492243774505
dino_rae_position_normalized,108,1.6468446268674626,0.0020752161334589183,0.37860013857120395
dino_rae_position_normalized,109,1.6366704403708179,0.0020623954728949535,0.3806625340440989
dino_rae_position_normalized,110,1.6321126484022752,0.002056652123903944,0.3827191861680028
dino_rae_position_normalized,111,1.6191068608111812,0.0020402633159999966,0.3847594494840028
dino_rae_position_normalized,112,1.6175117112162194,0.0020382532416306606,0.38679770272563346
dino_rae_position_normalized,113,1.6055207724021512,0.002023143261444123,0.3888208459870776
dino_rae_position_normalized,114,1.595973277889045,0.0020111123058066164,0.39083195829288425
dino_rae_position_normalized,115,1.588200148976007,0.002001317257588573,0.3928332755504728
dino_rae_position_normalized,116,1.583180267772666,0.0019949916223153566,0.3948282671727882
dino_rae_position_normalized,117,1.578682988208989,0.00198932452600587,0.39681759169879405
dino_rae_position_normalized,118,1.5719163532546734,0.0019807977774606036,0.3987983894762547
dino_rae_position_normalized,119,1.5642639884278076,0.001971154906063541,0.4007695443823182
dino_rae_position_normalized,120,1.5571826513848857,0.0019622315962150075,0.4027317759785332
dino_rae_position_normalized,121,1.5492749189137447,0.001952266931828663,0.40468404291036186
dino_rae_position_normalized,122,1.5447458840878234,0.0019465598201883702,0.40663060273055024
dino_rae_position_normalized,123,1.5376082480767481,0.0019375655670795533,0.4085681682976298
dino_rae_position_normalized,124,1.523899032894189,0.0019202903584413092,0.41048845865607114
dino_rae_position_normalized,125,1.5174603667292983,0.0019121768887882839,0.41240063554485945
dino_rae_position_normalized,126,1.5155567399847358,0.0019097780972642078,0.4143104136421237
dino_rae_position_normalized,127,1.5047884598869024,0.0018962088095341716,0.41620662245165785
dino_rae_position_normalized,128,1.5004020789832768,0.0018906814584591558,0.418097303910117
dino_rae_position_normalized,129,1.4949950912090038,0.0018838680237977877,0.4199811719339148
dino_rae_position_normalized,130,1.4933445000984382,0.0018817880866582987,0.4218629600205731
dino_rae_position_normalized,131,1.4851103530355858,0.0018714121018499395,0.42373437212242304
dino_rae_position_normalized,132,1.4822793463514208,0.0018678447035361812,0.4256022168259592
dino_rae_position_normalized,133,1.4733053500204756,0.0018565364224368266,0.42745875324839605
dino_rae_position_normalized,134,1.4707330643604217,0.0018532950427617067,0.42931204829115777
dino_rae_position_normalized,135,1.4688302373589683,0.0018508972590071406,0.43116294555016493
dino_rae_position_normalized,136,1.4642911187305743,0.001845177440600686,0.43300812299076563
dino_rae_position_normalized,137,1.459563274889792,0.00183921980643484,0.4348473427972005
dino_rae_position_normalized,138,1.45318267011978,0.0018311795009051432,0.43667852229810566
dino_rae_position_normalized,139,1.4488374752179962,0.0018257040489917727,0.43850422634709746
dino_rae_position_normalized,140,1.4426889579567355,0.0018179562007678092,0.44032218254786526
dino_rae_position_normalized,141,1.4416883156187257,0.0018166952748190086,0.4421388778226843
dino_rae_position_normalized,142,1.4332395563545925,0.0018060488536286929,0.44394492667631297
dino_rae_position_normalized,143,1.4209546421789472,0.0017905684302301902,0.44573549510654314
dino_rae_position_normalized,144,1.4162208858431131,0.0017846033456316072,0.4475200984521748
dino_rae_position_normalized,145,1.4140642364646017,0.0017818857161045192,0.44930198416827927
dino_rae_position_normalized,146,1.4091523984536738,0.0017756962278438063,0.45107768039612306
dino_rae_position_normalized,147,1.4036562265414834,0.001768770410776208,0.4528464508068993
dino_rae_position_normalized,148,1.3983069852386274,0.0017620297433979097,0.4546084805502972
dino_rae_position_normalized,149,1.3934735435129437,0.0017559390435919712,0.4563644195938891
dino_rae_position_normalized,150,1.3846813037539223,0.0017448597969529811,0.4581092793908421
dino_rae_position_normalized,151,1.3819193183961056,0.0017413793735533425,0.45985065876439546
dino_rae_position_normalized,152,1.3791753088813667,0.0017379216018106722,0.46158858036620615
dino_rae_position_normalized,153,1.3763229167807083,0.0017343272553801308,0.4633229076215863
dino_rae_position_normalized,154,1.373642515003128,0.0017309496367983663,0.46505385725838466
dino_rae_position_normalized,155,1.3688504176542908,0.0017249110357250347,0.4667787682941097
dino_rae_position_normalized,156,1.364046315758336,0.001718857307523468,0.46849762560163316
dino_rae_position_normalized,157,1.3557569919348424,0.0017084117935670601,0.4702060373952002
dino_rae_position_normalized,158,1.3506263217517198,0.0017019465512692939,0.47190798394646954
dino_rae_position_normalized,159,1.346392024524423,0.0016966108433484678,0.47360459478981803
dino_rae_position_normalized,160,1.343853985530024,0.0016934126184627702,0.4752980074082808
dino_rae_position_normalized,161,1.3397015517733768,0.0016881800680543539,0.4769861874763352
dino_rae_position_normalized,162,1.3360040008362717,0.001683520723005172,0.47866970819934035
dino_rae_position_normalized,163,1.3315842027835805,0.001677951262428298,0.48034765946176866
dino_rae_position_normalized,164,1.3301591757979876,0.0016761555623708239,0.4820238150241395
dino_rae_position_normalized,165,1.3273986901660575,0.0016726770288005626,0.4836964920529401
dino_rae_position_normalized,166,1.324566231138887,0.0016691078003653785,0.48536559985330546
dino_rae_position_normalized,167,1.3159012975117357,0.0016581889742872812,0.48702378882759273
dino_rae_position_normalized,168,1.3135340013431744,0.0016552059052584692,0.4886789947328512
dino_rae_position_normalized,169,1.3054152218493638,0.0016449752970306613,0.4903239700298819
dino_rae_position_normalized,170,1.2967926922834716,0.0016341099050110133,0.4919580799348929
dino_rae_position_normalized,171,1.293238487013842,0.0016296311922066428,0.49358771112709954
dino_rae_position_normalized,172,1.2918239768311441,0.001627848744546319,0.49521555987164584
dino_rae_position_normalized,173,1.2875681988943304,0.0016224859684283962,0.49683804584007424
dino_rae_position_normalized,174,1.2794862729545142,0.0016123017999730945,0.4984503476400473
dino_rae_position_normalized,175,1.2770896892647285,0.001609281825254722,0.500059629465302
dino_rae_position_normalized,176,1.2744725555127794,0.0016059839317577526,0.5016656133970597
dino_rae_position_normalized,177,1.2704473034440371,0.0016009116450963316,0.5032665250421561
dino_rae_position_normalized,178,1.265547918078416,0.0015947378486197877,0.5048612628907758
dino_rae_position_normalized,179,1.2616147142978467,0.0015897815535276729,0.5064510444443034
dino_rae_position_normalized,180,1.2603570015411063,0.001588196688895355,0.5080392411331988
dino_rae_position_normalized,181,1.2567511692402202,0.0015836529200156037,0.5096228940532144
dino_rae_position_normalized,182,1.2542961884556227,0.001580559358152868,0.5112034534113672
dino_rae_position_normalized,183,1.2441826316791258,0.001567815098101353,0.5127712685094685
dino_rae_position_normalized,184,1.242965420927606,0.0015662812707152333,0.5143375497801838
dino_rae_position_normalized,185,1.2414579997741444,0.0015643817444050123,0.5159019315245887
dino_rae_position_normalized,186,1.2386153001195697,0.0015607996115859783,0.5174627311361747
dino_rae_position_normalized,187,1.2329584319352096,0.0015536712984898218,0.5190164024346645
dino_rae_position_normalized,188,1.232163975190477,0.0015526701904149572,0.5205690726250795
dino_rae_position_normalized,189,1.2276042606892594,0.001546924418808748,0.5221159970438882
dino_rae_position_normalized,190,1.2195659373027983,0.0015367951946515946,0.5236527922385398
dino_rae_position_normalized,191,1.2178107218095982,0.0015345834185983098,0.5251873756571381
dino_rae_position_normalized,192,1.215552666689717,0.001531738006020482,0.5267191136631586
dino_rae_position_normalized,193,1.2119197826098589,0.0015271601487469348,0.5282462738119056
dino_rae_position_normalized,194,1.2074453258078899,0.0015215218117766928,0.5297677956236823
dino_rae_position_normalized,195,1.2024594978537693,0.0015152390875656527,0.5312830347112479
dino_rae_position_normalized,196,1.1977582078469544,0.0015093149143248722,0.5327923496255728
dino_rae_position_normalized,197,1.196298605786516,0.0015074756456441264,0.5342998252712169
dino_rae_position_normalized,198,1.1952491647445815,0.0015061532276419624,0.5358059784988588
dino_rae_position_normalized,199,1.1911212682978443,0.0015009515971033177,0.5373069300959621
dino_rae_position_normalized,200,1.1889187362267348,0.0014981761500369353,0.538805106245999
dino_rae_position_normalized,201,1.182493767036189,0.0014900799401676662,0.5402951861861667
dino_rae_position_normalized,202,1.180385351330342,0.0014874230906887116,0.5417826092768554
dino_rae_position_normalized,203,1.1779055394057842,0.0014842982386961015,0.5432669075155515
dino_rae_position_normalized,204,1.1749526610888292,0.001480577267923563,0.5447474847834751
dino_rae_position_normalized,205,1.171806910066536,0.0014766132550672164,0.5462240980385423
dino_rae_position_normalized,206,1.1661407922405236,0.001469473286344735,0.547693571324887
dino_rae_position_normalized,207,1.161812899688316,0.0014640196374080398,0.5491575909622951
dino_rae_position_normalized,208,1.16025285609022,0.0014620538006855884,0.5506196447629806
dino_rae_position_normalized,209,1.1575812658736966,0.0014586872856975496,0.5520783320486782
dino_rae_position_normalized,210,1.1531987975093947,0.0014531648648780022,0.5535314969135562
dino_rae_position_normalized,211,1.1527554831704472,0.0014526062371523693,0.5549841031507086
dino_rae_position_normalized,212,1.1496397311493098,0.0014486800265332046,0.5564327831772418
dino_rae_position_normalized,213,1.1449343155488458,0.0014427506545636789,0.5578755338318054
dino_rae_position_normalized,214,1.141534651094598,0.0014384666811950305,0.5593140005130005
dino_rae_position_normalized,215,1.1370425431740279,0.0014328061017585005,0.5607468066147591
dino_rae_position_normalized,216,1.1313981413099325,0.0014256934976785535,0.5621725001124376
dino_rae_position_normalized,217,1.1276537737930812,0.0014209751582834463,0.563593475270721
dino_rae_position_normalized,218,1.124054920905383,0.0014164401842776092,0.5650099154549986
dino_rae_position_normalized,219,1.122649248851255,0.0014146688736891735,0.5664245843286877
dino_rae_position_normalized,220,1.1201943196776878,0.0014115753768623501,0.56783615970555
dino_rae_position_normalized,221,1.118966246360474,0.001410027861377662,0.5692461875669277
dino_rae_position_normalized,222,1.117530992851842,0.001408219274709482,0.5706544068416372
dino_rae_position_normalized,223,1.1157065629947511,0.0014059202804922795,0.5720603271221294
dino_rae_position_normalized,224,1.1145226364476628,0.0014044283950822873,0.5734647555172117
dino_rae_position_normalized,225,1.109650576043588,0.0013982890312414164,0.574863044548453
dino_rae_position_normalized,226,1.1091270792261818,0.0013976293642494171,0.5762606739127024
dino_rae_position_normalized,227,1.104609097512008,0.0013919361808179237,0.5776526100935203
dino_rae_position_normalized,228,1.1020602255298058,0.001388724305105247,0.5790413343986256
dino_rae_position_normalized,229,1.1004709289166719,0.001386721606175051,0.5804280560048006
dino_rae_position_normalized,230,1.0960599725477038,0.0013811632871499723,0.5818092192919506
dino_rae_position_normalized,231,1.0912019543787015,0.0013750416181616072,0.5831842609101122
dino_rae_position_normalized,232,1.0904767131367668,0.001374127729685816,0.584558388639798
dino_rae_position_normalized,233,1.0834962663825798,0.0013653315533576375,0.5859237201931556
dino_rae_position_normalized,234,1.0829247952447325,0.001364611433131528,0.5872883316262871
dino_rae_position_normalized,235,1.0788902942820993,0.0013595274917860486,0.5886478591180732
dino_rae_position_normalized,236,1.0783143201182332,0.001358801697222427,0.5900066608152956
dino_rae_position_normalized,237,1.0738359731348062,0.0013531584581702324,0.5913598192734658
dino_rae_position_normalized,238,1.0723463487849414,0.0013512813579063705,0.5927111006313722
dino_rae_position_normalized,239,1.0703319179364679,0.0013487429402995793,0.5940598435716719
dino_rae_position_normalized,240,1.0687285496907275,0.0013467225094725588,0.5954065660811444
dino_rae_position_normalized,241,1.0657602664464285,0.0013429821266964606,0.5967495482078409
dino_rae_position_normalized,242,1.0644137679688817,0.0013412853817098992,0.5980908335895507
dino_rae_position_normalized,243,1.0590939367575227,0.0013345817744739878,0.5994254153640247
dino_rae_position_normalized,244,1.0560549409051276,0.0013307522855716856,0.6007561676495964
dino_rae_position_normalized,245,1.0536282371183028,0.001327694356021207,0.6020838620056176
dino_rae_position_normalized,246,1.051395246275277,0.0013248805273529084,0.6034087425329705
dino_rae_position_normalized,247,1.048084031728234,0.0013207080111742341,0.6047294505441447
dino_rae_position_normalized,248,1.0442417385308318,0.0013158662740105434,0.6060453168181553
dino_rae_position_normalized,249,1.0426966469278451,0.0013139192785442564,0.6073592360966996
dino_rae_position_normalized,250,1.0385555108455573,0.001308700964522029,0.6086679370612217
dino_rae_position_normalized,251,1.036116416806016,0.0013056274218093155,0.609973564483031
dino_rae_position_normalized,252,1.03405568271407,0.001303030656720122,0.6112765951397511
dino_rae_position_normalized,253,1.0313202054709172,0.0012995836366338992,0.6125761787763849
dino_rae_position_normalized,254,1.027885367069975,0.0012952553399936644,0.6138714341163786
dino_rae_position_normalized,255,1.0261022926949332,0.001293008458502918,0.6151644425748815
dino_rae_position_normalized,256,1.0238488260841776,0.0012901688279812781,0.6164546114028627
dino_rae_position_normalized,257,1.0210725747692349,0.0012866704278132765,0.617741281830676
dino_rae_position_normalized,258,1.0186452725481008,0.001283611744165834,0.6190248935748418
dino_rae_position_normalized,259,1.014596311103662,0.0012785095809282278,0.62030340315577
dino_rae_position_normalized,260,1.0143664370604202,0.0012782199128469674,0.621581623068617
dino_rae_position_normalized,261,1.012550540987167,0.0012759316721918255,0.6228575547408088
dino_rae_position_normalized,262,1.0090225308781793,0.001271485968342335,0.6241290407091512
dino_rae_position_normalized,263,1.007889185664127,0.0012700578213061127,0.6253990985304573
dino_rae_position_normalized,264,1.0028706936047806,0.0012637339365162033,0.6266628324669735
dino_rae_position_normalized,265,1.0001599507479404,0.0012603180846389843,0.6279231505516125
dino_rae_position_normalized,266,0.9959517925754574,0.0012550153149731569,0.6291781658665857
dino_rae_position_normalized,267,0.9922874425846551,0.0012503978069851583,0.6304285636735708
dino_rae_position_normalized,268,0.9894056070638725,0.001246766358414276,0.6316753300319851
dino_rae_position_normalized,269,0.9885660296126475,0.0012457083929914028,0.6329210384249765
dino_rae_position_normalized,270,0.9865057501672914,0.0012431122008098915,0.6341641506257863
dino_rae_position_normalized,271,0.9823976333996551,0.0012379354949718017,0.6354020861207581
dino_rae_position_normalized,272,0.9797308857858084,0.0012345750822274346,0.6366366612029856
dino_rae_position_normalized,273,0.9777911404538246,0.001232130777074379,0.63786879198006
dino_rae_position_normalized,274,0.9761216533506378,0.0012300270287822737,0.6390988190088422
dino_rae_position_normalized,275,0.9750677744393427,0.0012286990185475793,0.6403275180273899
dino_rae_position_normalized,276,0.9728011607288762,0.001225842821148298,0.6415533608485382
dino_rae_position_normalized,277,0.9712384155272468,0.0012238735800905816,0.6427772344286288
dino_rae_position_normalized,278,0.967446487969276,0.0012190953095015846,0.6439963297381304
dino_rae_position_normalized,279,0.9657748604933586,0.0012169888640904255,0.6452133186022208
dino_rae_position_normalized,280,0.963342030047898,0.0012139232142361384,0.6464272418164569
dino_rae_position_normalized,281,0.9629126482014472,0.0012133821430745776,0.6476406239595315
dino_rae_position_normalized,282,0.9620771859857602,0.0012123293633280227,0.6488529533228595
dino_rae_position_normalized,283,0.9586952641305888,0.0012080677477017212,0.6500610210705613
dino_rae_position_normalized,284,0.953785207183333,0.0012018805037887791,0.6512629015743501
dino_rae_position_normalized,285,0.9520493800584962,0.001199693159338921,0.652462594733689
dino_rae_position_normalized,286,0.9499958001917143,0.0011971054094071024,0.653659700143096
dino_rae_position_normalized,287,0.9476651277074601,0.001194168490488204,0.6548538686335843
dino_rae_position_normalized,288,0.946246007761259,0.0011923802339886996,0.656046248867573
dino_rae_position_normalized,289,0.943229196970262,0.001188578700848941,0.657234827568422
dino_rae_position_normalized,290,0.9410519707220671,0.0011858351420682694,0.6584206627104903
dino_rae_position_normalized,291,0.9391591736349832,0.0011834499971745752,0.6596041127076648
dino_rae_position_normalized,292,0.9374264314342344,0.0011812665400885484,0.6607853792477534
dino_rae_position_normalized,293,0.9312737019971307,0.001173513384032186,0.6619588926317855
dino_rae_position_normalized,294,0.9284173626435758,0.0011699140636030293,0.6631288066953885
dino_rae_position_normalized,295,0.9272372325470103,0.0011684269621630888,0.6642972336575517
dino_rae_position_normalized,296,0.9266724940005373,0.0011677153257866467,0.6654649489833383
dino_rae_position_normalized,297,0.9249757246073391,0.001165577198629975,0.6666305261819683
dino_rae_position_normalized,298,0.9217598460618884,0.001161524816922626,0.6677920509988909
dino_rae_position_normalized,299,0.9203676881245884,0.0011597705356961674,0.6689518215345871
dino_rae_position_normalized,300,0.9172306815603867,0.0011558175418759909,0.6701076390764631
dino_rae_position_normalized,301,0.9162229194551964,0.0011545476441908902,0.671262186720654
dino_rae_position_normalized,302,0.912851534558389,0.0011502993063599786,0.672412486027014
dino_rae_position_normalized,303,0.9113840531423296,0.0011484501087729846,0.6735609361357869
dino_rae_position_normalized,304,0.9092611194137465,0.0011457749648936257,0.6747067111006806
dino_rae_position_normalized,305,0.9060802623563591,0.0011417667143422223,0.6758484778150228
dino_rae_position_normalized,306,0.9043970162723867,0.00113964562813102,0.6769881234431538
dino_rae_position_normalized,307,0.9034447950187219,0.0011384457183909091,0.6781265691615448
dino_rae_position_normalized,308,0.8986013935024768,0.0011323424680882684,0.679258911629633
dino_rae_position_normalized,309,0.897921990979414,0.0011314863417397527,0.6803903979713728
dino_rae_position_normalized,310,0.8945516163728698,0.0011272392769923001,0.6815176372483651
dino_rae_position_normalized,311,0.893031278289892,0.001125323473845704,0.6826429607222109
dino_rae_position_normalized,312,0.8896346553069178,0.001121043333085277,0.6837640040552961
dino_rae_position_normalized,313,0.889137010676158,0.0011204162428609574,0.6848844202981571
dino_rae_position_normalized,314,0.8846416508873761,0.0011147515656915468,0.6859991718638486
dino_rae_position_normalized,315,0.8831206673071774,0.0011128349491432339,0.6871120068129919
dino_rae_position_normalized,316,0.8820215683334397,0.0011114499563604555,0.6882234567693524
dino_rae_position_normalized,317,0.879515473921445,0.0011082919853710276,0.6893317487547234
dino_rae_position_normalized,318,0.8785449730601665,0.0011070690411952363,0.6904388177959186
dino_rae_position_normalized,319,0.8738356148694096,0.001101134701102519,0.6915399524970212
dino_rae_position_normalized,320,0.8732722320571862,0.0011004247731092125,0.6926403772701304
dino_rae_position_normalized,321,0.871166696232364,0.001097771552615936,0.6937381488227463
dino_rae_position_normalized,322,0.8707277163619602,0.0010972183868257557,0.6948353672095721
dino_rae_position_normalized,323,0.8681815986827667,0.0010940099818558236,0.6959293771914279
dino_rae_position_normalized,324,0.8644817191024153,0.0010893477024447992,0.6970187248938727
dino_rae_position_normalized,325,0.8632960753916463,0.0010878536532084714,0.6981065785470812
dino_rae_position_normalized,326,0.862056546305925,0.0010862917021205456,0.6991928702492018
dino_rae_position_normalized,327,0.860723874581603,0.001084612380454252,0.7002774826296561
dino_rae_position_normalized,328,0.859150499483756,0.0010826297444886206,0.7013601123741446
dino_rae_position_normalized,329,0.8583289693745825,0.0010815945208197538,0.7024417068949644
dino_rae_position_normalized,330,0.8561645497796336,0.0010788670999145064,0.703520573994879
dino_rae_position_normalized,331,0.8533790167214472,0.0010753570036684344,0.7045959309985474
dino_rae_position_normalized,332,0.8518263247018497,0.001073400430791556,0.705669331429339
dino_rae_position_normalized,333,0.8484058480852086,0.0010690902316730913,0.7067384216610121
dino_rae_position_normalized,334,0.8472279355912169,0.0010676059246708064,0.7078060275856829
dino_rae_position_normalized,335,0.8460424995550746,0.0010661121371287083,0.7088721397228116
dino_rae_position_normalized,336,0.8443813795808013,0.0010640189323940395,0.7099361586552057
dino_rae_position_normalized,337,0.8415993788581202,0.00106051328730232,0.7109966719425079
dino_rae_position_normalized,338,0.8408219659443492,0.0010595336564405517,0.7120562055989484
dino_rae_position_normalized,339,0.8395725820443783,0.001057959287138309,0.7131141648860867
dino_rae_position_normalized,340,0.8369267215741034,0.0010546251946287808,0.7141687900807154
dino_rae_position_normalized,341,0.8338935913544274,0.0010508030971072154,0.7152195931778227
dino_rae_position_normalized,342,0.8320848201846359,0.0010485238346606867,0.7162681170124834
dino_rae_position_normalized,343,0.831191415188842,0.0010473980402592373,0.7173155150527426
dino_rae_position_normalized,344,0.828479868910101,0.001043981175976802,0.7183594962287194
dino_rae_position_normalized,345,0.8266636711694659,0.0010416925551856066,0.719401188783905
dino_rae_position_normalized,346,0.8260204250910966,0.001040881990170645,0.7204420707740756
dino_rae_position_normalized,347,0.8246298334149312,0.0010391296826157293,0.7214812004566914
dino_rae_position_normalized,348,0.8211278335881762,0.0010347167547527796,0.7225159172114441
dino_rae_position_normalized,349,0.8187520957638774,0.0010317230482540486,0.7235476402596982
dino_rae_position_normalized,350,0.8169089449335019,0.001029400463428989,0.7245770407231272
dino_rae_position_normalized,351,0.8166054659252131,0.0010290180445147255,0.725606058767642
dino_rae_position_normalized,352,0.8139353488642813,0.0010256533858743963,0.7266317121535163
dino_rae_position_normalized,353,0.8133397111223502,0.0010249028129110539,0.7276566149664273
dino_rae_position_normalized,354,0.8099241486481618,0.0010205988061847149,0.7286772137726121
dino_rae_position_normalized,355,0.8084735681891817,0.0010187709057730763,0.7296959846783851
dino_rae_position_normalized,356,0.8081589992228693,0.001018374512219412,0.7307143591906046
dino_rae_position_normalized,357,0.8045498666571015,0.0010138265846213364,0.7317281857752259
dino_rae_position_normalized,358,0.8034344949597362,0.0010124210863105584,0.7327406068615365
dino_rae_position_normalized,359,0.802431387960908,0.0010111570546019245,0.7337517639161385
dino_rae_position_normalized,360,0.7995746293274226,0.0010075572058311976,0.7347593211219697
dino_rae_position_normalized,361,0.7991589881230212,0.0010070334494797896,0.7357663545714496
dino_rae_position_normalized,362,0.7981047025462902,0.0010057049267992578,0.7367720594982489
dino_rae_position_normalized,363,0.7968674808756842,0.0010041458833232558,0.7377762053815721
dino_rae_position_normalized,364,0.7946147992054617,0.0010013072419181558,0.7387775126234902
dino_rae_position_normalized,365,0.7924611692783232,0.0009985934172516485,0.7397761060407418
dino_rae_position_normalized,366,0.7900251495519268,0.0009955237485317415,0.7407716297892736
dino_rae_position_normalized,367,0.7892705494065726,0.0009945728644165058,0.7417662026536901
dino_rae_position_normalized,368,0.786529087919325,0.000991118303485391,0.7427573209571755
dino_rae_position_normalized,369,0.7853448436380881,0.0009896260176933465,0.7437469469748689
dino_rae_position_normalized,370,0.7842783535778299,0.0009882821159414058,0.7447352290908102
dino_rae_position_normalized,371,0.7829582424275661,0.0009866186220620849,0.7457218477128723
dino_rae_position_normalized,372,0.7807703762702369,0.000983861655756056,0.7467057093686283
dino_rae_position_normalized,373,0.7791205119700105,0.0009817826344822882,0.7476874920031107
dino_rae_position_normalized,374,0.7771900380077034,0.0009793500123353996,0.7486668420154461
dino_rae_position_normalized,375,0.775125469872787,0.00097674841590529,0.7496435904313514
dino_rae_position_normalized,376,0.7740381899971058,0.0009753783165633194,0.7506189687479148
dino_rae_position_normalized,377,0.7718987560920735,0.0009726823805389008,0.7515916511284537
dino_rae_position_normalized,378,0.7709361468094729,0.000971469380671834,0.7525631205091255
dino_rae_position_normalized,379,0.7685786088523511,0.0009684986081265411,0.7535316191172521
dino_rae_position_normalized,380,0.7678867894677753,0.0009676268350856064,0.7544992459523376
dino_rae_position_normalized,381,0.7663485603503685,0.0009656884871508222,0.7554649344394885
dino_rae_position_normalized,382,0.7650456557251666,0.0009640466754981224,0.7564289811149866
dino_rae_position_normalized,383,0.7627046071249058,0.0009610966814639472,0.7573900777964505
dino_rae_position_normalized,384,0.7604060644417692,0.0009582002498384802,0.758348278046289
dino_rae_position_normalized,385,0.7592489101816694,0.0009567421006298159,0.7593050201469188
dino_rae_position_normalized,386,0.7567430391304724,0.0009535844111010209,0.7602586045580199
dino_rae_position_normalized,387,0.7555562095975614,0.0009520888675906127,0.7612106934256104
dino_rae_position_normalized,388,0.753122719384528,0.0009490223863523024,0.7621597158119627
dino_rae_position_normalized,389,0.7525087257603558,0.0009482486828383608,0.7631079644948011
dino_rae_position_normalized,390,0.7505073472681772,0.0009457267127214672,0.7640536912075225
dino_rae_position_normalized,391,0.7469863096682969,0.0009412897950459449,0.7649949810025685
dino_rae_position_normalized,392,0.7456286378042252,0.000939578970290349,0.7659345599728589
dino_rae_position_normalized,393,0.745132222866238,0.0009389534296222166,0.7668735134024811
dino_rae_position_normalized,394,0.743387480633358,0.000936754851097364,0.7678102682535785
dino_rae_position_normalized,395,0.7421141315751401,0.0009351502829031167,0.7687454185364816
dino_rae_position_normalized,396,0.7407058710778248,0.0009333757105746388,0.7696787942470562
dino_rae_position_normalized,397,0.7398875264658552,0.0009323445010034488,0.7706111387480596
dino_rae_position_normalized,398,0.7386683917627336,0.0009308082492141163,0.7715419469972737
dino_rae_position_normalized,399,0.7358725208427491,0.0009272851260575277,0.7724692321233313
dino_rae_position_normalized,400,0.7341519147430694,0.0009251169618730441,0.7733943490852043
dino_rae_position_normalized,401,0.731640305861922,0.0009219520420098935,0.7743163011272142
dino_rae_position_normalized,402,0.7288514611123292,0.0009184377726467444,0.7752347388998609
dino_rae_position_normalized,403,0.7280533713451578,0.0009174320865402577,0.7761521709864012
dino_rae_position_normalized,404,0.7278997305234018,0.0009172384812013787,0.7770694094676026
dino_rae_position_normalized,405,0.7263907968931468,0.0009153370489941521,0.7779847465165968
dino_rae_position_normalized,406,0.7240907651068061,0.0009124387409251258,0.7788971852575219
dino_rae_position_normalized,407,0.7204952478253794,0.0009079079701718824,0.7798050932276939
dino_rae_position_normalized,408,0.7193180142722735,0.0009064245187142294,0.7807115177464081
dino_rae_position_normalized,409,0.7179326249910278,0.0009046787667831375,0.7816161965131913
dino_rae_position_normalized,410,0.7175747767908929,0.0009042278363516117,0.7825204243495428
dino_rae_position_normalized,411,0.7157794333355518,0.0009019654943899961,0.7834223898439329
dino_rae_position_normalized,412,0.7144065643747244,0.0009002355195215999,0.7843226253634544
dino_rae_position_normalized,413,0.7118316793306805,0.0008969908643197511,0.7852196162277741
dino_rae_position_normalized,414,0.7108313496688643,0.0008957303323793901,0.7861153465601536
dino_rae_position_normalized,415,0.7086268569091648,0.000892952414616909,0.7870082989747705
dino_rae_position_normalized,416,0.707445633528785,0.000891463935511964,0.7878997629102825
dino_rae_position_normalized,417,0.7055395186860396,0.0008890620086942443,0.7887888249189767
dino_rae_position_normalized,418,0.7049747178732416,0.000888350293854977,0.7896771752128317
dino_rae_position_normalized,419,0.7044500375654247,0.0008876891355271504,0.7905648643483588
dino_rae_position_normalized,420,0.7028288023588914,0.0008856461902475286,0.7914505105386064
dino_rae_position_normalized,421,0.7003652829841658,0.0008825418687662462,0.7923330524073726
dino_rae_position_normalized,422,0.6992858224918959,0.0008811816227585513,0.7932142340301311
dino_rae_position_normalized,423,0.6976939114770834,0.0008791756293775888,0.7940934096595087
dino_rae_position_normalized,424,0.695199843632054,0.0008760328132639697,0.7949694424727727
dino_rae_position_normalized,425,0.6929633245803922,0.0008732145386416545,0.7958426570114143
dino_rae_position_normalized,426,0.6917679692639978,0.000871708251650564,0.7967143652630649
dino_rae_position_normalized,427,0.6902442405796873,0.0008697881759511885,0.7975841534390161
dino_rae_position_normalized,428,0.6884348128479028,0.0008675080861600407,0.7984516615251762
dino_rae_position_normalized,429,0.6872998750171794,0.0008660779322412282,0.7993177394574175
dino_rae_position_normalized,430,0.6858076007964665,0.0008641974928313132,0.8001819369502488
dino_rae_position_normalized,431,0.6840124688168095,0.0008619354173537023,0.8010438723676024
dino_rae_position_normalized,432,0.6822789678734238,0.0008597510041635381,0.801903623371766
dino_rae_position_normalized,433,0.6812766411086891,0.0008584879556407811,0.8027621113274068
dino_rae_position_normalized,434,0.6800648972413752,0.0008569610171658062,0.8036190723445726
dino_rae_position_normalized,435,0.67831707380337,0.0008547585559634491,0.804473830900536
dino_rae_position_normalized,436,0.6777396590467766,0.0008540309460851211,0.8053278618466212
dino_rae_position_normalized,437,0.6764295369475261,0.0008523800395740818,0.8061802418861953
dino_rae_position_normalized,438,0.6758509545625033,0.0008516509583478715,0.8070318928445431
dino_rae_position_normalized,439,0.6750167270314478,0.0008505997344478275,0.8078824925789909
dino_rae_position_normalized,440,0.6723302772482165,0.0008472144946741803,0.8087297070736651
dino_rae_position_normalized,441,0.6706614499219534,0.0008451115777778817,0.809574818651443
dino_rae_position_normalized,442,0.6691362249289837,0.0008431896165552337,0.8104180082679983
dino_rae_position_normalized,443,0.6673625109844545,0.0008409545302976858,0.8112589627982959
dino_rae_position_normalized,444,0.6661531941526174,0.0008394306501702293,0.8120983934484661
dino_rae_position_normalized,445,0.664981656472872,0.0008379543761767396,0.8129363478246429
dino_rae_position_normalized,446,0.6634222023764672,0.0008359892822951125,0.813772337106938
dino_rae_position_normalized,447,0.6611960334950447,0.000833184050093384,0.8146055211570313
dino_rae_position_normalized,448,0.658772423798665,0.0008301300194574146,0.8154356511764888
dino_rae_position_normalized,449,0.6571375736941555,0.0008280699178198252,0.8162637210943086
dino_rae_position_normalized,450,0.6565469283634061,0.0008273256358763277,0.8170910467301848
dino_rae_position_normalized,451,0.6551474575483869,0.0008255621395717875,0.8179166088697566
dino_rae_position_normalized,452,0.6547932268267971,0.0008251157675847662,0.8187417246373414
dino_rae_position_normalized,453,0.6538160593605904,0.0008238844227099188,0.8195656090600513
dino_rae_position_normalized,454,0.6512225778768672,0.0008206163338270673,0.8203862253938783
dino_rae_position_normalized,455,0.6505542069640472,0.0008197741085929497,0.8212059995024712
dino_rae_position_normalized,456,0.6483679726423642,0.0008170191985899897,0.8220230187010612
dino_rae_position_normalized,457,0.6473659701345392,0.000815756558668724,0.8228387752597299
dino_rae_position_normalized,458,0.6442613744803598,0.000811844406371956,0.8236506196661019
dino_rae_position_normalized,459,0.643678452839169,0.0008111098571773289,0.8244617295232792
dino_rae_position_normalized,460,0.6427131938525718,0.0008098935183744613,0.8252716230416537
dino_rae_position_normalized,461,0.641607859539388,0.0008085006683373891,0.8260801237099911
dino_rae_position_normalized,462,0.6396597184855944,0.0008060457835965158,0.8268861694935876
dino_rae_position_normalized,463,0.6380140690487652,0.0008039720735417783,0.8276901415671294
dino_rae_position_normalized,464,0.6357272829879957,0.0008010904566304704,0.8284912320237598
dino_rae_position_normalized,465,0.6355420416574707,0.0008008570309681964,0.8292920890547281
dino_rae_position_normalized,466,0.6342799908671087,0.0007992666999080127,0.8300913557546361
dino_rae_position_normalized,467,0.6336252895325928,0.0007984416999354477,0.8308897974545716
dino_rae_position_normalized,468,0.6326305907433581,0.000797188263550694,0.8316869857181223
dino_rae_position_normalized,469,0.6302435867605969,0.0007941803603794767,0.8324811660785018
dino_rae_position_normalized,470,0.6295712839540825,0.0007933331805011282,0.8332744992590029
dino_rae_position_normalized,471,0.6291265617327481,0.0007927727786796301,0.8340672720376825
dino_rae_position_normalized,472,0.6277155824449303,0.0007909947803583037,0.8348582668180408
dino_rae_position_normalized,473,0.6258873733762247,0.0007886910238940826,0.8356469578419349
dino_rae_position_normalized,474,0.6255840182728555,0.0007883087611144563,0.8364352666030493
dino_rae_position_normalized,475,0.6247391480272272,0.0007872441261538759,0.8372225107292032
dino_rae_position_normalized,476,0.6215441745572979,0.0007832180872777117,0.8380057288164808
dino_rae_position_normalized,477,0.6201240788404767,0.0007814286011935211,0.8387871574176744
dino_rae_position_normalized,478,0.6190490106866267,0.0007800738900440661,0.8395672313077185
dino_rae_position_normalized,479,0.6187119698898943,0.0007796491793654739,0.840346880487084
dino_rae_position_normalized,480,0.6163892348003974,0.000776722262488899,0.8411236027495729
dino_rae_position_normalized,481,0.6156721958212926,0.0007758187098200673,0.8418994214593929
dino_rae_position_normalized,482,0.6129852457219994,0.0007724328395898813,0.8426718542989827
dino_rae_position_normalized,483,0.6118389581379089,0.0007709883836592614,0.843442842682642
dino_rae_position_normalized,484,0.6103586900908934,0.0007691230734272613,0.8442119657560693
dino_rae_position_normalized,485,0.6091580170653262,0.0007676100855029508,0.8449795758415722
dino_rae_position_normalized,486,0.6081266054276828,0.0007663103866511252,0.8457458862282233
dino_rae_position_normalized,487,0.6072059500739898,0.0007651502536232917,0.8465110364818467
dino_rae_position_normalized,488,0.6067922647381179,0.0007646289618941444,0.8472756654437408
dino_rae_position_normalized,489,0.6040548520480777,0.0007611795029193095,0.8480368449466601
dino_rae_position_normalized,490,0.6029738048303876,0.0007598172574526873,0.8487966622041128
dino_rae_position_normalized,491,0.6021678701374767,0.0007588016858256151,0.8495554638899384
dino_rae_position_normalized,492,0.600596710538418,0.0007568218416466244,0.850312285731585
dino_rae_position_normalized,493,0.599609775012061,0.0007555781878777346,0.8510678639194628
dino_rae_position_normalized,494,0.5983312022311187,0.0007539670371841442,0.8518218309566469
dino_rae_position_normalized,495,0.5982677485812619,0.000753887078191194,0.8525757180348381
dino_rae_position_normalized,496,0.5969601685971716,0.0007522393750414843,0.8533279574098795
dino_rae_position_normalized,497,0.593699774520852,0.0007481308985779322,0.8540760883084575
dino_rae_position_normalized,498,0.593354533481936,0.0007476958546386302,0.8548237841630961
dino_rae_position_normalized,499,0.592359518162002,0.0007464420193883108,0.8555702261824845
dino_rae_position_normalized,500,0.5913882112395383,0.0007452180594814972,0.8563154442419659
dino_rae_position_normalized,501,0.5887292747526706,0.0007418674896673391,0.8570573117316332
dino_rae_position_normalized,502,0.5882453293731147,0.0007412576620958835,0.8577985693937291
dino_rae_position_normalized,503,0.5852739126259413,0.0007375133307410225,0.8585360827244701
dino_rae_position_normalized,504,0.5843126083990456,0.0007363019753962195,0.8592723846998663
dino_rae_position_normalized,505,0.5828390533985708,0.0007344451243851188,0.8600068298242515
dino_rae_position_normalized,506,0.5814352053891786,0.0007326761123056027,0.8607395059365571
dino_rae_position_normalized,507,0.5800911987624452,0.0007309825073414366,0.8614704884438985
dino_rae_position_normalized,508,0.5785754828602347,0.0007290725286812212,0.8621995609725798
dino_rae_position_normalized,509,0.5783547725244528,0.0007287944079391891,0.8629283553805189
dino_rae_position_normalized,510,0.5777519247133877,0.0007280347494485625,0.8636563901299675
dino_rae_position_normalized,511,0.575150810352814,0.000724757042251435,0.8643811471722189
dino_rae_position_normalized,512,0.574458542378393,0.000723884703935022,0.865105031876154
dino_rae_position_normalized,513,0.5736626232331697,0.0007228817530651285,0.8658279136292191
dino_rae_position_normalized,514,0.5728806627854763,0.0007218963917807026,0.8665498100209997
dino_rae_position_normalized,515,0.572005377209471,0.0007207934299596076,0.8672706034509593
dino_rae_position_normalized,516,0.5714917408396598,0.0007201461882805969,0.86799074963924
dino_rae_position_normalized,517,0.5697853297942681,0.0007179959115186384,0.8687087455507586
dino_rae_position_normalized,518,0.568061483884741,0.0007158236647962184,0.8694245692155548
dino_rae_position_normalized,519,0.5669029616676583,0.0007143637918023503,0.8701389330073571
dino_rae_position_normalized,520,0.565904328586401,0.0007131053977511927,0.8708520384051083
dino_rae_position_normalized,521,0.5639041145358801,0.0007105848949664778,0.8715626233000747
dino_rae_position_normalized,522,0.5627478633196212,0.000709127883698283,0.872271751183773
dino_rae_position_normalized,523,0.5607083327756827,0.0007065578375503872,0.8729783090213233
dino_rae_position_normalized,524,0.5597659966567848,0.0007053703842319782,0.8736836794055554
dino_rae_position_normalized,525,0.558892759445062,0.0007042700035885712,0.8743879494091439
dino_rae_position_normalized,526,0.5572503462664723,0.0007022003715963303,0.8750901497807402
dino_rae_position_normalized,527,0.5556826034020995,0.0007002248329011894,0.8757903746136414
dino_rae_position_normalized,528,0.554197850199286,0.0006983538708502373,0.8764887284844917
dino_rae_position_normalized,529,0.5536850243199506,0.0006977076504836709,0.8771864361349754
dino_rae_position_normalized,530,0.5524960409586009,0.0006962093928984485,0.8778826455278739
dino_rae_position_normalized,531,0.5509119984413033,0.0006942133147412555,0.8785768588426152
dino_rae_position_normalized,532,0.5505736313088343,0.0006937869327250796,0.8792706457753402
dino_rae_position_normalized,533,0.5503339365332836,0.000693484889376719,0.8799641306647169
dino_rae_position_normalized,534,0.5479142256184228,0.0006904357716597812,0.8806545664363767
dino_rae_position_normalized,535,0.5475769754143275,0.0006900107971035097,0.8813445772334803
dino_rae_position_normalized,536,0.5467078969691075,0.0006889156569905092,0.8820334928904707
dino_rae_position_normalized,537,0.5456784633998502,0.0006876184507353505,0.8827211113412061
dino_rae_position_normalized,538,0.544821820794158,0.0006865389812292792,0.8834076503224354
dino_rae_position_normalized,539,0.5431841317596844,0.00068447530220912,0.8840921256246446
dino_rae_position_normalized,540,0.5405168618855146,0.0006811142313558879,0.8847732398560004
dino_rae_position_normalized,541,0.540024205362662,0.0006804934267287859,0.8854537332827292
dino_rae_position_normalized,542,0.538748543901481,0.0006788859446373453,0.8861326192273666
dino_rae_position_normalized,543,0.5375235790013397,0.0006773423461203865,0.886809961573487
dino_rae_position_normalized,544,0.5369947391888645,0.0006766759463319916,0.887486637519819
dino_rae_position_normalized,545,0.5349235347622611,0.000674065987401042,0.8881607035072201
dino_rae_position_normalized,546,0.5344032775587738,0.0006734104027000865,0.8888341139099202
dino_rae_position_normalized,547,0.5314025087653439,0.0006696290843466054,0.8895037429942668
dino_rae_position_normalized,548,0.5309859868692424,0.0006691042182210298,0.8901728472124879
dino_rae_position_normalized,549,0.529475583307106,0.0006672009337283444,0.8908400481462162
dino_rae_position_normalized,550,0.5292535828251299,0.0006669211872517695,0.891506969333468
dino_rae_position_normalized,551,0.528402880039724,0.0006658492026114147,0.8921728185360793
dino_rae_position_normalized,552,0.5273701090502569,0.0006645477908178886,0.8928373663268973
dino_rae_position_normalized,553,0.5266318082765056,0.0006636174458102066,0.8935009837727075
dino_rae_position_normalized,554,0.5253543147067952,0.000662007655048527,0.894162991427756
dino_rae_position_normalized,555,0.5226758342608567,0.0006586324575685202,0.8948216238853245
dino_rae_position_normalized,556,0.5218707914971121,0.0006576180098761323,0.8954792418952007
dino_rae_position_normalized,557,0.5205614864114729,0.0006559681328974482,0.8961352100280982
dino_rae_position_normalized,558,0.5191628118815722,0.0006542056400049468,0.8967894156681031
dino_rae_position_normalized,559,0.5184529610679386,0.0006533111452622318,0.8974427268133653
dino_rae_position_normalized,560,0.517135994600444,0.0006516516140496439,0.898094378427415
dino_rae_position_normalized,561,0.5157637572188047,0.0006499224350446215,0.8987443008624596
dino_rae_position_normalized,562,0.5143927453367182,0.0006481948003118405,0.8993924956627715
dino_rae_position_normalized,563,0.5123791256423982,0.0006456574048538051,0.9000381530676252
dino_rae_position_normalized,564,0.5117614181923458,0.0006448790214864896,0.9006830320891117
dino_rae_position_normalized,565,0.5106220418166342,0.0006434432744837768,0.9013264753635954
dino_rae_position_normalized,566,0.5103305795781707,0.0006430759980997843,0.9019695513616952
dino_rae_position_normalized,567,0.5096501423782981,0.0006422185679379194,0.9026117699296331
dino_rae_position_normalized,568,0.5088579885109561,0.0006412203617569168,0.9032529902913901
dino_rae_position_normalized,569,0.5067508374758185,0.0006385651059104257,0.9038915553973005
dino_rae_position_normalized,570,0.5055537941840075,0.000637056691873614,0.9045286120891741
dino_rae_position_normalized,571,0.5037519046410043,0.000634786101078741,0.9051633981902528
dino_rae_position_normalized,572,0.5030542798144996,0.000633907012504479,0.9057973052027573
dino_rae_position_normalized,573,0.5017955846618711,0.0006323209099388656,0.9064296261126961
dino_rae_position_normalized,574,0.5014557387663173,0.0006318926645088856,0.907061518777205
dino_rae_position_normalized,575,0.5003108246797617,0.0006304499393452107,0.9076919687165502
dino_rae_position_normalized,576,0.498195105119632,0.000627783886158756,0.908319752602709
dino_rae_position_normalized,577,0.49743132890548286,0.0006268214391275692,0.9089465740418367
dino_rae_position_normalized,578,0.4959133561781163,0.0006249086166046737,0.9095714826584413
dino_rae_position_normalized,579,0.49522971866781157,0.0006240471536787383,0.91019552981212
dino_rae_position_normalized,580,0.49346133409761966,0.0006218187830538771,0.9108173485951739
dino_rae_position_normalized,581,0.4931068787012075,0.0006213721279503988,0.9114387207231244
dino_rae_position_normalized,582,0.49230773986588144,0.0006203651198957915,0.9120590858430202
dino_rae_position_normalized,583,0.4915187830692419,0.0006193709423964225,0.9126784567854166
dino_rae_position_normalized,584,0.4900229035016788,0.0006174859598293523,0.913295942745246
dino_rae_position_normalized,585,0.488779760728707,0.0006159194550743948,0.9139118622003204
dino_rae_position_normalized,586,0.4879321916897901,0.0006148514193197855,0.9145267136196402
dino_rae_position_normalized,587,0.48569422163890447,0.0006120313162693661,0.9151387449359096
dino_rae_position_normalized,588,0.484767505651196,0.0006108635461364392,0.9157496084820461
dino_rae_position_normalized,589,0.4845317020078908,0.0006105664060681342,0.9163601748881143
dino_rae_position_normalized,590,0.4825184315418177,0.0006080294506783848,0.9169682043387927
dino_rae_position_normalized,591,0.4811560389306705,0.0006063126772313743,0.917574517016024
dino_rae_position_normalized,592,0.47999158293278854,0.0006048453269822472,0.9181793623430062
dino_rae_position_normalized,593,0.4796319414210769,0.0006043921367691636,0.9187837544797754
dino_rae_position_normalized,594,0.47876688485819224,0.0006033020646965678,0.9193870565444721
dino_rae_position_normalized,595,0.4785155060213477,0.0006029852980694559,0.9199900418425415
dino_rae_position_normalized,596,0.4765665452281914,0.0006005293803614631,0.920590571222903
dino_rae_position_normalized,597,0.4753577612291586,0.00059900617166543,0.9211895773945684
dino_rae_position_normalized,598,0.47342670826260497,0.0005965728199057206,0.9217861502144742
dino_rae_position_normalized,599,0.4726460792841831,0.0005955891364277303,0.922381739350902
dino_rae_position_normalized,600,0.470989976822438,0.0005935022543435281,0.9229752416052455
dino_rae_position_normalized,601,0.4706601067149431,0.0005930865795689616,0.9235683281848144
dino_rae_position_normalized,602,0.46917988333812227,0.000591221325626612,0.924159549510441
dino_rae_position_normalized,603,0.46863287369969664,0.000590532029740225,0.9247500815401812
dino_rae_position_normalized,604,0.4676847199352104,0.0005893372455104556,0.9253394187856917
dino_rae_position_normalized,605,0.4668350139294662,0.0005882665169286273,0.9259276853026204
dino_rae_position_normalized,606,0.46506896672610215,0.000586041091658338,0.9265137263942788
dino_rae_position_normalized,607,0.46294759307175165,0.0005833679136543044,0.9270970943079331
dino_rae_position_normalized,608,0.4623564868537456,0.0005826230509391573,0.9276797173588722
dino_rae_position_normalized,609,0.4621698877404529,0.0005823879143123763,0.9282621052731846
dino_rae_position_normalized,610,0.4612533100741375,0.0005812329196458035,0.9288433381928305
dino_rae_position_normalized,611,0.45967410590454555,0.0005792429383705229,0.929422581131201
dino_rae_position_normalized,612,0.4588259295241225,0.0005781741372948436,0.9300007552684959
dino_rae_position_normalized,613,0.4578069562254366,0.0005768901121995198,0.9305776453806954
dino_rae_position_normalized,614,0.45583383956291523,0.0005744037552812903,0.9311520491359767
dino_rae_position_normalized,615,0.4542220218105467,0.0005723726770913137,0.931724421813068
dino_rae_position_normalized,616,0.4538563305356583,0.0005719118634716603,0.9322963336765396
dino_rae_position_normalized,617,0.4528150896462661,0.0005705997786172476,0.9328669334551569
dino_rae_position_normalized,618,0.45184016653599335,0.0005693712618924073,0.9334363047170493
dino_rae_position_normalized,619,0.4508660444859336,0.0005681437545967814,0.9340044484716461
dino_rae_position_normalized,620,0.4485000694121512,0.0005651623503013355,0.9345696108219474
dino_rae_position_normalized,621,0.447865413705167,0.0005643626101553385,0.9351339734321028
dino_rae_position_normalized,622,0.44742517581177155,0.0005638078591095934,0.9356977812912124
dino_rae_position_normalized,623,0.4461740068275355,0.0005622312403931643,0.9362600125316055
dino_rae_position_normalized,624,0.4452439676167276,0.0005610592826118834,0.9368210718142174
dino_rae_position_normalized,625,0.44444045086955114,0.000560046757878195,0.9373811185720956
dino_rae_position_normalized,626,0.4434364658989389,0.0005587816198228049,0.9379399001919184
dino_rae_position_normalized,627,0.4420389983907896,0.0005570206479183622,0.9384969208398368
dino_rae_position_normalized,628,0.44129219562265803,0.0005560795894070402,0.9390530004292439
dino_rae_position_normalized,629,0.43999399507043724,0.0005544437054344531,0.9396074441346783
dino_rae_position_normalized,630,0.43941461622654526,0.0005537136205772577,0.9401611577552555
dino_rae_position_normalized,631,0.4381687262006758,0.0005521436539635173,0.940713301409219
dino_rae_position_normalized,632,0.4375272573770395,0.0005513353284966194,0.9412646367377157
dino_rae_position_normalized,633,0.43658321723917864,0.0005501457279157508,0.9418147824656314
dino_rae_position_normalized,634,0.4357378898798748,0.0005490805169386726,0.9423638629825701
dino_rae_position_normalized,635,0.4343396957245079,0.000547318629374061,0.9429111816119442
dino_rae_position_normalized,636,0.4324216357845684,0.0005449016503419375,0.9434560832622861
dino_rae_position_normalized,637,0.4320073666094483,0.0005443796229073038,0.9440004628851935
dino_rae_position_normalized,638,0.43130153400423915,0.0005434901915754377,0.9445439530767689
dino_rae_position_normalized,639,0.42966487281050536,0.0005414278077543828,0.9450853808845232
dino_rae_position_normalized,640,0.4272988370418598,0.0005384463269763366,0.9456238272114995
dino_rae_position_normalized,641,0.4268790690707862,0.0005379173704180374,0.9461617445819176
dino_rae_position_normalized,642,0.42553744219066947,0.0005362267642119156,0.9466979713461295
dino_rae_position_normalized,643,0.4251343705177261,0.0005357188469348478,0.9472336901930644
dino_rae_position_normalized,644,0.42348413151570613,0.0005336393534931568,0.9477673295465575
dino_rae_position_normalized,645,0.42316758156166673,0.0005332404636641158,0.9483005700102216
dino_rae_position_normalized,646,0.4211102963442388,0.0005306480445587058,0.9488312180547803
dino_rae_position_normalized,647,0.41950795752078496,0.0005286289109237229,0.9493598469657041
dino_rae_position_normalized,648,0.41905645456011403,0.0005280599645805144,0.9498879069302846
dino_rae_position_normalized,649,0.4170805030980918,0.0005255700354845802,0.9504134769657692
dino_rae_position_normalized,650,0.4164766145198723,0.0005248090655060604,0.9509382860312753
dino_rae_position_normalized,651,0.41570201585821936,0.0005238329809299001,0.9514621190122052
dino_rae_position_normalized,652,0.41480355174332156,0.0005227008114488506,0.9519848198236541
dino_rae_position_normalized,653,0.4114839265244313,0.0005185176968435693,0.9525033375204977
dino_rae_position_normalized,654,0.410699044883363,0.00051752865451509,0.9530208661750127
dino_rae_position_normalized,655,0.4099665580692581,0.000516605635774052,0.9535374718107867
dino_rae_position_normalized,656,0.4094578916479543,0.0005159646568092991,0.954053436467596
dino_rae_position_normalized,657,0.40769047869464875,0.0005137375105349352,0.954567173978131
dino_rae_position_normalized,658,0.4074064279978416,0.0005133795735570822,0.9550805535516881
dino_rae_position_normalized,659,0.4069182885035972,0.000512764460912387,0.9555933180126005
dino_rae_position_normalized,660,0.4048085490809335,0.0005101059433959933,0.9561034239559965
dino_rae_position_normalized,661,0.40441290175739963,0.0005096073816643265,0.9566130313376607
dino_rae_position_normalized,662,0.4024545191348915,0.0005071395913534428,0.9571201709290141
dino_rae_position_normalized,663,0.4010877697229721,0.0005054173278297698,0.9576255882568439
dino_rae_position_normalized,664,0.40009290253325064,0.0005041636792407793,0.9581297519360846
dino_rae_position_normalized,665,0.39938901824851053,0.0005032767030197381,0.9586330286391044
dino_rae_position_normalized,666,0.3989089554579638,0.0005026717679628646,0.9591357004070672
dino_rae_position_normalized,667,0.3979401411523869,0.0005014509490437883,0.9596371513561109
dino_rae_position_normalized,668,0.3965496768552287,0.0004996988020012649,0.9601368501581122
dino_rae_position_normalized,669,0.3950216562426876,0.0004977733179721888,0.9606346234760844
dino_rae_position_normalized,670,0.39341108929205854,0.0004957438159381575,0.9611303672920226
dino_rae_position_normalized,671,0.3929694946385024,0.0004951873552165094,0.9616255546472391
dino_rae_position_normalized,672,0.3916339185952518,0.0004935043737699313,0.962119059021009
dino_rae_position_normalized,673,0.39088247422451694,0.0004925574662984522,0.9626116164873075
dino_rae_position_normalized,674,0.3902459860461438,0.0004917554170249708,0.9631033719043325
dino_rae_position_normalized,675,0.3894057538230865,0.0004906966265132896,0.9635940685308457
dino_rae_position_normalized,676,0.3875101051129132,0.0004883078882422086,0.9640823764190879
dino_rae_position_normalized,677,0.3867872729139486,0.000487397035441281,0.9645697734545292
dino_rae_position_normalized,678,0.384816604177161,0.00048491376319472813,0.9650546872177239
dino_rae_position_normalized,679,0.3844330597140718,0.00048443045247754436,0.9655391176702015
dino_rae_position_normalized,680,0.38286464702448353,0.00048245406972457854,0.9660215717399261
dino_rae_position_normalized,681,0.3818409766808198,0.0004811641258052452,0.9665027358657313
dino_rae_position_normalized,682,0.3803747367308545,0.00047931649261019523,0.9669820523583416
dino_rae_position_normalized,683,0.37931412245851637,0.0004779799950357279,0.9674600323533773
dino_rae_position_normalized,684,0.3777986663902295,0.00047607034379653414,0.9679361026971738
dino_rae_position_normalized,685,0.37743764776704636,0.00047561541826252437,0.9684117181154364
dino_rae_position_normalized,686,0.37641007873446464,0.00047432056154084776,0.9688860386769772
dino_rae_position_normalized,687,0.37502503073540255,0.0004725752396650762,0.9693586139166422
dino_rae_position_normalized,688,0.3738461245238806,0.0004710896804629074,0.9698297035971052
dino_rae_position_normalized,689,0.37291541736645806,0.00046991688099105747,0.9702996204780963
dino_rae_position_normalized,690,0.37193451207940026,0.00046868082602637666,0.9707683013041226
dino_rae_position_normalized,691,0.36987427977100346,0.0004660846932429271,0.9712343859973656
dino_rae_position_normalized,692,0.36895485902665814,0.00046492611596673833,0.9716993121133323
dino_rae_position_normalized,693,0.3659547442778661,0.00046114562178571546,0.9721604577351179
dino_rae_position_normalized,694,0.3651078639478847,0.0004600784538846188,0.9726205361890026
dino_rae_position_normalized,695,0.36464813968473503,0.00045949914774227467,0.9730800353367448
dino_rae_position_normalized,696,0.3637967462028906,0.00045842629274392183,0.9735384616294888
dino_rae_position_normalized,697,0.36214197648719704,0.0004563410900750468,0.9739948027195638
dino_rae_position_normalized,698,0.36143762627764614,0.00045545352673445074,0.9744502562462983
dino_rae_position_normalized,699,0.36098883797007253,0.00045488800117047813,0.9749051442474688
dino_rae_position_normalized,700,0.35854143383827447,0.00045180398677316234,0.9753569482342419
dino_rae_position_normalized,701,0.35630391535761796,0.00044898445275385224,0.9758059326869958
dino_rae_position_normalized,702,0.3557157340953772,0.00044824327582380875,0.9762541759628196
dino_rae_position_normalized,703,0.3551726083697616,0.0004475588741201471,0.9767017348369398
dino_rae_position_normalized,704,0.3543138982332568,0.00044647679928432667,0.9771482116362241
dino_rae_position_normalized,705,0.35303468872615207,0.00044486484624157524,0.9775930764824657
dino_rae_position_normalized,706,0.3517380155372142,0.00044323088692470514,0.9780363073693904
dino_rae_position_normalized,707,0.35031997520622615,0.00044144399086617456,0.9784777513602566
dino_rae_position_normalized,708,0.3495431666889686,0.0004404651216144422,0.978918216481871
dino_rae_position_normalized,709,0.34723609424900176,0.0004375579415014133,0.9793557744233725
dino_rae_position_normalized,710,0.34602945135227314,0.000436037430843782,0.9797918118542163
dino_rae_position_normalized,711,0.34493357623990795,0.00043465650050200335,0.9802264683547183
dino_rae_position_normalized,712,0.34203747330120965,0.0004310070733219928,0.9806574754280403
dino_rae_position_normalized,713,0.3411471193768711,0.0004298851236261126,0.9810873605516663
dino_rae_position_normalized,714,0.33990507335878817,0.00042832000091011795,0.9815156805525764
dino_rae_position_normalized,715,0.3387023283411515,0.00042680440203435473,0.9819424849546108
dino_rae_position_normalized,716,0.3373290271342419,0.0004250738824855262,0.9823675588370963
dino_rae_position_normalized,717,0.3364281651368652,0.00042393869139313264,0.9827914975284894
dino_rae_position_normalized,718,0.33504489907452856,0.0004221956149652808,0.9832136931434546
dino_rae_position_normalized,719,0.3341763538755946,0.0004211011468047388,0.9836347942902594
dino_rae_position_normalized,720,0.3312701451793404,0.0004174389851926035,0.984052233275452
dino_rae_position_normalized,721,0.33018120486660524,0.00041606679350645747,0.9844683000689585
dino_rae_position_normalized,722,0.3288289744161468,0.00041436282556609166,0.9848826628945245
dino_rae_position_normalized,723,0.328408439235458,0.00041383290223427594,0.9852964957967588
dino_rae_position_normalized,724,0.3266893125034661,0.0004116666022254669,0.9857081623989843
dino_rae_position_normalized,725,0.3247401399567618,0.00040921041768332827,0.9861173728166677
dino_rae_position_normalized,726,0.32335895310975515,0.0004074699613090791,0.9865248427779767
dino_rae_position_normalized,727,0.3213318410503063,0.00040491556389874226,0.9869297583418755
dino_rae_position_normalized,728,0.31955139897142004,0.00040267199940788805,0.9873324303412834
dino_rae_position_normalized,729,0.31617169503921955,0.00039841317862298014,0.9877308435199064
dino_rae_position_normalized,730,0.31528649343771675,0.0003972977214542632,0.9881281412413606
dino_rae_position_normalized,731,0.312503404802574,0.00039379070546606993,0.9885219319468267
dino_rae_position_normalized,732,0.31121873267662326,0.0003921718688870242,0.9889141038157138
dino_rae_position_normalized,733,0.30910664005263966,0.00038951038606275346,0.9893036142017765
dino_rae_position_normalized,734,0.308305407947262,0.00038850074024395653,0.9896921149420205
dino_rae_position_normalized,735,0.30597741656717653,0.00038556719982873463,0.9900776821418492
dino_rae_position_normalized,736,0.30388027194725753,0.0003829245532314471,0.9904606066950806
dino_rae_position_normalized,737,0.3015324529509779,0.00037996602770934705,0.99084057272279
dino_rae_position_normalized,738,0.2984304493759047,0.0003760571417343028,0.9912166298645243
dino_rae_position_normalized,739,0.2970165858753053,0.0003742755089687798,0.991590905373493
dino_rae_position_normalized,740,0.29405300954360036,0.0003705410574510374,0.9919614464309441
dino_rae_position_normalized,741,0.2923974788636485,0.00036845489587852327,0.9923299013268226
dino_rae_position_normalized,742,0.2895624249681968,0.0003648823976069298,0.9926947837244295
dino_rae_position_normalized,743,0.2887423226411832,0.0003638489731099614,0.9930586326975395
dino_rae_position_normalized,744,0.28518451765323766,0.0003593657242410446,0.9934179984217805
dino_rae_position_normalized,745,0.2830176838208384,0.0003566352611152834,0.9937746336828958
dino_rae_position_normalized,746,0.2803280315363491,0.00035324598581686995,0.9941278796687126
dino_rae_position_normalized,747,0.2759539829341889,0.0003477341748787596,0.9944756138435914
dino_rae_position_normalized,748,0.275006249941593,0.0003465399208706038,0.994822153764462
dino_rae_position_normalized,749,0.26967880142645795,0.000339826714944305,0.9951619804794063
dino_rae_position_normalized,750,0.26806622702546296,0.00033779468328888824,0.9954997751626952
dino_rae_position_normalized,751,0.26537827682503123,0.00033440755281472786,0.9958341827155099
dino_rae_position_normalized,752,0.2634949035215703,0.0003320342829865339,0.9961662169984965
dino_rae_position_normalized,753,0.25616992951428297,0.0003228039621723571,0.9964890209606688
dino_rae_position_normalized,754,0.2505425938509006,0.0003157128634939997,0.9968047338241628
dino_rae_position_normalized,755,0.24868861592142202,0.00031337663526240933,0.9971181104594252
dino_rae_position_normalized,756,0.23342636648859585,0.00029414442249676385,0.997412254881922
dino_rae_position_normalized,757,0.23203255778625215,0.0002923880611139897,0.997704642943036
dino_rae_position_normalized,758,0.2283365285188878,0.0002877306335459984,0.997992373576582
dino_rae_position_normalized,759,0.21619703455560546,0.0002724334565606081,0.9982648070331426
dino_rae_position_normalized,760,0.20451536560414732,0.00025771319243957574,0.9985225202255822
dino_rae_position_normalized,761,0.1978472830018712,0.0002493106313419927,0.9987718308569242
dino_rae_position_normalized,762,0.1935978040629482,0.0002439557926954222,0.9990157866496197
dino_rae_position_normalized,763,0.18609797122563154,0.00023450512937944865,0.9992502917789992
dino_rae_position_normalized,764,0.1721324349731692,0.00021690692632453008,0.9994671987053236
dino_rae_position_normalized,765,0.1610894490279109,0.00020299147721579975,0.9996701901825394
dino_rae_position_normalized,766,0.14116747139375083,0.00017788746392739623,0.9998480776464669
dino_rae_position_normalized,767,0.11967869843013652,0.00015080910594826363,0.9999988867524151
dino_rae_position_normalized,768,0.0008834481262377158,1.1132475855538654e-06,1.0000000000000007
dino_rae_position_normalized_per_token_rms,1,9.473881455150401,0.015521360028962452,0.015521360028962452
dino_rae_position_normalized_per_token_rms,2,6.02706889180203,0.009874337844723849,0.0253956978736863
dino_rae_position_normalized_per_token_rms,3,5.584553712733194,0.009149351212251872,0.03454504908593817
dino_rae_position_normalized_per_token_rms,4,5.388199625236707,0.008827658092106854,0.04337270717804502
dino_rae_position_normalized_per_token_rms,5,4.759338582469253,0.007797375129501696,0.051170082307546716
dino_rae_position_normalized_per_token_rms,6,4.563972185145473,0.0074773001734471005,0.05864738248099382
dino_rae_position_normalized_per_token_rms,7,4.272596467169465,0.006999930106720712,0.06564731258771453
dino_rae_position_normalized_per_token_rms,8,4.013732330650804,0.006575824793548536,0.07222313738126307
dino_rae_position_normalized_per_token_rms,9,3.5640476198737883,0.005839092090217586,0.07806222947148066
dino_rae_position_normalized_per_token_rms,10,3.3767323870870873,0.005532207612007157,0.08359443708348781
dino_rae_position_normalized_per_token_rms,11,3.2562348761385222,0.005334792723623709,0.08892922980711152
dino_rae_position_normalized_per_token_rms,12,3.2537114529710323,0.005330658519530756,0.09425988832664227
dino_rae_position_normalized_per_token_rms,13,3.13403159171593,0.005134583212535348,0.09939447153917762
dino_rae_position_normalized_per_token_rms,14,3.0818803396993824,0.0050491421647090706,0.10444361370388669
dino_rae_position_normalized_per_token_rms,15,3.045027839735228,0.004988765546886816,0.10943237925077351
dino_rae_position_normalized_per_token_rms,16,2.9790063889903555,0.004880600513210097,0.11431297976398361
dino_rae_position_normalized_per_token_rms,17,2.869819391530423,0.004701715997282817,0.11901469576126643
dino_rae_position_normalized_per_token_rms,18,2.7785311494177325,0.004552155579100482,0.1235668513403669
dino_rae_position_normalized_per_token_rms,19,2.70715675995518,0.0044352206563932324,0.12800207199676014
dino_rae_position_normalized_per_token_rms,20,2.6865269140728483,0.004401422126530099,0.13240349412329025
dino_rae_position_normalized_per_token_rms,21,2.638894489363442,0.004323384416593881,0.13672687853988413
dino_rae_position_normalized_per_token_rms,22,2.5726841189504173,0.004214909869841681,0.14094178840972582
dino_rae_position_normalized_per_token_rms,23,2.560898147305945,0.004195600539230884,0.1451373889489567
dino_rae_position_normalized_per_token_rms,24,2.479025727465718,0.0040614663608797615,0.14919885530983645
dino_rae_position_normalized_per_token_rms,25,2.44285156685506,0.004002201087903574,0.15320105639774004
dino_rae_position_normalized_per_token_rms,26,2.3870769236156963,0.003910823723482946,0.15711188012122299
dino_rae_position_normalized_per_token_rms,27,2.3390732679394737,0.0038321778140967843,0.16094405793531977
dino_rae_position_normalized_per_token_rms,28,2.291938975898587,0.0037549562106874296,0.16469901414600718
dino_rae_position_normalized_per_token_rms,29,2.289763104581724,0.003751391411798442,0.16845040555780563
dino_rae_position_normalized_per_token_rms,30,2.254007815981504,0.0036928123901027706,0.1721432179479084
dino_rae_position_normalized_per_token_rms,31,2.2311067626911156,0.003655292869213122,0.17579851081712153
dino_rae_position_normalized_per_token_rms,32,2.2192339937740986,0.003635841335881816,0.17943435215300335
dino_rae_position_normalized_per_token_rms,33,2.1856798311828847,0.0035808684886370957,0.18301522064164044
dino_rae_position_normalized_per_token_rms,34,2.1640409116072696,0.003545416761384556,0.186560637403025
dino_rae_position_normalized_per_token_rms,35,2.1224256755957316,0.003477237202258431,0.19003787460528343
dino_rae_position_normalized_per_token_rms,36,2.113396138020452,0.0034624438248803797,0.1935003184301638
dino_rae_position_normalized_per_token_rms,37,2.0722302788478797,0.0033950004940614476,0.19689531892422524
dino_rae_position_normalized_per_token_rms,38,2.0632150454512237,0.0033802305516722536,0.20027554947589749
dino_rae_position_normalized_per_token_rms,39,2.0439790891288716,0.0033487156752201835,0.20362426515111767
dino_rae_position_normalized_per_token_rms,40,2.030805964452699,0.003327133727865952,0.20695139887898362
dino_rae_position_normalized_per_token_rms,41,2.0077536042625583,0.003289366316090499,0.21024076519507412
dino_rae_position_normalized_per_token_rms,42,1.9747905597210083,0.0032353619162674486,0.21347612711134156
dino_rae_position_normalized_per_token_rms,43,1.9584620851240448,0.003208610459207,0.21668473757054857
dino_rae_position_normalized_per_token_rms,44,1.9307634193594643,0.003163230857858893,0.21984796842840745
dino_rae_position_normalized_per_token_rms,45,1.8861135903200883,0.003090079628868686,0.22293804805727613
dino_rae_position_normalized_per_token_rms,46,1.872491999908149,0.0030677629458964887,0.22600581100317263
dino_rae_position_normalized_per_token_rms,47,1.8622287219349853,0.0030509482925516135,0.22905675929572425
dino_rae_position_normalized_per_token_rms,48,1.837987561819232,0.003011233232208339,0.2320679925279326
dino_rae_position_normalized_per_token_rms,49,1.8151127490002223,0.002973756701913994,0.23504174922984658
dino_rae_position_normalized_per_token_rms,50,1.80148472462698,0.002951429477979228,0.2379931787078258
dino_rae_position_normalized_per_token_rms,51,1.796956527207577,0.0029440107887374954,0.2409371894965633
dino_rae_position_normalized_per_token_rms,52,1.7935836385118724,0.0029384848783668115,0.2438756743749301
dino_rae_position_normalized_per_token_rms,53,1.7744088082127347,0.002907070146614455,0.24678274452154456
dino_rae_position_normalized_per_token_rms,54,1.7494374650585207,0.0028661588042741292,0.24964890332581868
dino_rae_position_normalized_per_token_rms,55,1.7422788174073551,0.0028544305651104626,0.25250333389092916
dino_rae_position_normalized_per_token_rms,56,1.7313028042226146,0.002836448215095899,0.25533978210602504
dino_rae_position_normalized_per_token_rms,57,1.7270700784487227,0.0028295136064086933,0.25816929571243374
dino_rae_position_normalized_per_token_rms,58,1.7025802836469652,0.0027893911999849943,0.26095868691241875
dino_rae_position_normalized_per_token_rms,59,1.6790325034179456,0.0027508121258697275,0.2637094990382885
dino_rae_position_normalized_per_token_rms,60,1.6654979039832087,0.002728637962970514,0.266438137001259
dino_rae_position_normalized_per_token_rms,61,1.6575427265711946,0.002715604743873286,0.2691537417451323
dino_rae_position_normalized_per_token_rms,62,1.6393917653975167,0.0026858674493354475,0.27183960919446776
dino_rae_position_normalized_per_token_rms,63,1.6342921258573855,0.0026775125483695632,0.2745171217428373
dino_rae_position_normalized_per_token_rms,64,1.612740095003445,0.002642203173661538,0.27715932491649886
dino_rae_position_normalized_per_token_rms,65,1.5987686536702324,0.002619313318845123,0.279778638235344
dino_rae_position_normalized_per_token_rms,66,1.5869876659501703,0.0026000121535555295,0.28237865038889953
dino_rae_position_normalized_per_token_rms,67,1.5813228692325287,0.0025907313376870135,0.28496938172658653
dino_rae_position_normalized_per_token_rms,68,1.5713450243455886,0.00257438431840706,0.2875437660449936
dino_rae_position_normalized_per_token_rms,69,1.5673552132377842,0.0025678476845104937,0.2901116137295041
dino_rae_position_normalized_per_token_rms,70,1.5555404138968065,0.0025484911245715293,0.2926601048540756
dino_rae_position_normalized_per_token_rms,71,1.539642127612352,0.0025224444586476715,0.2951825493127233
dino_rae_position_normalized_per_token_rms,72,1.5341353558323014,0.0025134225400391132,0.2976959718527624
dino_rae_position_normalized_per_token_rms,73,1.519170167147298,0.0024889045974639487,0.30018487645022635
dino_rae_position_normalized_per_token_rms,74,1.5107791964439987,0.002475157404415889,0.30266003385464224
dino_rae_position_normalized_per_token_rms,75,1.4991717565821598,0.002456140568078742,0.305116174422721
dino_rae_position_normalized_per_token_rms,76,1.4952960402474087,0.0024497908592622884,0.30756596528198327
dino_rae_position_normalized_per_token_rms,77,1.484735661202517,0.0024324894558223112,0.3099984547378056
dino_rae_position_normalized_per_token_rms,78,1.4741183975964436,0.002415094856604197,0.31241354959440976
dino_rae_position_normalized_per_token_rms,79,1.4626498346306105,0.0023963055466840535,0.31480985514109383
dino_rae_position_normalized_per_token_rms,80,1.4552730350160998,0.002384219902249893,0.31719407504334374
dino_rae_position_normalized_per_token_rms,81,1.4530856651662087,0.0023806362649500834,0.31957471130829385
dino_rae_position_normalized_per_token_rms,82,1.4423952512433729,0.002363121821251322,0.32193783312954516
dino_rae_position_normalized_per_token_rms,83,1.436393033353995,0.002353288197590909,0.32429112132713606
dino_rae_position_normalized_per_token_rms,84,1.4263965136819428,0.0023369105828190697,0.32662803190995515
dino_rae_position_normalized_per_token_rms,85,1.4202922850150017,0.0023269098316710595,0.3289549417416262
dino_rae_position_normalized_per_token_rms,86,1.4128235407673626,0.002314673551432528,0.33126961529305876
dino_rae_position_normalized_per_token_rms,87,1.3948599554618544,0.002285243240713768,0.33355485853377254
dino_rae_position_normalized_per_token_rms,88,1.3902277748733702,0.0022776541925529485,0.33583251272632547
dino_rae_position_normalized_per_token_rms,89,1.3861751912215536,0.0022710147164094995,0.338103527442735
dino_rae_position_normalized_per_token_rms,90,1.3809634705654026,0.0022624761894015936,0.3403660036321366
dino_rae_position_normalized_per_token_rms,91,1.3754752737960882,0.0022534847028214014,0.342619488334958
dino_rae_position_normalized_per_token_rms,92,1.3595918535749438,0.002227462392439878,0.34484695072739785
dino_rae_position_normalized_per_token_rms,93,1.3552817545868228,0.0022204010207653646,0.3470673517481632
dino_rae_position_normalized_per_token_rms,94,1.3507027905718816,0.002212899159002367,0.3492802509071656
dino_rae_position_normalized_per_token_rms,95,1.349180409162413,0.002210404993324907,0.3514906559004905
dino_rae_position_normalized_per_token_rms,96,1.3418630477478093,0.002198416728376082,0.35368907262886656
dino_rae_position_normalized_per_token_rms,97,1.3330675885146523,0.00218400684895927,0.3558730794778258
dino_rae_position_normalized_per_token_rms,98,1.3291401226136086,0.0021775723571894334,0.3580506518350153
dino_rae_position_normalized_per_token_rms,99,1.3211083000069819,0.0021644135678424927,0.36021506540285775
dino_rae_position_normalized_per_token_rms,100,1.313080968835233,0.0021512621369555573,0.3623663275398133
dino_rae_position_normalized_per_token_rms,101,1.3046099872950279,0.0021373838596194248,0.3645037113994327
dino_rae_position_normalized_per_token_rms,102,1.30039363390348,0.002130476074324732,0.3666341874737574
dino_rae_position_normalized_per_token_rms,103,1.2940024894974693,0.0021200052600346873,0.3687541927337921
dino_rae_position_normalized_per_token_rms,104,1.2827317752749186,0.002101540091976599,0.3708557328257687
dino_rae_position_normalized_per_token_rms,105,1.2802457684766326,0.0020974671883063015,0.372953200014075
dino_rae_position_normalized_per_token_rms,106,1.276471073508963,0.002091282985994918,0.37504448300006993
dino_rae_position_normalized_per_token_rms,107,1.2688128080661771,0.002078736207180178,0.3771232192072501
dino_rae_position_normalized_per_token_rms,108,1.2648188814833525,0.0020721928307705475,0.37919541203802065
dino_rae_position_normalized_per_token_rms,109,1.2597040295832027,0.0020638130069134644,0.3812592250449341
dino_rae_position_normalized_per_token_rms,110,1.2523086401176033,0.0020516969061375187,0.38331092195107164
dino_rae_position_normalized_per_token_rms,111,1.2425173703815622,0.0020356555588361804,0.3853465775099078
dino_rae_position_normalized_per_token_rms,112,1.2406772435765263,0.0020326408208140596,0.38737921833072186
dino_rae_position_normalized_per_token_rms,113,1.229967842653562,0.0020150952701116632,0.38939431360083354
dino_rae_position_normalized_per_token_rms,114,1.2277836494599106,0.0020115168372283766,0.39140583043806193
dino_rae_position_normalized_per_token_rms,115,1.217854580400268,0.001995249728931031,0.39340108016699293
dino_rae_position_normalized_per_token_rms,116,1.2166380490031259,0.0019932566470151373,0.3953943368140081
dino_rae_position_normalized_per_token_rms,117,1.2121626207098188,0.001985924411103904,0.397380261225112
dino_rae_position_normalized_per_token_rms,118,1.209032647169046,0.0019807964763247483,0.39936105770143676
dino_rae_position_normalized_per_token_rms,119,1.2008393766260683,0.001967373181710574,0.40132843088314735
dino_rae_position_normalized_per_token_rms,120,1.195851414340993,0.0019592012451285037,0.40328763212827584
dino_rae_position_normalized_per_token_rms,121,1.1875553439138273,0.001945609530208357,0.4052332416584842
dino_rae_position_normalized_per_token_rms,122,1.181326455519243,0.001935404545080534,0.4071686462035647
dino_rae_position_normalized_per_token_rms,123,1.175214364524901,0.0019253909128325402,0.40909403711639725
dino_rae_position_normalized_per_token_rms,124,1.1699710034075927,0.0019168005482550566,0.4110108376646523
dino_rae_position_normalized_per_token_rms,125,1.1657271262683249,0.0019098476699327877,0.4129206853345851
dino_rae_position_normalized_per_token_rms,126,1.163948962531139,0.0019069344479671168,0.4148276197825522
dino_rae_position_normalized_per_token_rms,127,1.1534701996593741,0.0018897667588883848,0.41671738654144064
dino_rae_position_normalized_per_token_rms,128,1.1525665573466288,0.0018882862930687603,0.4186056728345094
dino_rae_position_normalized_per_token_rms,129,1.1487561288398689,0.0018820435473685922,0.420487716381878
dino_rae_position_normalized_per_token_rms,130,1.1458145452901976,0.0018772242578782323,0.4223649406397562
dino_rae_position_normalized_per_token_rms,131,1.1398083282923808,0.0018673840823518108,0.42423232472210803
dino_rae_position_normalized_per_token_rms,132,1.1360102055176762,0.0018611614975221958,0.4260934862196302
dino_rae_position_normalized_per_token_rms,133,1.1299754496260963,0.001851274565822286,0.4279447607854525
dino_rae_position_normalized_per_token_rms,134,1.129365790027489,0.0018502757411937645,0.4297950365266463
dino_rae_position_normalized_per_token_rms,135,1.1275982054277522,0.0018473798513640213,0.4316424163780103
dino_rae_position_normalized_per_token_rms,136,1.1224376193673582,0.0018389250997837938,0.4334813414777941
dino_rae_position_normalized_per_token_rms,137,1.1193471441812792,0.0018338618764100593,0.43531520335420415
dino_rae_position_normalized_per_token_rms,138,1.1174713850365088,0.0018307887607972634,0.43714599211500144
dino_rae_position_normalized_per_token_rms,139,1.1145587189957455,0.0018260168477775747,0.438972008962779
dino_rae_position_normalized_per_token_rms,140,1.1093848165402984,0.0018175402795255972,0.44078954924230457
dino_rae_position_normalized_per_token_rms,141,1.106274104029765,0.0018124439007022861,0.44260199314300686
dino_rae_position_normalized_per_token_rms,142,1.1014130776247169,0.001804479927192566,0.4444064730701994
dino_rae_position_normalized_per_token_rms,143,1.0915783853677605,0.0017883674394000065,0.44619484050959946
dino_rae_position_normalized_per_token_rms,144,1.0886944849195548,0.0017836426539616207,0.4479784831635611
dino_rae_position_normalized_per_token_rms,145,1.0862615173746635,0.0017796566461799306,0.449758139809741
dino_rae_position_normalized_per_token_rms,146,1.0795238713874942,0.0017686181473756527,0.45152675795711666
dino_rae_position_normalized_per_token_rms,147,1.0757480395238224,0.001762432082451543,0.4532891900395682
dino_rae_position_normalized_per_token_rms,148,1.0740987596006097,0.0017597300149200979,0.45504892005448827
dino_rae_position_normalized_per_token_rms,149,1.0686078830407078,0.0017507341379541161,0.4567996541924424
dino_rae_position_normalized_per_token_rms,150,1.063080404376734,0.0017416782946018325,0.4585413324870442
dino_rae_position_normalized_per_token_rms,151,1.0627827495104514,0.0017411906372075728,0.4602825231242518
dino_rae_position_normalized_per_token_rms,152,1.0582706723481092,0.0017337983582935172,0.4620163214825453
dino_rae_position_normalized_per_token_rms,153,1.0564865496234166,0.0017308753735298906,0.4637471968560752
dino_rae_position_normalized_per_token_rms,154,1.0546763415797402,0.0017279096523620423,0.4654751065084372
dino_rae_position_normalized_per_token_rms,155,1.0503178339888273,0.0017207689713404587,0.46719587547977764
dino_rae_position_normalized_per_token_rms,156,1.047002093912812,0.0017153366893633273,0.46891121216914095
dino_rae_position_normalized_per_token_rms,157,1.0411306482063258,0.0017057173139117447,0.47061692948305267
dino_rae_position_normalized_per_token_rms,158,1.0375614101471593,0.001699869718160451,0.4723167992012131
dino_rae_position_normalized_per_token_rms,159,1.0347523935784215,0.001695267617353395,0.4740120668185665
dino_rae_position_normalized_per_token_rms,160,1.029854590899791,0.001687243392109948,0.47569931021067646
dino_rae_position_normalized_per_token_rms,161,1.0271484227135088,0.0016828097910651118,0.47738212000174157
dino_rae_position_normalized_per_token_rms,162,1.0262390609519452,0.0016813199548913514,0.4790634399566329
dino_rae_position_normalized_per_token_rms,163,1.022309684092396,0.0016748823323376747,0.4807383222889706
dino_rae_position_normalized_per_token_rms,164,1.02051749299168,0.001671946128898081,0.4824102684178687
dino_rae_position_normalized_per_token_rms,165,1.0192560595468114,0.0016698794825353344,0.48408014790040405
dino_rae_position_normalized_per_token_rms,166,1.0170502686425766,0.0016662656654387919,0.48574641356584286
dino_rae_position_normalized_per_token_rms,167,1.0083785444108135,0.001652058504993492,0.48739847207083636
dino_rae_position_normalized_per_token_rms,168,1.008186561978738,0.0016517439740948749,0.48905021604493126
dino_rae_position_normalized_per_token_rms,169,1.003031321445674,0.001643297980261367,0.4906935140251926
dino_rae_position_normalized_per_token_rms,170,0.9959136603700388,0.0016316368907024505,0.49232515091589507
dino_rae_position_normalized_per_token_rms,171,0.9919112893512689,0.001625079679505973,0.49395023059540105
dino_rae_position_normalized_per_token_rms,172,0.9901415112640257,0.0016221801960161794,0.49557241079141723
dino_rae_position_normalized_per_token_rms,173,0.9873581425508174,0.0016176201149031137,0.49719003090632036
dino_rae_position_normalized_per_token_rms,174,0.982325280171481,0.0016093746170746143,0.49879940552339497
dino_rae_position_normalized_per_token_rms,175,0.9801260365379473,0.0016057715265790158,0.500405177049974
dino_rae_position_normalized_per_token_rms,176,0.9784494499019353,0.0016030247215951786,0.5020082017715691
dino_rae_position_normalized_per_token_rms,177,0.975873791369366,0.0015988049386493044,0.5036070067102184
dino_rae_position_normalized_per_token_rms,178,0.9715644496026029,0.0015917448075545237,0.5051987515177729
dino_rae_position_normalized_per_token_rms,179,0.9690180944028207,0.0015875730331868009,0.5067863245509597
dino_rae_position_normalized_per_token_rms,180,0.9661859384014669,0.0015829330223144566,0.5083692575732742
dino_rae_position_normalized_per_token_rms,181,0.9656178904727877,0.0015820023714026338,0.5099512599446768
dino_rae_position_normalized_per_token_rms,182,0.9614598826542383,0.0015751901755080083,0.5115264501201848
dino_rae_position_normalized_per_token_rms,183,0.9558909547119979,0.001566066424490428,0.5130925165446752
dino_rae_position_normalized_per_token_rms,184,0.9545170226563586,0.0015638154680907871,0.5146563320127661
dino_rae_position_normalized_per_token_rms,185,0.9528880669635561,0.0015611466983896979,0.5162174787111558
dino_rae_position_normalized_per_token_rms,186,0.9525764011655691,0.0015606360864422958,0.517778114797598
dino_rae_position_normalized_per_token_rms,187,0.9467318461573256,0.0015510607668732818,0.5193291755644713
dino_rae_position_normalized_per_token_rms,188,0.9462326867515924,0.001550242978210324,0.5208794185426816
dino_rae_position_normalized_per_token_rms,189,0.9430237370568587,0.0015449856542969333,0.5224244041969786
dino_rae_position_normalized_per_token_rms,190,0.9370731934555044,0.0015352366902591315,0.5239596408872377
dino_rae_position_normalized_per_token_rms,191,0.9339783767524275,0.0015301663540406019,0.5254898072412783
dino_rae_position_normalized_per_token_rms,192,0.932994804286052,0.0015285549361188705,0.5270183621773972
dino_rae_position_normalized_per_token_rms,193,0.9297881521263376,0.0015233013763298656,0.528541663553727
dino_rae_position_normalized_per_token_rms,194,0.9265094981707735,0.0015179298537183993,0.5300595934074454
dino_rae_position_normalized_per_token_rms,195,0.9234197730255196,0.0015128678591603026,0.5315724612666056
dino_rae_position_normalized_per_token_rms,196,0.9209804800445545,0.001508871488216364,0.533081332754822
dino_rae_position_normalized_per_token_rms,197,0.9186849912576277,0.0015051107162378456,0.5345864434710598
dino_rae_position_normalized_per_token_rms,198,0.9171731426701741,0.0015026338068162707,0.536089077277876
dino_rae_position_normalized_per_token_rms,199,0.9146212677442371,0.001498452989306377,0.5375875302671824
dino_rae_position_normalized_per_token_rms,200,0.9128707616309205,0.0014955850797018172,0.5390831153468842
dino_rae_position_normalized_per_token_rms,201,0.9082890010441799,0.0014880786362266721,0.5405711939831109
dino_rae_position_normalized_per_token_rms,202,0.9060629048475133,0.0014844315523264632,0.5420556255354374
dino_rae_position_normalized_per_token_rms,203,0.9048702768287195,0.0014824776320723457,0.5435381031675097
dino_rae_position_normalized_per_token_rms,204,0.9013292903282376,0.0014766763217443813,0.5450147794892541
dino_rae_position_normalized_per_token_rms,205,0.9004540276520153,0.001475242351182065,0.5464900218404362
dino_rae_position_normalized_per_token_rms,206,0.8958511878739915,0.0014677013730002558,0.5479577232134364
dino_rae_position_normalized_per_token_rms,207,0.8946045420084264,0.0014656589535970094,0.5494233821670333
dino_rae_position_normalized_per_token_rms,208,0.8909856098818857,0.0014597299424813088,0.5508831121095147
dino_rae_position_normalized_per_token_rms,209,0.8894021201655467,0.0014571356611293824,0.552340247770644
dino_rae_position_normalized_per_token_rms,210,0.885211920357198,0.0014502707240783375,0.5537905184947224
dino_rae_position_normalized_per_token_rms,211,0.8843751587230557,0.0014488998309926018,0.555239418325715
dino_rae_position_normalized_per_token_rms,212,0.8816780883862934,0.0014444811352427658,0.5566838994609578
dino_rae_position_normalized_per_token_rms,213,0.8779443430670695,0.0014383640220373202,0.5581222634829951
dino_rae_position_normalized_per_token_rms,214,0.8760687450233203,0.0014352911703614296,0.5595575546533565
dino_rae_position_normalized_per_token_rms,215,0.8724770413423932,0.0014294067684705117,0.560986961421827
dino_rae_position_normalized_per_token_rms,216,0.8675849005114874,0.0014213918192115048,0.5624083532410385
dino_rae_position_normalized_per_token_rms,217,0.8659337292157099,0.001418686652984486,0.563827039894023
dino_rae_position_normalized_per_token_rms,218,0.8635870492870894,0.00141484201293729,0.5652418819069603
dino_rae_position_normalized_per_token_rms,219,0.8622655635226166,0.0014126769809574588,0.5666545588879178
dino_rae_position_normalized_per_token_rms,220,0.8605235588859779,0.001409822999591385,0.5680643818875092
dino_rae_position_normalized_per_token_rms,221,0.8587757621820364,0.0014069595288980124,0.5694713414164072
dino_rae_position_normalized_per_token_rms,222,0.8571378143205396,0.0014042760270421663,0.5708756174434494
dino_rae_position_normalized_per_token_rms,223,0.8562853632971719,0.0014028794295331743,0.5722784968729826
dino_rae_position_normalized_per_token_rms,224,0.8559000680078028,0.0014022481880581706,0.5736807450610407
dino_rae_position_normalized_per_token_rms,225,0.8526141060600819,0.0013968646925317072,0.5750776097535725
dino_rae_position_normalized_per_token_rms,226,0.851487491184904,0.001395018923701434,0.5764726286772739
dino_rae_position_normalized_per_token_rms,227,0.8497910867030457,0.001392239650513109,0.577864868327787
dino_rae_position_normalized_per_token_rms,228,0.8469148012865246,0.0013875273410223028,0.5792523956688094
dino_rae_position_normalized_per_token_rms,229,0.844750095037611,0.0013839808342177378,0.5806363765030271
dino_rae_position_normalized_per_token_rms,230,0.8401548510450906,0.0013764523004518798,0.582012828803479
dino_rae_position_normalized_per_token_rms,231,0.8390163016829311,0.0013745869789736152,0.5833874157824527
dino_rae_position_normalized_per_token_rms,232,0.8373947606354549,0.0013719303569207887,0.5847593461393734
dino_rae_position_normalized_per_token_rms,233,0.8328620338765521,0.001364504247118708,0.5861238503864922
dino_rae_position_normalized_per_token_rms,234,0.8307640369630341,0.0013610670323310286,0.5874849174188232
dino_rae_position_normalized_per_token_rms,235,0.8284797299224491,0.0013573245797616712,0.5888422419985849
dino_rae_position_normalized_per_token_rms,236,0.826914531929926,0.0013547602663201777,0.5901970022649051
dino_rae_position_normalized_per_token_rms,237,0.8241498052368107,0.001350230727019029,0.5915472329919241
dino_rae_position_normalized_per_token_rms,238,0.8224955245817515,0.0013475204666302247,0.5928947534585544
dino_rae_position_normalized_per_token_rms,239,0.8223214548403917,0.001347235282660108,0.5942419887412145
dino_rae_position_normalized_per_token_rms,240,0.8203417189454144,0.00134399181864447,0.5955859805598589
dino_rae_position_normalized_per_token_rms,241,0.8184433495284857,0.0013408816599067223,0.5969268622197657
dino_rae_position_normalized_per_token_rms,242,0.8166707346940772,0.001337977528884207,0.5982648397486499
dino_rae_position_normalized_per_token_rms,243,0.8114475428792689,0.0013294202083137775,0.5995942599569636
dino_rae_position_normalized_per_token_rms,244,0.8114159537242156,0.0013293684548006145,0.6009236284117642
dino_rae_position_normalized_per_token_rms,245,0.8096170581644022,0.001326421267233349,0.6022500496789975
dino_rae_position_normalized_per_token_rms,246,0.8066814765914481,0.0013216118109715296,0.6035716614899691
dino_rae_position_normalized_per_token_rms,247,0.8032736222213737,0.0013160286152291507,0.6048876901051983
dino_rae_position_normalized_per_token_rms,248,0.8012500336543573,0.0013127133059920822,0.6062004034111903
dino_rae_position_normalized_per_token_rms,249,0.7998976435509366,0.0013104976424550018,0.6075109010536454
dino_rae_position_normalized_per_token_rms,250,0.7956078010326344,0.0013034694575965221,0.6088143705112419
dino_rae_position_normalized_per_token_rms,251,0.795299099359492,0.0013029637018687277,0.6101173342131107
dino_rae_position_normalized_per_token_rms,252,0.7931991509572881,0.00129952328989533,0.611416857503006
dino_rae_position_normalized_per_token_rms,253,0.7916029301739267,0.0012969081508331036,0.6127137656538391
dino_rae_position_normalized_per_token_rms,254,0.7887863769025248,0.0012922937024073835,0.6140060593562464
dino_rae_position_normalized_per_token_rms,255,0.7875134449115753,0.0012902082176124293,0.6152962675738588
dino_rae_position_normalized_per_token_rms,256,0.7859165024739948,0.001287591896241241,0.6165838594701001
dino_rae_position_normalized_per_token_rms,257,0.7840954746441249,0.0012846084486750056,0.617868467918775
dino_rae_position_normalized_per_token_rms,258,0.7819854671405987,0.0012811515565573364,0.6191496194753324
dino_rae_position_normalized_per_token_rms,259,0.7798813500540799,0.0012777043148964019,0.6204273237902288
dino_rae_position_normalized_per_token_rms,260,0.7783051523536823,0.0012751219802851327,0.6217024457705139
dino_rae_position_normalized_per_token_rms,261,0.777319545612081,0.0012735072295458729,0.6229759530000598
dino_rae_position_normalized_per_token_rms,262,0.7751597141008868,0.001269968709178498,0.6242459217092383
dino_rae_position_normalized_per_token_rms,263,0.7735471891167535,0.0012673268584277877,0.6255132485676661
dino_rae_position_normalized_per_token_rms,264,0.7677128875524423,0.0012577683374006977,0.6267710169050668
dino_rae_position_normalized_per_token_rms,265,0.7663386396111919,0.001255516863475656,0.6280265337685424
dino_rae_position_normalized_per_token_rms,266,0.7647748365702051,0.0012529548354274426,0.6292794886039699
dino_rae_position_normalized_per_token_rms,267,0.7615438417368974,0.0012476613942653493,0.6305271499982352
dino_rae_position_normalized_per_token_rms,268,0.7594915671726187,0.0012442990878504707,0.6317714490860857
dino_rae_position_normalized_per_token_rms,269,0.7578153320609381,0.0012415528587800787,0.6330130019448658
dino_rae_position_normalized_per_token_rms,270,0.7575918670732249,0.0012411867490134973,0.6342541886938793
dino_rae_position_normalized_per_token_rms,271,0.7553183974919492,0.0012374620517969525,0.6354916507456763
dino_rae_position_normalized_per_token_rms,272,0.7526816338063563,0.0012331421583436592,0.63672479290402
dino_rae_position_normalized_per_token_rms,273,0.7517718960410187,0.0012316517061510077,0.637956444610171
dino_rae_position_normalized_per_token_rms,274,0.7490395223469449,0.0012271751717928194,0.6391836197819638
dino_rae_position_normalized_per_token_rms,275,0.748262864369312,0.0012259027484310457,0.6404095225303948
dino_rae_position_normalized_per_token_rms,276,0.7456391584719383,0.0012216042479657363,0.6416311267783605
dino_rae_position_normalized_per_token_rms,277,0.7452315737826782,0.0012209364890609785,0.6428520632674215
dino_rae_position_normalized_per_token_rms,278,0.7438858822512978,0.0012187318000066176,0.6440707950674281
dino_rae_position_normalized_per_token_rms,279,0.742300312847214,0.0012161341114363946,0.6452869291788645
dino_rae_position_normalized_per_token_rms,280,0.7405677895879352,0.001213295663711128,0.6465002248425756
dino_rae_position_normalized_per_token_rms,281,0.7396099046961676,0.0012117263305564108,0.6477119511731321
dino_rae_position_normalized_per_token_rms,282,0.7379254306896093,0.0012089666034436118,0.6489209177765757
dino_rae_position_normalized_per_token_rms,283,0.7366880033764375,0.0012069392870867062,0.6501278570636624
dino_rae_position_normalized_per_token_rms,284,0.7329293083826115,0.0012007812980391955,0.6513286383617016
dino_rae_position_normalized_per_token_rms,285,0.731786176626898,0.0011989084690804458,0.6525275468307821
dino_rae_position_normalized_per_token_rms,286,0.7290306914565955,0.0011943940704588034,0.6537219409012409
dino_rae_position_normalized_per_token_rms,287,0.727835208347497,0.0011924354726198182,0.6549143763738607
dino_rae_position_normalized_per_token_rms,288,0.7264081382715963,0.0011900974585186842,0.6561044738323795
dino_rae_position_normalized_per_token_rms,289,0.7242832983310274,0.0011866162659496596,0.6572910900983291
dino_rae_position_normalized_per_token_rms,290,0.7229658811417199,0.0011844578996453748,0.6584755479979745
dino_rae_position_normalized_per_token_rms,291,0.7228373393313688,0.0011842473055265145,0.6596597953035009
dino_rae_position_normalized_per_token_rms,292,0.7201780922488675,0.0011798905768120095,0.6608396858803129
dino_rae_position_normalized_per_token_rms,293,0.7150362429396684,0.0011714665222446637,0.6620111524025576
dino_rae_position_normalized_per_token_rms,294,0.7127112458556819,0.0011676574058885345,0.6631788098084461
dino_rae_position_normalized_per_token_rms,295,0.7116624142314746,0.001165939071821748,0.6643447488802678
dino_rae_position_normalized_per_token_rms,296,0.7109756797950466,0.001164813973045439,0.6655095628533133
dino_rae_position_normalized_per_token_rms,297,0.7094476576797397,0.001162310566020961,0.6666718734193343
dino_rae_position_normalized_per_token_rms,298,0.7080962437953194,0.0011600965018543862,0.6678319699211887
dino_rae_position_normalized_per_token_rms,299,0.7071984325900954,0.001158625589322887,0.6689905955105115
dino_rae_position_normalized_per_token_rms,300,0.7047451403111448,0.0011546062828856965,0.6701452017933972
dino_rae_position_normalized_per_token_rms,301,0.7025627111394351,0.0011510307400554238,0.6712962325334526
dino_rae_position_normalized_per_token_rms,302,0.7004128172308566,0.0011475085007771415,0.6724437410342298
dino_rae_position_normalized_per_token_rms,303,0.6992846129443212,0.0011456601279639042,0.6735894011621937
dino_rae_position_normalized_per_token_rms,304,0.6977359941107251,0.001143122976683548,0.6747325241388772
dino_rae_position_normalized_per_token_rms,305,0.695652894615043,0.0011397101688073153,0.6758722343076845
dino_rae_position_normalized_per_token_rms,306,0.6953863063147007,0.001139273408751924,0.6770115077164365
dino_rae_position_normalized_per_token_rms,307,0.6927925774087407,0.001135024020541029,0.6781465317369775
dino_rae_position_normalized_per_token_rms,308,0.6904233132257058,0.0011311423799945752,0.679277674116972
dino_rae_position_normalized_per_token_rms,309,0.6895438801237885,0.001129701576891764,0.6804073756938638
dino_rae_position_normalized_per_token_rms,310,0.6870542935995646,0.0011256228084430913,0.6815329985023069
dino_rae_position_normalized_per_token_rms,311,0.6858182716217461,0.0011235977944916025,0.6826565962967984
dino_rae_position_normalized_per_token_rms,312,0.6833723053463371,0.001119590490478031,0.6837761867872765
dino_rae_position_normalized_per_token_rms,313,0.6827086587524955,0.0011185032172454311,0.6848946900045219
dino_rae_position_normalized_per_token_rms,314,0.6797799116952401,0.0011137049581871322,0.6860083949627089
dino_rae_position_normalized_per_token_rms,315,0.6783437016108986,0.0011113519697207026,0.6871197469324296
dino_rae_position_normalized_per_token_rms,316,0.6776082011893866,0.0011101469760865955,0.6882298939085162
dino_rae_position_normalized_per_token_rms,317,0.6761747773880594,0.0011077985524758707,0.6893376924609921
dino_rae_position_normalized_per_token_rms,318,0.6739733701309875,0.0011041919172473066,0.6904418843782394
dino_rae_position_normalized_per_token_rms,319,0.6728660309872853,0.0011023777284583788,0.6915442621066977
dino_rae_position_normalized_per_token_rms,320,0.6706370687030667,0.0010987259489561637,0.6926429880556539
dino_rae_position_normalized_per_token_rms,321,0.6692046923006392,0.0010963792413322276,0.6937393672969862
dino_rae_position_normalized_per_token_rms,322,0.6684141156362501,0.001095084014545132,0.6948344513115313
dino_rae_position_normalized_per_token_rms,323,0.667151186848258,0.001093014918314388,0.6959274662298457
dino_rae_position_normalized_per_token_rms,324,0.6642323795277566,0.0010882329438416081,0.6970156991736873
dino_rae_position_normalized_per_token_rms,325,0.6635568045480138,0.0010871261279566103,0.6981028253016439
dino_rae_position_normalized_per_token_rms,326,0.6616419014660534,0.0010839888815918144,0.6991868141832357
dino_rae_position_normalized_per_token_rms,327,0.6606986803293493,0.0010824435725314237,0.7002692577557671
dino_rae_position_normalized_per_token_rms,328,0.6602504041121938,0.0010817091474078003,0.7013509669031749
dino_rae_position_normalized_per_token_rms,329,0.6596189258513345,0.0010806745765739071,0.7024316414797488
dino_rae_position_normalized_per_token_rms,330,0.6581109701680063,0.0010782040450204506,0.7035098455247693
dino_rae_position_normalized_per_token_rms,331,0.655518763394551,0.0010739571505674443,0.7045838026753367
dino_rae_position_normalized_per_token_rms,332,0.6541938755258059,0.0010717865448124381,0.7056555892201491
dino_rae_position_normalized_per_token_rms,333,0.652340262877383,0.0010687497125059953,0.7067243389326552
dino_rae_position_normalized_per_token_rms,334,0.6509644879979726,0.0010664957369498072,0.707790834669605
dino_rae_position_normalized_per_token_rms,335,0.649654490528899,0.0010643495266081666,0.7088551841962132
dino_rae_position_normalized_per_token_rms,336,0.6488825737774795,0.0010630848709474547,0.7099182690671606
dino_rae_position_normalized_per_token_rms,337,0.6465781678140642,0.001059309489676285,0.7109775785568369
dino_rae_position_normalized_per_token_rms,338,0.6458165075764977,0.0010580616375870458,0.7120356401944239
dino_rae_position_normalized_per_token_rms,339,0.6442449058154688,0.0010554868326487995,0.7130911270270727
dino_rae_position_normalized_per_token_rms,340,0.6432170940926473,0.0010538029361521605,0.7141449299632249
dino_rae_position_normalized_per_token_rms,341,0.641024717921155,0.0010502110968371192,0.715195141060062
dino_rae_position_normalized_per_token_rms,342,0.6405535029554199,0.0010494390904352202,0.7162445801504972
dino_rae_position_normalized_per_token_rms,343,0.6372420485311834,0.0010440138297771258,0.7172885939802743
dino_rae_position_normalized_per_token_rms,344,0.6370332360238758,0.0010436717256332422,0.7183322657059076
dino_rae_position_normalized_per_token_rms,345,0.6345280595945176,0.0010395674157492505,0.7193718331216569
dino_rae_position_normalized_per_token_rms,346,0.6334651979448022,0.0010378260958473383,0.7204096592175042
dino_rae_position_normalized_per_token_rms,347,0.6324728305000278,0.0010362002688339559,0.7214458594863382
dino_rae_position_normalized_per_token_rms,348,0.6312565226698136,0.0010342075531948407,0.722480067039533
dino_rae_position_normalized_per_token_rms,349,0.6289305308645702,0.0010303968071553734,0.7235104638466884
dino_rae_position_normalized_per_token_rms,350,0.627845229885788,0.00102861872418999,0.7245390825708784
dino_rae_position_normalized_per_token_rms,351,0.6272867393923653,0.0010277037315270352,0.7255667863024055
dino_rae_position_normalized_per_token_rms,352,0.6254527474681781,0.0010246990444745026,0.72659148534688
dino_rae_position_normalized_per_token_rms,353,0.6250057373352419,0.001023966693616753,0.7276154520404967
dino_rae_position_normalized_per_token_rms,354,0.6230850895982917,0.0010208200356017522,0.7286362720760985
dino_rae_position_normalized_per_token_rms,355,0.6218228200654238,0.0010187520194495571,0.729655024095548
dino_rae_position_normalized_per_token_rms,356,0.6204750697676429,0.0010165439574530005,0.730671568053001
dino_rae_position_normalized_per_token_rms,357,0.617960645702107,0.0010124244968737833,0.7316839925498748
dino_rae_position_normalized_per_token_rms,358,0.6172343130350865,0.0010112345230622055,0.732695227072937
dino_rae_position_normalized_per_token_rms,359,0.6166505618668064,0.001010278145035618,0.7337055052179726
dino_rae_position_normalized_per_token_rms,360,0.6146337313565705,0.0010069739077370025,0.7347124791257096
dino_rae_position_normalized_per_token_rms,361,0.6137939852632409,0.0010055981251172615,0.7357180772508268
dino_rae_position_normalized_per_token_rms,362,0.6130722754578743,0.0010044157250863389,0.7367224929759132
dino_rae_position_normalized_per_token_rms,363,0.6113673967366019,0.0010016225682831998,0.7377241155441964
dino_rae_position_normalized_per_token_rms,364,0.6097257632525915,0.0009989330281552648,0.7387230485723516
dino_rae_position_normalized_per_token_rms,365,0.6078840328710129,0.0009959156629429082,0.7397189642352945
dino_rae_position_normalized_per_token_rms,366,0.6069010400726628,0.0009943051947096612,0.7407132694300042
dino_rae_position_normalized_per_token_rms,367,0.6059554656124423,0.000992756030124823,0.741706025460129
dino_rae_position_normalized_per_token_rms,368,0.6043839183454743,0.0009901813144659226,0.7426962067745949
dino_rae_position_normalized_per_token_rms,369,0.6037698195379345,0.0009891752169408157,0.7436853819915358
dino_rae_position_normalized_per_token_rms,370,0.6025123812350269,0.0009871151159456712,0.7446724971074814
dino_rae_position_normalized_per_token_rms,371,0.6010497140507587,0.0009847187819745265,0.7456572158894559
dino_rae_position_normalized_per_token_rms,372,0.6005650391157806,0.000983924723678735,0.7466411406131346
dino_rae_position_normalized_per_token_rms,373,0.5988742029077875,0.0009811545731698323,0.7476222951863044
dino_rae_position_normalized_per_token_rms,374,0.5963414501993184,0.0009770050841944233,0.7485993002704988
dino_rae_position_normalized_per_token_rms,375,0.5958404912392713,0.0009761843472646406,0.7495754846177635
dino_rae_position_normalized_per_token_rms,376,0.5947493165252686,0.0009743966411728224,0.7505498812589363
dino_rae_position_normalized_per_token_rms,377,0.5940878499730653,0.0009733129395714811,0.7515231941985078
dino_rae_position_normalized_per_token_rms,378,0.5916612525599266,0.0009693373681783856,0.7524925315666862
dino_rae_position_normalized_per_token_rms,379,0.5904884978952524,0.0009674160070697179,0.7534599475737559
dino_rae_position_normalized_per_token_rms,380,0.5897315617727228,0.0009661758946477578,0.7544261234684037
dino_rae_position_normalized_per_token_rms,381,0.5888179193297929,0.0009646790452981444,0.7553908025137018
dino_rae_position_normalized_per_token_rms,382,0.5882959148416462,0.0009638238288131574,0.7563546263425149
dino_rae_position_normalized_per_token_rms,383,0.5855300884800875,0.0009592924878903712,0.7573139188304053
dino_rae_position_normalized_per_token_rms,384,0.5848211158958647,0.0009581309556522405,0.7582720497860576
dino_rae_position_normalized_per_token_rms,385,0.5836598794465393,0.0009562284652005644,0.7592282782512582
dino_rae_position_normalized_per_token_rms,386,0.5817161090506849,0.0009530439246011787,0.7601813221758593
dino_rae_position_normalized_per_token_rms,387,0.5798437706248709,0.0009499764132605843,0.7611312985891199
dino_rae_position_normalized_per_token_rms,388,0.5792247701809562,0.0009489622852293681,0.7620802608743492
dino_rae_position_normalized_per_token_rms,389,0.578198518689875,0.0009472809449098024,0.763027541819259
dino_rae_position_normalized_per_token_rms,390,0.576402836019191,0.0009443390211205508,0.7639718808403796
dino_rae_position_normalized_per_token_rms,391,0.574174772268884,0.0009406887137148999,0.7649125695540945
dino_rae_position_normalized_per_token_rms,392,0.5728179381498518,0.0009384657694062998,0.7658510353235007
dino_rae_position_normalized_per_token_rms,393,0.5724555656742989,0.0009378720831031441,0.7667889074066039
dino_rae_position_normalized_per_token_rms,394,0.5718008390328523,0.0009367994237110507,0.7677257068303149
dino_rae_position_normalized_per_token_rms,395,0.5706794318552378,0.0009349621868166252,0.7686606690171316
dino_rae_position_normalized_per_token_rms,396,0.5693917974568135,0.0009328526146018751,0.7695935216317334
dino_rae_position_normalized_per_token_rms,397,0.5685463878356783,0.0009314675532451644,0.7705249891849786
dino_rae_position_normalized_per_token_rms,398,0.5679324391233835,0.0009304617016258511,0.7714554508866044
dino_rae_position_normalized_per_token_rms,399,0.5660675232736366,0.0009274063509267029,0.7723828572375311
dino_rae_position_normalized_per_token_rms,400,0.5643751810141967,0.000924633733006018,0.7733074909705371
dino_rae_position_normalized_per_token_rms,401,0.562333323372751,0.000921288492965724,0.7742287794635028
dino_rae_position_normalized_per_token_rms,402,0.5595460411090958,0.0009167220001590177,0.7751455014636618
dino_rae_position_normalized_per_token_rms,403,0.5594404308026306,0.000916548975449222,0.776062050439111
dino_rae_position_normalized_per_token_rms,404,0.5588214933206859,0.0009155349505705953,0.7769775853896816
dino_rae_position_normalized_per_token_rms,405,0.5580224609863634,0.000914225870591654,0.7778918112602733
dino_rae_position_normalized_per_token_rms,406,0.5562194191400516,0.0009112718900319038,0.7788030831503052
dino_rae_position_normalized_per_token_rms,407,0.5531156058857746,0.0009061868144786195,0.7797092699647838
dino_rae_position_normalized_per_token_rms,408,0.5528074066334135,0.0009056818818827031,0.7806149518466665
dino_rae_position_normalized_per_token_rms,409,0.5522016153004962,0.0009046893947563708,0.7815196412414229
dino_rae_position_normalized_per_token_rms,410,0.5517190150905084,0.000903898735548238,0.7824235399769711
dino_rae_position_normalized_per_token_rms,411,0.5495361092585145,0.0009003224117903257,0.7833238623887614
dino_rae_position_normalized_per_token_rms,412,0.5490100572125987,0.0008994605640632578,0.7842233229528246
dino_rae_position_normalized_per_token_rms,413,0.5475131047989529,0.0008970080595149991,0.7851203310123396
dino_rae_position_normalized_per_token_rms,414,0.5466843686730997,0.0008956503148736639,0.7860159813272133
dino_rae_position_normalized_per_token_rms,415,0.5441453615096324,0.0008914905790265508,0.7869074719062399
dino_rae_position_normalized_per_token_rms,416,0.543603600251768,0.0008906029944000315,0.7877980749006399
dino_rae_position_normalized_per_token_rms,417,0.5418359939064235,0.0008877070689437702,0.7886857819695837
dino_rae_position_normalized_per_token_rms,418,0.5408760005524832,0.0008861342814286998,0.7895719162510124
dino_rae_position_normalized_per_token_rms,419,0.540490904987014,0.0008855033671676865,0.7904574196181801
dino_rae_position_normalized_per_token_rms,420,0.5395130204418848,0.0008839012679474712,0.7913413208861275
dino_rae_position_normalized_per_token_rms,421,0.5388978010197129,0.0008828933344839224,0.7922242142206114
dino_rae_position_normalized_per_token_rms,422,0.5373016760990745,0.0008802783524766313,0.793104492573088
dino_rae_position_normalized_per_token_rms,423,0.536486439552511,0.0008789427246235826,0.7939834352977116
dino_rae_position_normalized_per_token_rms,424,0.5343360777458874,0.0008754197187731146,0.7948588550164848
dino_rae_position_normalized_per_token_rms,425,0.5329486676373103,0.0008731466808524912,0.7957320016973373
dino_rae_position_normalized_per_token_rms,426,0.5313837936900164,0.0008705828983045592,0.7966025845956418
dino_rae_position_normalized_per_token_rms,427,0.5305554192022837,0.0008692257461464099,0.7974718103417883
dino_rae_position_normalized_per_token_rms,428,0.5293345430634229,0.0008672255461025592,0.7983390358878908
dino_rae_position_normalized_per_token_rms,429,0.5287584007695075,0.0008662816339358189,0.7992053175218267
dino_rae_position_normalized_per_token_rms,430,0.5272277677460875,0.0008637739493778908,0.8000690914712045
dino_rae_position_normalized_per_token_rms,431,0.5265171922092574,0.0008626097909717376,0.8009317012621763
dino_rae_position_normalized_per_token_rms,432,0.5238669078498179,0.0008582677461702772,0.8017899690083465
dino_rae_position_normalized_per_token_rms,433,0.5232140670670093,0.0008571981764401162,0.8026471671847867
dino_rae_position_normalized_per_token_rms,434,0.5222386775112504,0.0008556001648400034,0.8035027673496267
dino_rae_position_normalized_per_token_rms,435,0.5221282433723243,0.0008554192370927148,0.8043581865867194
dino_rae_position_normalized_per_token_rms,436,0.5213528857028048,0.0008541489440669045,0.8052123355307863
dino_rae_position_normalized_per_token_rms,437,0.5201453062542377,0.0008521705284118727,0.8060645060591982
dino_rae_position_normalized_per_token_rms,438,0.5200731850095186,0.0008520523698925455,0.8069165584290907
dino_rae_position_normalized_per_token_rms,439,0.518451971884716,0.0008493962850858203,0.8077659547141766
dino_rae_position_normalized_per_token_rms,440,0.5168744511851591,0.0008468117829631287,0.8086127664971396
dino_rae_position_normalized_per_token_rms,441,0.5158667334731699,0.0008451608071208204,0.8094579273042605
dino_rae_position_normalized_per_token_rms,442,0.5140975230223235,0.0008422622536077129,0.8103001895578682
dino_rae_position_normalized_per_token_rms,443,0.512409913289145,0.0008394973891346827,0.8111396869470029
dino_rae_position_normalized_per_token_rms,444,0.5120470684726152,0.0008389029289803454,0.8119785898759833
dino_rae_position_normalized_per_token_rms,445,0.5113024181039849,0.0008376829446980926,0.8128162728206814
dino_rae_position_normalized_per_token_rms,446,0.5096099988719075,0.000834910200670698,0.8136511830213521
dino_rae_position_normalized_per_token_rms,447,0.5079288622873416,0.0008321559413620466,0.8144833389627142
dino_rae_position_normalized_per_token_rms,448,0.5068772829652483,0.0008304331056547927,0.815313772068369
dino_rae_position_normalized_per_token_rms,449,0.5053491269623107,0.0008279294792779692,0.816141701547647
dino_rae_position_normalized_per_token_rms,450,0.5050390602157208,0.0008274214871071135,0.8169691230347541
dino_rae_position_normalized_per_token_rms,451,0.5041845665873251,0.0008260215431336144,0.8177951445778877
dino_rae_position_normalized_per_token_rms,452,0.5037742238140991,0.0008253492655725455,0.8186204938434603
dino_rae_position_normalized_per_token_rms,453,0.5025711798113899,0.0008233782804821017,0.8194438721239423
dino_rae_position_normalized_per_token_rms,454,0.5008391988392702,0.0008205407212030621,0.8202644128451454
dino_rae_position_normalized_per_token_rms,455,0.5005066945230069,0.0008199959688512052,0.8210844088139966
dino_rae_position_normalized_per_token_rms,456,0.4984121373161656,0.000816564389443911,0.8219009732034405
dino_rae_position_normalized_per_token_rms,457,0.4975713193630553,0.000815186850762345,0.8227161600542028
dino_rae_position_normalized_per_token_rms,458,0.4959652460598517,0.0008125555700048287,0.8235287156242076
dino_rae_position_normalized_per_token_rms,459,0.49532732542198105,0.0008115104444206455,0.8243402260686282
dino_rae_position_normalized_per_token_rms,460,0.49416299163615823,0.0008096028795044921,0.8251498289481327
dino_rae_position_normalized_per_token_rms,461,0.49364371724123246,0.0008087521358176918,0.8259585810839504
dino_rae_position_normalized_per_token_rms,462,0.49151931254826203,0.0008052716563285923,0.826763852740279
dino_rae_position_normalized_per_token_rms,463,0.4903992085204773,0.0008034365544258038,0.8275672892947048
dino_rae_position_normalized_per_token_rms,464,0.4894020540825729,0.000801802884729971,0.8283690921794348
dino_rae_position_normalized_per_token_rms,465,0.4888348975749268,0.0008008736942614585,0.8291699658736962
dino_rae_position_normalized_per_token_rms,466,0.4884415304134256,0.0008002292283827016,0.8299701951020789
dino_rae_position_normalized_per_token_rms,467,0.4869740610202139,0.0007978250268005572,0.8307680201288795
dino_rae_position_normalized_per_token_rms,468,0.4860301549580303,0.0007962785956050616,0.8315642987244846
dino_rae_position_normalized_per_token_rms,469,0.4845452158698575,0.0007938457728683912,0.8323581444973529
dino_rae_position_normalized_per_token_rms,470,0.4840076218215655,0.0007929650155132914,0.8331511095128662
dino_rae_position_normalized_per_token_rms,471,0.4833819881976325,0.0007919400201331761,0.8339430495329994
dino_rae_position_normalized_per_token_rms,472,0.4820189753233701,0.0007897069529741992,0.8347327564859736
dino_rae_position_normalized_per_token_rms,473,0.48101474431034946,0.0007880616895012359,0.8355208181754747
dino_rae_position_normalized_per_token_rms,474,0.4808903476893123,0.0007878578865773082,0.8363086760620521
dino_rae_position_normalized_per_token_rms,475,0.480165637002192,0.0007866705701067695,0.8370953466321588
dino_rae_position_normalized_per_token_rms,476,0.47764110434922713,0.0007825345483086249,0.8378778811804675
dino_rae_position_normalized_per_token_rms,477,0.4763838078425838,0.0007804746796227908,0.8386583558600903
dino_rae_position_normalized_per_token_rms,478,0.4762669836698117,0.0007802832828806778,0.839438639142971
dino_rae_position_normalized_per_token_rms,479,0.4749320590279831,0.0007780962335624608,0.8402167353765335
dino_rae_position_normalized_per_token_rms,480,0.47459980699029314,0.0007775518945265803,0.8409942872710601
dino_rae_position_normalized_per_token_rms,481,0.47349953580795057,0.0007757492854025928,0.8417700365564627
dino_rae_position_normalized_per_token_rms,482,0.47171562987262516,0.0007728266558118524,0.8425428632122745
dino_rae_position_normalized_per_token_rms,483,0.47057031459956056,0.0007709502495274735,0.8433138134618019
dino_rae_position_normalized_per_token_rms,484,0.46896259717061456,0.0007683162751466833,0.8440821297369486
dino_rae_position_normalized_per_token_rms,485,0.4684755678823318,0.0007675183596393096,0.8448496480965879
dino_rae_position_normalized_per_token_rms,486,0.4677609434996077,0.0007663475678806997,0.8456159956644687
dino_rae_position_normalized_per_token_rms,487,0.46721262270910774,0.0007654492365641211,0.8463814449010327
dino_rae_position_normalized_per_token_rms,488,0.46640792205638265,0.0007641308699996233,0.8471455757710323
dino_rae_position_normalized_per_token_rms,489,0.46439138013732256,0.000760827105509071,0.8479064028765414
dino_rae_position_normalized_per_token_rms,490,0.4632910496830556,0.0007590243992780126,0.8486654272758194
dino_rae_position_normalized_per_token_rms,491,0.4632455299902497,0.0007589498229236647,0.8494243770987431
dino_rae_position_normalized_per_token_rms,492,0.46175992903667384,0.0007565159158319431,0.850180893014575
dino_rae_position_normalized_per_token_rms,493,0.4608549085383307,0.0007550331920872062,0.8509359262066623
dino_rae_position_normalized_per_token_rms,494,0.46006352823916524,0.000753736648679805,0.8516896628553421
dino_rae_position_normalized_per_token_rms,495,0.4598445196213984,0.0007533778399252415,0.8524430406952673
dino_rae_position_normalized_per_token_rms,496,0.4591001465599168,0.0007521583099640728,0.8531951990052314
dino_rae_position_normalized_per_token_rms,497,0.4570705069936091,0.000748833087183228,0.8539440320924147
dino_rae_position_normalized_per_token_rms,498,0.4562656140320118,0.0007475144055530143,0.8546915464979676
dino_rae_position_normalized_per_token_rms,499,0.4554157117739019,0.0007461219837668644,0.8554376684817345
dino_rae_position_normalized_per_token_rms,500,0.45475606876024394,0.0007450412697264741,0.856182709751461
dino_rae_position_normalized_per_token_rms,501,0.4536502654670842,0.0007432295971701309,0.8569259393486311
dino_rae_position_normalized_per_token_rms,502,0.4525709336007388,0.0007414612935906966,0.8576674006422218
dino_rae_position_normalized_per_token_rms,503,0.45051596760445084,0.0007380945777175186,0.8584054952199394
dino_rae_position_normalized_per_token_rms,504,0.44981871024320275,0.0007369522389002124,0.8591424474588396
dino_rae_position_normalized_per_token_rms,505,0.4485691650057004,0.0007349050693640973,0.8598773525282037
dino_rae_position_normalized_per_token_rms,506,0.44725989659428084,0.0007327600534607009,0.8606101125816644
dino_rae_position_normalized_per_token_rms,507,0.4462986849323191,0.0007311852699530146,0.8613412978516174
dino_rae_position_normalized_per_token_rms,508,0.4458898759741994,0.0007305155052898108,0.8620718133569072
dino_rae_position_normalized_per_token_rms,509,0.4443741158003082,0.000728032187392294,0.8627998455442994
dino_rae_position_normalized_per_token_rms,510,0.443755707554709,0.0007270190295783331,0.8635268645738777
dino_rae_position_normalized_per_token_rms,511,0.44310853742700057,0.0007259587502620144,0.8642528233241398
dino_rae_position_normalized_per_token_rms,512,0.44194575493603155,0.00072405372688135,0.8649768770510211
dino_rae_position_normalized_per_token_rms,513,0.4410913564310895,0.0007226539387516174,0.8656995309897727
dino_rae_position_normalized_per_token_rms,514,0.4404776415734019,0.0007216484702637134,0.8664211794600364
dino_rae_position_normalized_per_token_rms,515,0.4400471988413324,0.0007209432623034988,0.8671421227223399
dino_rae_position_normalized_per_token_rms,516,0.43965224924672774,0.0007202962038744725,0.8678624189262144
dino_rae_position_normalized_per_token_rms,517,0.4382321778552632,0.0007179696559397009,0.8685803885821541
dino_rae_position_normalized_per_token_rms,518,0.43720034499220234,0.0007162791714816569,0.8692966677536358
dino_rae_position_normalized_per_token_rms,519,0.43589487113147724,0.0007141403723108378,0.8700108081259467
dino_rae_position_normalized_per_token_rms,520,0.4357034003550734,0.000713826679673912,0.8707246348056206
dino_rae_position_normalized_per_token_rms,521,0.4344863508812052,0.0007118327489765104,0.871436467554597
dino_rae_position_normalized_per_token_rms,522,0.4331506080978291,0.0007096443592710854,0.8721461119138681
dino_rae_position_normalized_per_token_rms,523,0.4315247839133898,0.0007069807200193235,0.8728530926338874
dino_rae_position_normalized_per_token_rms,524,0.43056259243579204,0.0007054043312486498,0.8735584969651361
dino_rae_position_normalized_per_token_rms,525,0.42981007670030774,0.0007041714608867812,0.8742626684260228
dino_rae_position_normalized_per_token_rms,526,0.4287957097216231,0.0007025095913402612,0.8749651780173631
dino_rae_position_normalized_per_token_rms,527,0.42769302836364376,0.0007007030335491967,0.8756658810509123
dino_rae_position_normalized_per_token_rms,528,0.42683412735734527,0.0006992958688288963,0.8763651769197411
dino_rae_position_normalized_per_token_rms,529,0.42599869221411174,0.0006979271489752268,0.8770631040687163
dino_rae_position_normalized_per_token_rms,530,0.4248589182797073,0.0006960598212414708,0.8777591638899578
dino_rae_position_normalized_per_token_rms,531,0.42394435610269726,0.0006945614650623857,0.8784537253550202
dino_rae_position_normalized_per_token_rms,532,0.4237403075363061,0.0006942271658337808,0.879147952520854
dino_rae_position_normalized_per_token_rms,533,0.4230756217578951,0.0006931381900721895,0.8798410907109262
dino_rae_position_normalized_per_token_rms,534,0.4218376574244993,0.0006911099938980433,0.8805322007048243
dino_rae_position_normalized_per_token_rms,535,0.4211940942474564,0.0006900556239632332,0.8812222563287875
dino_rae_position_normalized_per_token_rms,536,0.42097483156046894,0.0006896963989590191,0.8819119527277465
dino_rae_position_normalized_per_token_rms,537,0.4202909428932083,0.0006885759624964635,0.882600528690243
dino_rae_position_normalized_per_token_rms,538,0.41892195012600264,0.0006863330982894923,0.8832868617885324
dino_rae_position_normalized_per_token_rms,539,0.41758920559238755,0.0006841496207116064,0.8839710114092441
dino_rae_position_normalized_per_token_rms,540,0.4156984446389883,0.0006810519271606215,0.8846520633364047
dino_rae_position_normalized_per_token_rms,541,0.41508515086764225,0.0006800471485518067,0.8853321104849565
dino_rae_position_normalized_per_token_rms,542,0.41442426410958755,0.0006789643968455814,0.8860110748818021
dino_rae_position_normalized_per_token_rms,543,0.4135120690690316,0.0006774699188211169,0.8866885448006232
dino_rae_position_normalized_per_token_rms,544,0.41325765261864783,0.0006770531002929993,0.8873655979009162
dino_rae_position_normalized_per_token_rms,545,0.4115349703435696,0.0006742307753638157,0.88803982867628
dino_rae_position_normalized_per_token_rms,546,0.4110620229547385,0.0006734559306782919,0.8887132846069582
dino_rae_position_normalized_per_token_rms,547,0.4087525980743817,0.0006696723267565461,0.8893829569337147
dino_rae_position_normalized_per_token_rms,548,0.40859258139853416,0.0006694101663687235,0.8900523671000834
dino_rae_position_normalized_per_token_rms,549,0.4073568706793953,0.0006673856623621873,0.8907197527624456
dino_rae_position_normalized_per_token_rms,550,0.40688863593304375,0.0006666185385480887,0.8913863713009937
dino_rae_position_normalized_per_token_rms,551,0.40652462804641226,0.000666022172899169,0.8920523934738929
dino_rae_position_normalized_per_token_rms,552,0.40535866935044673,0.0006641119458412674,0.8927165054197341
dino_rae_position_normalized_per_token_rms,553,0.40480705296749137,0.0006632082152511965,0.8933797136349854
dino_rae_position_normalized_per_token_rms,554,0.40433260530204024,0.000662430912614972,0.8940421445476003
dino_rae_position_normalized_per_token_rms,555,0.40216110353640494,0.0006588732725001455,0.8947010178201005
dino_rae_position_normalized_per_token_rms,556,0.40170473307901366,0.0006581255863263967,0.8953591434064269
dino_rae_position_normalized_per_token_rms,557,0.40089330657101596,0.0006567962005801955,0.8960159396070071
dino_rae_position_normalized_per_token_rms,558,0.399326910780497,0.0006542299247483105,0.8966701695317554
dino_rae_position_normalized_per_token_rms,559,0.3984237708731527,0.0006527502820353659,0.8973229198137908
dino_rae_position_normalized_per_token_rms,560,0.3978501620121797,0.0006518105204720496,0.8979747303342628
dino_rae_position_normalized_per_token_rms,561,0.39675956983795063,0.0006500237687735918,0.8986247541030363
dino_rae_position_normalized_per_token_rms,562,0.3955286998352774,0.0006480071954661482,0.8992727612985024
dino_rae_position_normalized_per_token_rms,563,0.3945641535081382,0.0006464269486708918,0.8999191882471733
dino_rae_position_normalized_per_token_rms,564,0.39388904200847036,0.0006453208921199792,0.9005645091392933
dino_rae_position_normalized_per_token_rms,565,0.39280345804996913,0.0006435423455399601,0.9012080514848333
dino_rae_position_normalized_per_token_rms,566,0.3924605191314981,0.000642980497848839,0.9018510319826821
dino_rae_position_normalized_per_token_rms,567,0.39235544376898684,0.000642808349554665,0.9024938403322368
dino_rae_position_normalized_per_token_rms,568,0.3919492847471988,0.0006421429263660778,0.9031359832586029
dino_rae_position_normalized_per_token_rms,569,0.39041179011852095,0.0006396240002229465,0.9037756072588259
dino_rae_position_normalized_per_token_rms,570,0.38906174418886863,0.0006374121772199917,0.9044130194360459
dino_rae_position_normalized_per_token_rms,571,0.38787886862564847,0.000635474234722704,0.9050484936707686
dino_rae_position_normalized_per_token_rms,572,0.3869182256093056,0.0006339003828451443,0.9056823940536137
dino_rae_position_normalized_per_token_rms,573,0.3861481648748146,0.0006326387679557471,0.9063150328215694
dino_rae_position_normalized_per_token_rms,574,0.38556020434685584,0.000631675493601886,0.9069467083151713
dino_rae_position_normalized_per_token_rms,575,0.3848491680262462,0.0006305105802790734,0.9075772188954504
dino_rae_position_normalized_per_token_rms,576,0.3833039853460367,0.0006279790585576347,0.908205197954008
dino_rae_position_normalized_per_token_rms,577,0.3826966199045087,0.0006269839925193131,0.9088321819465273
dino_rae_position_normalized_per_token_rms,578,0.381566036871397,0.0006251317225302239,0.9094573136690575
dino_rae_position_normalized_per_token_rms,579,0.3811737220831571,0.0006244889807879101,0.9100818026498454
dino_rae_position_normalized_per_token_rms,580,0.38000005636318757,0.0006225661270684987,0.9107043687769139
dino_rae_position_normalized_per_token_rms,581,0.37934517142202284,0.0006214932083289638,0.9113258619852428
dino_rae_position_normalized_per_token_rms,582,0.37853922758560204,0.0006201728050172451,0.91194603479026
dino_rae_position_normalized_per_token_rms,583,0.37840873260640745,0.0006199590109600111,0.91256599380122
dino_rae_position_normalized_per_token_rms,584,0.37722265761973145,0.0006180158267459488,0.913184009627966
dino_rae_position_normalized_per_token_rms,585,0.37615453738202,0.0006162658915327815,0.9138002755194987
dino_rae_position_normalized_per_token_rms,586,0.3755877900404089,0.0006153373714139424,0.9144156128909127
dino_rae_position_normalized_per_token_rms,587,0.37434440972623917,0.0006133003020669684,0.9150289131929796
dino_rae_position_normalized_per_token_rms,588,0.37332560513348084,0.0006116311622367707,0.9156405443552164
dino_rae_position_normalized_per_token_rms,589,0.3728054143046377,0.0006107789171272599,0.9162513232723436
dino_rae_position_normalized_per_token_rms,590,0.3711606997352316,0.0006080843291595421,0.9168594076015032
dino_rae_position_normalized_per_token_rms,591,0.37011791751655765,0.0006063759060254275,0.9174657835075286
dino_rae_position_normalized_per_token_rms,592,0.36937523794305444,0.000605159150559247,0.9180709426580879
dino_rae_position_normalized_per_token_rms,593,0.3688759754099167,0.0006043411929393963,0.9186752838510273
dino_rae_position_normalized_per_token_rms,594,0.3686354348340236,0.0006039471076959103,0.9192792309587232
dino_rae_position_normalized_per_token_rms,595,0.3683142269213848,0.0006034208625998723,0.9198826518213231
dino_rae_position_normalized_per_token_rms,596,0.36692787014889117,0.000601149550393114,0.9204838013717163
dino_rae_position_normalized_per_token_rms,597,0.3657533182687329,0.0005992252448494004,0.9210830266165657
dino_rae_position_normalized_per_token_rms,598,0.36416076327020575,0.0005966161115585647,0.9216796427281243
dino_rae_position_normalized_per_token_rms,599,0.3633109465941647,0.0005952238299842288,0.9222748665581085
dino_rae_position_normalized_per_token_rms,600,0.3631806089421052,0.0005950102936810227,0.9228698768517896
dino_rae_position_normalized_per_token_rms,601,0.3622964148191396,0.000593561690446645,0.9234634385422362
dino_rae_position_normalized_per_token_rms,602,0.3612599143098866,0.0005918635588360185,0.9240553021010722
dino_rae_position_normalized_per_token_rms,603,0.3607133044990123,0.0005909680306715479,0.9246462701317438
dino_rae_position_normalized_per_token_rms,604,0.36032410440970103,0.0005903303918391325,0.9252366005235829
dino_rae_position_normalized_per_token_rms,605,0.35933953233629673,0.0005887173362295478,0.9258253178598125
dino_rae_position_normalized_per_token_rms,606,0.35764074250990036,0.0005859341550557215,0.9264112520148682
dino_rae_position_normalized_per_token_rms,607,0.3567198275368632,0.00058442539088971,0.926995677405758
dino_rae_position_normalized_per_token_rms,608,0.35649418302584523,0.0005840557103410723,0.927579733116099
dino_rae_position_normalized_per_token_rms,609,0.35585513745778746,0.0005830087417481366,0.9281627418578471
dino_rae_position_normalized_per_token_rms,610,0.35487460269241994,0.0005814023005881716,0.9287441441584352
dino_rae_position_normalized_per_token_rms,611,0.3542052570241617,0.0005803056903814633,0.9293244498488167
dino_rae_position_normalized_per_token_rms,612,0.35338224711842076,0.0005789573271878893,0.9299034071760046
dino_rae_position_normalized_per_token_rms,613,0.3518829600312597,0.0005765009976700706,0.9304799081736747
dino_rae_position_normalized_per_token_rms,614,0.3508096725487554,0.0005747425967961107,0.9310546507704708
dino_rae_position_normalized_per_token_rms,615,0.3499829197236176,0.0005733881014591494,0.9316280388719299
dino_rae_position_normalized_per_token_rms,616,0.3494591338183221,0.0005725299664220293,0.9322005688383519
dino_rae_position_normalized_per_token_rms,617,0.3488280315332955,0.0005714960115612501,0.9327720648499132
dino_rae_position_normalized_per_token_rms,618,0.3474775330862066,0.0005692834471846476,0.9333413482970978
dino_rae_position_normalized_per_token_rms,619,0.34695304566785906,0.000568424162836477,0.9339097724599342
dino_rae_position_normalized_per_token_rms,620,0.3455360558579807,0.0005661026635544129,0.9344758751234886
dino_rae_position_normalized_per_token_rms,621,0.34462123260316363,0.000564603879643288,0.9350404790031319
dino_rae_position_normalized_per_token_rms,622,0.34425493026210596,0.0005640037549170158,0.935604482758049
dino_rae_position_normalized_per_token_rms,623,0.34369452130891837,0.0005630856191806699,0.9361675683772297
dino_rae_position_normalized_per_token_rms,624,0.34271415323488863,0.0005614794511164026,0.9367290478283461
dino_rae_position_normalized_per_token_rms,625,0.3417579272068727,0.0005599128357307065,0.9372889606640769
dino_rae_position_normalized_per_token_rms,626,0.3414546365158352,0.0005594159449862623,0.9378483766090631
dino_rae_position_normalized_per_token_rms,627,0.34015450690111365,0.0005572859014629248,0.938405662510526
dino_rae_position_normalized_per_token_rms,628,0.3395899400093885,0.0005563609536441897,0.9389620234641702
dino_rae_position_normalized_per_token_rms,629,0.33863294610529365,0.0005547930802227945,0.939516816544393
dino_rae_position_normalized_per_token_rms,630,0.3384291849155583,0.000554459251812466,0.9400712757962054
dino_rae_position_normalized_per_token_rms,631,0.33783944444114994,0.0005534930613159651,0.9406247688575213
dino_rae_position_normalized_per_token_rms,632,0.3372223624304222,0.0005524820763145964,0.941177250933836
dino_rae_position_normalized_per_token_rms,633,0.3364604726095069,0.0005512338480916859,0.9417284847819276
dino_rae_position_normalized_per_token_rms,634,0.33540052149608157,0.0005494972966135555,0.9422779820785412
dino_rae_position_normalized_per_token_rms,635,0.3342276712613945,0.000547575778929509,0.9428255578574707
dino_rae_position_normalized_per_token_rms,636,0.3329668156749621,0.0005455100792905393,0.9433710679367612
dino_rae_position_normalized_per_token_rms,637,0.3326784665032758,0.0005450376677104511,0.9439161056044716
dino_rae_position_normalized_per_token_rms,638,0.331690017839471,0.0005434182609600404,0.9444595238654316
dino_rae_position_normalized_per_token_rms,639,0.33066654349688285,0.000541741470530804,0.9450012653359624
dino_rae_position_normalized_per_token_rms,640,0.3292892072912978,0.0005394849370044964,0.9455407502729669
dino_rae_position_normalized_per_token_rms,641,0.328480773793638,0.0005381604548019215,0.9460789107277688
dino_rae_position_normalized_per_token_rms,642,0.3279869274567305,0.0005373513707078876,0.9466162620984767
dino_rae_position_normalized_per_token_rms,643,0.3269504277703407,0.000535653240445384,0.9471519153389221
dino_rae_position_normalized_per_token_rms,644,0.326277448420831,0.0005345506770636014,0.9476864660159857
dino_rae_position_normalized_per_token_rms,645,0.32564575997879364,0.0005335157618832277,0.9482199817778689
dino_rae_position_normalized_per_token_rms,646,0.3243760563238552,0.0005314355661734032,0.9487514173440423
dino_rae_position_normalized_per_token_rms,647,0.3232287103983863,0.000529555833006879,0.9492809731770492
dino_rae_position_normalized_per_token_rms,648,0.3228212519556346,0.0005288882809357739,0.949809861457985
dino_rae_position_normalized_per_token_rms,649,0.32105224377106223,0.000525990058801909,0.9503358515167869
dino_rae_position_normalized_per_token_rms,650,0.321035423952016,0.0005259625023596763,0.9508618140191466
dino_rae_position_normalized_per_token_rms,651,0.32031209916610853,0.0005247774564549866,0.9513865914756016
dino_rae_position_normalized_per_token_rms,652,0.31923956606168863,0.0005230202915025338,0.9519096117671041
dino_rae_position_normalized_per_token_rms,653,0.3169440823262259,0.0005192595277999887,0.9524288712949041
dino_rae_position_normalized_per_token_rms,654,0.31629148603364016,0.000518190358625903,0.9529470616535299
dino_rae_position_normalized_per_token_rms,655,0.3158809719225024,0.000517517800356507,0.9534645794538864
dino_rae_position_normalized_per_token_rms,656,0.315217710589833,0.0005164311583094869,0.9539810106121959
dino_rae_position_normalized_per_token_rms,657,0.31397680686265667,0.0005143981464334183,0.9544954087586293
dino_rae_position_normalized_per_token_rms,658,0.313776289995838,0.0005140696333000732,0.9550094783919293
dino_rae_position_normalized_per_token_rms,659,0.3130379500823986,0.0005128599876364138,0.9555223383795657
dino_rae_position_normalized_per_token_rms,660,0.31172797790333545,0.0005107138187281983,0.9560330521982939
dino_rae_position_normalized_per_token_rms,661,0.3113918780155114,0.0005101631756375804,0.9565432153739315
dino_rae_position_normalized_per_token_rms,662,0.309705461574346,0.0005074002661726473,0.9570506156401042
dino_rae_position_normalized_per_token_rms,663,0.30897140778237986,0.0005061976425975404,0.9575568132827017
dino_rae_position_normalized_per_token_rms,664,0.3080149680638491,0.0005046306771159061,0.9580614439598176
dino_rae_position_normalized_per_token_rms,665,0.30775901148660284,0.0005042113353491734,0.9585656552951668
dino_rae_position_normalized_per_token_rms,666,0.3070770425330829,0.0005030940440144371,0.9590687493391812
dino_rae_position_normalized_per_token_rms,667,0.30635157131668966,0.0005019054815447044,0.9595706548207259
dino_rae_position_normalized_per_token_rms,668,0.3056319305727969,0.0005007264713227222,0.9600713812920486
dino_rae_position_normalized_per_token_rms,669,0.304143061385859,0.0004982872097807775,0.9605696685018293
dino_rae_position_normalized_per_token_rms,670,0.3031180464204452,0.0004966078953003738,0.9610662763971297
dino_rae_position_normalized_per_token_rms,671,0.3025368301784096,0.0004956556703237344,0.9615619320674534
dino_rae_position_normalized_per_token_rms,672,0.30183450614497337,0.0004945050306169191,0.9620564370980703
dino_rae_position_normalized_per_token_rms,673,0.30097127329858875,0.0004930907689058146,0.9625495278669761
dino_rae_position_normalized_per_token_rms,674,0.30080827839150825,0.0004928237291874415,0.9630423515961636
dino_rae_position_normalized_per_token_rms,675,0.299925679078935,0.0004913777387814378,0.963533729334945
dino_rae_position_normalized_per_token_rms,676,0.2984068059413629,0.0004888893208169338,0.9640226186557619
dino_rae_position_normalized_per_token_rms,677,0.2977212885247456,0.0004877662159227243,0.9645103848716846
dino_rae_position_normalized_per_token_rms,678,0.2965689196736821,0.0004858782535381206,0.9649962631252227
dino_rae_position_normalized_per_token_rms,679,0.29616968746675804,0.0004852241787696996,0.9654814873039924
dino_rae_position_normalized_per_token_rms,680,0.29479719001159116,0.00048297557272144694,0.9659644628767139
dino_rae_position_normalized_per_token_rms,681,0.2939562576998031,0.0004815978466824374,0.9664460607233963
dino_rae_position_normalized_per_token_rms,682,0.29287613422757264,0.00047982824619001115,0.9669258889695863
dino_rae_position_normalized_per_token_rms,683,0.2921815719931053,0.00047869032288426537,0.9674045792924706
dino_rae_position_normalized_per_token_rms,684,0.2909627815009784,0.00047669353982151197,0.9678812728322921
dino_rae_position_normalized_per_token_rms,685,0.2906428994234344,0.00047616946688309943,0.9683574422991752
dino_rae_position_normalized_per_token_rms,686,0.28978655480793486,0.00047476649037880657,0.968832208789554
dino_rae_position_normalized_per_token_rms,687,0.28951515887031887,0.0004743218538190103,0.969306530643373
dino_rae_position_normalized_per_token_rms,688,0.2882967488771462,0.0004723256941397441,0.9697788563375128
dino_rae_position_normalized_per_token_rms,689,0.28760149008038366,0.0004711866296339298,0.9702500429671468
dino_rae_position_normalized_per_token_rms,690,0.28630164012376597,0.0004690570442833208,0.9707191000114301
dino_rae_position_normalized_per_token_rms,691,0.2851753769323081,0.000467211851627624,0.9711863118630577
dino_rae_position_normalized_per_token_rms,692,0.28419128930986226,0.00046559958970938736,0.9716519114527671
dino_rae_position_normalized_per_token_rms,693,0.28219023002997606,0.00046232119091693414,0.972114232643684
dino_rae_position_normalized_per_token_rms,694,0.2813893520082868,0.0004610090870899262,0.9725752417307739
dino_rae_position_normalized_per_token_rms,695,0.2809926648465401,0.00046035918194962174,0.9730356009127236
dino_rae_position_normalized_per_token_rms,696,0.2800936758878447,0.00045888633986731044,0.9734944872525909
dino_rae_position_normalized_per_token_rms,697,0.27907490889470843,0.0004572172616377644,0.9739517045142286
dino_rae_position_normalized_per_token_rms,698,0.27845124616385647,0.0004561954952342027,0.9744079000094629
dino_rae_position_normalized_per_token_rms,699,0.2782070494496911,0.0004557954200235941,0.9748636954294865
dino_rae_position_normalized_per_token_rms,700,0.27632499866387705,0.000452711996616018,0.9753164074261025
dino_rae_position_normalized_per_token_rms,701,0.27443422295287057,0.00044961427888717787,0.9757660217049896
dino_rae_position_normalized_per_token_rms,702,0.2740324973918,0.00044895611917769335,0.9762149778241673
dino_rae_position_normalized_per_token_rms,703,0.27368616639647253,0.00044838871413963,0.976663366538307
dino_rae_position_normalized_per_token_rms,704,0.27319442614433675,0.00044758308051097797,0.977110949618818
dino_rae_position_normalized_per_token_rms,705,0.27213756144780876,0.0004458515856073983,0.9775568012044253
dino_rae_position_normalized_per_token_rms,706,0.2711439596206664,0.00044422373626628925,0.9780010249406916
dino_rae_position_normalized_per_token_rms,707,0.26995466893796094,0.00044227528367557983,0.9784433002243672
dino_rae_position_normalized_per_token_rms,708,0.26957392363002775,0.0004416514965792618,0.9788849517209465
dino_rae_position_normalized_per_token_rms,709,0.26766203118166415,0.00043851918263083543,0.9793234709035773
dino_rae_position_normalized_per_token_rms,710,0.2667353252218088,0.0004370009309077172,0.979760471834485
dino_rae_position_normalized_per_token_rms,711,0.26541434121018803,0.00043483672096547403,0.9801953085554505
dino_rae_position_normalized_per_token_rms,712,0.26333572889419304,0.00043143126457783324,0.9806267398200282
dino_rae_position_normalized_per_token_rms,713,0.2627938517451721,0.00043054349008316196,0.9810572833101114
dino_rae_position_normalized_per_token_rms,714,0.26197445697655924,0.00042920104968323754,0.9814864843597947
dino_rae_position_normalized_per_token_rms,715,0.26115659667253105,0.0004278611232452392,0.9819143454830399
dino_rae_position_normalized_per_token_rms,716,0.26050815203842087,0.0004267987558647184,0.9823411442389046
dino_rae_position_normalized_per_token_rms,717,0.25932205311440043,0.0004248555324333467,0.9827659997713379
dino_rae_position_normalized_per_token_rms,718,0.25823337085675246,0.00042307190981171134,0.9831890716811497
dino_rae_position_normalized_per_token_rms,719,0.25751830142588006,0.00042190038891662537,0.9836109720700663
dino_rae_position_normalized_per_token_rms,720,0.2552260022072018,0.0004181448425087831,0.9840291169125751
dino_rae_position_normalized_per_token_rms,721,0.25452067374673587,0.0004169892805540138,0.9844461061931291
dino_rae_position_normalized_per_token_rms,722,0.25324029929347575,0.0004148916025373512,0.9848609977956665
dino_rae_position_normalized_per_token_rms,723,0.25286006773437786,0.0004142686571320207,0.9852752664527985
dino_rae_position_normalized_per_token_rms,724,0.2519769938858972,0.0004128218892788112,0.9856880883420773
dino_rae_position_normalized_per_token_rms,725,0.25002765337060967,0.0004096282229763505,0.9860977165650536
dino_rae_position_normalized_per_token_rms,726,0.24940335810205583,0.00040860542026623905,0.9865063219853198
dino_rae_position_normalized_per_token_rms,727,0.2479036618033138,0.0004061484203241274,0.986912470405644
dino_rae_position_normalized_per_token_rms,728,0.24636640730629625,0.00040362988759630024,0.9873161002932404
dino_rae_position_normalized_per_token_rms,729,0.24369498294128644,0.00039925320845420287,0.9877153535016946
dino_rae_position_normalized_per_token_rms,730,0.24253083838359582,0.00039734595355649143,0.988112699455251
dino_rae_position_normalized_per_token_rms,731,0.24145364907925213,0.0003955811602042401,0.9885082806154553
dino_rae_position_normalized_per_token_rms,732,0.23936432926585413,0.00039215816138449397,0.9889004387768398
dino_rae_position_normalized_per_token_rms,733,0.23829436867056922,0.0003904052110552293,0.989290843987895
dino_rae_position_normalized_per_token_rms,734,0.2375278156653091,0.000389149342989722,0.9896799933308847
dino_rae_position_normalized_per_token_rms,735,0.23585103120513792,0.00038640221390429975,0.990066395544789
dino_rae_position_normalized_per_token_rms,736,0.23415436173889848,0.00038362250658367103,0.9904500180513727
dino_rae_position_normalized_per_token_rms,737,0.23250629600611544,0.00038092242829886047,0.9908309404796716
dino_rae_position_normalized_per_token_rms,738,0.230017634690906,0.00037684517564941786,0.991207785655321
dino_rae_position_normalized_per_token_rms,739,0.22853058727391048,0.0003744088987708658,0.9915821945540918
dino_rae_position_normalized_per_token_rms,740,0.22696645631166273,0.0003718463334788654,0.9919540408875707
dino_rae_position_normalized_per_token_rms,741,0.22532326392393778,0.00036915423934960395,0.9923231951269202
dino_rae_position_normalized_per_token_rms,742,0.22302272497801803,0.0003653851935356669,0.9926885803204559
dino_rae_position_normalized_per_token_rms,743,0.22248048322277225,0.0003644968216950703,0.993053077142151
dino_rae_position_normalized_per_token_rms,744,0.22105850155011889,0.0003621671440861278,0.9934152442862371
dino_rae_position_normalized_per_token_rms,745,0.218005558107011,0.00035716541015554576,0.9937724096963926
dino_rae_position_normalized_per_token_rms,746,0.21613791161745016,0.0003541055857627102,0.9941265152821553
dino_rae_position_normalized_per_token_rms,747,0.21330888909132692,0.0003494707085620743,0.9944759859907174
dino_rae_position_normalized_per_token_rms,748,0.21297082646254803,0.0003489168498507895,0.9948249028405682
dino_rae_position_normalized_per_token_rms,749,0.20822314538640088,0.0003411385735830924,0.9951660414141513
dino_rae_position_normalized_per_token_rms,750,0.20626624941466337,0.00033793252893704595,0.9955039739430883
dino_rae_position_normalized_per_token_rms,751,0.20498896410159365,0.0003358399119565914,0.9958398138550449
dino_rae_position_normalized_per_token_rms,752,0.2028221351229229,0.0003322899274166377,0.9961721037824616
dino_rae_position_normalized_per_token_rms,753,0.1976965648752742,0.0003238925433513934,0.996495996325813
dino_rae_position_normalized_per_token_rms,754,0.19197583745491417,0.0003145200944412697,0.9968105164202542
dino_rae_position_normalized_per_token_rms,755,0.19078711474557222,0.0003125725723793096,0.9971230889926335
dino_rae_position_normalized_per_token_rms,756,0.1802016290304208,0.00029523003588630934,0.9974183190285197
dino_rae_position_normalized_per_token_rms,757,0.1784565572533955,0.0002923710295270028,0.9977106900580467
dino_rae_position_normalized_per_token_rms,758,0.17407394796977765,0.00028519086193895207,0.9979958809199856
dino_rae_position_normalized_per_token_rms,759,0.16650856987306847,0.0002727962634050626,0.9982686771833906
dino_rae_position_normalized_per_token_rms,760,0.1569184596589348,0.0002570844821192542,0.9985257616655099
dino_rae_position_normalized_per_token_rms,761,0.15245256879676208,0.00024976787168350166,0.9987755295371934
dino_rae_position_normalized_per_token_rms,762,0.14924465618642455,0.000244512246858322,0.9990200417840517
dino_rae_position_normalized_per_token_rms,763,0.14354094482473972,0.00023516767589603014,0.9992552094599477
dino_rae_position_normalized_per_token_rms,764,0.13229722815181835,0.0002167467387785211,0.9994719561987262
dino_rae_position_normalized_per_token_rms,765,0.1213299445474194,0.00019877869071189996,0.9996707348894381
dino_rae_position_normalized_per_token_rms,766,0.10958042824417112,0.00017952908604118315,0.9998502639754793
dino_rae_position_normalized_per_token_rms,767,0.09071531328634933,0.00014862177074129285,0.9999988857462205
dino_rae_position_normalized_per_token_rms,768,0.0006801148984143801,1.1142537775382405e-06,0.9999999999999981
